{"type":"FeatureCollection","features":[{"type":"Feature","geometry":{"type":"Point","coordinates":[-85.828322,33.662482]},"properties":{"id":"al-anniston-2026","jurisdiction":"Anniston","state":"Alabama","state_abbrev":"AL","jurisdiction_type":"City","enacted_status":"active","date_enacted_iso":"2026-08-18","current_end_date_iso":"","date_enacted_uncertainty":"exact","duration_days":365,"duration_kind":"fixed_days","sectors":["data_center"],"trigger_categories":["regulatory_gap","infrastructure_capacity","water","grid_energy","noise","land_use_compatibility"],"date_enacted":"2026-08-18, Anniston City Council unanimous adoption of Resolution No. 26-R-97 (added to the agenda by amendment)","duration":"12 months, effective immediately; council may shorten or extend. Planning Commission to report recommendations within six months.","trigger":"Planning Commission recommendation; existing zoning does not address large-scale data centers (electrical demand, water/wastewater, stormwater, noise, lighting, generators, neighborhood compatibility). City already hosts a 2 MW colocation facility (FirmFarm)."}},{"type":"Feature","geometry":{"type":"Point","coordinates":[-86.802433,33.520682]},"properties":{"id":"al-birmingham-2026","jurisdiction":"Birmingham","state":"Alabama","state_abbrev":"AL","jurisdiction_type":"City","enacted_status":"replaced","date_enacted_iso":"2026-03-03","current_end_date_iso":"2026-08-30","date_enacted_uncertainty":"exact","duration_days":180,"duration_kind":"fixed_days","sectors":["data_center"],"trigger_categories":["specific_project","regulatory_gap","infrastructure_capacity","environmental","land_use_compatibility"],"date_enacted":"2026-03-03","duration":"180 days from the March 3, 2026 adoption/vote date, expiring August 30, 2026 (March 3 plus 180 days). WBRC and Birmingham Times both confirm the March 3, 2026 vote date and the six-month term; no separate publication-date lag was found or is needed for this calculation.","trigger":"Regulatory gap and project pressure from large/hyperscale proposals; city cited need to review zoning, land-use policy, infrastructure readiness, environmental responsibility, neighborhood compatibility, and transparent approval procedures"}},{"type":"Feature","geometry":{"type":"Point","coordinates":[-86.750573,33.103504]},"properties":{"id":"al-calera-2026","jurisdiction":"Calera","state":"Alabama","state_abbrev":"AL","jurisdiction_type":"City","enacted_status":"active","date_enacted_iso":"2026-07-06","current_end_date_iso":"","date_enacted_uncertainty":"exact","duration_days":180,"duration_kind":"fixed_days","sectors":["data_center"],"trigger_categories":["regulatory_gap"],"date_enacted":"2026-07-06, Calera City Council motion approving a 6-month moratorium on data centers (5 ayes, 1 abstention), per minutes approved 2026-07-20","duration":"Six months","trigger":"Not stated in the minutes; Shelby County cities acting amid data center proposals in the county."}},{"type":"Feature","geometry":{"type":"Point","coordinates":[-86.630263,33.340111]},"properties":{"id":"al-chelsea-2026","jurisdiction":"Chelsea","state":"Alabama","state_abbrev":"AL","jurisdiction_type":"City","enacted_status":"active","date_enacted_iso":"2026-07-21","current_end_date_iso":"","date_enacted_uncertainty":"exact","duration_days":365,"duration_kind":"fixed_days","sectors":["data_center"],"trigger_categories":["regulatory_gap","land_use_compatibility"],"date_enacted":"2026-07-21, Chelsea City Council unanimous voice vote adopting Resolution 2026-07-21-1407","duration":"One year","trigger":"Proactive; zoning ordinance does not address data centers; no credible proposal in city limits, though nearby communities have projects."}},{"type":"Feature","geometry":{"type":"Point","coordinates":[-86.877927,34.133533]},"properties":{"id":"al-cullman-2026","jurisdiction":"Cullman","state":"Alabama","state_abbrev":"AL","jurisdiction_type":"City","enacted_status":"active","date_enacted_iso":"2026-06-22","current_end_date_iso":"2027-06-22","date_enacted_uncertainty":"exact","duration_days":365,"duration_kind":"fixed_days","sectors":["data_center"],"trigger_categories":["regulatory_gap","land_use_compatibility"],"date_enacted":"2026-06-22 (Monday), Cullman City Council unanimous adoption of Resolution No. 2026-116","duration":"12 months","trigger":"City will examine existing zoning districts and assess potential impacts of data centers on residents' quality of life during the moratorium"}},{"type":"Feature","geometry":{"type":"Point","coordinates":[-86.915028,33.491684]},"properties":{"id":"al-fairfield-2026","jurisdiction":"Fairfield","state":"Alabama","state_abbrev":"AL","jurisdiction_type":"City","enacted_status":"active","date_enacted_iso":"2026-07-27","current_end_date_iso":"","date_enacted_uncertainty":"exact","duration_days":180,"duration_kind":"fixed_days","sectors":["data_center"],"trigger_categories":["regulatory_gap","specific_project"],"date_enacted":"2026-07-27 (City adoption of Ordinance 1174)","duration":"180-day prospective moratorium beginning on the ordinance's effective date (publication/posting date not located)","trigger":"Pause on new data centers, data center support facilities, and material expansions; exempts two specified parcels at 7199 and 7160 Aaron Aronov Drive and preserves vested rights and existing lawful operations"}},{"type":"Feature","geometry":{"type":"Point","coordinates":[-87.683597,30.406587]},"properties":{"id":"al-foley-2026","jurisdiction":"Foley","state":"Alabama","state_abbrev":"AL","jurisdiction_type":"City","enacted_status":"active","date_enacted_iso":"2026-09-08","current_end_date_iso":"","date_enacted_uncertainty":"exact","duration_days":180,"duration_kind":"fixed_days","sectors":["data_center","cryptocurrency_mining"],"trigger_categories":["regulatory_gap","water","grid_energy","noise","environmental"],"date_enacted":"2026-09-08 (Tuesday), Foley City Council approval of the ordinance on final reading","duration":"Six months, in effect upon adoption","trigger":"Proactive; no known proposal. Time to update zoning ordinances and technical design manuals for water, air and noise, and to evaluate megawatt thresholds with city-owned Riviera Utilities."}},{"type":"Feature","geometry":{"type":"Point","coordinates":[-85.719689,34.444255]},"properties":{"id":"al-fort-payne-2026","jurisdiction":"Fort Payne","state":"Alabama","state_abbrev":"AL","jurisdiction_type":"City","enacted_status":"active","date_enacted_iso":"2026-06-16","current_end_date_iso":"","date_enacted_uncertainty":"exact","duration_days":180,"duration_kind":"fixed_days","sectors":["data_center","battery_storage"],"trigger_categories":["regulatory_gap"],"date_enacted":"2026-06-16 (City Council unanimous approval of a six-month data center moratorium)","duration":"Six months while the Planning Commission drafts zoning rules","trigger":"Pause on data center development while the city drafts zoning rules; officials said the city had received no data center inquiry and acted before an application arrived"}},{"type":"Feature","geometry":{"type":"Point","coordinates":[-86.438036,33.344]},"properties":{"id":"al-harpersville-2026","jurisdiction":"Harpersville","state":"Alabama","state_abbrev":"AL","jurisdiction_type":"Town","enacted_status":"active","date_enacted_iso":"2026-08-03","current_end_date_iso":"","date_enacted_uncertainty":"exact","duration_days":180,"duration_kind":"fixed_days","sectors":["data_center","cryptocurrency_mining"],"trigger_categories":["regulatory_gap","infrastructure_capacity","water","grid_energy","noise"],"date_enacted":"2026-08-03, Harpersville Town Council unanimous roll-call adoption (one member absent) of Ordinance 2026-08-03-03","duration":"Six months from the effective date (effective immediately upon adoption); expires automatically unless extended","trigger":"Proactive; no developer has approached the town, but nearby Wilsonville, Westover and Childersburg have been approached. Study electrical demand, water, emergency services and noise; monthly public information sessions planned."}},{"type":"Feature","geometry":{"type":"Point","coordinates":[-86.8436,33.296224]},"properties":{"id":"al-helena-2026","jurisdiction":"Helena","state":"Alabama","state_abbrev":"AL","jurisdiction_type":"City","enacted_status":"active","date_enacted_iso":"2026-08","current_end_date_iso":"","date_enacted_uncertainty":"month_only","duration_days":180,"duration_kind":"fixed_days","sectors":["data_center","general"],"trigger_categories":["regulatory_gap","land_use_compatibility","environmental"],"date_enacted":"Reported as approved 2026-08-10 (AL.com; AL.com map); WVTM called the Aug. 10 action a first reading with second reading on Aug. 24, and council members later referred to restrictions adopted 'in June'. An amendment exempting two pre-existing projects was adopted 3-1 on 2026-09-14.","duration":"180 days from the effective date (upon publication); may be extended or rescinded","trigger":"Zoning does not restrict certain B2/B3/M1/M2 uses near Highways 17, 52, 58 and 95; need to study appropriate regulation while a zoning rewrite is underway."}},{"type":"Feature","geometry":{"type":"Point","coordinates":[-86.808451,33.47371]},"properties":{"id":"al-homewood-2026","jurisdiction":"Homewood","state":"Alabama","state_abbrev":"AL","jurisdiction_type":"City","enacted_status":"active","date_enacted_iso":"2026-06-22","current_end_date_iso":"","date_enacted_uncertainty":"exact","duration_days":365,"duration_kind":"fixed_days","sectors":["data_center"],"trigger_categories":["regulatory_gap","infrastructure_capacity"],"date_enacted":"2026-06-22, per WBRC reporting of the city council vote","duration":"12 months, with the possibility of an additional six-month extension","trigger":"City wants to study how data center facilities could affect the community before further approvals"}},{"type":"Feature","geometry":{"type":"Point","coordinates":[-86.996661,33.45122]},"properties":{"id":"al-hueytown-undated","jurisdiction":"Hueytown","state":"Alabama","state_abbrev":"AL","jurisdiction_type":"City","enacted_status":"active","date_enacted_iso":"2026-07-14","current_end_date_iso":"","date_enacted_uncertainty":"exact","duration_days":null,"duration_kind":"unknown","sectors":["data_center"],"trigger_categories":["regulatory_gap"],"date_enacted":"2026-07-14 (Hueytown City Council unanimous roll-call adoption of Resolution 7499, per the approved July 14, 2026 minutes)","duration":"Not stated in the minutes; the signed Resolution 7499 text (term/expiration) was not located","trigger":"Proposed temporary moratorium on data center-classed facilities"}},{"type":"Feature","geometry":{"type":"Point","coordinates":[-86.542755,33.543921]},"properties":{"id":"al-leeds-2026","jurisdiction":"Leeds","state":"Alabama","state_abbrev":"AL","jurisdiction_type":"City","enacted_status":"active","date_enacted_iso":"2026-06-08","current_end_date_iso":"","date_enacted_uncertainty":"exact","duration_days":365,"duration_kind":"fixed_days","sectors":["data_center"],"trigger_categories":["regulatory_gap","environmental","water"],"date_enacted":"2026-06-08 (Monday night), Leeds City Council, unanimous vote.","duration":"One year from adoption (to approximately 2027-06-08).","trigger":"No active data center project underway in Leeds at time of adoption; preemptive pause to allow the city to update zoning ordinances and gather public feedback, amid a wider wave of Alabama municipalities (Birmingham, Homewood, and later Pinson) considering similar pauses."}},{"type":"Feature","geometry":{"type":"Point","coordinates":[-86.852958,34.429685]},"properties":{"id":"al-morgan-county-2026","jurisdiction":"Morgan County","state":"Alabama","state_abbrev":"AL","jurisdiction_type":"County","enacted_status":"active","date_enacted_iso":"2026-06-23","current_end_date_iso":"2027-06-23","date_enacted_uncertainty":"exact","duration_days":365,"duration_kind":"fixed_days","sectors":["data_center","cryptocurrency_mining"],"trigger_categories":["noise","environmental","property_values","specific_project"],"date_enacted":"2026-06-23 (County Commission approval of a one-year moratorium on the proposed VoltCore Bitcoin-mining data center)","duration":"One year, to allow study of environmental, noise, and other community effects","trigger":"Pause targeted at the proposed 50 MW VoltCore Bitcoin-mining facility near Union Road and the Stringer watershed near Somerville, following resident petitions (more than 450 signatures reported by the vote)"}},{"type":"Feature","geometry":{"type":"Point","coordinates":[-86.683323,33.688991]},"properties":{"id":"al-pinson-2026","jurisdiction":"Pinson","state":"Alabama","state_abbrev":"AL","jurisdiction_type":"City","enacted_status":"active","date_enacted_iso":"2026-08-06","current_end_date_iso":"","date_enacted_uncertainty":"exact","duration_days":365,"duration_kind":"fixed_days","sectors":["data_center"],"trigger_categories":["regulatory_gap","infrastructure_capacity","water","grid_energy","noise"],"date_enacted":"2026-08-06 (Thursday), Pinson City Council approval at its first August meeting after a 2026-07-16 first reading","duration":"12 months","trigger":"Proactive; time to define 'hyper/mega' data centers and write zoning regulations; concerns about power, water and noise seen in western Jefferson County."}},{"type":"Feature","geometry":{"type":"Point","coordinates":[-88.078889,30.7388]},"properties":{"id":"al-prichard-undated","jurisdiction":"Prichard","state":"Alabama","state_abbrev":"AL","jurisdiction_type":"City","enacted_status":"active","date_enacted_iso":"2026-08","current_end_date_iso":"","date_enacted_uncertainty":"month_only","duration_days":180,"duration_kind":"fixed_days","sectors":["data_center"],"trigger_categories":["specific_project","environmental","land_use_compatibility"],"date_enacted":"Early August 2026: NBC 15 reports the council approved a six-month moratorium on Aug. 4, 2026; the AL.com map dataset lists 8/6/2026. The proposal introduced 2026-07-23 was for a renewable 480-day term, but the adopted measure is reported as 180 days.","duration":"180 days (six months) as adopted, per NBC 15 and FOX10; the earlier draft proposed a renewable 480-day term","trigger":"Proposed pause on new data center permits following opposition to Edged Energy's planned Telegraph Road facility near Africatown"}},{"type":"Feature","geometry":{"type":"Point","coordinates":[-87.294533,34.82562]},"properties":{"id":"al-rogersville-undated","jurisdiction":"Rogersville","state":"Alabama","state_abbrev":"AL","jurisdiction_type":"Town","enacted_status":"pending","date_enacted_iso":"","current_end_date_iso":"","date_enacted_uncertainty":"unverified","duration_days":180,"duration_kind":"fixed_days","sectors":["data_center"],"trigger_categories":["water","infrastructure_capacity"],"date_enacted":"Not adopted as of 2026-09-18: first reading of a proposed six-month data-center moratorium ordinance in July 2026; a vote WHNT reported as scheduled for Aug. 10 had not happened per AL.com (2026-09-18)","duration":"Proposed six months","trigger":"Severe water-capacity shortage (the water board already bars new meters); the town wants a pause in place before water access resumes."}},{"type":"Feature","geometry":{"type":"Point","coordinates":[-86.798612,34.473149]},"properties":{"id":"al-somerville-2026","jurisdiction":"Somerville","state":"Alabama","state_abbrev":"AL","jurisdiction_type":"Town","enacted_status":"active","date_enacted_iso":"2026-07","current_end_date_iso":"","date_enacted_uncertainty":"month_only","duration_days":545,"duration_kind":"fixed_days","sectors":["data_center","cryptocurrency_mining"],"trigger_categories":["specific_project","noise","environmental","property_values"],"date_enacted":"On or about 2026-07-07, per 1819News and Yahoo/local-TV reporting of the Town Council vote","duration":"Reported 18-month moratorium on data centers within town limits","trigger":"Pause following resident opposition to a proposed Bitcoin-mining facility near Union Road"}},{"type":"Feature","geometry":{"type":"Point","coordinates":[-86.471651,33.7751]},"properties":{"id":"al-springville-2026","jurisdiction":"Springville","state":"Alabama","state_abbrev":"AL","jurisdiction_type":"City","enacted_status":"active","date_enacted_iso":"2026-07-06","current_end_date_iso":"","date_enacted_uncertainty":"exact","duration_days":365,"duration_kind":"fixed_days","sectors":["data_center"],"trigger_categories":["regulatory_gap"],"date_enacted":"2026-07-06 (Monday), Springville City Council","duration":"One year","trigger":"Proactive, following community concern that Commerce Park development might be a data center (county said no); gives the planning and zoning commission time to draft regulations."}},{"type":"Feature","geometry":{"type":"Point","coordinates":[-86.772768,33.583437]},"properties":{"id":"al-tarrant-2026","jurisdiction":"Tarrant","state":"Alabama","state_abbrev":"AL","jurisdiction_type":"City","enacted_status":"active","date_enacted_iso":"2026-09-08","current_end_date_iso":"","date_enacted_uncertainty":"exact","duration_days":365,"duration_kind":"fixed_days","sectors":["data_center"],"trigger_categories":["regulatory_gap","infrastructure_capacity","water","grid_energy"],"date_enacted":"2026-09-08 (Tuesday), Tarrant City Council approval of Ordinance No. 1177 (first reading had been scheduled for the preceding Tuesday meeting per ABC 33/40)","duration":"12 months (one year)","trigger":"Proactive; no data center developer had approached the city. City wants to study electrical capacity, water, transportation and public-safety impacts and train its planning commission before setting local standards."}},{"type":"Feature","geometry":{"type":"Point","coordinates":[-86.535816,33.349555]},"properties":{"id":"al-westover-2026","jurisdiction":"Westover","state":"Alabama","state_abbrev":"AL","jurisdiction_type":"City","enacted_status":"active","date_enacted_iso":"2026-08-18","current_end_date_iso":"","date_enacted_uncertainty":"exact","duration_days":180,"duration_kind":"fixed_days","sectors":["data_center"],"trigger_categories":["specific_project","regulatory_gap","environmental","land_use_compatibility"],"date_enacted":"2026-08-18 (Tuesday), Westover City Council unanimous vote on the moratorium ordinance (tabled at the previous meeting)","duration":"Six months","trigger":"Resident opposition to a proposed data center on roughly 450 acres along U.S. Highway 280 and Cheshire Drive after the city's MOU with the developer fell through; time to study zoning and impacts."}},{"type":"Feature","geometry":{"type":"Point","coordinates":[-149.818055,61.630278]},"properties":{"id":"ak-houston-undated","jurisdiction":"Houston","state":"Alaska","state_abbrev":"AK","jurisdiction_type":"City","enacted_status":"pending","date_enacted_iso":"","current_end_date_iso":"","date_enacted_uncertainty":"unverified","duration_days":730,"duration_kind":"fixed_days","sectors":["data_center"],"trigger_categories":["specific_project","regulatory_gap","grid_energy","land_use_compatibility"],"date_enacted":"","duration":"Ordinance No. 26-20 proposes a temporary two-year moratorium; introduced on the consent agenda at the September 10, 2026 regular council meeting, which set a public hearing and action vote for October 8, 2026. No adoption vote had occurred as of 2026-09-23. A separate, differently-worded ordinance to block data center construction failed 4-2 at the August 13, 2026 council meeting; Ordinance 26-20 is a distinct, later measure.","trigger":"specific_project"}},{"type":"Feature","geometry":{"type":"Point","coordinates":[-111.654616,32.111262]},"properties":{"id":"az-pima-county-2026","jurisdiction":"Pima County","state":"Arizona","state_abbrev":"AZ","jurisdiction_type":"County","enacted_status":"active","date_enacted_iso":"2026-08-11","current_end_date_iso":"","date_enacted_uncertainty":"exact","duration_days":120,"duration_kind":"fixed_days","sectors":["data_center"],"trigger_categories":["regulatory_gap","water","grid_energy","specific_project","land_use_compatibility"],"date_enacted":"2026-08-11 (Board of Supervisors adopted an addendum-item resolution at its regular meeting, 3-2 vote)","duration":"120 days from adoption (2026-08-11 to approximately 2026-12-09), to give county staff time to finalize a zoning code text amendment establishing data-center-specific regulations; Supervisor Heinz's floor amendment provided the moratorium could return to the board for possible extension before the 120-day limit.","trigger":"Pima County Development Services was already drafting a data-center zoning code text amendment (process initiated by a September 2025 BOS vote) when a second, undisclosed data-center project ('Project Gravel,' an 8-building, 160-acre facility near Sahuarita) surfaced via a public-records request; the moratorium bars new data center permit applications while the code amendment is finalized, and (as amended) applies to facilities that have not yet submitted a permit application, so it does not affect the previously permitted 'Project Blue' facility."}},{"type":"Feature","geometry":{"type":"Point","coordinates":[-93.509305,36.338674]},"properties":{"id":"ar-carroll-county-2026","jurisdiction":"Carroll County","state":"Arkansas","state_abbrev":"AR","jurisdiction_type":"County","enacted_status":"active","date_enacted_iso":"2026-06-16","current_end_date_iso":"","date_enacted_uncertainty":"exact","duration_days":365,"duration_kind":"fixed_days","sectors":["data_center","cryptocurrency_mining"],"trigger_categories":["regulatory_gap","infrastructure_capacity"],"date_enacted":"2026-06-16 (Carroll County Quorum Court unanimous adoption of Emergency Ordinance 2026-17)","duration":"Immediate 12-month moratorium from adoption","trigger":"Immediate pause on high-impact industrial and high-intensity digital infrastructure facilities (reported by contemporary coverage to include data centers, artificial intelligence computing facilities, and cryptocurrency mining facilities) in unincorporated Carroll County while the county develops a permitting and public-notice framework"}},{"type":"Feature","geometry":{"type":"Point","coordinates":[-93.107676,36.229794]},"properties":{"id":"ar-harrison-2023","jurisdiction":"Harrison","state":"Arkansas","state_abbrev":"AR","jurisdiction_type":"City","enacted_status":"rescinded","date_enacted_iso":"2023-05-30","current_end_date_iso":"","date_enacted_uncertainty":"exact","duration_days":365,"duration_kind":"fixed_days","sectors":["data_center","cryptocurrency_mining"],"trigger_categories":["specific_project","regulatory_gap","environmental","noise","grid_energy","land_use_compatibility","legal_or_litigation"],"date_enacted":"2023-05-30","duration":"One year or until specific land-use standards were developed, whichever occurred first","trigger":"Green Digital conditional-use application; Arkansas Data Centers Act of 2023; zoning code did not list data centers or crypto mining facilities; concerns over electricity use, greenhouse gas emissions, pollution, e-waste, noise, and local impacts"}},{"type":"Feature","geometry":{"type":"Point","coordinates":[-91.55326,35.718344]},"properties":{"id":"ar-independence-county-2026","jurisdiction":"Independence County","state":"Arkansas","state_abbrev":"AR","jurisdiction_type":"County","enacted_status":"active","date_enacted_iso":"2026-08-10","current_end_date_iso":"","date_enacted_uncertainty":"exact","duration_days":1825,"duration_kind":"fixed_days","sectors":["data_center"],"trigger_categories":["regulatory_gap","water","grid_energy"],"date_enacted":"2026-08-10 (Independence County Quorum Court unanimous adoption of Ordinance No. 2026-21 at its regular August meeting, reported the next day as a Monday-night vote)","duration":"Five-year moratorium on construction of commercial data centers, effective immediately under an emergency clause; runs through Aug. 31, 2031","trigger":"Preemptive pause adopted with no data center project currently proposed in the county; Justices of the Peace cited the heavy water and electricity consumption of commercial data centers, lack of transparency in land acquisition, and a recent wind-turbine development dispute (a company holding turbine contracts predating the county's 2025 wind moratorium) as reasons to act before any project arrives."}},{"type":"Feature","geometry":{"type":"Point","coordinates":[-93.758902,35.972809]},"properties":{"id":"ar-madison-county-2026","jurisdiction":"Madison County","state":"Arkansas","state_abbrev":"AR","jurisdiction_type":"County","enacted_status":"active","date_enacted_iso":"2026-08-17","current_end_date_iso":"","date_enacted_uncertainty":"exact","duration_days":1095,"duration_kind":"fixed_days","sectors":["data_center","cryptocurrency_mining"],"trigger_categories":["regulatory_gap"],"date_enacted":"2026-08-17 (Madison County Quorum Court, 8-0 vote, regular meeting)","duration":"Three-year moratorium on data centers, digital asset (cryptocurrency) mining businesses, and other large-scale computer/server operations; effective immediately under an emergency clause; runs through Aug. 31, 2029","trigger":"Preemptive pause adopted with no known data center project in development; two public hearings preceded the vote; the county wants time to study data centers and develop regulations addressing their potential costs and benefits"}},{"type":"Feature","geometry":{"type":"Point","coordinates":[-93.133786,35.278417]},"properties":{"id":"ar-russellville-2026","jurisdiction":"Russellville","state":"Arkansas","state_abbrev":"AR","jurisdiction_type":"City","enacted_status":"active","date_enacted_iso":"2026-07-16","current_end_date_iso":"","date_enacted_uncertainty":"exact","duration_days":180,"duration_kind":"fixed_days","sectors":["data_center"],"trigger_categories":["regulatory_gap"],"date_enacted":"2026-07-16 (City Council amended a proposed 18-month moratorium to six months by a 6-2 vote, then adopted the amended ordinance by another 6-2 vote)","duration":"Six-month moratorium as amended and adopted; originally proposed as an 18-month moratorium in a June 16, 2026 councilmember proposal","trigger":"Pause on acceptance, processing, and approval of applications for data center development, construction, or siting within city limits; officials said no active data center proposal was known"}},{"type":"Feature","geometry":{"type":"Point","coordinates":[-92.617103,33.163737]},"properties":{"id":"ar-union-county-2026","jurisdiction":"Union County","state":"Arkansas","state_abbrev":"AR","jurisdiction_type":"County","enacted_status":"active","date_enacted_iso":"2026-06-30","current_end_date_iso":"","date_enacted_uncertainty":"exact","duration_days":365,"duration_kind":"fixed_days","sectors":["data_center"],"trigger_categories":["infrastructure_capacity","grid_energy","water"],"date_enacted":"2026-06-30 (Union County Quorum Court unanimous adoption of Ordinance 1795 at an emergency meeting); reported to run 2026-07-10 through 2027-07-09","duration":"One-year moratorium, reported to run from 2026-07-10 through 2027-07-09","trigger":"Pause on new data center development in Union County following resident concerns about electricity, water, transparency, and use of public resources"}},{"type":"Feature","geometry":{"type":"Point","coordinates":[-117.961176,34.085474]},"properties":{"id":"ca-baldwin-park-2026","jurisdiction":"Baldwin Park","state":"California","state_abbrev":"CA","jurisdiction_type":"City","enacted_status":"active","date_enacted_iso":"2026-03-04","current_end_date_iso":"","date_enacted_uncertainty":"exact","duration_days":365,"duration_kind":"fixed_days","sectors":["data_center"],"trigger_categories":["regulatory_gap","land_use_compatibility"],"date_enacted":"2026-03-04, Baldwin Park City Council adoption of an urgency ordinance establishing a 45-day moratorium; extended following a 2026-04-15 public hearing","duration":"Initial 45 days from 2026-03-04; extended following an April 15, 2026 public hearing under Gov. Code section 65858, bringing the total pause to approximately one year ('yearlong ban') per regional reporting.","trigger":"Regional San Gabriel Valley wave of data center moratoria/bans (Monterey Park, El Monte, Montebello); city seeking time to study impacts and develop zoning standards for data center uses before any application is filed."}},{"type":"Feature","geometry":{"type":"Point","coordinates":[-115.514027,33.125577]},"properties":{"id":"ca-calipatria-undated","jurisdiction":"Calipatria","state":"California","state_abbrev":"CA","jurisdiction_type":"City","enacted_status":"pending","date_enacted_iso":"","current_end_date_iso":"","date_enacted_uncertainty":"unverified","duration_days":1825,"duration_kind":"fixed_days","sectors":["data_center"],"trigger_categories":["regulatory_gap","land_use_compatibility"],"date_enacted":"","duration":"The originally proposed five-year (1,825-day) interim urgency moratorium (introduced 2026-05-12) was never brought back for a formal adoption vote. Instead, the City Council pivoted to pursuing a permanent prohibition: on 2026-07-14 the Council voted 3-2 (Chavez and Amezcua dissenting) to advance a resolution/ordinance permanently prohibiting the establishment and operation of data centers within city limits, directing staff to publish the full ordinance text and schedule a public hearing. As of a September 2026 public statement by Mayor Michael Luellen, staff had still not brought the drafted permanent ban back to the Council for a final vote.","trigger":"Proposed pause on new large-scale data center development pending a formal hearing process"}},{"type":"Feature","geometry":{"type":"Point","coordinates":[-116.17628,33.679496]},"properties":{"id":"ca-coachella-2026","jurisdiction":"Coachella","state":"California","state_abbrev":"CA","jurisdiction_type":"City","enacted_status":"replaced","date_enacted_iso":"2026-06-04","current_end_date_iso":"2026-09-25","date_enacted_uncertainty":"exact","duration_days":null,"duration_kind":"until_event","sectors":["data_center"],"trigger_categories":["specific_project","land_use_compatibility","regulatory_gap"],"date_enacted":"2026-06-04 (Coachella City Council special meeting approved an interim urgency moratorium on data centers, per NBC Palm Springs and kvcrnews.org reporting); extended on or about 2026-07-09 while the city drafts a permanent ban","duration":"Consistent with the Gov. Code section 65858 interim urgency ordinance pattern already documented elsewhere in this inventory (initial up to 45 days, extendable to a 2-year maximum by 4/5 vote): reported as an initial temporary/urgency moratorium adopted 2026-06-04, then extended around 2026-07-09 ('Coachella Extends Temporary Ban On Data Center Developments,' Patch) as the council moves toward a permanent ban. Exact day counts and vote margins were not confirmed in the sources reviewed.","trigger":"Public backlash and protests over a large proposed data center project and a power agreement with developer 'Stronghold'; council terminated the specific project and moved toward a permanent ban"}},{"type":"Feature","geometry":{"type":"Point","coordinates":[-116.501678,33.961124]},"properties":{"id":"ca-desert-hot-springs-2026","jurisdiction":"Desert Hot Springs","state":"California","state_abbrev":"CA","jurisdiction_type":"City","enacted_status":"extended","date_enacted_iso":"2026-06-16","current_end_date_iso":"2028-05-22","date_enacted_uncertainty":"exact","duration_days":45,"duration_kind":"fixed_days","sectors":["data_center"],"trigger_categories":["regulatory_gap","land_use_compatibility"],"date_enacted":"2026-06-16 (City Council adoption of a 45-day interim urgency moratorium); extended by 22 months and 15 days via unanimous City Council vote on 2026-07-07","duration":"Initial 45 days from 2026-06-16; extended 22 months and 15 days from 2026-07-07, bringing the maximum total pause to the Gov. Code section 65858 two-year cap.","trigger":"Pause on licenses, permits, entitlements, and land-use approvals for data centers and similar high-intensity computing uses while the city studies whether, where, and under what standards such uses should be allowed; no specific data center application was reported pending"}},{"type":"Feature","geometry":{"type":"Point","coordinates":[-118.036849,34.075157]},"properties":{"id":"ca-el-monte-2026","jurisdiction":"El Monte","state":"California","state_abbrev":"CA","jurisdiction_type":"City","enacted_status":"extended","date_enacted_iso":"2026-03-18","current_end_date_iso":"","date_enacted_uncertainty":"exact","duration_days":45,"duration_kind":"fixed_days","sectors":["data_center"],"trigger_categories":["regulatory_gap","land_use_compatibility"],"date_enacted":"2026-03-18 (Interim Urgency Ordinance No. 3063, adopted by a 7-0 vote at a Concurrent Special Meeting, per published City Council minutes); extended by Interim Urgency Ordinance No. 3065, adopted by a 7-0 vote at the Regular Meeting of 2026-04-22 following a public hearing and receipt of the Gov. Code section 65858(d) report, per published minutes","duration":"Initial 45 days (Ord. 3063, term would have run through approximately 2026-05-02); extended 10 months and 15 days by Ord. 3065, adopted 2026-04-22. Under Gov. Code section 65858(a), the initial ordinance plus this first extension together cannot exceed one year from initial adoption, placing the current expiration at approximately 2027-04-13/14 (45 days + 10 months 15 days = 12 months from 2026-03-18). The exact date is not stated verbatim in the minutes reviewed and is calculated from the statutory ceiling, not quoted from a source.","trigger":"City Council study of data center development and community impacts within El Monte"}},{"type":"Feature","geometry":{"type":"Point","coordinates":[-115.359567,33.030549]},"properties":{"id":"ca-imperial-2026","jurisdiction":"Imperial","state":"California","state_abbrev":"CA","jurisdiction_type":"City","enacted_status":"extended","date_enacted_iso":"2026-06-03","current_end_date_iso":"2027-05-30","date_enacted_uncertainty":"exact","duration_days":45,"duration_kind":"fixed_days","sectors":["data_center","battery_storage"],"trigger_categories":["regulatory_gap","land_use_compatibility","grid_energy"],"date_enacted":"2026-06-03 (City Council unanimous adoption of Interim Urgency Ordinance No. 834, per meeting summary and a contemporaneous Coachella staff report survey of nearby municipal actions)","duration":"Initial 45 days from 2026-06-03 (Interim Urgency Ordinance No. 834). Contrary to the prior 'expired' classification, the City Council held a public hearing 2026-07-15 and unanimously (5-0) adopted Urgency Ordinance No. 835, extending Ordinance No. 834 for up to 10 months and 15 days under Gov. Code section 65858, so that -- as multiple sources independently confirm -- the City of Imperial's pause on data centers, high-performance computing facilities, and battery energy storage systems (BESS) runs through approximately May 2027. This remains a distinct instrument and jurisdiction from the Imperial County Board of Supervisors' moratorium (ca-imperial-county-2026, since rescinded by court order), which covers unincorporated county land, not the City of Imperial.","trigger":"Pause on approvals for data centers, battery energy storage systems, and similar utility-intensive industrial/technology uses while the city studies zoning and development standards"}},{"type":"Feature","geometry":{"type":"Point","coordinates":[-115.359567,33.030549]},"properties":{"id":"ca-imperial-county-2026","jurisdiction":"Imperial County","state":"California","state_abbrev":"CA","jurisdiction_type":"County","enacted_status":"rescinded","date_enacted_iso":"2026-06-17","current_end_date_iso":"","date_enacted_uncertainty":"exact","duration_days":null,"duration_kind":"until_event","sectors":["data_center"],"trigger_categories":["specific_project","water","grid_energy","regulatory_gap"],"date_enacted":"2026-06-17","duration":"Extended to a one-year moratorium on 2026-07-14; reported to run into June 2027 while the County's advisory committee develops recommendations.","trigger":"Months of public opposition to a large proposed data center complex projected to consume about 750,000 gallons of water daily and more electricity than the entire county used in 2024"}},{"type":"Feature","geometry":{"type":"Point","coordinates":[-116.218805,33.719281]},"properties":{"id":"ca-indio-2026","jurisdiction":"Indio","state":"California","state_abbrev":"CA","jurisdiction_type":"City","enacted_status":"extended","date_enacted_iso":"2026-06-03","current_end_date_iso":"2026-10-16","date_enacted_uncertainty":"exact","duration_days":45,"duration_kind":"fixed_days","sectors":["data_center"],"trigger_categories":["regulatory_gap","land_use_compatibility"],"date_enacted":"2026-06-03 (City Council unanimous adoption of Urgency Ordinance No. 1838); extended by a further City Council vote on 2026-07-15","duration":"Initial 45 days from 2026-06-03 (Urgency Ordinance No. 1838); extended 90 days by unanimous City Council vote on 2026-07-15, keeping the pause in force through 2026-10-16 while staff drafts a permanent ban ordinance for Planning Commission and Council consideration.","trigger":"Pause on establishment, expansion, or intensification of data center uses to allow review of regulations and consideration of a longer moratorium or permanent prohibition; city reported no active data center applications"}},{"type":"Feature","geometry":{"type":"Point","coordinates":[-117.934214,34.106993]},"properties":{"id":"ca-irwindale-undated","jurisdiction":"Irwindale","state":"California","state_abbrev":"CA","jurisdiction_type":"City","enacted_status":"replaced","date_enacted_iso":"","current_end_date_iso":"","date_enacted_uncertainty":"unverified","duration_days":45,"duration_kind":"fixed_days","sectors":["data_center"],"trigger_categories":["regulatory_gap","land_use_compatibility"],"date_enacted":"Draft Urgency Ordinance 819 was scheduled for a City Council public hearing and possible four-fifths adoption vote on 2026-05-27; whether it was adopted that day is unconfirmed","duration":"Draft ordinance proposed a 45-day moratorium on processing, approving, or accepting new data center applications and on converting existing facilities into data centers","trigger":"Proposed pause on new and converted data center applications"}},{"type":"Feature","geometry":{"type":"Point","coordinates":[-118.209681,34.315507]},"properties":{"id":"ca-los-angeles-county-2026","jurisdiction":"Los Angeles County","state":"California","state_abbrev":"CA","jurisdiction_type":"County","enacted_status":"active","date_enacted_iso":"2026-09-17","current_end_date_iso":"","date_enacted_uncertainty":"exact","duration_days":null,"duration_kind":"until_event","sectors":["data_center"],"trigger_categories":["regulatory_gap","water","grid_energy","noise","environmental","land_use_compatibility"],"date_enacted":"2026-09-17, effective date of a memorandum signed by Amy Bodek, Director of the Department of Regional Planning, implementing Board of Supervisors direction from an April 14, 2026 motion by Supervisor Hilda Solis","duration":"Interim administrative prohibition on processing/approving large-scale (hyperscale) AI data centers in unincorporated county zones, in effect until the Board of Supervisors adopts a permanent zoning ordinance. A motion to formally initiate that ordinance was scheduled for a Community Services Cluster Agenda Review on 2026-09-23, with a Board of Supervisors hearing expected around 2026-10-06.","trigger":"San Gabriel Valley community concerns over health, environmental, water, and electricity impacts of hyperscale AI data centers (following the Monterey Park/SDCF controversy and other regional moratoria); Board of Supervisors motion directing a zoning study; noise, air-quality, and utility-rate concerns cited by county Public Health and Public Works directors."}},{"type":"Feature","geometry":{"type":"Point","coordinates":[-118.111975,34.01594]},"properties":{"id":"ca-montebello-2026","jurisdiction":"Montebello","state":"California","state_abbrev":"CA","jurisdiction_type":"City","enacted_status":"expired","date_enacted_iso":"2026-02-11","current_end_date_iso":"","date_enacted_uncertainty":"exact","duration_days":45,"duration_kind":"fixed_days","sectors":["data_center"],"trigger_categories":["specific_project","infrastructure_capacity","environmental","noise","water","grid_energy","land_use_compatibility"],"date_enacted":"2026-02-11","duration":"45 days; statutory extensions available","trigger":"Regional data center proposals, including Monterey Park's 1977 Saturn Street site about one-half mile away, and concerns over electricity, water, backup generators, noise, infrastructure, land-use compatibility, and environmental impacts"}},{"type":"Feature","geometry":{"type":"Point","coordinates":[-118.129807,34.051522]},"properties":{"id":"ca-monterey-park-2026","jurisdiction":"Monterey Park","state":"California","state_abbrev":"CA","jurisdiction_type":"City","enacted_status":"replaced","date_enacted_iso":"2026-01-21","current_end_date_iso":"","date_enacted_uncertainty":"exact","duration_days":45,"duration_kind":"fixed_days","sectors":["data_center"],"trigger_categories":["specific_project","regulatory_gap","environmental","noise","grid_energy","land_use_compatibility","property_values","legal_or_litigation"],"date_enacted":"2026-01-21; extended 2026-03-04","duration":"Initial 45 days; extended 10 months and 15 days; expires 2027-01-21 unless changed","trigger":"1977 Saturn Street data center proposal and broader concern over energy use, noise, air quality, aesthetics, property values, neighborhood quality of life, CEQA review, and whether permanent regulations or a citywide ban are needed"}},{"type":"Feature","geometry":{"type":"Point","coordinates":[-121.712454,37.997422]},"properties":{"id":"ca-oakley-2026","jurisdiction":"Oakley","state":"California","state_abbrev":"CA","jurisdiction_type":"City","enacted_status":"extended","date_enacted_iso":"2026-04-14","current_end_date_iso":"2027-04-14","date_enacted_uncertainty":"exact","duration_days":45,"duration_kind":"fixed_days","sectors":["data_center"],"trigger_categories":["specific_project","regulatory_gap","land_use_compatibility"],"date_enacted":"2026-04-14","duration":"45 days from 2026-04-14, extended 10 months and 15 days by a second urgency ordinance adopted 2026-05-12 (5-0 vote); the combined term runs to the Gov. Code 65858(a) one-year statutory ceiling, approximately 2027-04-13/14.","trigger":"Bridgehead Industrial Project public testimony and removal of data centers from that project; Oakley Municipal Code did not define or regulate data center land uses"}},{"type":"Feature","geometry":{"type":"Point","coordinates":[-116.540303,33.824627]},"properties":{"id":"ca-palm-springs-2026","jurisdiction":"Palm Springs","state":"California","state_abbrev":"CA","jurisdiction_type":"City","enacted_status":"active","date_enacted_iso":"2026-08-26","current_end_date_iso":"","date_enacted_uncertainty":"exact","duration_days":45,"duration_kind":"fixed_days","sectors":["data_center"],"trigger_categories":["regulatory_gap","water","grid_energy","infrastructure_capacity","land_use_compatibility"],"date_enacted":"2026-08-26, Palm Springs City Council unanimous adoption of an urgency ordinance (item brought forward by Councilmember Grace Garner)","duration":"45 days from adoption, effective immediately as an urgency ordinance; council discussed the possibility of extending for up to two years, consistent with the Gov. Code section 65858 pattern used elsewhere in the Coachella Valley.","trigger":"Regional wave of Coachella Valley moratoria/bans (Coachella, Desert Hot Springs, Indio); city's zoning/municipal code does not currently define or regulate data center uses; concerns over water, electricity, infrastructure, and land impacts of large-scale facilities."}},{"type":"Feature","geometry":{"type":"Point","coordinates":[-121.129695,37.471623]},"properties":{"id":"ca-patterson-2026","jurisdiction":"Patterson","state":"California","state_abbrev":"CA","jurisdiction_type":"City","enacted_status":"extended","date_enacted_iso":"2026-07-16","current_end_date_iso":"","date_enacted_uncertainty":"exact","duration_days":45,"duration_kind":"fixed_days","sectors":["data_center"],"trigger_categories":["regulatory_gap","water","grid_energy","noise","infrastructure_capacity"],"date_enacted":"2026-07-16, Patterson City Council adoption of an initial 45-day moratorium; extended by unanimous (4-0) vote on 2026-08-18","duration":"Initial 45 days from 2026-07-16; extended by a 4-0 City Council vote on 2026-08-18 through 2027-07-15. State law caps the total moratorium period at two years.","trigger":"Study of potential effects of data center development on public utilities (water, energy infrastructure), air quality, and noise levels in nearby communities; city in early stages of determining how to regulate data centers long-term."}},{"type":"Feature","geometry":{"type":"Point","coordinates":[-122.347748,37.935758]},"properties":{"id":"ca-richmond-2026","jurisdiction":"Richmond","state":"California","state_abbrev":"CA","jurisdiction_type":"City","enacted_status":"active","date_enacted_iso":"2026-09-15","current_end_date_iso":"","date_enacted_uncertainty":"exact","duration_days":45,"duration_kind":"fixed_days","sectors":["data_center"],"trigger_categories":["regulatory_gap","water","grid_energy","noise","infrastructure_capacity"],"date_enacted":"2026-09-15, Richmond City Council adoption of an urgency ordinance (regular meeting)","duration":"45 days from the date of adoption, effective immediately as an urgency ordinance (four-fifths vote), extendable under Gov. Code section 65858.","trigger":"City's municipal code does not specifically define or regulate data centers; council directed staff in April 2026 to return with a proposed moratorium; concerns over electricity/water use, noise, air quality, and the city's limited industrial land."}},{"type":"Feature","geometry":{"type":"Point","coordinates":[-107.084248,37.199599]},"properties":{"id":"co-archuleta-county-2026","jurisdiction":"Archuleta County","state":"Colorado","state_abbrev":"CO","jurisdiction_type":"County","enacted_status":"active","date_enacted_iso":"2026-06-16","current_end_date_iso":"","date_enacted_uncertainty":"exact","duration_days":180,"duration_kind":"fixed_days","sectors":["data_center"],"trigger_categories":["regulatory_gap"],"date_enacted":"Board of County Commissioners unanimously adopted Resolution 2026-47 on 2026-06-16.","duration":"Six-month data center moratorium barring pre-submittal activity and the acceptance or processing of planning, building, engineering, and other development applications for data center facilities through December 15, 2026, unless terminated or extended.","trigger":""}},{"type":"Feature","geometry":{"type":"Point","coordinates":[-105.363208,40.102555]},"properties":{"id":"co-boulder-county-2026","jurisdiction":"Boulder County","state":"Colorado","state_abbrev":"CO","jurisdiction_type":"County","enacted_status":"active","date_enacted_iso":"2026-06-02","current_end_date_iso":"2026-12-02","date_enacted_uncertainty":"exact","duration_days":180,"duration_kind":"fixed_days","sectors":["data_center"],"trigger_categories":["land_use_compatibility","regulatory_gap"],"date_enacted":"2026-06-02, Commissioners adoption","duration":"Six months, from June 2, 2026 through the close of business on December 2, 2026, per the county's own draft resolution attached to the June 2, 2026 Business Meeting agenda.","trigger":""}},{"type":"Feature","geometry":{"type":"Point","coordinates":[-105.05208,39.940399]},"properties":{"id":"co-broomfield-2026","jurisdiction":"Broomfield","state":"Colorado","state_abbrev":"CO","jurisdiction_type":"City","enacted_status":"active","date_enacted_iso":"2026-07-07","current_end_date_iso":"","date_enacted_uncertainty":"exact","duration_days":548,"duration_kind":"fixed_days","sectors":["data_center"],"trigger_categories":["regulatory_gap","grid_energy"],"date_enacted":"City Council voted 9-0 to adopt Ordinance 2313 on second and final reading, 2026-07-07.","duration":"Stops acceptance, pre-submittal activity, and processing for new or expanded data center facilities and other large energy users with projected loads of at least 10 MW. The pause lasts 18 months from its effective date, or until relevant municipal definitions and standards are adopted, whichever occurs first; council retained authority to extend it. Effective seven days after publication following final passage.","trigger":""}},{"type":"Feature","geometry":{"type":"Point","coordinates":[-106.131129,38.842218]},"properties":{"id":"co-buena-vista-2026","jurisdiction":"Buena Vista","state":"Colorado","state_abbrev":"CO","jurisdiction_type":"Town","enacted_status":"active","date_enacted_iso":"2026-06-09","current_end_date_iso":"","date_enacted_uncertainty":"exact","duration_days":null,"duration_kind":"until_date","sectors":["data_center","cryptocurrency_mining"],"trigger_categories":["regulatory_gap"],"date_enacted":"Board of Trustees voted 6-0 to adopt Emergency Ordinance 2026-13 on 2026-06-09, following a 2026-05-20 Planning and Zoning Commission introductory discussion and 2026-05-12 Board of Trustees support for staff work.","duration":"Pauses acceptance, processing, and approval of applications for principal-use data centers through December 9, 2026, unless shortened or extended. Accessory computer/server equipment serving another lawful principal use is excluded.","trigger":"Followed Planning and Zoning Commission discussion of treating data centers as a distinct land use."}},{"type":"Feature","geometry":{"type":"Point","coordinates":[-107.926454,38.901649]},"properties":{"id":"co-cedaredge-2026","jurisdiction":"Cedaredge","state":"Colorado","state_abbrev":"CO","jurisdiction_type":"Town","enacted_status":"active","date_enacted_iso":"2026-08-20","current_end_date_iso":"","date_enacted_uncertainty":"exact","duration_days":null,"duration_kind":"until_date","sectors":["data_center"],"trigger_categories":["regulatory_gap","water","infrastructure_capacity"],"date_enacted":"Board of Trustees adopted at its August 20, 2026 regular meeting on a 6-1 vote (Mayor Pro Tem Atkinson dissenting); the ordinance was introduced as 'Ordinance 2026-XX' and initially recorded as Ordinance 2026-06, but the Board's Record of Proceedings was formally amended on 09/17/2026 (after Board approval on 09/03/2026) to correct the ordinance numbering to Ordinance 2026-07.","duration":"Emergency ordinance imposing a temporary moratorium on data center facility applications and pre-submittal activity in all zoning designations within the Town, continuing until the earliest of February 20, 2027 or adoption of permanent data-center definitions/standards into the Cedaredge Municipal Code.","trigger":"Board referral by Trustee Hoffbauer under Trustee Comments on 8/6/2026, citing lack of adequate local standards for data center facilities; expedited as an emergency ordinance given potential impacts on Town water supply and availability."}},{"type":"Feature","geometry":{"type":"Point","coordinates":[-104.933868,39.80832]},"properties":{"id":"co-commerce-city-undated","jurisdiction":"Commerce City","state":"Colorado","state_abbrev":"CO","jurisdiction_type":"City","enacted_status":"pending","date_enacted_iso":"","current_end_date_iso":"","date_enacted_uncertainty":"unverified","duration_days":181,"duration_kind":"fixed_days","sectors":["data_center"],"trigger_categories":["regulatory_gap","infrastructure_capacity","land_use_compatibility"],"date_enacted":"","duration":"Draft ordinance would impose a six-month moratorium on approving data center development plans and zoning applications, because the City's land development code does not address the 'unique characteristics of data center facilities.' Staff recommendation was to pass the six-month ban as written; if adopted, the city would not approve data center development plans until approximately March 2027, extendable by further council vote.","trigger":"City staff cited significant potential impacts of data centers on city infrastructure (power and water supply), neighborhood character, and surrounding land use, given the land development code's silence on data-center-specific standards."}},{"type":"Feature","geometry":{"type":"Point","coordinates":[-107.856829,38.836878]},"properties":{"id":"co-delta-county-2026","jurisdiction":"Delta County","state":"Colorado","state_abbrev":"CO","jurisdiction_type":"County","enacted_status":"active","date_enacted_iso":"2026-07-07","current_end_date_iso":"","date_enacted_uncertainty":"exact","duration_days":null,"duration_kind":"until_date","sectors":["data_center"],"trigger_categories":["regulatory_gap","land_use_compatibility","water","grid_energy","noise","environmental","infrastructure_capacity"],"date_enacted":"Board of County Commissioners adopted Resolution R-18 on 2026-07-07.","duration":"Temporary moratorium on data center facility applications in unincorporated Delta County, covering pre-submittal activity and planning, building, engineering, and other development applications. Scheduled to expire January 7, 2027, or when the county adopts permanent regulations, whichever occurs first.","trigger":"County review will consider land-use compatibility, water and energy demand, infrastructure, noise, environmental effects, emergency response, and economic development."}},{"type":"Feature","geometry":{"type":"Point","coordinates":[-104.984862,39.739236]},"properties":{"id":"co-denver-2026","jurisdiction":"Denver","state":"Colorado","state_abbrev":"CO","jurisdiction_type":"City","enacted_status":"active","date_enacted_iso":"2026-05-18","current_end_date_iso":"","date_enacted_uncertainty":"exact","duration_days":365,"duration_kind":"fixed_days","sectors":["data_center"],"trigger_categories":["regulatory_gap","water","grid_energy","noise","environmental","land_use_compatibility","infrastructure_capacity"],"date_enacted":"2026-05-18 (City Council final passage of Council Bill 26-0431 at second reading/public hearing, unanimous); signed by the Mayor 2026-05-20; effective 2026-05-21","duration":"One year from the effective date (2026-05-21, i.e. nominally through 2027-05-21), or upon adoption of amendments to the Denver Revised Municipal Code and a text amendment to the Denver Zoning Code addressing data centers, per Section 5 of the ordinance as filed and passed without amendment to that section: 'This moratorium shall expire the earlier of: (a) One year from the effective date of this ordinance; or (b) The effective date of any amendments to the Denver Revised Municipal Code regarding data centers and any text amendment to the Denver Zoning Code regarding data centers, whichever occurs later.' (The 'earlier of ... whichever occurs later' phrasing is the ordinance's own internal drafting inconsistency, quoted verbatim.)","trigger":"No data-center-specific zoning regulations; concerns about water, energy, ratepayer cost shifting, noise, air quality, siting, and impacts on vulnerable communities."}},{"type":"Feature","geometry":{"type":"Point","coordinates":[-106.136697,40.099007]},"properties":{"id":"co-grand-county-2026","jurisdiction":"Grand County","state":"Colorado","state_abbrev":"CO","jurisdiction_type":"County","enacted_status":"active","date_enacted_iso":"2026-06-09","current_end_date_iso":"","date_enacted_uncertainty":"exact","duration_days":null,"duration_kind":"until_date","sectors":["data_center"],"trigger_categories":["regulatory_gap","grid_energy","water","land_use_compatibility"],"date_enacted":"Board of County Commissioners approved at its June 9, 2026 meeting in Hot Sulphur Springs.","duration":"Moratorium on construction of data centers under the county's state-delegated 1041 authority, deliberately aligned to expire on the same date as the county's existing two-year moratorium on commercial/utility-scale solar and wind facilities over 25 kW (adopted June 24, 2025).","trigger":"Commissioners determined data centers fall under the same 1041 category as solar/wind facilities and should be reviewed together; no existing data center regulations in the county."}},{"type":"Feature","geometry":{"type":"Point","coordinates":[-104.642986,40.073443]},"properties":{"id":"co-hudson-2026","jurisdiction":"Hudson","state":"Colorado","state_abbrev":"CO","jurisdiction_type":"Town","enacted_status":"active","date_enacted_iso":"2026-07-01","current_end_date_iso":"","date_enacted_uncertainty":"exact","duration_days":null,"duration_kind":"unknown","sectors":["data_center"],"trigger_categories":["regulatory_gap"],"date_enacted":"Town Council unanimously approved Ordinance 26-13 on second/final reading (6-0) on 2026-07-01, following a 5-1 first reading on 2026-06-17.","duration":"Temporary moratorium on new data center facility applications while the town evaluates land-use and infrastructure regulations. Precise duration, effective date, and exceptions were not located in reviewed sources.","trigger":""}},{"type":"Feature","geometry":{"type":"Point","coordinates":[-105.256192,39.56998]},"properties":{"id":"co-jefferson-county-2026","jurisdiction":"Jefferson County","state":"Colorado","state_abbrev":"CO","jurisdiction_type":"County","enacted_status":"active","date_enacted_iso":"2026-05-19","current_end_date_iso":"2027-03-19","date_enacted_uncertainty":"exact","duration_days":304,"duration_kind":"fixed_days","sectors":["data_center"],"trigger_categories":["regulatory_gap","environmental"],"date_enacted":"2026-05-19","duration":"Ten-month moratorium adopted at a May 19, 2026 public hearing on new applications for development of, or rezoning to allow, data centers in unincorporated Jefferson County; excludes land already zoned for data centers via a Planned Development at least 1,500 feet from any dwelling. Runs through approximately March 19, 2027.","trigger":"Commissioners cited the need to evaluate how data centers interact with the Wildland Urban Interface (WUI), the county's water supply, environment, and community health, while weighing potential job growth against community impact (per the county's official news release)."}},{"type":"Feature","geometry":{"type":"Point","coordinates":[-104.909284,40.33503]},"properties":{"id":"co-johnstown-2026","jurisdiction":"Johnstown","state":"Colorado","state_abbrev":"CO","jurisdiction_type":"Town","enacted_status":"active","date_enacted_iso":"2026-07-20","current_end_date_iso":"","date_enacted_uncertainty":"exact","duration_days":365,"duration_kind":"fixed_days","sectors":["data_center"],"trigger_categories":["regulatory_gap","water","grid_energy","infrastructure_capacity"],"date_enacted":"Town Council passed Ordinance 2026-295 on a 5-1 vote at its Monday, July 20, 2026 meeting (Mayor Duncan, Mayor Pro Tem Young, and Councilmembers Berg, Morris, and Menzies voting aye; Councilmember Bashford opposed; Councilmember Molinar absent).","duration":"12-month moratorium (or until Johnstown adopts data-center definitions, standards, regulations, and conditions into its Land Use Development Code, whichever is first) on accepting applications or engaging in pre-submittal activities for data-center facilities, including planning applications, building permits, and engineering permits.","trigger":"Town officials cited the lack of comprehensive zoning, land-use, or water-management regulations addressing data centers' potential burden on the town's long-term energy, water, and fiber resources; no data center project has been proposed in Johnstown."}},{"type":"Feature","geometry":{"type":"Point","coordinates":[-105.472691,40.681017]},"properties":{"id":"co-larimer-county-2026","jurisdiction":"Larimer County","state":"Colorado","state_abbrev":"CO","jurisdiction_type":"County","enacted_status":"extended","date_enacted_iso":"2026-01-27","current_end_date_iso":"2027-02-25","date_enacted_uncertainty":"exact","duration_days":30,"duration_kind":"fixed_days","sectors":["data_center"],"trigger_categories":["regulatory_gap","water","grid_energy","noise","land_use_compatibility"],"date_enacted":"2026-01-27","duration":"Initial 30 days from 2026-01-27 (Resolution, Reception No. 20260005307); extended six months to 2026-08-25 by a resolution signed 2026-04-07 (Reception No. 20260016505), following a 2026-02-09 public hearing; extended a second time, six more months, to 2026-02-25 (2027), by a resolution signed 2026-07-13 (Reception No. 20260034886), following a 2026-07-13 public hearing.","trigger":"Larimer County Land Use Code had no definitions or regulations for data center uses; county cited water consumption, power usage, noise, aesthetics, heat effects, and suitable zoning."}},{"type":"Feature","geometry":{"type":"Point","coordinates":[-104.716359,40.011113]},"properties":{"id":"co-lochbuie-2026","jurisdiction":"Lochbuie","state":"Colorado","state_abbrev":"CO","jurisdiction_type":"Town","enacted_status":"active","date_enacted_iso":"2026-07-21","current_end_date_iso":"","date_enacted_uncertainty":"exact","duration_days":1826,"duration_kind":"fixed_days","sectors":["data_center"],"trigger_categories":["water","grid_energy","regulatory_gap"],"date_enacted":"Town Board voted 6-1 on July 21, 2026 to approve an ordinance introduced by Mayor Jamie Jeffery.","duration":"Five-year pause on the Town's acceptance and review of applications for new or expanded data center facilities -- reported as the longest active data-center moratorium in Colorado.","trigger":"Preemptive action; no data center has been proposed in Lochbuie, but a large data center (Cielo Hudson Data Center, ~500 acres/750 MW) is planned in neighboring Hudson. Over 400 residents petitioned via an Action Network campaign organized by the nonprofit 'With Many Hands,' citing water and electricity concerns amid statewide drought."}},{"type":"Feature","geometry":{"type":"Point","coordinates":[-103.122138,40.725097]},"properties":{"id":"co-logan-county-2025","jurisdiction":"Logan County","state":"Colorado","state_abbrev":"CO","jurisdiction_type":"County","enacted_status":"replaced","date_enacted_iso":"2025-10-21","current_end_date_iso":"","date_enacted_uncertainty":"exact","duration_days":180,"duration_kind":"fixed_days","sectors":["data_center","battery_storage","solar","wind"],"trigger_categories":["specific_project","regulatory_gap","infrastructure_capacity","grid_energy","land_use_compatibility","agricultural_preservation"],"date_enacted":"2025-10-21","duration":"180 days as adopted; replaced by Resolution 2026-5 (effective 2026-02-17) before the full term elapsed","trigger":"County needed time to draft regulations before accepting or processing applications for data center, battery, solar, and wind facilities; meeting records cited grid, infrastructure, agricultural land, and land use compatibility concerns."}},{"type":"Feature","geometry":{"type":"Point","coordinates":[-105.07498,40.397761]},"properties":{"id":"co-loveland-2026","jurisdiction":"Loveland","state":"Colorado","state_abbrev":"CO","jurisdiction_type":"City","enacted_status":"active","date_enacted_iso":"2026-09-15","current_end_date_iso":"","date_enacted_uncertainty":"exact","duration_days":365,"duration_kind":"fixed_days","sectors":["data_center"],"trigger_categories":["regulatory_gap","grid_energy","water","infrastructure_capacity"],"date_enacted":"City Council voted 7-2 on September 15, 2026 to adopt the suspension, after amending the staff-proposed 9-month term to 12 months on a 5-4 vote (Councilor Laura Light-Kovacs' motion).","duration":"12-month suspension on the City's acceptance, processing, approval, permitting, rezoning, and site plan review of new land use applications for data centers with an electrical demand of 10 MW or more or that use industrial-scale cooling infrastructure; ends upon adoption of comprehensive Unified Development Code data-center regulations or 12 months from the effective date, whichever is first.","trigger":"No pending applications, but staff and council cited the lack of statewide regulation after SB26-102 and HB26-1030 were both postponed indefinitely, and the need for the City to coordinate with the Platte River Power Authority on grid impacts and study water/cooling tradeoffs."}},{"type":"Feature","geometry":{"type":"Point","coordinates":[-104.99859,40.233317]},"properties":{"id":"co-mead-2026","jurisdiction":"Mead","state":"Colorado","state_abbrev":"CO","jurisdiction_type":"Town","enacted_status":"active","date_enacted_iso":"2026-08-31","current_end_date_iso":"","date_enacted_uncertainty":"exact","duration_days":365,"duration_kind":"fixed_days","sectors":["data_center"],"trigger_categories":["regulatory_gap","grid_energy","water","infrastructure_capacity"],"date_enacted":"Board of Trustees approved on a 4-2 vote (Trustees Hagan and Crane dissenting) at its August 31, 2026 meeting.","duration":"12-month moratorium preventing data centers from applying to develop in Mead; does not permanently prohibit data centers, and can end sooner than 12 months if staff has adequate information to develop regulations.","trigger":"Town Attorney Marcus McAskin cited increasing interest in Front Range data center development (e.g., the proposed Global AI facility in Windsor) and substantial potential demands on electrical power, utility infrastructure, and water supply."}},{"type":"Feature","geometry":{"type":"Point","coordinates":[-104.85525,40.329427]},"properties":{"id":"co-milliken-2026","jurisdiction":"Milliken","state":"Colorado","state_abbrev":"CO","jurisdiction_type":"Town","enacted_status":"active","date_enacted_iso":"2026-07-30","current_end_date_iso":"","date_enacted_uncertainty":"exact","duration_days":365,"duration_kind":"fixed_days","sectors":["data_center"],"trigger_categories":["regulatory_gap"],"date_enacted":"Board of Trustees introduced/discussed at its May 27, 2026 regular meeting; the Town's own Municode ordinance index records final adoption as Ordinance No. 2026-839 on 7/30/2026.","duration":"One-year moratorium on accepting/processing applications for data center uses, to give town staff time to research and develop land use regulations.","trigger":"Not specified in the sources reviewed beyond the general statewide pattern of pausing applications pending land use regulation development."}},{"type":"Feature","geometry":{"type":"Point","coordinates":[-108.240386,38.437539]},"properties":{"id":"co-montrose-county-2026","jurisdiction":"Montrose County","state":"Colorado","state_abbrev":"CO","jurisdiction_type":"County","enacted_status":"active","date_enacted_iso":"2026-07-01","current_end_date_iso":"","date_enacted_uncertainty":"exact","duration_days":null,"duration_kind":"until_event","sectors":["data_center"],"trigger_categories":["regulatory_gap","infrastructure_capacity"],"date_enacted":"Board of County Commissioners adopted Resolution Number 23-2026, effective July 1, 2026.","duration":"Six-month moratorium (the statutory maximum a Colorado county may impose by resolution without a public hearing under C.R.S. 30-28-121) on acceptance/processing of data center facility applications in unincorporated Montrose County, from the effective date or until data-center standards are adopted into the Zoning Regulations, whichever is first.","trigger":"The county's Zoning Resolution does not currently contain specific regulations, standards, or definitions addressing data center facilities' impacts on electrical power, water supply, telecommunications, and transportation infrastructure."}},{"type":"Feature","geometry":{"type":"Point","coordinates":[-104.872758,39.091659]},"properties":{"id":"co-monument-2026","jurisdiction":"Monument","state":"Colorado","state_abbrev":"CO","jurisdiction_type":"Town","enacted_status":"active","date_enacted_iso":"2026-07-20","current_end_date_iso":"","date_enacted_uncertainty":"exact","duration_days":180,"duration_kind":"fixed_days","sectors":["data_center"],"trigger_categories":["regulatory_gap"],"date_enacted":"Town Council voted 6-0 to adopt Ordinance 18-2026 on 2026-07-20.","duration":"Six-month moratorium on permit and land-development applications that include a data center as a principal or accessory use.","trigger":"No data center proposal was pending; staff planned to address data centers in a broader rewrite of the land-development code."}},{"type":"Feature","geometry":{"type":"Point","coordinates":[-107.592002,38.868321]},"properties":{"id":"co-paonia-2026","jurisdiction":"Paonia","state":"Colorado","state_abbrev":"CO","jurisdiction_type":"Town","enacted_status":"active","date_enacted_iso":"2026-08-11","current_end_date_iso":"","date_enacted_uncertainty":"exact","duration_days":365,"duration_kind":"fixed_days","sectors":["data_center"],"trigger_categories":["regulatory_gap","water"],"date_enacted":"Town Board passed by unanimous vote at the August 11, 2026 regular board meeting; resolution drafted by Interim Town Administrator Greg Sund.","duration":"One-year moratorium tied to Resolution 15-26, refusing data center applications until August 11, 2027; also directs staff to draft a data-center-specific ordinance.","trigger":"Followed neighboring Delta County's data-center moratorium; Mayor Pro Tem Anne Lee Foster called the pause 'very prudent,' and trustees discussed coordinating with the county on water-policy impacts."}},{"type":"Feature","geometry":{"type":"Point","coordinates":[-106.356337,38.094535]},"properties":{"id":"co-saguache-county-2026","jurisdiction":"Saguache County","state":"Colorado","state_abbrev":"CO","jurisdiction_type":"County","enacted_status":"active","date_enacted_iso":"2026-05-05","current_end_date_iso":"","date_enacted_uncertainty":"exact","duration_days":184,"duration_kind":"fixed_days","sectors":["data_center"],"trigger_categories":["specific_project","regulatory_gap"],"date_enacted":"Board of County Commissioners adopted at its meeting on Tuesday, May 5, 2026.","duration":"Emergency temporary moratorium on data center project applications (acceptance, processing, or approval) for six months, to give the County time to develop and amend the Saguache County Land Use Code, Standards, and 1041 Regulations addressing data center projects.","trigger":"San Luis Valley Rural Electric Cooperative (SLVREC) CEO Eric Eriksen told commissioners at an April 21, 2026 meeting that the co-op had received three inquiries for 'rural data center' projects in the Valley; commissioners cited the need for 'immediate preservation and protection of the public health, safety, and welfare.'"}},{"type":"Feature","geometry":{"type":"Point","coordinates":[-106.642495,37.67093]},"properties":{"id":"co-south-fork-2026","jurisdiction":"South Fork","state":"Colorado","state_abbrev":"CO","jurisdiction_type":"Town","enacted_status":"active","date_enacted_iso":"2026-06-18","current_end_date_iso":"","date_enacted_uncertainty":"exact","duration_days":365,"duration_kind":"fixed_days","sectors":["data_center"],"trigger_categories":["regulatory_gap"],"date_enacted":"The Town Board of the Town of South Fork introduced and passed Emergency Ordinance No. 2026-03 on June 18, 2026, per the archived legal notice published in the Valley Courier's July 1, 2026 edition. The notice's own adoption clause misstates the enacting body as 'Town of Center,' which is judged to be a drafting/scrivener error: every other part of the notice -- its heading ('TOWN OF SOUTH FORK'), all WHEREAS recitals, and the operative sections (which reference amending 'the South Fork Revised Municipal Code' and 'the South Fork Zoning Code') -- identifies the Town of South Fork, and the neighboring Town of Center's own published board-meeting calendar shows no meeting on June 18, 2026 at all.","duration":"One-year pause on permit and site-development applications for new primary-use data centers while the town considers code amendments and community engagement.","trigger":""}},{"type":"Feature","geometry":{"type":"Point","coordinates":[-105.057045,38.993802]},"properties":{"id":"co-woodland-park-2026","jurisdiction":"Woodland Park","state":"Colorado","state_abbrev":"CO","jurisdiction_type":"City","enacted_status":"active","date_enacted_iso":"2026-07-16","current_end_date_iso":"2028-01-16","date_enacted_uncertainty":"exact","duration_days":548,"duration_kind":"fixed_days","sectors":["data_center"],"trigger_categories":["regulatory_gap"],"date_enacted":"City Council adopted Ordinance 1525 on 2026-07-16, following a first reading on 2026-06-18.","duration":"Pauses submission, acceptance, processing, review, hearings, approval, and siting of new or expanded data centers while the city develops definitions and land-use, water, and wastewater rules. City Council passed Ordinance No. 1525 (Series 2026) on second/final reading July 16, 2026 as an 18-month moratorium: The Gazette's July 17, 2026 report of that meeting states 'The 18-month moratorium halts data centers' and quotes Councilmember Seth Bryant explaining why council chose 18 rather than 12 months. The city's posted first-reading document (posted June 19, 2026, before the amendment) still shows the pre-amendment 12-month figure and blank termination-date placeholders; a signed second-reading ordinance with the filled-in date was not located, but the 18-month figure is independently corroborated by Colorado Newsline and the Denver Gazette.","trigger":"No data center proposal was pending at the time of adoption; described as a proactive measure."}},{"type":"Feature","geometry":{"type":"Point","coordinates":[-72.645567,41.594994]},"properties":{"id":"ct-cromwell-undated","jurisdiction":"Cromwell","state":"Connecticut","state_abbrev":"CT","jurisdiction_type":"Town","enacted_status":"pending","date_enacted_iso":"","current_end_date_iso":"","date_enacted_uncertainty":"unverified","duration_days":null,"duration_kind":"unknown","sectors":["data_center"],"trigger_categories":["regulatory_gap","specific_project"],"date_enacted":"Not yet adopted as of 2026-09-23. Application #26-25 (a text amendment to Cromwell Zoning Regulations Section 4.2.E. to impose a 12-month moratorium on data centers) was introduced by Planning and Zoning Commission Chair Kelly; on 2026-08-18 the Commission voted 5-1 (Commissioner Michael Cannata dissenting) only to accept the application and schedule it for a public hearing at a Special Meeting on 2026-09-24 -- one day after this research date.","duration":"Proposed 12 months","trigger":"regulatory_gap: the town's zoning regulations have no definition or standards for a data center use; the moratorium proposal was introduced to pause any data center application while regulations are developed alongside a broader, already-contracted zoning-regulations rewrite (consultant IMEG). Commissioner Cannata opposed the moratorium, citing an unnamed prospective applicant who has worked with the town for nine months and already secured a property option."}},{"type":"Feature","geometry":{"type":"Point","coordinates":[-72.038879,41.34655]},"properties":{"id":"ct-groton-2022","jurisdiction":"Groton","state":"Connecticut","state_abbrev":"CT","jurisdiction_type":"Town","enacted_status":"replaced","date_enacted_iso":"2022-06-14","current_end_date_iso":"","date_enacted_uncertainty":"exact","duration_days":365,"duration_kind":"fixed_days","sectors":["data_center"],"trigger_categories":["specific_project","regulatory_gap","environmental","noise","grid_energy","land_use_compatibility"],"date_enacted":"2022-06-14 (Groton PZC adoption, 5-0 vote); effective 2022-07-15, per the adopted motion text in the June 14, 2022 PZC meeting minutes: \"This text amendment shall become effective July 15, 2022.\"","duration":"One year","trigger":"Local proposals for large data centers, uncertainty about how data centers differed from telecommunications facilities, and resident concerns about noise, stormwater, generator use, energy use, and environmental impacts"}},{"type":"Feature","geometry":{"type":"Point","coordinates":[-73.199665,41.683662]},"properties":{"id":"ct-morris-2026","jurisdiction":"Morris","state":"Connecticut","state_abbrev":"CT","jurisdiction_type":"Town","enacted_status":"active","date_enacted_iso":"2026-05","current_end_date_iso":"","date_enacted_uncertainty":"month_only","duration_days":365,"duration_kind":"fixed_days","sectors":["battery_storage","data_center"],"trigger_categories":["regulatory_gap","environmental","infrastructure_capacity","fire_safety","water","noise","land_use_compatibility","grid_energy"],"date_enacted":"The identical moratorium text (prepared by the Town Planner and dated 2026-03-23) was re-filed by the Commission under its 'regulations' folder -- rather than the earlier 'generals'/draft-agenda-attachment folder it occupied as of the April 15, 2026 meeting -- under the title 'Public Hearing Two Year Moratorium on Battery Storage Facilities and Data Centers,' with a document date of 2026-05-20. Secondary reporting describes a public hearing held on a Tuesday and Commission approval the same week, consistent with adoption around 2026-05-19/20. Neither the exact adoption-vote date nor the Connecticut-statute-required newspaper publication date (which triggers legal effectiveness) was found in any source I could access.","duration":"12 months from effective date of adoption","trigger":"Need to evaluate land use, environmental, infrastructure, fire safety, emergency response, groundwater, traffic, noise, visual, electrical infrastructure, and water-use impacts"}},{"type":"Feature","geometry":{"type":"Point","coordinates":[-72.925052,41.308214]},"properties":{"id":"ct-new-haven-undated","jurisdiction":"New Haven","state":"Connecticut","state_abbrev":"CT","jurisdiction_type":"City","enacted_status":"active","date_enacted_iso":"2026-09-08","current_end_date_iso":"2027-09-08","date_enacted_uncertainty":"exact","duration_days":365,"duration_kind":"fixed_days","sectors":["data_center"],"trigger_categories":["regulatory_gap","infrastructure_capacity"],"date_enacted":"Introduced 2026-07-06 as a communication by Board of Alders Majority Leader Richard Furlow (item LM-2026-0285). The Legislation Committee held a public hearing and gave a Favorable Report on 2026-08-04 (per the item's official Legistar history). The item was on the full Board of Alders' agenda for its 2026-09-08 meeting (a Tuesday, since the Board's usual Monday date fell on Labor Day). Yale Daily News reported the Board voted unanimously that Tuesday to adopt the 12-month moratorium; this is treated as the adoption date, though it could not be independently corroborated with a second source (see notes on residual uncertainty).","duration":"12 months from adoption (ordinance text: 'A TEMPORARY TWELVE (12) MONTH MORATORIUM ON DATA CENTER DEVELOPMENT WITHIN THE CITY OF NEW HAVEN'), per the official ordinance language on file with the City/Town Clerk (Legistar file LM-2026-0285).","trigger":"Proactive/regulatory-gap: the city has no zoning framework for data centers and wants to develop one before any project is proposed, drawing on approaches used by Groton, Morris, and West Haven, Connecticut."}},{"type":"Feature","geometry":{"type":"Point","coordinates":[-73.200669,41.242874]},"properties":{"id":"ct-trumbull-2026","jurisdiction":"Trumbull","state":"Connecticut","state_abbrev":"CT","jurisdiction_type":"Town","enacted_status":"active","date_enacted_iso":"2026-09-09","current_end_date_iso":"","date_enacted_uncertainty":"exact","duration_days":730,"duration_kind":"fixed_days","sectors":["data_center"],"trigger_categories":["specific_project","regulatory_gap","grid_energy","noise","water"],"date_enacted":"2026-09-09, Trumbull Town Council, unanimous voice vote at a public hearing/regular meeting","duration":"2 years, effective immediately upon adoption","trigger":"specific_project concerns: 365 Data Centers (Norwalk) and Aphorio Carter (a data center division of private equity firm Carter Funds) announced in May 2026 plans for a 200 MW pipeline of AI-ready data centers, naming Trumbull's decades-old former Nasdaq data center at 80 Merritt Blvd. as a likely site for modernization into a 'high density, AI-ready' facility; a resident petition and advocacy group (Trumbull AI Data Center Watch) pushed for a moratorium and had sought (unsuccessfully) to have it cover the 80 Merritt Blvd. project itself."}},{"type":"Feature","geometry":{"type":"Point","coordinates":[-72.947047,41.270653]},"properties":{"id":"ct-west-haven-2026","jurisdiction":"West Haven","state":"Connecticut","state_abbrev":"CT","jurisdiction_type":"City","enacted_status":"active","date_enacted_iso":"2026-06-08","current_end_date_iso":"","date_enacted_uncertainty":"exact","duration_days":365,"duration_kind":"fixed_days","sectors":["data_center"],"trigger_categories":["regulatory_gap"],"date_enacted":"2026-06-08, per City Council meeting minutes","duration":"1 year","trigger":"Not detailed beyond the mayor's request in captured minutes"}},{"type":"Feature","geometry":{"type":"Point","coordinates":[-75.524368,39.158168]},"properties":{"id":"de-dover-undated","jurisdiction":"Dover","state":"Delaware","state_abbrev":"DE","jurisdiction_type":"City","enacted_status":"pending","date_enacted_iso":"","current_end_date_iso":"","date_enacted_uncertainty":"unverified","duration_days":548,"duration_kind":"fixed_days","sectors":["data_center"],"trigger_categories":["regulatory_gap","grid_energy","infrastructure_capacity"],"date_enacted":"","duration":"18 months from the ordinance's effective date, as drafted; the Council may extend by ordinance upon findings that additional study remains necessary. Not yet adopted as of 2026-09-23.","trigger":"Multiple inquiries about 'Large Energy Use Facilities' (data centers meeting defined MW/load thresholds); city wants time to study electrical capacity, ratepayer cost allocation, infrastructure, land use, environmental standards, and economic impact before adopting permanent regulations"}},{"type":"Feature","geometry":{"type":"Point","coordinates":[-85.659363,30.248169]},"properties":{"id":"fl-bay-county-2026","jurisdiction":"Bay County","state":"Florida","state_abbrev":"FL","jurisdiction_type":"County","enacted_status":"active","date_enacted_iso":"2026-07-07","current_end_date_iso":"","date_enacted_uncertainty":"exact","duration_days":180,"duration_kind":"fixed_days","sectors":["data_center"],"trigger_categories":["regulatory_gap","specific_project"],"date_enacted":"Approved by the Board of County Commissioners 2026-07-07 (reported 2026-07-08).","duration":"Six-month moratorium on data centers requiring 5 MW of power or more in unincorporated Bay County, while staff reviews and updates land development regulations; may be extended another six months if permanent rules are not ready.","trigger":"Months of public discussion and comment on proposed AI data centers in unincorporated Bay County."}},{"type":"Feature","geometry":{"type":"Point","coordinates":[-82.514121,28.851285]},"properties":{"id":"fl-citrus-county-2026","jurisdiction":"Citrus County","state":"Florida","state_abbrev":"FL","jurisdiction_type":"County","enacted_status":"active","date_enacted_iso":"2026-05-26","current_end_date_iso":"","date_enacted_uncertainty":"exact","duration_days":365,"duration_kind":"fixed_days","sectors":["data_center"],"trigger_categories":["regulatory_gap"],"date_enacted":"Adopted 2026-05-26 by the Board of County Commissioners at a public hearing, 5-0 vote; staff had been directed on 2026-05-12 to prepare the ordinance for that meeting.","duration":"In effect for 12 months from its effective date or until related county regulations take effect, whichever occurs first.","trigger":"County-initiated pause pending development of local data-center regulations; more than 40 public speakers attended the May 26 hearing."}},{"type":"Feature","geometry":{"type":"Point","coordinates":[-81.84706,29.976652]},"properties":{"id":"fl-clay-county-2026","jurisdiction":"Clay County","state":"Florida","state_abbrev":"FL","jurisdiction_type":"County","enacted_status":"active","date_enacted_iso":"2026-06-23","current_end_date_iso":"","date_enacted_uncertainty":"exact","duration_days":365,"duration_kind":"fixed_days","sectors":["data_center"],"trigger_categories":["regulatory_gap","land_use_compatibility"],"date_enacted":"Adopted 2026-06-23 by the Board of County Commissioners, 4-1 vote, following a first hearing 2026-06-09.","duration":"One-year moratorium in unincorporated Clay County.","trigger":"More than an hour of public testimony at the final hearing."}},{"type":"Feature","geometry":{"type":"Point","coordinates":[-81.824423,27.190253]},"properties":{"id":"fl-desoto-county-2026","jurisdiction":"DeSoto County","state":"Florida","state_abbrev":"FL","jurisdiction_type":"County","enacted_status":"active","date_enacted_iso":"2026-07-28","current_end_date_iso":"","date_enacted_uncertainty":"exact","duration_days":365,"duration_kind":"fixed_days","sectors":["data_center"],"trigger_categories":["specific_project","water","environmental"],"date_enacted":"Commissioners approved the moratorium unanimously (4-0, one commissioner recused) 2026-07-28 (Tuesday).","duration":"One-year moratorium on new data-center applications in DeSoto County; explicitly does not apply to rezoning applications already pending for DCIP Group's 800-plus-acre data-center project (which can continue to move forward).","trigger":"Intense public opposition to DCIP Group's proposed data-center campus (initially a 34-acre rezoning at a decommissioned power plant, since expanded with an 800-plus-acre rezoning request and stated intent to build on up to 1,300 acres)."}},{"type":"Feature","geometry":{"type":"Point","coordinates":[-81.291742,29.484441]},"properties":{"id":"fl-flagler-county-2026","jurisdiction":"Flagler County","state":"Florida","state_abbrev":"FL","jurisdiction_type":"County","enacted_status":"active","date_enacted_iso":"2026-08-03","current_end_date_iso":"","date_enacted_uncertainty":"exact","duration_days":365,"duration_kind":"fixed_days","sectors":["data_center"],"trigger_categories":["regulatory_gap","grid_energy","water","noise","land_use_compatibility"],"date_enacted":"Adopted on second reading by the Board of County Commissioners 2026-08-03 (Monday), unanimous.","duration":"One-year moratorium on new data center development in unincorporated Flagler County while the county researches the industry and develops zoning/land development regulations. Amended before final passage to remove the 'large-scale'/'large load customer facility' qualifiers so the pause applies to all data centers, not only large ones.","trigger":"Months of discussion about the rapid growth of the data-center industry and resident concerns about impacts on electrical infrastructure, water, noise, and land use."}},{"type":"Feature","geometry":{"type":"Point","coordinates":[-84.823912,29.832314]},"properties":{"id":"fl-franklin-county-2026","jurisdiction":"Franklin County","state":"Florida","state_abbrev":"FL","jurisdiction_type":"County","enacted_status":"active","date_enacted_iso":"2026-07-15","current_end_date_iso":"","date_enacted_uncertainty":"exact","duration_days":365,"duration_kind":"fixed_days","sectors":["data_center"],"trigger_categories":["regulatory_gap"],"date_enacted":"Commissioners voted unanimously to approve the moratorium 2026-07-15 (Wednesday morning), after directing staff in June to prepare it.","duration":"One-year moratorium on large-scale AI data center proposals, while commissioners consider a permanent ban.","trigger":"Precautionary; more than one commissioner stated an eventual goal of a permanent ban."}},{"type":"Feature","geometry":{"type":"Point","coordinates":[-82.460507,28.571016]},"properties":{"id":"fl-hernando-county-2026","jurisdiction":"Hernando County","state":"Florida","state_abbrev":"FL","jurisdiction_type":"County","enacted_status":"active","date_enacted_iso":"2026-06-23","current_end_date_iso":"","date_enacted_uncertainty":"exact","duration_days":365,"duration_kind":"fixed_days","sectors":["data_center"],"trigger_categories":["regulatory_gap"],"date_enacted":"Adopted 2026-06-23 at second public hearing (first hearing 2026-06-02); Florida Department of State acknowledged filing 2026-06-24.","duration":"365-day moratorium on development orders and permits for data centers in unincorporated Hernando County, subject to exemptions and prospective-application provisions; can end early if permanent regulations take effect, and can be extended once for no more than 120 days.","trigger":""}},{"type":"Feature","geometry":{"type":"Point","coordinates":[-81.78994,28.700686]},"properties":{"id":"fl-lake-county-2026","jurisdiction":"Lake County","state":"Florida","state_abbrev":"FL","jurisdiction_type":"County","enacted_status":"active","date_enacted_iso":"2026-09-09","current_end_date_iso":"","date_enacted_uncertainty":"exact","duration_days":90,"duration_kind":"fixed_days","sectors":["data_center"],"trigger_categories":["regulatory_gap","grid_energy","water"],"date_enacted":"Board of County Commissioners voted unanimously to adopt the ordinance 2026-09-09 (Tuesday).","duration":"90-day pause on accepting any applications for large-scale data centers in unincorporated Lake County, to give commissioners time to create new zoning and development regulations (including a possible conditional-use-permit requirement).","trigger":"Regulatory gap; county wants a conditional-use-permit process so a data center is not a guaranteed right."}},{"type":"Feature","geometry":{"type":"Point","coordinates":[-81.949804,28.039465]},"properties":{"id":"fl-lakeland-undated","jurisdiction":"Lakeland","state":"Florida","state_abbrev":"FL","jurisdiction_type":"City","enacted_status":"active","date_enacted_iso":"2026-08-03","current_end_date_iso":"","date_enacted_uncertainty":"exact","duration_days":365,"duration_kind":"fixed_days","sectors":["data_center"],"trigger_categories":["regulatory_gap","specific_project"],"date_enacted":"2026-08-03, City Commission adopted Ordinance No. 26-018 by a 4-3 vote.","duration":"One year from 2026-08-03, unless amended or repealed sooner. Covers new data centers and large-load customers with anticipated peak demand of 50 MW or more while the City reviews its planning and land-development rules.","trigger":"Followed community opposition to Project Swan, a proposed approximately 600,000-square-foot data center."}},{"type":"Feature","geometry":{"type":"Point","coordinates":[-84.254907,30.468306]},"properties":{"id":"fl-leon-county-undated","jurisdiction":"Leon County","state":"Florida","state_abbrev":"FL","jurisdiction_type":"County","enacted_status":"pending","date_enacted_iso":"","current_end_date_iso":"","date_enacted_uncertainty":"unverified","duration_days":null,"duration_kind":"unknown","sectors":["data_center"],"trigger_categories":["regulatory_gap","grid_energy","water"],"date_enacted":"Commissioners directed staff in July 2026 to pursue an ordinance; the proposed ordinance passed its first of two required public hearings unanimously 2026-09-15. The second and final public hearing/vote is scheduled for 2026-10-13 and had not occurred as of this research date.","duration":"Proposed 18-month moratorium on large-load customer facilities, including large-scale data centers, in unincorporated Leon County, to give staff time to study impacts on electricity/water supplies, utility rates, the environment, and surrounding communities and to develop regulations; staff plans to report findings by September 2027.","trigger":"Proposal originated with Commission Chairman Christian Caban after SB 484 took effect 2026-07-01; county code and the Tallahassee-Leon County 2050 Comprehensive Plan lack provisions addressing large-load customers/data centers."}},{"type":"Feature","geometry":{"type":"Point","coordinates":[-85.648261,30.245478]},"properties":{"id":"fl-lynn-haven-2026","jurisdiction":"Lynn Haven","state":"Florida","state_abbrev":"FL","jurisdiction_type":"City","enacted_status":"expired","date_enacted_iso":"2026-06-23","current_end_date_iso":"","date_enacted_uncertainty":"exact","duration_days":60,"duration_kind":"fixed_days","sectors":["data_center"],"trigger_categories":["regulatory_gap"],"date_enacted":"Adopted 2026-06-23 by City Commission.","duration":"Interim pause on accepting, processing, reviewing, or acting on data-center applications, lasting until the earlier of final action on a separate proposed one-year moratorium ordinance or sixty days after this resolution's adoption (on or about 2026-08-22).","trigger":"Adopted while a separate one-year moratorium ordinance (staff directed to draft it on 2026-06-09) proceeded through the adoption process; this resolution is a distinct interim instrument from that still-pending ordinance."}},{"type":"Feature","geometry":{"type":"Point","coordinates":[-83.452452,30.451435]},"properties":{"id":"fl-madison-county-2026","jurisdiction":"Madison County","state":"Florida","state_abbrev":"FL","jurisdiction_type":"County","enacted_status":"active","date_enacted_iso":"2026-07-22","current_end_date_iso":"","date_enacted_uncertainty":"exact","duration_days":365,"duration_kind":"fixed_days","sectors":["data_center"],"trigger_categories":["regulatory_gap"],"date_enacted":"Board of County Commissioners voted unanimously 2026-07-22.","duration":"One-year moratorium on construction and permitting of large-scale data centers while the county develops possible regulations.","trigger":""}},{"type":"Feature","geometry":{"type":"Point","coordinates":[-82.380157,27.521393]},"properties":{"id":"fl-manatee-county-2026","jurisdiction":"Manatee County","state":"Florida","state_abbrev":"FL","jurisdiction_type":"County","enacted_status":"active","date_enacted_iso":"2026-09-22","current_end_date_iso":"","date_enacted_uncertainty":"exact","duration_days":365,"duration_kind":"fixed_days","sectors":["data_center"],"trigger_categories":["regulatory_gap","grid_energy","water"],"date_enacted":"Commissioners directed staff to draft the ordinance 2026-07-28; the Board of County Commissioners applied the Pending Ordinance Doctrine and adopted Ordinance No. 26-42 on 2026-09-22 (first noticed for public hearing 2026-09-04; Planning Commission review 2026-09-17).","duration":"Twelve-month moratorium on submission and acceptance of applications for building permits, site plans, development orders, development agreements, special permit uses, rezonings, and comprehensive plan amendments related to 'Data Center Facilities' in unincorporated Manatee County, or until repealed, whichever occurs first; may be extended by Board resolution.","trigger":"SB 484 (effective 2026-07-01) established local authority over large-load customers; county's land development code and comprehensive plan do not adequately address data centers."}},{"type":"Feature","geometry":{"type":"Point","coordinates":[-82.062695,29.218245]},"properties":{"id":"fl-marion-county-2026","jurisdiction":"Marion County","state":"Florida","state_abbrev":"FL","jurisdiction_type":"County","enacted_status":"active","date_enacted_iso":"2026-09-15","current_end_date_iso":"","date_enacted_uncertainty":"exact","duration_days":365,"duration_kind":"fixed_days","sectors":["data_center","cryptocurrency_mining"],"trigger_categories":["water","grid_energy","noise","environmental","regulatory_gap"],"date_enacted":"Board of County Commissioners voted 4-1 on the substantive motion, then 5-0 on a subsequent procedural vote to adopt the ordinance, at a public hearing 2026-09-15/16 (hearing held 2026-09-15 at the McPherson Governmental Campus; reported 2026-09-16).","duration":"12-month (365-day) moratorium on accepting or processing applications for major commercial data centers, AI processing hubs, and cryptocurrency-mining operations, applying to development permits, site plans, rezonings, and conditional-use permits; exempts smaller facilities using under 50 megawatts, which may still proceed through the county's standard Special Use Permit process.","trigger":"Concerns over water consumption from the Floridan Aquifer (including Outstanding Florida Springs Silver Springs and Rainbow Springs), power-grid strain, noise, and county staff's stated lack of readiness/criteria to evaluate large data-center applications; balanced against a proposed roughly $10 billion facility that proponents said could generate significant tax revenue and jobs."}},{"type":"Feature","geometry":{"type":"Point","coordinates":[-81.770733,30.662433]},"properties":{"id":"fl-nassau-county-2026","jurisdiction":"Nassau County","state":"Florida","state_abbrev":"FL","jurisdiction_type":"County","enacted_status":"active","date_enacted_iso":"2026-06-08","current_end_date_iso":"","date_enacted_uncertainty":"exact","duration_days":365,"duration_kind":"fixed_days","sectors":["data_center","cryptocurrency_mining"],"trigger_categories":["regulatory_gap","infrastructure_capacity","grid_energy","environmental"],"date_enacted":"Adopted on final hearing 2026-06-08 by the Nassau County Board of County Commissioners (motion by Commissioner Gray, seconded by Commissioner Farmer, approved); first reading was 2026-05-11, following direction to draft on 2026-04-13.","duration":"12 months from the effective date, or until an ordinance amending the Comprehensive Plan, Land Development Regulations, and/or Code of Ordinances relating to Data Center Facilities takes effect, whichever occurs first (Ordinance 2026-044, Section 6). Effective date is upon filing with the Florida Secretary of State per s. 125.66.","trigger":"Board directed staff to draft the moratorium in April 2026 to allow time to study and adopt comprehensive-plan and land-development-code provisions for data centers before accepting further applications; a companion resolution (2026-102) created a Fact-Finding Committee on Data Center Development that met repeatedly through June 2026."}},{"type":"Feature","geometry":{"type":"Point","coordinates":[-82.235925,27.044224]},"properties":{"id":"fl-north-port-2026","jurisdiction":"North Port","state":"Florida","state_abbrev":"FL","jurisdiction_type":"City","enacted_status":"active","date_enacted_iso":"2026-09-22","current_end_date_iso":"","date_enacted_uncertainty":"exact","duration_days":548,"duration_kind":"fixed_days","sectors":["data_center"],"trigger_categories":["specific_project","water","noise","grid_energy"],"date_enacted":"City Commission voted 4-1 to advance the ordinance on first reading 2026-09-08 (after a nearly seven-hour public hearing beginning 2026-08-31); adopted on second and final reading by a 3-2 vote 2026-09-22 (Commissioners Stokes, Langdon and Mayor Emrich in favor; Commissioners Petrow and Duval against).","duration":"18-month moratorium on the acceptance and approval of new data-center applications. As finally adopted, the ordinance excludes (does not apply to) the roughly 896,000-square-foot data-center facility already proposed for the Yorkshire-area 'Deep Park' development: staff may still accept, process and review that application, but the city cannot approve it without a City Commission vote. The ordinance also allows any developer to request an 'extraordinary hardship' exception (e.g., permits already issued, substantial expenditure already made), decided case-by-case by the Commission.","trigger":"A roughly 896,000 sq ft ('Deep Park') data-center application, part of a larger 282-acre mixed-use development, submitted 2026-07-20 after a non-disclosure agreement (entered August 2025) expired; hundreds of residents packed multiple public hearings (2026-08-31 and 2026-09-22) in opposition, citing water, noise, and infrastructure concerns."}},{"type":"Feature","geometry":{"type":"Point","coordinates":[-80.449417,26.62798]},"properties":{"id":"fl-palm-beach-county-2026","jurisdiction":"Palm Beach County","state":"Florida","state_abbrev":"FL","jurisdiction_type":"County","enacted_status":"active","date_enacted_iso":"2026-07-07","current_end_date_iso":"","date_enacted_uncertainty":"exact","duration_days":null,"duration_kind":"until_event","sectors":["data_center"],"trigger_categories":["regulatory_gap","land_use_compatibility"],"date_enacted":"Board of County Commissioners approved zoning in progress effective 2026-07-07 and directed staff to prepare a formal moratorium ordinance.","duration":"Interim administrative freeze: staff directed not to accept new large-load-customer data center applications until a formal ordinance is presented for adoption. The contemplated formal ordinance would run until the earlier of one year after its adoption or the enactment of permanent regulations.","trigger":"Followed opposition to Project Tango and other large-load data center proposals."}},{"type":"Feature","geometry":{"type":"Point","coordinates":[-85.660294,30.158652]},"properties":{"id":"fl-panama-city-2026","jurisdiction":"Panama City","state":"Florida","state_abbrev":"FL","jurisdiction_type":"City","enacted_status":"active","date_enacted_iso":"2026-09-23","current_end_date_iso":"","date_enacted_uncertainty":"exact","duration_days":365,"duration_kind":"fixed_days","sectors":["data_center"],"trigger_categories":["regulatory_gap"],"date_enacted":"Adopted on second/final reading by the City Commission 2026-09-23 (Ordinance 3313); first public hearing held 2026-09-08.","duration":"One-year moratorium on new data center proposals, giving city staff 12 months to study impacts and develop permanent zoning rules; does not apply to existing facilities or routine maintenance.","trigger":"Regulatory-gap/precautionary; part of a wave of Bay County-area moratoria."}},{"type":"Feature","geometry":{"type":"Point","coordinates":[-82.452671,28.298852]},"properties":{"id":"fl-pasco-county-2026","jurisdiction":"Pasco County","state":"Florida","state_abbrev":"FL","jurisdiction_type":"County","enacted_status":"active","date_enacted_iso":"2026-07-14","current_end_date_iso":"","date_enacted_uncertainty":"exact","duration_days":365,"duration_kind":"fixed_days","sectors":["data_center"],"trigger_categories":["regulatory_gap","grid_energy"],"date_enacted":"Commissioners unanimously approved 2026-07-14, following a Planning Commission recommendation 2026-06-11 and a first BOCC hearing 2026-06-16.","duration":"One-year moratorium pausing covered development approvals for server or computer rooms exceeding 2.5 MW in unincorporated Pasco County while the county studies definitions and environmental, utility, and financial impacts.","trigger":""}},{"type":"Feature","geometry":{"type":"Point","coordinates":[-87.216915,30.421309]},"properties":{"id":"fl-pensacola-undated","jurisdiction":"Pensacola","state":"Florida","state_abbrev":"FL","jurisdiction_type":"City","enacted_status":"active","date_enacted_iso":"2026-08-13","current_end_date_iso":"","date_enacted_uncertainty":"exact","duration_days":365,"duration_kind":"fixed_days","sectors":["data_center"],"trigger_categories":["regulatory_gap"],"date_enacted":"First reading passed 7-0 on 2026-07-16; adopted on second and final reading by a 7-0 vote at the 2026-08-13 City Council Regular Meeting as Ordinance No. 11-26 (agenda item 'Proposed Ordinance No. 13-26').","duration":"Proposed one-year moratorium on city approvals for data centers and other large-load-customer facilities with anticipated monthly peak demand of at least 50 MW; would take effect five business days after final adoption.","trigger":""}},{"type":"Feature","geometry":{"type":"Point","coordinates":[-82.699544,27.842803]},"properties":{"id":"fl-pinellas-park-undated","jurisdiction":"Pinellas Park","state":"Florida","state_abbrev":"FL","jurisdiction_type":"City","enacted_status":"active","date_enacted_iso":"2026-08-11","current_end_date_iso":"","date_enacted_uncertainty":"exact","duration_days":365,"duration_kind":"fixed_days","sectors":["data_center"],"trigger_categories":["regulatory_gap","specific_project"],"date_enacted":"Placed on first reading 2026-07-21; adopted unanimously at the 2026-08-11 public hearing as Ordinance 2026-22.","duration":"Proposed one-year moratorium on data center approvals.","trigger":"Followed American Tower's May 2026 filing to redevelop an industrial property at 10700 76th Court N. into a data-processing facility."}},{"type":"Feature","geometry":{"type":"Point","coordinates":[-87.009752,30.69645]},"properties":{"id":"fl-santa-rosa-county-2026","jurisdiction":"Santa Rosa County","state":"Florida","state_abbrev":"FL","jurisdiction_type":"County","enacted_status":"active","date_enacted_iso":"2026-07-23","current_end_date_iso":"","date_enacted_uncertainty":"exact","duration_days":365,"duration_kind":"fixed_days","sectors":["data_center"],"trigger_categories":["regulatory_gap"],"date_enacted":"Adopted at a special meeting 2026-07-23, following a first hearing 2026-07-09 (which followed a 2026-06-22 3-1 vote directing staff to draft the ordinance).","duration":"12-month moratorium on large-scale data centers and large-load-customer facilities in unincorporated Santa Rosa County; permanent rules may be developed sooner than the 12-month endpoint.","trigger":"Several residents requested a permanent ban instead of a temporary moratorium."}},{"type":"Feature","geometry":{"type":"Point","coordinates":[-82.360919,27.181361]},"properties":{"id":"fl-sarasota-county-2026","jurisdiction":"Sarasota County","state":"Florida","state_abbrev":"FL","jurisdiction_type":"County","enacted_status":"active","date_enacted_iso":"2026-07-08","current_end_date_iso":"","date_enacted_uncertainty":"exact","duration_days":365,"duration_kind":"fixed_days","sectors":["data_center"],"trigger_categories":["regulatory_gap","grid_energy"],"date_enacted":"County commissioners voted 2026-07-08.","duration":"Halts acceptance, review, and approval of hyperscale data center proposals for at least one year, through July 2027, while staff evaluates permanent rules.","trigger":"Followed an XF Group inquiry concerning a site along Cattlemen Road; covers facilities at the state-law threshold of at least 50 MW."}},{"type":"Feature","geometry":{"type":"Point","coordinates":[-85.676203,30.600934]},"properties":{"id":"fl-washington-county-2026","jurisdiction":"Washington County","state":"Florida","state_abbrev":"FL","jurisdiction_type":"County","enacted_status":"active","date_enacted_iso":"2026-08-20","current_end_date_iso":"","date_enacted_uncertainty":"exact","duration_days":365,"duration_kind":"fixed_days","sectors":["data_center"],"trigger_categories":["regulatory_gap","grid_energy"],"date_enacted":"Board of County Commissioners voted unanimously to approve the moratorium 2026-08-20 (Thursday), following a public hearing.","duration":"One-year moratorium on data-center development in unincorporated Washington County (municipalities Chipley, Wausau, and Caryville are not covered, as they control their own development). A facility is defined as a data center if more than 5% of a building's gross floor area is used for computer systems/hardware/racks, in addition to an electrical-usage threshold, with anti-fragmentation language to prevent splitting a project across smaller buildings. May be extended by a further ordinance if permanent regulations are not ready in time.","trigger":"Regulatory gap; county comprehensive plan and land development code do not adequately address data-center infrastructure and public-safety impacts."}},{"type":"Feature","geometry":{"type":"Point","coordinates":[-82.181195,28.23362]},"properties":{"id":"fl-zephyrhills-2026","jurisdiction":"Zephyrhills","state":"Florida","state_abbrev":"FL","jurisdiction_type":"City","enacted_status":"active","date_enacted_iso":"2026-06-22","current_end_date_iso":"","date_enacted_uncertainty":"exact","duration_days":365,"duration_kind":"fixed_days","sectors":["data_center"],"trigger_categories":["regulatory_gap"],"date_enacted":"Final approval 2026-06-22 by City Council, following a unanimous first reading 2026-06-08.","duration":"One-year moratorium on city approvals for data centers, large-scale data centers, and large-load customer facilities.","trigger":"Precautionary measure; city staff said no data center proposal was pending at the time of adoption."}},{"type":"Feature","geometry":{"type":"Point","coordinates":[-83.423494,31.137136]},"properties":{"id":"ga-adel-cook-county-2026","jurisdiction":"Adel (Cook County)","state":"Georgia","state_abbrev":"GA","jurisdiction_type":"City","enacted_status":"active","date_enacted_iso":"2026-07-06","current_end_date_iso":"","date_enacted_uncertainty":"exact","duration_days":180,"duration_kind":"fixed_days","sectors":["data_center"],"trigger_categories":["regulatory_gap"],"date_enacted":"2026-07-06","duration":"180 days","trigger":"regulatory_gap"}},{"type":"Feature","geometry":{"type":"Point","coordinates":[-84.155681,31.578206]},"properties":{"id":"ga-albany-2026","jurisdiction":"Albany","state":"Georgia","state_abbrev":"GA","jurisdiction_type":"City","enacted_status":"active","date_enacted_iso":"2026-07-28","current_end_date_iso":"","date_enacted_uncertainty":"exact","duration_days":365,"duration_kind":"fixed_days","sectors":["data_center"],"trigger_categories":["regulatory_gap"],"date_enacted":"2026-07-28","duration":"12 months, with an option to extend an additional 6 months","trigger":"Growing statewide concern about data center development, following consideration of 180-day, 12-month, and 18-month options"}},{"type":"Feature","geometry":{"type":"Point","coordinates":[-82.299627,31.777144]},"properties":{"id":"ga-appling-county-2026","jurisdiction":"Appling County","state":"Georgia","state_abbrev":"GA","jurisdiction_type":"County","enacted_status":"active","date_enacted_iso":"2026-08-04","current_end_date_iso":"","date_enacted_uncertainty":"exact","duration_days":40,"duration_kind":"fixed_days","sectors":["data_center"],"trigger_categories":["regulatory_gap","grid_energy"],"date_enacted":"2026-08-04, Appling County Board of Commissioners resolution signed by the Chairman and attested by the County Clerk","duration":"40 days from adoption (to about 2026-09-13), unless lifted earlier or regulations adopted; extendable after a public hearing","trigger":"County code, development regulations and zoning do not address data center facilities"}},{"type":"Feature","geometry":{"type":"Point","coordinates":[-83.379471,33.959272]},"properties":{"id":"ga-athens-clarke-county-2025","jurisdiction":"Athens-Clarke County","state":"Georgia","state_abbrev":"GA","jurisdiction_type":"County","enacted_status":"replaced","date_enacted_iso":"2025-12-02","current_end_date_iso":"","date_enacted_uncertainty":"exact","duration_days":null,"duration_kind":"until_date","sectors":["data_center"],"trigger_categories":["regulatory_gap","infrastructure_capacity","environmental","water","land_use_compatibility"],"date_enacted":"2025-12-02","duration":"Initial moratorium through 2026-03-06; extended through 2026-06-05 by Ordinance 26-03-19 (2026-03-03); replaced 2026-04-07","trigger":"Existing zoning did not specifically address data centers; concerns about utilities, contamination, water, and land use"}},{"type":"Feature","geometry":{"type":"Point","coordinates":[-82.070154,33.468546]},"properties":{"id":"ga-augusta-richmond-county-undated","jurisdiction":"Augusta-Richmond County","state":"Georgia","state_abbrev":"GA","jurisdiction_type":"County","enacted_status":"replaced","date_enacted_iso":"2026-06-02","current_end_date_iso":"2026-09-15","date_enacted_uncertainty":"exact","duration_days":49,"duration_kind":"fixed_days","sectors":["data_center"],"trigger_categories":["regulatory_gap"],"date_enacted":"2026-06-02 (Augusta Commission imposed a 49-day pause on new data centers at its Tuesday June 2, 2026 meeting, per same-day WRDW reporting); 2026-07-21 (Commission unanimously extended by 60 days and required three community hearings before any vote on permanent rules)","duration":"Initial 49 days from 2026-06-02; extended 60 days on 2026-07-21 (running to approximately 2026-09-19)","trigger":"Ongoing consideration of a permanent data-center ordinance; extension adds three public hearings before any vote"}},{"type":"Feature","geometry":{"type":"Point","coordinates":[-84.376571,34.338226]},"properties":{"id":"ga-ball-ground-2026","jurisdiction":"Ball Ground","state":"Georgia","state_abbrev":"GA","jurisdiction_type":"City","enacted_status":"active","date_enacted_iso":"2026-08","current_end_date_iso":"","date_enacted_uncertainty":"month_only","duration_days":null,"duration_kind":"unknown","sectors":["data_center"],"trigger_categories":["regulatory_gap"],"date_enacted":"Ball Ground City Council vote in mid-August 2026 (reported 2026-08-17)","duration":"Not stated in accessible sources","trigger":"Give staff time to draft data center regulations, following Cherokee County's moratorium"}},{"type":"Feature","geometry":{"type":"Point","coordinates":[-83.497003,34.33786]},"properties":{"id":"ga-banks-county-2026","jurisdiction":"Banks County","state":"Georgia","state_abbrev":"GA","jurisdiction_type":"County","enacted_status":"extended","date_enacted_iso":"2026-08","current_end_date_iso":"","date_enacted_uncertainty":"month_only","duration_days":null,"duration_kind":"until_date","sectors":["data_center"],"trigger_categories":["regulatory_gap"],"date_enacted":"Banks County Board of Commissioners approved a data center moratorium in August 2026 (reported 2026-08-16); extended at a September 2026 meeting through 2027-03-09","duration":"Initial term not stated in accessible text; extended through 2027-03-09","trigger":"Update county code to address data centers"}},{"type":"Feature","geometry":{"type":"Point","coordinates":[-81.299002,32.132425]},"properties":{"id":"ga-bloomingdale-2026","jurisdiction":"Bloomingdale","state":"Georgia","state_abbrev":"GA","jurisdiction_type":"City","enacted_status":"active","date_enacted_iso":"2026-08-20","current_end_date_iso":"","date_enacted_uncertainty":"exact","duration_days":null,"duration_kind":"until_date","sectors":["data_center"],"trigger_categories":["specific_project","water","grid_energy","regulatory_gap"],"date_enacted":"2026-08-20, Bloomingdale City Council, unanimous (Thursday meeting), Resolution No. 2026-012","duration":"Through 11:59 p.m. on 2027-02-16 (about six months)","trigger":"OpenAI's Project Camellia in neighboring Effingham County; protect residents' access to power and water"}},{"type":"Feature","geometry":{"type":"Point","coordinates":[-83.595839,30.833656]},"properties":{"id":"ga-brooks-county-2026","jurisdiction":"Brooks County","state":"Georgia","state_abbrev":"GA","jurisdiction_type":"County","enacted_status":"extended","date_enacted_iso":"2026-02-02","current_end_date_iso":"2026-12-31","date_enacted_uncertainty":"exact","duration_days":90,"duration_kind":"fixed_days","sectors":["data_center"],"trigger_categories":["regulatory_gap","fire_safety","land_use_compatibility"],"date_enacted":"2026-02-02","duration":"Original 90-day term (to 2026-05-02) extended by Board action (FA040-2026, 2026-05-04); per the July 6, 2026 regular-meeting minutes the moratorium remains in effect until 2026-12-31.","trigger":"County wanted fact-finding time on safety concerns and regulation of data center facilities"}},{"type":"Feature","geometry":{"type":"Point","coordinates":[-81.744832,32.384634]},"properties":{"id":"ga-bulloch-county-2026","jurisdiction":"Bulloch County","state":"Georgia","state_abbrev":"GA","jurisdiction_type":"County","enacted_status":"extended","date_enacted_iso":"2026-02-17","current_end_date_iso":"2026-12-31","date_enacted_uncertainty":"exact","duration_days":90,"duration_kind":"fixed_days","sectors":["data_center"],"trigger_categories":["regulatory_gap"],"date_enacted":"2026-02-17","duration":"Extended to Dec. 31, 2026 (from the original 90-day term) per the May 5, 2026 vote, unless the Board acts sooner.","trigger":"Data centers were not listed as permitted or conditional uses; county sought time to decide whether to prohibit or regulate them"}},{"type":"Feature","geometry":{"type":"Point","coordinates":[-84.614328,31.531178]},"properties":{"id":"ga-calhoun-gordon-county-undated","jurisdiction":"Calhoun (Gordon County)","state":"Georgia","state_abbrev":"GA","jurisdiction_type":"City","enacted_status":"extended","date_enacted_iso":"2026-04-27","current_end_date_iso":"2027-01-25","date_enacted_uncertainty":"exact","duration_days":null,"duration_kind":"until_date","sectors":["data_center"],"trigger_categories":["regulatory_gap"],"date_enacted":"2026-04-27 (Calhoun City Council unanimously passed a 90-day preemptive moratorium resolution at its Monday April 27, 2026 meeting, running through at least July 27); extended six additional months by unanimous (3-0) council vote on 2026-06-08 after a public hearing","duration":"Extended through the second council meeting in January 2027, identified in the minutes as 2027-01-25","trigger":"regulatory_gap"}},{"type":"Feature","geometry":{"type":"Point","coordinates":[-81.622507,30.929821]},"properties":{"id":"ga-camden-county-2026","jurisdiction":"Camden County","state":"Georgia","state_abbrev":"GA","jurisdiction_type":"County","enacted_status":"active","date_enacted_iso":"2026-05-05","current_end_date_iso":"2026-11-01","date_enacted_uncertainty":"exact","duration_days":180,"duration_kind":"fixed_days","sectors":["data_center"],"trigger_categories":["grid_energy","regulatory_gap"],"date_enacted":"May 5, 2026 (Tuesday), per GPB/The Current reporting on the Camden County Board of Commissioners meeting, which is corroborated by the earlier May 2, 2026 article reporting the vote was scheduled for 'Tuesday.'","duration":"6 months","trigger":"Growing statewide concern about energy-hungry data center operations, amid a contemporaneous Kingsland rezone vote"}},{"type":"Feature","geometry":{"type":"Point","coordinates":[-85.064127,33.5588]},"properties":{"id":"ga-carroll-county-2026","jurisdiction":"Carroll County","state":"Georgia","state_abbrev":"GA","jurisdiction_type":"County","enacted_status":"extended","date_enacted_iso":"2026-03-03","current_end_date_iso":"2026-11-12","date_enacted_uncertainty":"exact","duration_days":100,"duration_kind":"fixed_days","sectors":["data_center","battery_storage"],"trigger_categories":["regulatory_gap","infrastructure_capacity","noise","environmental"],"date_enacted":"Board of Commissioners approved a 100-day moratorium on data center and battery energy storage system permits in unincorporated Carroll County at its March 3, 2026 meeting (7-0); extended for another 100 days at the June 3, 2026 meeting (7-0).","duration":"100 days from March 3, 2026 (or until zoning revisions adopted); extended 100 days on June 3, 2026; a third 100-day moratorium approved 7-0 on August 4, 2026, running to approximately 2026-11-12.","trigger":"Significant surge in planning, development, and construction of data centers and battery energy storage facilities nationally and in Georgia; the county's zoning ordinance (from the 1990s) did not contemplate these uses."}},{"type":"Feature","geometry":{"type":"Point","coordinates":[-85.25594,34.012442]},"properties":{"id":"ga-cedartown-2026","jurisdiction":"Cedartown","state":"Georgia","state_abbrev":"GA","jurisdiction_type":"City","enacted_status":"active","date_enacted_iso":"2026-03-23","current_end_date_iso":"","date_enacted_uncertainty":"exact","duration_days":183,"duration_kind":"fixed_days","sectors":["data_center"],"trigger_categories":["regulatory_gap"],"date_enacted":"Cedartown City Commission unanimously approved Resolution 4, 2026 at its March 23, 2026 meeting.","duration":"Six months per the city manager's public statement ahead of the vote.","trigger":"City wanted time to study how other jurisdictions were regulating data centers before adopting its own rules."}},{"type":"Feature","geometry":{"type":"Point","coordinates":[-84.29883,33.892176]},"properties":{"id":"ga-chamblee-2026","jurisdiction":"Chamblee","state":"Georgia","state_abbrev":"GA","jurisdiction_type":"City","enacted_status":"active","date_enacted_iso":"2026-07-21","current_end_date_iso":"","date_enacted_uncertainty":"exact","duration_days":180,"duration_kind":"fixed_days","sectors":["data_center"],"trigger_categories":["regulatory_gap","water","grid_energy","noise","environmental"],"date_enacted":"2026-07-21, Chamblee City Council regular meeting, unanimous","duration":"180 days, through 2027-01-16","trigger":"Review code after DeKalb County rejected proposed data center standards (June 23); energy, water, tree canopy, stormwater, noise concerns"}},{"type":"Feature","geometry":{"type":"Point","coordinates":[-81.062601,31.966889]},"properties":{"id":"ga-chatham-county-2026","jurisdiction":"Chatham County","state":"Georgia","state_abbrev":"GA","jurisdiction_type":"County","enacted_status":"active","date_enacted_iso":"2026-09-11","current_end_date_iso":"","date_enacted_uncertainty":"exact","duration_days":155,"duration_kind":"fixed_days","sectors":["data_center"],"trigger_categories":["specific_project","regulatory_gap","water","grid_energy","land_use_compatibility"],"date_enacted":"2026-09-11, Chatham County Board of Commissioners, unanimous vote at a Friday meeting","duration":"155 days, expiring 2027-02-16; may be extended by up to 60 days","trigger":"OpenAI's $20B Effingham County project; county lacks rules addressing large data centers' electricity, water and residential compatibility"}},{"type":"Feature","geometry":{"type":"Point","coordinates":[-84.472027,34.239126]},"properties":{"id":"ga-cherokee-county-2026","jurisdiction":"Cherokee County","state":"Georgia","state_abbrev":"GA","jurisdiction_type":"County","enacted_status":"extended","date_enacted_iso":"2026-07-22","current_end_date_iso":"2027-02-14","date_enacted_uncertainty":"exact","duration_days":30,"duration_kind":"fixed_days","sectors":["data_center"],"trigger_categories":["regulatory_gap"],"date_enacted":"2026-07-22","duration":"Initial 30 days (adopted 2026-07-21/22); extended by 180 days on 2026-08-18, for a total of about 210 days, running through approximately mid-February 2027 (2027-02-14) unless ended early or extended.","trigger":"Growing statewide concern about data center development; county plans a public hearing to consider a longer extension"}},{"type":"Feature","geometry":{"type":"Point","coordinates":[-84.359171,33.520496]},"properties":{"id":"ga-clayton-county-2025","jurisdiction":"Clayton County","state":"Georgia","state_abbrev":"GA","jurisdiction_type":"County","enacted_status":"extended","date_enacted_iso":"2025-09-03","current_end_date_iso":"2026-12-31","date_enacted_uncertainty":"exact","duration_days":120,"duration_kind":"fixed_days","sectors":["data_center"],"trigger_categories":["specific_project","water","infrastructure_capacity","land_use_compatibility","other"],"date_enacted":"2025-09-03","duration":"120 days, through 2025-12-31; extended a total of three times since September 2025 per county documents cited by WABE (July 24, 2026); still in effect as of that date. Exact current end date not confirmed.","trigger":"Health, safety, water-supply, and resident concerns after recent approvals"}},{"type":"Feature","geometry":{"type":"Point","coordinates":[-84.573201,33.937395]},"properties":{"id":"ga-cobb-county-2026","jurisdiction":"Cobb County","state":"Georgia","state_abbrev":"GA","jurisdiction_type":"County","enacted_status":"extended","date_enacted_iso":"2026-02-24","current_end_date_iso":"2027-02-24","date_enacted_uncertainty":"exact","duration_days":180,"duration_kind":"fixed_days","sectors":["data_center"],"trigger_categories":["infrastructure_capacity"],"date_enacted":"2026-02-24","duration":"Initial 180 days from 2026-02-24; extended another six months by resolution adopted 2026-08-11, expiring 2027-02-24.","trigger":"Surge of metro Atlanta data centers and concern over infrastructure impacts"}},{"type":"Feature","geometry":{"type":"Point","coordinates":[-83.769615,31.18036]},"properties":{"id":"ga-colquitt-county-2026","jurisdiction":"Colquitt County","state":"Georgia","state_abbrev":"GA","jurisdiction_type":"County","enacted_status":"extended","date_enacted_iso":"2026-06-02","current_end_date_iso":"","date_enacted_uncertainty":"exact","duration_days":120,"duration_kind":"fixed_days","sectors":["data_center"],"trigger_categories":["regulatory_gap"],"date_enacted":"2026-06-02, Colquitt County Commission, unanimous (motion by Commissioner Johnny Hardin)","duration":"120 days from 2026-06-02 (to about 2026-10-01); extended another 180 days on 2026-09-01","trigger":"Allow revision of the zoning ordinance to regulate data centers (industrial/light industrial conditional use)"}},{"type":"Feature","geometry":{"type":"Point","coordinates":[-83.859874,33.596601]},"properties":{"id":"ga-covington-2026","jurisdiction":"Covington","state":"Georgia","state_abbrev":"GA","jurisdiction_type":"City","enacted_status":"replaced","date_enacted_iso":"2026-01-05","current_end_date_iso":"","date_enacted_uncertainty":"exact","duration_days":null,"duration_kind":"until_date","sectors":["data_center"],"trigger_categories":["specific_project","regulatory_gap","land_use_compatibility"],"date_enacted":"2026-01-05; ratified 2026-01-20","duration":"Originally until 2026-07-04; extended by council action to Aug. 4, 2026 (per the June 1, 2026 agenda) and again to Oct. 20, 2026 (per the July 6, 2026 agenda), before being superseded by the permanent data center ordinance adopted Aug. 17, 2026.","trigger":"New annexation and development requests; concern that data centers were treated by-right in industrial zones"}},{"type":"Feature","geometry":{"type":"Point","coordinates":[-84.754573,33.350066]},"properties":{"id":"ga-coweta-county-2025","jurisdiction":"Coweta County","state":"Georgia","state_abbrev":"GA","jurisdiction_type":"County","enacted_status":"replaced","date_enacted_iso":"2025-05-06","current_end_date_iso":"","date_enacted_uncertainty":"exact","duration_days":180,"duration_kind":"fixed_days","sectors":["data_center"],"trigger_categories":["specific_project","regulatory_gap","land_use_compatibility"],"date_enacted":"May 6, 2025 (180-day moratorium), per news coverage of the Board of Commissioners meeting (4-1 vote, Chairman Bill McKenzie dissenting).","duration":"180 days, expiring 2025-11-03 (per Coweta County spokesperson statement quoted in GPB 2025-10-22)","trigger":"Project Peach, Project Sail, petitions, and need for countywide standards"}},{"type":"Feature","geometry":{"type":"Point","coordinates":[-84.754573,33.350066]},"properties":{"id":"ga-coweta-county-2026","jurisdiction":"Coweta County","state":"Georgia","state_abbrev":"GA","jurisdiction_type":"County","enacted_status":"active","date_enacted_iso":"2026-06-16","current_end_date_iso":"","date_enacted_uncertainty":"exact","duration_days":180,"duration_kind":"fixed_days","sectors":["data_center"],"trigger_categories":["regulatory_gap","grid_energy"],"date_enacted":"Coweta County Board of Commissioners, unanimous vote at its Tuesday night meeting (2026-06-16) on a 180-day moratorium to review the county's data center ordinance","duration":"180 days (to about 2026-12-13)","trigger":"Review of the county's data center ordinance (on-site power generation, cap on number of data centers) with five data centers already proposed"}},{"type":"Feature","geometry":{"type":"Point","coordinates":[-83.982534,32.721268]},"properties":{"id":"ga-crawford-county-2026","jurisdiction":"Crawford County","state":"Georgia","state_abbrev":"GA","jurisdiction_type":"County","enacted_status":"extended","date_enacted_iso":"2026-01-06","current_end_date_iso":"","date_enacted_uncertainty":"exact","duration_days":180,"duration_kind":"fixed_days","sectors":["data_center"],"trigger_categories":["regulatory_gap","environmental"],"date_enacted":"2026-01-06, Crawford County Board of Commissioners, unanimous (after Planning & Zoning vote 2025-12-18); extended 5-0 on 2026-05-21 to 2026-10-01","duration":"180 days (to about 2026-07-05); extended on 2026-05-21 to 2026-10-01","trigger":"Conduct impact and health studies and draft ordinances"}},{"type":"Feature","geometry":{"type":"Point","coordinates":[-84.218651,33.757561]},"properties":{"id":"ga-dekalb-county-2025","jurisdiction":"DeKalb County","state":"Georgia","state_abbrev":"GA","jurisdiction_type":"County","enacted_status":"extended","date_enacted_iso":"2025-06-25","current_end_date_iso":"2027-03-30","date_enacted_uncertainty":"exact","duration_days":100,"duration_kind":"fixed_days","sectors":["data_center"],"trigger_categories":["specific_project","regulatory_gap","environmental","noise","water","infrastructure_capacity","grid_energy"],"date_enacted":"2025-06-25","duration":"Initial 100 days; extended multiple times, including June 9, 2026 (100 days, to Sept. 30, 2026) and July 7, 2026 (to March 30, 2027, per Board resolution).","trigger":"Public health, diesel emissions, water, stormwater, noise, and ratepayer concerns"}},{"type":"Feature","geometry":{"type":"Point","coordinates":[-84.574095,30.873661]},"properties":{"id":"ga-decatur-county-2026","jurisdiction":"Decatur County","state":"Georgia","state_abbrev":"GA","jurisdiction_type":"County","enacted_status":"active","date_enacted_iso":"2026-04-14","current_end_date_iso":"","date_enacted_uncertainty":"exact","duration_days":null,"duration_kind":"indefinite","sectors":["data_center"],"trigger_categories":["regulatory_gap","other"],"date_enacted":"2026-04-14","duration":"Indefinite","trigger":"Proactive planning before possible future projects"}},{"type":"Feature","geometry":{"type":"Point","coordinates":[-84.196083,31.542698]},"properties":{"id":"ga-dougherty-county-2026","jurisdiction":"Dougherty County","state":"Georgia","state_abbrev":"GA","jurisdiction_type":"County","enacted_status":"extended","date_enacted_iso":"2026-07-20","current_end_date_iso":"2027-02-27","date_enacted_uncertainty":"exact","duration_days":45,"duration_kind":"fixed_days","sectors":["data_center"],"trigger_categories":["regulatory_gap"],"date_enacted":"2026-07-20","duration":"Initial 45 days from 2026-07-20; extended up to 180 days by resolution at a special called meeting 2026-08-31, through 2027-02-27 unless ended sooner or new zoning regulations become effective.","trigger":"Growing statewide concern about data center development"}},{"type":"Feature","geometry":{"type":"Point","coordinates":[-84.762297,33.699556]},"properties":{"id":"ga-douglas-county-2025","jurisdiction":"Douglas County","state":"Georgia","state_abbrev":"GA","jurisdiction_type":"County","enacted_status":"expired","date_enacted_iso":"2025-03-18","current_end_date_iso":"","date_enacted_uncertainty":"exact","duration_days":90,"duration_kind":"fixed_days","sectors":["data_center"],"trigger_categories":["specific_project","regulatory_gap","land_use_compatibility"],"date_enacted":"March 18, 2025 (Resolution No. 25-116)","duration":"Up to 90 days","trigger":"Proposal pipeline and need to update comprehensive plan and unified development code"}},{"type":"Feature","geometry":{"type":"Point","coordinates":[-84.439372,33.679553]},"properties":{"id":"ga-east-point-fulton-county-undated","jurisdiction":"East Point (Fulton County)","state":"Georgia","state_abbrev":"GA","jurisdiction_type":"City","enacted_status":"extended","date_enacted_iso":"","current_end_date_iso":"","date_enacted_uncertainty":"unverified","duration_days":90,"duration_kind":"fixed_days","sectors":["data_center"],"trigger_categories":["regulatory_gap"],"date_enacted":"Original enactment date not confirmed in this pass; City Council extended an existing moratorium by three months on 2026-06-15","duration":"Extended three months (approximately 90 days) by voice vote","trigger":"regulatory_gap"}},{"type":"Feature","geometry":{"type":"Point","coordinates":[-84.454926,33.448726]},"properties":{"id":"ga-fayetteville-2026","jurisdiction":"Fayetteville","state":"Georgia","state_abbrev":"GA","jurisdiction_type":"City","enacted_status":"replaced","date_enacted_iso":"2026-01-29","current_end_date_iso":"","date_enacted_uncertainty":"exact","duration_days":90,"duration_kind":"fixed_days","sectors":["data_center"],"trigger_categories":["specific_project","regulatory_gap","land_use_compatibility"],"date_enacted":"2026-01-29","duration":"90 days","trigger":"Applications for annexation, rezoning, variances, and conceptual site plans for data centers"}},{"type":"Feature","geometry":{"type":"Point","coordinates":[-85.222925,34.242198]},"properties":{"id":"ga-floyd-county-2026","jurisdiction":"Floyd County","state":"Georgia","state_abbrev":"GA","jurisdiction_type":"County","enacted_status":"replaced","date_enacted_iso":"2026-06-09","current_end_date_iso":"2026-08-28","date_enacted_uncertainty":"exact","duration_days":80,"duration_kind":"fixed_days","sectors":["data_center"],"trigger_categories":["regulatory_gap"],"date_enacted":"2026-06-09","duration":"80 days","trigger":"Allow work on an ordinance and a process requiring a public hearing for each future data center proposal"}},{"type":"Feature","geometry":{"type":"Point","coordinates":[-84.369092,33.622054]},"properties":{"id":"ga-forest-park-2026","jurisdiction":"Forest Park","state":"Georgia","state_abbrev":"GA","jurisdiction_type":"City","enacted_status":"active","date_enacted_iso":"2026-08-31","current_end_date_iso":"","date_enacted_uncertainty":"exact","duration_days":90,"duration_kind":"fixed_days","sectors":["data_center"],"trigger_categories":["regulatory_gap"],"date_enacted":"2026-08-31, Forest Park City Council special called meeting (Monday)","duration":"90 days (to about 2026-11-29)","trigger":"Time to draft zoning changes; Digital Realty campus at former Fort Gillem already approved in the city"}},{"type":"Feature","geometry":{"type":"Point","coordinates":[-83.210722,34.367835]},"properties":{"id":"ga-franklin-county-2026","jurisdiction":"Franklin County","state":"Georgia","state_abbrev":"GA","jurisdiction_type":"County","enacted_status":"active","date_enacted_iso":"2026-07-06","current_end_date_iso":"","date_enacted_uncertainty":"exact","duration_days":null,"duration_kind":"until_date","sectors":["data_center"],"trigger_categories":["regulatory_gap","agricultural_preservation"],"date_enacted":"2026-07-06, Franklin County Board of Commissioners, unanimous (Commissioner Pulliam and Chair Long absent), following a June 30 work session","duration":"Until 2026-12-08 (shortened from a proposed six months on counsel's advice)","trigger":"No county regulations for data centers; commissioners concerned about farmland; county attorney recommended a temporary moratorium while permanent regulations are drafted"}},{"type":"Feature","geometry":{"type":"Point","coordinates":[-81.154001,32.114371]},"properties":{"id":"ga-garden-city-chatham-county-2026","jurisdiction":"Garden City (Chatham County)","state":"Georgia","state_abbrev":"GA","jurisdiction_type":"City","enacted_status":"active","date_enacted_iso":"2026-06-15","current_end_date_iso":"","date_enacted_uncertainty":"exact","duration_days":180,"duration_kind":"fixed_days","sectors":["data_center","cryptocurrency_mining"],"trigger_categories":["regulatory_gap"],"date_enacted":"2026-06-15","duration":"6 months, effective immediately","trigger":"regulatory_gap"}},{"type":"Feature","geometry":{"type":"Point","coordinates":[-84.898631,34.501965]},"properties":{"id":"ga-gordon-county-undated","jurisdiction":"Gordon County","state":"Georgia","state_abbrev":"GA","jurisdiction_type":"County","enacted_status":"extended","date_enacted_iso":"2026-02-03","current_end_date_iso":"2027-01-29","date_enacted_uncertainty":"exact","duration_days":null,"duration_kind":"until_date","sectors":["data_center"],"trigger_categories":["regulatory_gap"],"date_enacted":"2026-02-03 (Gordon County Board of Commissioners voted unanimously to place a moratorium on construction of data centers while updating the ULDC); extended through 2027-01-29 by resolution at the 2026-07-07 regular meeting","duration":"Extended through 2027-01-29","trigger":"regulatory_gap"}},{"type":"Feature","geometry":{"type":"Point","coordinates":[-84.26409,33.246781]},"properties":{"id":"ga-griffin-2026","jurisdiction":"Griffin","state":"Georgia","state_abbrev":"GA","jurisdiction_type":"City","enacted_status":"replaced","date_enacted_iso":"2026-01-13","current_end_date_iso":"","date_enacted_uncertainty":"exact","duration_days":180,"duration_kind":"fixed_days","sectors":["data_center","cryptocurrency_mining"],"trigger_categories":["regulatory_gap","infrastructure_capacity","noise","water","grid_energy"],"date_enacted":"2026-01-13","duration":"180 days","trigger":"Unified development code did not specifically allow technological facilities, including data centers and crypto mining"}},{"type":"Feature","geometry":{"type":"Point","coordinates":[-83.819403,34.29059]},"properties":{"id":"ga-hall-county-2026","jurisdiction":"Hall County","state":"Georgia","state_abbrev":"GA","jurisdiction_type":"County","enacted_status":"extended","date_enacted_iso":"2026-02-26","current_end_date_iso":"2027-02-23","date_enacted_uncertainty":"exact","duration_days":180,"duration_kind":"fixed_days","sectors":["data_center"],"trigger_categories":["regulatory_gap","infrastructure_capacity","environmental"],"date_enacted":"2026-02-26","duration":"180 days from 2026-02-26; extended another 180 days by 5-0 vote on 2026-08-27, running until 2027-02-23.","trigger":"Infrastructure, sewer, environmental, and development-code concerns after federal detention-facility activity"}},{"type":"Feature","geometry":{"type":"Point","coordinates":[-82.950328,34.341053]},"properties":{"id":"ga-hart-county-2026","jurisdiction":"Hart County","state":"Georgia","state_abbrev":"GA","jurisdiction_type":"County","enacted_status":"active","date_enacted_iso":"2026-05-26","current_end_date_iso":"","date_enacted_uncertainty":"exact","duration_days":180,"duration_kind":"fixed_days","sectors":["data_center"],"trigger_categories":["regulatory_gap"],"date_enacted":"2026-05-26","duration":"180 days","trigger":"regulatory_gap"}},{"type":"Feature","geometry":{"type":"Point","coordinates":[-84.914936,33.173177]},"properties":{"id":"ga-hogansville-2026","jurisdiction":"Hogansville","state":"Georgia","state_abbrev":"GA","jurisdiction_type":"City","enacted_status":"extended","date_enacted_iso":"2026-02","current_end_date_iso":"","date_enacted_uncertainty":"unverified","duration_days":null,"duration_kind":"until_date","sectors":["data_center"],"trigger_categories":["regulatory_gap","specific_project"],"date_enacted":"Existing city moratorium on data center applications (original adoption date not confirmed; Ledger-Enquirer table lists 2026-02); extended 90 days on 2026-05-04, 30 days on 2026-07-20, and to 2026-09-08 on 2026-08-17","duration":"Series of short extensions: 90 days (May 4), 30 days from Aug 2 (July 20), to the Sept 8, 2026 council meeting (Aug 17)","trigger":"UDO amendment creating a Heavy Industrial district and data center standards under revision; proposed Hightower Road data center"}},{"type":"Feature","geometry":{"type":"Point","coordinates":[-83.556672,33.013767]},"properties":{"id":"ga-jones-county-2025","jurisdiction":"Jones County","state":"Georgia","state_abbrev":"GA","jurisdiction_type":"County","enacted_status":"replaced","date_enacted_iso":"2025-09-16","current_end_date_iso":"","date_enacted_uncertainty":"unverified","duration_days":90,"duration_kind":"fixed_days","sectors":["data_center","cryptocurrency_mining"],"trigger_categories":["specific_project","regulatory_gap","legal_or_litigation","land_use_compatibility"],"date_enacted":"2025-09-16 zoning amendments (subsequently rescinded after notice defects). The county's own account (reported by The Jones County News, a local outlet, citing county officials) states commissioners 'initially approved a moratorium on data centers in October of 2025' to allow further research before adopting permanent zoning language; that moratorium/work-session period concluded with the unanimous adoption of a permanent M-2 Data Center text amendment at a called meeting on January 16, 2026.","duration":"The October 2025 moratorium/work-session period ran until the Board adopted a permanent text amendment (rather than a further dated moratorium) at a called meeting on January 16, 2026, unanimously (5-0).","trigger":"Legal notice defects under Georgia zoning procedure law and project-pressure concerns"}},{"type":"Feature","geometry":{"type":"Point","coordinates":[-81.689826,30.799956]},"properties":{"id":"ga-kingsland-camden-county-2026","jurisdiction":"Kingsland (Camden County)","state":"Georgia","state_abbrev":"GA","jurisdiction_type":"City","enacted_status":"active","date_enacted_iso":"2026-05-11","current_end_date_iso":"","date_enacted_uncertainty":"exact","duration_days":365,"duration_kind":"fixed_days","sectors":["data_center"],"trigger_categories":["regulatory_gap"],"date_enacted":"2026-05-11","duration":"365 days","trigger":"Support additional outreach, public input, legal review, and development of a comprehensive ordinance"}},{"type":"Feature","geometry":{"type":"Point","coordinates":[-85.031327,33.039291]},"properties":{"id":"ga-lagrange-2025","jurisdiction":"LaGrange","state":"Georgia","state_abbrev":"GA","jurisdiction_type":"City","enacted_status":"replaced","date_enacted_iso":"2025-09-23","current_end_date_iso":"","date_enacted_uncertainty":"exact","duration_days":180,"duration_kind":"fixed_days","sectors":["data_center"],"trigger_categories":["regulatory_gap","noise","property_values","land_use_compatibility"],"date_enacted":"2025-09-23","duration":"180 days","trigger":"Need to review zoning, noise, and property-impact rules"}},{"type":"Feature","geometry":{"type":"Point","coordinates":[-84.144595,33.06494]},"properties":{"id":"ga-lamar-county-2025","jurisdiction":"Lamar County","state":"Georgia","state_abbrev":"GA","jurisdiction_type":"County","enacted_status":"extended","date_enacted_iso":"2025-09-16","current_end_date_iso":"","date_enacted_uncertainty":"exact","duration_days":null,"duration_kind":"unknown","sectors":["data_center"],"trigger_categories":["specific_project","regulatory_gap","land_use_compatibility"],"date_enacted":"2025-09-16 (Resolution 2025-18, Moratorium on Commercial and Manufacturing Development), per Lamar County Board of Commissioners regular business meeting minutes.","duration":"180 days (Resolution 2025-18), with an internal staff goal of completing the underlying code rewrite within 90 days; subsequently extended as to data centers specifically by Resolution 26-03 (on or about 2026-03-17).","trigger":"Industrial and commercial zoning needed updating; county learned AWS bought about 985 acres for about $270 million"}},{"type":"Feature","geometry":{"type":"Point","coordinates":[-84.134621,31.762016]},"properties":{"id":"ga-lee-county-undated","jurisdiction":"Lee County","state":"Georgia","state_abbrev":"GA","jurisdiction_type":"County","enacted_status":"extended","date_enacted_iso":"","current_end_date_iso":"2026-12-31","date_enacted_uncertainty":"unverified","duration_days":null,"duration_kind":"until_date","sectors":["data_center"],"trigger_categories":["regulatory_gap"],"date_enacted":"Original enactment date not confirmed in this pass; resolution adopted 2026-06-09 extends the moratorium from 2026-07-30 through 2026-12-31","duration":"Extended through 2026-12-31","trigger":"regulatory_gap"}},{"type":"Feature","geometry":{"type":"Point","coordinates":[-83.262826,30.819562]},"properties":{"id":"ga-lowndes-county-2026","jurisdiction":"Lowndes County","state":"Georgia","state_abbrev":"GA","jurisdiction_type":"County","enacted_status":"active","date_enacted_iso":"2026-08-25","current_end_date_iso":"","date_enacted_uncertainty":"exact","duration_days":60,"duration_kind":"fixed_days","sectors":["data_center"],"trigger_categories":["regulatory_gap"],"date_enacted":"2026-08-25, Lowndes County Board of Commissioners regular session (Tuesday)","duration":"60 days (to about 2026-10-24)","trigger":"County drafting a comprehensive data center ordinance; organized resident opposition (Lowndes Citizens Against Data Centers)"}},{"type":"Feature","geometry":{"type":"Point","coordinates":[-83.181741,34.130753]},"properties":{"id":"ga-madison-county-2026","jurisdiction":"Madison County","state":"Georgia","state_abbrev":"GA","jurisdiction_type":"County","enacted_status":"extended","date_enacted_iso":"2026-08","current_end_date_iso":"","date_enacted_uncertainty":"month_only","duration_days":null,"duration_kind":"unknown","sectors":["data_center"],"trigger_categories":["regulatory_gap"],"date_enacted":"Board of Commissioners approved a 30-day moratorium in early August 2026 (meeting reported 2026-08-04), then adopted a longer (about 180-day) moratorium at its 2026-08-31 meeting","duration":"30 days (early August 2026), then about 180 days from 2026-08-31","trigger":"County needs time to amend development codes, subdivision regulations or zoning for data centers; statewide concern"}},{"type":"Feature","geometry":{"type":"Point","coordinates":[-84.549615,33.952847]},"properties":{"id":"ga-marietta-2026","jurisdiction":"Marietta","state":"Georgia","state_abbrev":"GA","jurisdiction_type":"City","enacted_status":"active","date_enacted_iso":"2026-07","current_end_date_iso":"2026-12-31","date_enacted_uncertainty":"month_only","duration_days":null,"duration_kind":"until_date","sectors":["data_center"],"trigger_categories":["land_use_compatibility","regulatory_gap"],"date_enacted":"On or about 2026-07-08 (reported in a 2026-07-11 article); exact council meeting date not independently confirmed","duration":"6 months, through December 31, 2026","trigger":"Concurrent consideration of a data center proposal near Delk Road and a recently approved center on Bells Ferry Road"}},{"type":"Feature","geometry":{"type":"Point","coordinates":[-83.561555,34.252884]},"properties":{"id":"ga-maysville-2026","jurisdiction":"Maysville","state":"Georgia","state_abbrev":"GA","jurisdiction_type":"City","enacted_status":"active","date_enacted_iso":"2026-07","current_end_date_iso":"","date_enacted_uncertainty":"month_only","duration_days":180,"duration_kind":"fixed_days","sectors":["data_center"],"trigger_categories":["regulatory_gap"],"date_enacted":"Maysville City Council special meeting in July 2026 (reported 2026-07-20)","duration":"180 days","trigger":"Update the city's land use code"}},{"type":"Feature","geometry":{"type":"Point","coordinates":[-84.67178,33.037358]},"properties":{"id":"ga-meriwether-county-2026","jurisdiction":"Meriwether County","state":"Georgia","state_abbrev":"GA","jurisdiction_type":"County","enacted_status":"extended","date_enacted_iso":"2026-02-24","current_end_date_iso":"","date_enacted_uncertainty":"exact","duration_days":null,"duration_kind":"until_date","sectors":["data_center"],"trigger_categories":["infrastructure_capacity","water","grid_energy","fire_safety","regulatory_gap"],"date_enacted":"2026-02-24, Meriwether County Commission, unanimous; extended 2026-07-28 (unanimous)","duration":"Original term to 2026-08-23; extended 90 days on 2026-07-28 through 2026-11-21","trigger":"Determine whether water supply, power distribution and fire protection can support data centers; draft ordinance"}},{"type":"Feature","geometry":{"type":"Point","coordinates":[-84.269374,34.1134]},"properties":{"id":"ga-milton-fulton-county-2026","jurisdiction":"Milton (Fulton County)","state":"Georgia","state_abbrev":"GA","jurisdiction_type":"City","enacted_status":"extended","date_enacted_iso":"2026-06-15","current_end_date_iso":"2027-01-16","date_enacted_uncertainty":"exact","duration_days":180,"duration_kind":"fixed_days","sectors":["data_center"],"trigger_categories":["regulatory_gap"],"date_enacted":"2026-06-15","duration":"Initial 30-day moratorium enacted 2026-06-15; bridged by a short housekeeping extension on 2026-07-06; extended for up to 180 days via Agenda Item 26-208 on 2026-07-20, expected to run through January 2027 unless council lifts it sooner","trigger":"regulatory_gap"}},{"type":"Feature","geometry":{"type":"Point","coordinates":[-83.904416,33.014234]},"properties":{"id":"ga-monroe-county-2025","jurisdiction":"Monroe County","state":"Georgia","state_abbrev":"GA","jurisdiction_type":"County","enacted_status":"replaced","date_enacted_iso":"2025-12-02","current_end_date_iso":"","date_enacted_uncertainty":"exact","duration_days":null,"duration_kind":"until_date","sectors":["data_center"],"trigger_categories":["specific_project","regulatory_gap","noise","water","land_use_compatibility"],"date_enacted":"Originally adopted by majority vote at 2025-12-02 regular meeting; documented by resolution adopted 4-1 on 2025-12-16 (Commissioner Davis opposed)","duration":"Ran from the December 2025 adoption through the Board's consideration of a permanent Unified Development Ordinance (UDO) amendment; the amendment was tabled at the March 3, 2026 meeting for further revision and ultimately adopted at the April 7, 2026 meeting.","trigger":"Community backlash to hyperscale proposals (Forsyth Technology Campus) and prior approvals"}},{"type":"Feature","geometry":{"type":"Point","coordinates":[-83.84461,33.571551]},"properties":{"id":"ga-newton-county-2026","jurisdiction":"Newton County","state":"Georgia","state_abbrev":"GA","jurisdiction_type":"County","enacted_status":"extended","date_enacted_iso":"2026-02-17","current_end_date_iso":"2026-10-07","date_enacted_uncertainty":"exact","duration_days":null,"duration_kind":"until_date","sectors":["data_center"],"trigger_categories":["regulatory_gap","land_use_compatibility"],"date_enacted":"2026-02-17","duration":"Initial emergency moratorium to 2026-03-18; revised to 2026-04-08; extended to 2026-10-07","trigger":"Increased interest in data center siting and inadequate existing ordinances"}},{"type":"Feature","geometry":{"type":"Point","coordinates":[-83.104938,33.870268]},"properties":{"id":"ga-oglethorpe-county-2026","jurisdiction":"Oglethorpe County","state":"Georgia","state_abbrev":"GA","jurisdiction_type":"County","enacted_status":"replaced","date_enacted_iso":"2026-07-06","current_end_date_iso":"","date_enacted_uncertainty":"unverified","duration_days":90,"duration_kind":"fixed_days","sectors":["data_center"],"trigger_categories":["regulatory_gap","noise","water"],"date_enacted":"Oglethorpe County Board of Commissioners, unanimous vote at a Monday meeting reported 2026-07-09 (2026-07-06)","duration":"90 days","trigger":"Draft an ordinance restricting noise, water use and proximity to homes; bitcoin mining also discussed"}},{"type":"Feature","geometry":{"type":"Point","coordinates":[-84.856916,33.890853]},"properties":{"id":"ga-paulding-county-2026","jurisdiction":"Paulding County","state":"Georgia","state_abbrev":"GA","jurisdiction_type":"County","enacted_status":"active","date_enacted_iso":"2026-07-28","current_end_date_iso":"","date_enacted_uncertainty":"exact","duration_days":null,"duration_kind":"until_date","sectors":["data_center"],"trigger_categories":["regulatory_gap","fire_safety"],"date_enacted":"2026-07-28","duration":"Until January 1, 2027","trigger":"County wants to update development codes and evaluate safety guidelines before further data-center approvals"}},{"type":"Feature","geometry":{"type":"Point","coordinates":[-84.396948,33.081484]},"properties":{"id":"ga-pike-county-2025","jurisdiction":"Pike County","state":"Georgia","state_abbrev":"GA","jurisdiction_type":"County","enacted_status":"replaced","date_enacted_iso":"2025-09","current_end_date_iso":"","date_enacted_uncertainty":"unverified","duration_days":null,"duration_kind":"unknown","sectors":["data_center"],"trigger_categories":["regulatory_gap"],"date_enacted":"2025-09 [VERIFY exact date \u2014 GPB 2025-10-22 quotes Pike County Commissioner James Jenkins on the September 2025 motion but does not give an exact date]","duration":"The September 2025 Board action was an informal supportive motion, not a fixed-term moratorium instrument; it was superseded by a permanent Unified Development Code text amendment adding data center regulations and requirements, which received a first reading and, per the Board's signed minutes, a second reading approved 5-0 at the Dec. 10, 2025 regular meeting.","trigger":"County sought better understanding of how to accommodate data centers"}},{"type":"Feature","geometry":{"type":"Point","coordinates":[-85.156747,33.998158]},"properties":{"id":"ga-polk-county-2026","jurisdiction":"Polk County","state":"Georgia","state_abbrev":"GA","jurisdiction_type":"County","enacted_status":"replaced","date_enacted_iso":"2026-03-03","current_end_date_iso":"","date_enacted_uncertainty":"exact","duration_days":60,"duration_kind":"fixed_days","sectors":["data_center"],"trigger_categories":["regulatory_gap","land_use_compatibility"],"date_enacted":"2026-03-03","duration":"60 days from March 3, 2026; extended to June 2, 2026 (April 28, 2026 vote, 3-2 with abstentions); replaced by permanent zoning text amendment TA26-02, adopted unanimously June 2, 2026.","trigger":"County wanted to strengthen its zoning ordinance while regulating future data centers"}},{"type":"Feature","geometry":{"type":"Point","coordinates":[-83.341417,33.32315]},"properties":{"id":"ga-putnam-county-2026","jurisdiction":"Putnam County","state":"Georgia","state_abbrev":"GA","jurisdiction_type":"County","enacted_status":"active","date_enacted_iso":"2026-08-18","current_end_date_iso":"","date_enacted_uncertainty":"unverified","duration_days":90,"duration_kind":"fixed_days","sectors":["data_center","battery_storage","solar"],"trigger_categories":["regulatory_gap","water","agricultural_preservation"],"date_enacted":"Putnam County Board of Commissioners approved an amended three-month moratorium effective 2026-08-18 (3-1 vote, Hersey opposed, Wooten absent)","duration":"Three months from 2026-08-18 (to about 2026-11-18)","trigger":"Need to study and adopt regulations for data centers, solar and battery storage; public concern for Lake Sinclair and water resources"}},{"type":"Feature","geometry":{"type":"Point","coordinates":[-84.032206,33.643028]},"properties":{"id":"ga-rockdale-county-undated","jurisdiction":"Rockdale County","state":"Georgia","state_abbrev":"GA","jurisdiction_type":"County","enacted_status":"extended","date_enacted_iso":"2026-01-13","current_end_date_iso":"2026-10-01","date_enacted_uncertainty":"exact","duration_days":null,"duration_kind":"until_date","sectors":["data_center","battery_storage"],"trigger_categories":["regulatory_gap"],"date_enacted":"2026-01-13 (Board of Commissioners adopted Resolution No. 2026-01, a moratorium on data centers and battery energy storage systems); extended 2026-05-12 to 2026-09-08; extended again 2026-08-25 to 2026-10-01 by Resolution R-2026-24","duration":"Resolution 2026-01 (2026-01-13); extended 2026-05-12 through 2026-09-08; amended by R-2026-24 (2026-08-25) to run through 2026-10-01, the intended effective date of the new Unified Development Ordinance.","trigger":"Allow more time for public input and ordinance revisions"}},{"type":"Feature","geometry":{"type":"Point","coordinates":[-84.360022,34.02332]},"properties":{"id":"ga-roswell-2026","jurisdiction":"Roswell","state":"Georgia","state_abbrev":"GA","jurisdiction_type":"City","enacted_status":"expired","date_enacted_iso":"2026-01-12","current_end_date_iso":"2026-09-20","date_enacted_uncertainty":"exact","duration_days":90,"duration_kind":"fixed_days","sectors":["data_center"],"trigger_categories":["regulatory_gap","infrastructure_capacity","environmental","water","land_use_compatibility"],"date_enacted":"2026-01-12","duration":"90 days initially (through 2026-04-12); extended 95 days on 2026-03-23 (through 2026-06-26); extended again 90 days on 2026-06-22 (through 2026-09-20).","trigger":"New council concerns about land-use fit, utility demand, environmental effects, and Chattahoochee watershed impacts"}},{"type":"Feature","geometry":{"type":"Point","coordinates":[-81.092134,32.079007]},"properties":{"id":"ga-savannah-2026","jurisdiction":"Savannah","state":"Georgia","state_abbrev":"GA","jurisdiction_type":"City","enacted_status":"active","date_enacted_iso":"2026-08-27","current_end_date_iso":"","date_enacted_uncertainty":"exact","duration_days":155,"duration_kind":"fixed_days","sectors":["data_center"],"trigger_categories":["specific_project","regulatory_gap","water","grid_energy","noise"],"date_enacted":"2026-08-27, Savannah City Council vote (Thursday meeting) adopting a temporary moratorium ordinance","duration":"155 days from adoption (to about 2027-01-29)","trigger":"OpenAI's announced 3.2 GW 'Project Camellia' campus in neighboring Effingham County and growing interest from data center companies; need to study noise, water, neighborhood and grid impacts"}},{"type":"Feature","geometry":{"type":"Point","coordinates":[-83.718639,33.656387]},"properties":{"id":"ga-social-circle-2025","jurisdiction":"Social Circle","state":"Georgia","state_abbrev":"GA","jurisdiction_type":"City","enacted_status":"replaced","date_enacted_iso":"2025-09","current_end_date_iso":"","date_enacted_uncertainty":"unverified","duration_days":90,"duration_kind":"fixed_days","sectors":["data_center"],"trigger_categories":["specific_project","regulatory_gap","land_use_compatibility","noise"],"date_enacted":"2025-09 [VERIFY exact date \u2014 Covington News reporting (URL no longer accessible 2026-04-29) referenced 90-day initial moratorium; primary council minutes not retrieved in this pass]","duration":"Initial 90 days; extended an additional 90 days, then replaced by permanent ordinance","trigger":"Surge of annexation, rezoning, and special-use permit requests"}},{"type":"Feature","geometry":{"type":"Point","coordinates":[-84.671229,33.590266]},"properties":{"id":"ga-south-fulton-undated","jurisdiction":"South Fulton","state":"Georgia","state_abbrev":"GA","jurisdiction_type":"City","enacted_status":"extended","date_enacted_iso":"2025-12-09","current_end_date_iso":"2026-09-09","date_enacted_uncertainty":"exact","duration_days":null,"duration_kind":"until_date","sectors":["data_center"],"trigger_categories":["regulatory_gap"],"date_enacted":"2025-12-09 (City Council instituted a six-month moratorium, Resolution RES2025-094); extended to 2026-09-09 by Resolution RES2026-043 adopted 2026-05-12","duration":"Extended through 2026-09-09 via Resolution RES2026-043","trigger":"Continued development of city standards for data centers and large-scale data storage"}},{"type":"Feature","geometry":{"type":"Point","coordinates":[-83.297646,34.55119]},"properties":{"id":"ga-stephens-county-undated","jurisdiction":"Stephens County","state":"Georgia","state_abbrev":"GA","jurisdiction_type":"County","enacted_status":"extended","date_enacted_iso":"2026-04-14","current_end_date_iso":"2026-10-14","date_enacted_uncertainty":"exact","duration_days":null,"duration_kind":"until_date","sectors":["data_center"],"trigger_categories":["regulatory_gap"],"date_enacted":"Adopted April 14, 2026 by unanimous Board of Commissioners vote (Resolution for a moratorium barring the acceptance of land use applications for data centers; per the county's signed April 14, 2026 meeting minutes, approved April 28, 2026). Extended through 2026-10-14 by a unanimous vote at the May 26, 2026 meeting (moved the expiration from July 14, 2026 to Oct. 14, 2026).","duration":"Extended through 2026-10-14","trigger":"regulatory_gap"}},{"type":"Feature","geometry":{"type":"Point","coordinates":[-84.441023,31.7616]},"properties":{"id":"ga-terrell-county-2026","jurisdiction":"Terrell County","state":"Georgia","state_abbrev":"GA","jurisdiction_type":"County","enacted_status":"active","date_enacted_iso":"2026-07","current_end_date_iso":"","date_enacted_uncertainty":"month_only","duration_days":180,"duration_kind":"fixed_days","sectors":["data_center"],"trigger_categories":["regulatory_gap"],"date_enacted":"Terrell County Board of Commissioners, unanimous vote on a Tuesday meeting reported 2026-07-09 (likely 2026-07-07)","duration":"Six months, with option to extend","trigger":"Develop zoning regulations before any proposal; neighboring Lee County's moratorium cited"}},{"type":"Feature","geometry":{"type":"Point","coordinates":[-83.946058,30.866862]},"properties":{"id":"ga-thomas-county-2026","jurisdiction":"Thomas County","state":"Georgia","state_abbrev":"GA","jurisdiction_type":"County","enacted_status":"active","date_enacted_iso":"2026-01-20","current_end_date_iso":"","date_enacted_uncertainty":"exact","duration_days":365,"duration_kind":"fixed_days","sectors":["data_center"],"trigger_categories":["regulatory_gap","infrastructure_capacity","grid_energy","land_use_compatibility","other"],"date_enacted":"2026-01-20","duration":"12 months","trigger":"Proactive planning; lack of information on electricity, jobs, community effects, and resident utility-bill exposure"}},{"type":"Feature","geometry":{"type":"Point","coordinates":[-83.332881,34.577437]},"properties":{"id":"ga-toccoa-2026","jurisdiction":"Toccoa","state":"Georgia","state_abbrev":"GA","jurisdiction_type":"City","enacted_status":"active","date_enacted_iso":"2026-07-27","current_end_date_iso":"","date_enacted_uncertainty":"exact","duration_days":null,"duration_kind":"until_date","sectors":["data_center"],"trigger_categories":["regulatory_gap","noise","water"],"date_enacted":"2026-07-27, Toccoa City Commission, unanimous (Monday meeting)","duration":"Until 2027-01-11 (about 168 days)","trigger":"Time to research and draft a data center ordinance (size, lighting, traffic, noise, water)"}},{"type":"Feature","geometry":{"type":"Point","coordinates":[-85.025402,33.023762]},"properties":{"id":"ga-troup-county-2025","jurisdiction":"Troup County","state":"Georgia","state_abbrev":"GA","jurisdiction_type":"County","enacted_status":"replaced","date_enacted_iso":"2025-09-16","current_end_date_iso":"","date_enacted_uncertainty":"exact","duration_days":90,"duration_kind":"fixed_days","sectors":["data_center"],"trigger_categories":["specific_project","infrastructure_capacity","water","grid_energy","land_use_compatibility"],"date_enacted":"2025-09-16","duration":"90 days from 2025-09-16, extended 90 days on 2025-12-02 (to 2026-03-16), and extended a further 90 days on 2026-02-17 (to 2026-06-14), per the county's official public notice.","trigger":"Project West and broader power, water, and land-use concerns"}},{"type":"Feature","geometry":{"type":"Point","coordinates":[-85.320969,34.741861]},"properties":{"id":"ga-walker-county-2026","jurisdiction":"Walker County","state":"Georgia","state_abbrev":"GA","jurisdiction_type":"County","enacted_status":"extended","date_enacted_iso":"2026-07-09","current_end_date_iso":"2027-02-02","date_enacted_uncertainty":"exact","duration_days":30,"duration_kind":"fixed_days","sectors":["data_center"],"trigger_categories":["regulatory_gap"],"date_enacted":"2026-07-09","duration":"Original 30 days (2026-07-09 to approximately 2026-08-08); the Board of Commissioners voted unanimously on Aug. 6, 2026 to extend the moratorium 180 days, through Feb. 2, 2027, and to establish a Data Center Development Standards Study Committee, which the Board asked to complete its work by Dec. 4, 2026.","trigger":"regulatory_gap"}},{"type":"Feature","geometry":{"type":"Point","coordinates":[-83.606568,32.620097]},"properties":{"id":"ga-warner-robins-2026","jurisdiction":"Warner Robins","state":"Georgia","state_abbrev":"GA","jurisdiction_type":"City","enacted_status":"active","date_enacted_iso":"2026-07-20","current_end_date_iso":"","date_enacted_uncertainty":"exact","duration_days":180,"duration_kind":"fixed_days","sectors":["data_center"],"trigger_categories":["regulatory_gap"],"date_enacted":"2026-07-20, Warner Robins City Council, unanimous","duration":"Six months (until about January 2027)","trigger":"Zoning code does not define or regulate data centers"}},{"type":"Feature","geometry":{"type":"Point","coordinates":[-112.250604,42.693619]},"properties":{"id":"id-bannock-county-2026","jurisdiction":"Bannock County","state":"Idaho","state_abbrev":"ID","jurisdiction_type":"County","enacted_status":"active","date_enacted_iso":"2026-07-30","current_end_date_iso":"","date_enacted_uncertainty":"exact","duration_days":180,"duration_kind":"fixed_days","sectors":["data_center"],"trigger_categories":["regulatory_gap","water","environmental","grid_energy","land_use_compatibility"],"date_enacted":"2026-07-30 (Board of County Commissioners signed the emergency moratorium ordinance)","duration":"180 days from adoption (2026-07-30 to 2027-01-26)","trigger":"Board found an imminent peril to public health, safety, and welfare from continued unregulated siting of data centers, citing water quality, environmental impact, viewsheds, decommissioning bonds, electrical grid impact, and aquifer impacts; adopted alongside an April 13, 2026 statewide drought emergency declaration by the Idaho Department of Water Resources; gives county time to draft a standalone data center ordinance (separate from an ongoing, years-long Land Use and Development Ordinance rewrite that did not originally address data centers)."}},{"type":"Feature","geometry":{"type":"Point","coordinates":[-115.541103,43.307377]},"properties":{"id":"id-elmore-county-2026","jurisdiction":"Elmore County","state":"Idaho","state_abbrev":"ID","jurisdiction_type":"County","enacted_status":"active","date_enacted_iso":"2026-07-02","current_end_date_iso":"","date_enacted_uncertainty":"exact","duration_days":182,"duration_kind":"fixed_days","sectors":["data_center"],"trigger_categories":["regulatory_gap","water","noise","land_use_compatibility"],"date_enacted":"2026-07-02 (Board of County Commissioners regular meeting; Resolution No. 952-26 adopted unanimously, Corbus/Rodgers/Hofer all AYE)","duration":"182 days from adoption (2026-07-02 to 2026-12-31)","trigger":"Commissioners cited concerns over water use, noise, land-use impacts, and the absence of existing county regulation specific to data centers."}},{"type":"Feature","geometry":{"type":"Point","coordinates":[-116.716292,47.654857]},"properties":{"id":"id-kootenai-county-2025","jurisdiction":"Kootenai County","state":"Idaho","state_abbrev":"ID","jurisdiction_type":"County","enacted_status":"replaced","date_enacted_iso":"2025-03-11","current_end_date_iso":"","date_enacted_uncertainty":"exact","duration_days":182,"duration_kind":"fixed_days","sectors":["data_center"],"trigger_categories":["regulatory_gap","infrastructure_capacity","environmental","noise","water","grid_energy","land_use_compatibility"],"date_enacted":"2025-03-11, retroactive to 2025-02-27","duration":"182 days from 2025-03-11 adoption (nominal expiration 2025-09-09), retroactive to 2025-02-27. Resolution 2025-23 itself states the term as '182 days following adoption,' which places the adoption date (March 11) as day zero and the moratorium's last day as day 182 after that (September 9, 2025) -- consistent with the already-recorded computed_expiry. Replaced by Ordinance 620, noticed 2025-10-07.","trigger":"Developer interest in unincorporated county parcels over the Rathdrum Prairie Aquifer; county findings cited water quantity and quality, electricity demand, air pollution, building size, noise, parking, and traffic circulation."}},{"type":"Feature","geometry":{"type":"Point","coordinates":[-87.883969,41.163931]},"properties":{"id":"il-bourbonnais-2026","jurisdiction":"Bourbonnais","state":"Illinois","state_abbrev":"IL","jurisdiction_type":"Village","enacted_status":"active","date_enacted_iso":"2026-06-15","current_end_date_iso":"","date_enacted_uncertainty":"exact","duration_days":null,"duration_kind":"until_date","sectors":["data_center"],"trigger_categories":["regulatory_gap","land_use_compatibility"],"date_enacted":"Village Board of Trustees passed the moratorium ordinance by a 4-0 vote (two trustees absent) at its Monday, June 15, 2026 meeting, after the Economic and Community Development Committee unanimously recommended it on June 10, 2026.","duration":"Temporary moratorium on building data centers within the village; expires January 31, 2027 per the ordinance.","trigger":"Resident concern/social-media rumors about a data center locating in the village; trustees wanted legal groundwork in place to keep data centers out of village boundaries (the moratorium does not apply outside them)."}},{"type":"Feature","geometry":{"type":"Point","coordinates":[-87.701967,40.065036]},"properties":{"id":"il-catlin-undated","jurisdiction":"Catlin","state":"Illinois","state_abbrev":"IL","jurisdiction_type":"Village","enacted_status":"replaced","date_enacted_iso":"","current_end_date_iso":"","date_enacted_uncertainty":"unverified","duration_days":null,"duration_kind":"unknown","sectors":["solar","wind"],"trigger_categories":["land_use_compatibility","water","agricultural_preservation"],"date_enacted":"","duration":"A solar-farm (and later wind/solar) moratorium was repeatedly extended by the Catlin Village Board in roughly 30-day increments during 2026 while the village drafted a permanent solar/wind zoning ordinance (exact original enactment date not found); most recently extended to Aug. 31, 2026. It was superseded by the permanent ordinance in late August 2026.","trigger":"Earthrise Energy's proposed 1,400-acre solar-farm project along Catlin-Tilton Road; the village wanted time to draft zoning language addressing setbacks, screening, and water testing for industrial-scale solar and wind projects before acting on the application."}},{"type":"Feature","geometry":{"type":"Point","coordinates":[-88.197556,40.134686]},"properties":{"id":"il-champaign-county-2026","jurisdiction":"Champaign County","state":"Illinois","state_abbrev":"IL","jurisdiction_type":"County","enacted_status":"active","date_enacted_iso":"2026-04-23","current_end_date_iso":"","date_enacted_uncertainty":"exact","duration_days":365,"duration_kind":"fixed_days","sectors":["data_center"],"trigger_categories":["regulatory_gap","infrastructure_capacity","water","grid_energy","environmental"],"date_enacted":"2026-04-23","duration":"12 months (Board reverted 9-month ELUC amendment back to 12 months on 2026-04-23 per WGLT and Prairie Rivers Network reporting; Board Member Emily Rodriguez introduced the amendment)","trigger":"County materials cite groundwater quality and safety, Mahomet Aquifer and water use concerns, energy use, and need for standards for large-scale data centers before proposals arrive."}},{"type":"Feature","geometry":{"type":"Point","coordinates":[-88.314754,41.75717]},"properties":{"id":"il-aurora-2025","jurisdiction":"City of Aurora","state":"Illinois","state_abbrev":"IL","jurisdiction_type":"City","enacted_status":"replaced","date_enacted_iso":"2025-09-25","current_end_date_iso":"","date_enacted_uncertainty":"exact","duration_days":180,"duration_kind":"fixed_days","sectors":["data_center"],"trigger_categories":["regulatory_gap","infrastructure_capacity","environmental","noise","water","grid_energy","land_use_compatibility","other"],"date_enacted":"2025-09-25","duration":"180 days, with one-time 30-day extension invoked before final ordinance adoption","trigger":"Rapid expansion of data centers in northern Illinois; existing code classified data centers as warehouses; city cited neighborhood complaints, noise, emissions, high energy and water use, stormwater, utility demand, infrastructure strain, and fiscal impacts."}},{"type":"Feature","geometry":{"type":"Point","coordinates":[-88.934539,40.65852]},"properties":{"id":"il-city-of-bloomington-2026","jurisdiction":"City of Bloomington","state":"Illinois","state_abbrev":"IL","jurisdiction_type":"City","enacted_status":"active","date_enacted_iso":"2026-05-26","current_end_date_iso":"","date_enacted_uncertainty":"exact","duration_days":180,"duration_kind":"fixed_days","sectors":["data_center"],"trigger_categories":["regulatory_gap","land_use_compatibility"],"date_enacted":"City Council unanimously approved a six-month moratorium on 2026-05-26.","duration":"Six-month moratorium applying to data centers designed for more than 5 megawatts; requires at least two public hearings during the pause and may be extended.","trigger":"Followed public forums with strong resident opposition to hyperscale data center development."}},{"type":"Feature","geometry":{"type":"Point","coordinates":[-89.214865,37.715034]},"properties":{"id":"il-city-of-carbondale-2026","jurisdiction":"City of Carbondale","state":"Illinois","state_abbrev":"IL","jurisdiction_type":"City","enacted_status":"active","date_enacted_iso":"2026-06-23","current_end_date_iso":"","date_enacted_uncertainty":"exact","duration_days":365,"duration_kind":"fixed_days","sectors":["data_center"],"trigger_categories":["water","grid_energy","noise","regulatory_gap"],"date_enacted":"City Council voted 4-1 to adopt a resolution initiating a one-year moratorium on 2026-06-23.","duration":"One-year moratorium on data center development; council also directed staff to begin a zoning text amendment.","trigger":"Community concerns about water use, electricity demand, noise, and light; no developer had approached the city before the vote."}},{"type":"Feature","geometry":{"type":"Point","coordinates":[-89.984548,38.670327]},"properties":{"id":"il-collinsville-undated","jurisdiction":"City of Collinsville","state":"Illinois","state_abbrev":"IL","jurisdiction_type":"City","enacted_status":"active","date_enacted_iso":"","current_end_date_iso":"","date_enacted_uncertainty":"unverified","duration_days":365,"duration_kind":"fixed_days","sectors":["data_center"],"trigger_categories":["regulatory_gap","infrastructure_capacity","land_use_compatibility"],"date_enacted":"N/A","duration":"Proposed 12 months","trigger":"Planning Commission discussion focused on researching how data centers and related uses should appear in the land-use table and whether supplementary regulations are needed for design, nuisances, and infrastructure strain."}},{"type":"Feature","geometry":{"type":"Point","coordinates":[-88.54348,39.120143]},"properties":{"id":"il-city-of-effingham-2026","jurisdiction":"City of Effingham","state":"Illinois","state_abbrev":"IL","jurisdiction_type":"City","enacted_status":"active","date_enacted_iso":"2026-06-02","current_end_date_iso":"","date_enacted_uncertainty":"exact","duration_days":365,"duration_kind":"fixed_days","sectors":["cryptocurrency_mining","data_center"],"trigger_categories":["water","environmental","regulatory_gap"],"date_enacted":"City Council adopted Ordinance 052-2026 by a 5-0 vote on 2026-06-02.","duration":"12-month moratorium on accepting applications, permitting, and permit approval for cryptocurrency mines, data centers, and similar facilities within the city and its 1.5-mile extraterritorial area.","trigger":"Public comments cited pollution and water-use concerns."}},{"type":"Feature","geometry":{"type":"Point","coordinates":[-89.872961,38.724724]},"properties":{"id":"il-city-of-troy-2026","jurisdiction":"City of Troy","state":"Illinois","state_abbrev":"IL","jurisdiction_type":"City","enacted_status":"extended","date_enacted_iso":"2026-03","current_end_date_iso":"","date_enacted_uncertainty":"month_only","duration_days":180,"duration_kind":"fixed_days","sectors":["data_center"],"trigger_categories":["regulatory_gap","land_use_compatibility"],"date_enacted":"March 2026 (exact date not captured; per a May 28, 2026 Troy Times Tribune article, enacted after multiple council meetings between January and March 2026)","duration":"Original 6-month moratorium (Ordinance 2026-24, adopted March 2026) expired 2026-08-28. Planning Commission voted 5-0 on 2026-09-10 to recommend an extension; City Council placed the extension (Ordinance 2026-57) on its September 21, 2026 agenda. The September 17, 2026 Troy Times Tribune reported city officials intended to extend the moratorium 'until next March' (i.e., through approximately March 2027) to allow the city to see the outcome of the state legislature's fall veto session on data center regulation.","trigger":"Data center development interest; city sought time to research other states' ordinances/resolutions and add requirements before considering data center real estate proposals; city attorney favored 6 months over 12 as more legally defensible"}},{"type":"Feature","geometry":{"type":"Point","coordinates":[-87.772554,41.930953]},"properties":{"id":"il-city-of-west-chicago-2026","jurisdiction":"City of West Chicago","state":"Illinois","state_abbrev":"IL","jurisdiction_type":"City","enacted_status":"active","date_enacted_iso":"2026-07-06","current_end_date_iso":"","date_enacted_uncertainty":"exact","duration_days":180,"duration_kind":"fixed_days","sectors":["data_center","battery_storage"],"trigger_categories":["regulatory_gap"],"date_enacted":"City Council approved Ordinance 26-O-0011 by a 12-0 vote on 2026-07-06.","duration":"180-day moratorium on receipt, processing, and final approval of applications and permits for data centers and battery energy storage systems in every zoning district; protects complete pre-effective-date applications and approved permits, includes limited exceptions and a hardship process, and directs staff to present findings within three months. Council may extend or lift it by ordinance.","trigger":""}},{"type":"Feature","geometry":{"type":"Point","coordinates":[-90.371217,40.947565]},"properties":{"id":"il-galesburg-2026","jurisdiction":"Galesburg","state":"Illinois","state_abbrev":"IL","jurisdiction_type":"City","enacted_status":"active","date_enacted_iso":"2026-09-21","current_end_date_iso":"","date_enacted_uncertainty":"exact","duration_days":180,"duration_kind":"fixed_days","sectors":["data_center"],"trigger_categories":["regulatory_gap"],"date_enacted":"City Council voted 7-0 to adopt a 180-day data center moratorium on 2026-09-21, after voting 6-1 to advance the ordinance directly from first to second reading the same night.","duration":"180-day moratorium on receipt, processing, or approval of data center permit applications, running through April 3, 2027.","trigger":"Preemptive measure; the city had received no pending data center applications, but wanted 'quickest and easiest way' to avoid being obligated to accept one while it studies impacts, partly driven by anticipated state legislation on data centers."}},{"type":"Feature","geometry":{"type":"Point","coordinates":[-88.897782,41.330124]},"properties":{"id":"il-la-salle-county-2026","jurisdiction":"La Salle County","state":"Illinois","state_abbrev":"IL","jurisdiction_type":"County","enacted_status":"active","date_enacted_iso":"2026-06-08","current_end_date_iso":"","date_enacted_uncertainty":"exact","duration_days":365,"duration_kind":"fixed_days","sectors":["data_center"],"trigger_categories":["regulatory_gap"],"date_enacted":"County Board approved Ordinance 26-65 on 2026-06-08 by a voice vote of 26 ayes, three members absent.","duration":"12-month moratorium on data center development.","trigger":""}},{"type":"Feature","geometry":{"type":"Point","coordinates":[-87.993955,42.332738]},"properties":{"id":"il-lake-county-2026","jurisdiction":"Lake County","state":"Illinois","state_abbrev":"IL","jurisdiction_type":"County","enacted_status":"active","date_enacted_iso":"2026-09-08","current_end_date_iso":"","date_enacted_uncertainty":"exact","duration_days":243,"duration_kind":"fixed_days","sectors":["data_center"],"trigger_categories":["regulatory_gap","infrastructure_capacity","environmental"],"date_enacted":"Lake County Board approved the moratorium ordinance on Tuesday, 2026-09-08, following a unanimous recommendation from the Zoning Board of Appeals on Aug. 18, 2026 and unanimous approval by the Planning, Building, Zoning and Environment Committee on Sept. 2, 2026.","duration":"Eight-month moratorium on data centers in unincorporated Lake County, running through approximately May 2027 (exact calendar end date not published).","trigger":"Lake County's Unified Development Ordinance does not specifically define or regulate data centers; the County received more than 1,200 online public comments and hundreds of in-person attendees on the issue before adopting the pause."}},{"type":"Feature","geometry":{"type":"Point","coordinates":[-87.714336,38.710333]},"properties":{"id":"il-lawrence-county-2026","jurisdiction":"Lawrence County","state":"Illinois","state_abbrev":"IL","jurisdiction_type":"County","enacted_status":"active","date_enacted_iso":"2026-09-17","current_end_date_iso":"","date_enacted_uncertainty":"exact","duration_days":730,"duration_kind":"fixed_days","sectors":["data_center"],"trigger_categories":["regulatory_gap","agricultural_preservation","water"],"date_enacted":"Lawrence County Board voted unanimously on Thursday, 2026-09-17 to approve the moratorium ordinance.","duration":"Two-year moratorium on data centers exceeding 10,000 square feet; the county will not accept applications for such facilities while it is in effect.","trigger":"Board wanted time to educate itself and residents on the problems and benefits of data centers before allowing development; public testimony (including from residents of neighboring Sullivan County, Indiana and Crawford County, Illinois describing negative experiences with nearby data center development) influenced the decision."}},{"type":"Feature","geometry":{"type":"Point","coordinates":[-89.28603,41.747311]},"properties":{"id":"il-lee-county-2026","jurisdiction":"Lee County","state":"Illinois","state_abbrev":"IL","jurisdiction_type":"County","enacted_status":"active","date_enacted_iso":"2026-08-20","current_end_date_iso":"","date_enacted_uncertainty":"exact","duration_days":91,"duration_kind":"fixed_days","sectors":["data_center"],"trigger_categories":["regulatory_gap","land_use_compatibility"],"date_enacted":"Lee County Board approved Resolution 2026-08-002 on 2026-08-20.","duration":"Temporary moratorium on new petitions or applications for Technology Overlay District (TOD) designation/expansion/amendment under the Lee County Zoning Ordinance, effective immediately upon passage and running through November 19, 2026, 11:59 p.m., unless earlier terminated, extended, or modified.","trigger":"The Lee County Board wanted to review and consider amendments to the Technology Overlay District regulations (the zoning mechanism used to site technology-related/data-center uses) to address land-use, infrastructure, public-safety, environmental, and community impacts; no TOD petition was pending at the time."}},{"type":"Feature","geometry":{"type":"Point","coordinates":[-89.376854,40.107509]},"properties":{"id":"il-logan-county-2026","jurisdiction":"Logan County","state":"Illinois","state_abbrev":"IL","jurisdiction_type":"County","enacted_status":"rescinded","date_enacted_iso":"2026-05-19","current_end_date_iso":"","date_enacted_uncertainty":"exact","duration_days":null,"duration_kind":"unknown","sectors":["data_center"],"trigger_categories":["specific_project","regulatory_gap","water","grid_energy"],"date_enacted":"County Board approved a 60-day moratorium 9-2 on 2026-02-24; after it lapsed, the Board approved a 12-month moratorium 6-4 on 2026-05-19. The May 19 moratorium was declared procedurally invalid by the State's Attorney on 2026-06-18 for skipping the required Zoning Board of Appeals advisory review and public hearings.","duration":"12-month moratorium (approved 2026-05-19) intended to run through approximately 2027-05-19, but ruled procedurally invalid and unenforceable on 2026-06-18. As of an Aug. 4, 2026 committee meeting, the Board was drafting a replacement moratorium (covering data centers exceeding 100 MW) and had submitted it to the State's Attorney for review; as of a Sept. 17-18, 2026 report, the Board had not adopted a new moratorium and was instead advancing 18 amendments to its permanent data-center zoning ordinance.","trigger":"Response to Hut 8 Corp.'s proposed ~500 MW 'Logan Prairie' data center near Latham; residents sought time to study the project and adopt safeguards before the county acted on Hut 8's land-use application."}},{"type":"Feature","geometry":{"type":"Point","coordinates":[-88.960238,39.845521]},"properties":{"id":"il-macon-county-undated","jurisdiction":"Macon County","state":"Illinois","state_abbrev":"IL","jurisdiction_type":"County","enacted_status":"pending","date_enacted_iso":"","current_end_date_iso":"","date_enacted_uncertainty":"unverified","duration_days":null,"duration_kind":"unknown","sectors":["data_center"],"trigger_categories":["regulatory_gap","grid_energy","water"],"date_enacted":"","duration":"A draft ordinance published by Macon County on 2026-05-20 proposed a 6-month moratorium (expiration January 31, 2027) on data center special-use and building-permit applications. The County's Zoning Board of Appeals subsequently recommended extending the proposed term to 12 months. As of a Sept. 15, 2026 news report, the County Board had not yet cast a final vote; 'the final decision has received delays.'","trigger":"Residents' concerns about a proposed Google/Broadwing-linked data center and about data centers generally (water, energy, noise); the county's zoning ordinance has no dedicated data-center section."}},{"type":"Feature","geometry":{"type":"Point","coordinates":[-88.377328,39.484282]},"properties":{"id":"il-mattoon-2026","jurisdiction":"Mattoon","state":"Illinois","state_abbrev":"IL","jurisdiction_type":"City","enacted_status":"active","date_enacted_iso":"2026-09-01","current_end_date_iso":"","date_enacted_uncertainty":"exact","duration_days":null,"duration_kind":"indefinite","sectors":["data_center"],"trigger_categories":["regulatory_gap","water","grid_energy","environmental"],"date_enacted":"City Council passed the moratorium at its Tuesday, September 1, 2026 meeting, per the city's official announcement published September 3, 2026.","duration":"Moratorium on new data center developments larger than 21,780 square feet (about half an acre) within Mattoon and the 1.5-mile area outside city limits where the city holds zoning authority. No fixed term; the moratorium renews annually and requires City Council action to change or end it.","trigger":"Community questions about water, environment, health, power costs, city services, and finances associated with large data centers; gives the city time to study costs, benefits, and impacts."}},{"type":"Feature","geometry":{"type":"Point","coordinates":[-90.190335,39.706226]},"properties":{"id":"il-morgan-county-2026","jurisdiction":"Morgan County","state":"Illinois","state_abbrev":"IL","jurisdiction_type":"County","enacted_status":"active","date_enacted_iso":"2026-04-27","current_end_date_iso":"","date_enacted_uncertainty":"exact","duration_days":180,"duration_kind":"fixed_days","sectors":["data_center"],"trigger_categories":["regulatory_gap","infrastructure_capacity","land_use_compatibility","agricultural_preservation","other"],"date_enacted":"2026-04-27","duration":"6 months","trigger":"County commissioners and residents sought time to study health, financial, resource, farmland, and community impacts and to draft standards before any application is filed."}},{"type":"Feature","geometry":{"type":"Point","coordinates":[-88.845436,41.351663]},"properties":{"id":"il-ottawa-2026","jurisdiction":"Ottawa","state":"Illinois","state_abbrev":"IL","jurisdiction_type":"City","enacted_status":"extended","date_enacted_iso":"2026-03-03","current_end_date_iso":"","date_enacted_uncertainty":"unverified","duration_days":null,"duration_kind":"until_date","sectors":["data_center"],"trigger_categories":["regulatory_gap","grid_energy","water"],"date_enacted":"Original 180-day moratorium established by City Council ordinance on approximately 2026-03-03; unanimously extended by the City Council on 2026-08-18 through August 25, 2027.","duration":"Moratorium on data centers in all zoning districts within the city; originally 180 days from March 2026, unanimously extended on 2026-08-18 to run through August 25, 2027, citing continued state inaction on the POWER Act.","trigger":"State inaction on the POWER Act, which would set energy/water guidelines for data centers; the city has been drafting its own data-center ordinance but wants to wait until the state acts so local rules align with state law."}},{"type":"Feature","geometry":{"type":"Point","coordinates":[-88.205434,41.608671]},"properties":{"id":"il-plainfield-2026","jurisdiction":"Plainfield","state":"Illinois","state_abbrev":"IL","jurisdiction_type":"Village","enacted_status":"active","date_enacted_iso":"2026-04-21","current_end_date_iso":"","date_enacted_uncertainty":"exact","duration_days":180,"duration_kind":"fixed_days","sectors":["data_center"],"trigger_categories":["regulatory_gap","agricultural_preservation","land_use_compatibility"],"date_enacted":"Plainfield Village Board voted unanimously to pass the moratorium ordinance; reported by Patch on 2026-04-21 as a Monday-night vote (i.e., on or about 2026-04-20/21).","duration":"180-day moratorium on the receipt, processing, approval, and permitting of applications for data centers and warehouses primarily used for storing computing infrastructure.","trigger":"Concern over rapid data-center development converting valuable farmland in nearby towns (Joliet, Yorkville, Minooka); the Mayor said the industry is 'in its infancy' and the village wants time to develop a new unified development ordinance addressing data centers."}},{"type":"Feature","geometry":{"type":"Point","coordinates":[-87.739194,39.00532]},"properties":{"id":"il-robinson-undated","jurisdiction":"Robinson","state":"Illinois","state_abbrev":"IL","jurisdiction_type":"City","enacted_status":"extended","date_enacted_iso":"","current_end_date_iso":"","date_enacted_uncertainty":"unverified","duration_days":null,"duration_kind":"unknown","sectors":["solar"],"trigger_categories":["regulatory_gap","legal_or_litigation"],"date_enacted":"","duration":"The Robinson City Council voted to extend an existing solar-farm moratorium for another six months (article published 2026-09-08); original enactment date not found.","trigger":"Uncertainty over which level of government (city, county, or state) has zoning jurisdiction over solar farms in the area surrounding Robinson; aldermen wanted to wait until that question is resolved."}},{"type":"Feature","geometry":{"type":"Point","coordinates":[-89.093966,42.271394]},"properties":{"id":"il-rockford-2026","jurisdiction":"Rockford","state":"Illinois","state_abbrev":"IL","jurisdiction_type":"City","enacted_status":"active","date_enacted_iso":"2026-08-03","current_end_date_iso":"","date_enacted_uncertainty":"exact","duration_days":184,"duration_kind":"fixed_days","sectors":["data_center"],"trigger_categories":["regulatory_gap","grid_energy","water","noise","environmental"],"date_enacted":"Rockford City Council voted 14-0 to approve the moratorium at its Monday, 2026-08-03 meeting.","duration":"Six-month moratorium on data centers, directing city staff to conduct a comprehensive review of best practices for data center development, expansion, and operation.","trigger":"Sustained resident opposition at council meetings to a potential hyperscale data center development (Monarch Energy) citing energy demand, water consumption, noise, and environmental effects."}},{"type":"Feature","geometry":{"type":"Point","coordinates":[-89.695366,41.788253]},"properties":{"id":"il-sterling-2026","jurisdiction":"Sterling","state":"Illinois","state_abbrev":"IL","jurisdiction_type":"City","enacted_status":"active","date_enacted_iso":"2026-09-08","current_end_date_iso":"","date_enacted_uncertainty":"exact","duration_days":180,"duration_kind":"fixed_days","sectors":["data_center","battery_storage"],"trigger_categories":["regulatory_gap","grid_energy"],"date_enacted":"Sterling City Council voted unanimously to impose the moratorium at its Sept. 8, 2026 meeting.","duration":"180-day moratorium on processing and approving applications for data centers and battery energy storage systems (BESS).","trigger":"The city had received 'numerous requests' to locate BESS facilities within city limits, including downtown buildings, and had no regulatory framework in place; a 23-page draft ordinance covering data centers and BESS was reviewed by the Plan Commission on July 23, 2026."}},{"type":"Feature","geometry":{"type":"Point","coordinates":[-88.97255,40.517924]},"properties":{"id":"il-town-of-normal-2026","jurisdiction":"Town of Normal","state":"Illinois","state_abbrev":"IL","jurisdiction_type":"Town","enacted_status":"extended","date_enacted_iso":"2026-05-18","current_end_date_iso":"2027-05-31","date_enacted_uncertainty":"exact","duration_days":null,"duration_kind":"until_date","sectors":["data_center"],"trigger_categories":["regulatory_gap"],"date_enacted":"Town Council voted 7-0 to adopt Ordinance 6063 on 2026-05-18.","duration":"Original moratorium (Ordinance 6063) paused data-center applications through November 30, 2026. On 2026-09-21, the Town Council voted 6-1 (Andy Byars dissenting) to extend the pause six more months, through May 31, 2027, citing the desire to align local rules with anticipated state action on the POWER Act rather than adopt local regulations the state might soon supersede.","trigger":"Town sought time to develop data center land-use rules; staff said no applications had been received."}},{"type":"Feature","geometry":{"type":"Point","coordinates":[-90.186776,38.955603]},"properties":{"id":"il-godfrey-2026","jurisdiction":"Village of Godfrey","state":"Illinois","state_abbrev":"IL","jurisdiction_type":"Village","enacted_status":"extended","date_enacted_iso":"2026-01-20","current_end_date_iso":"2027-01-31","date_enacted_uncertainty":"exact","duration_days":null,"duration_kind":"until_date","sectors":["data_center"],"trigger_categories":["regulatory_gap","infrastructure_capacity","environmental","water","grid_energy","land_use_compatibility"],"date_enacted":"2026-01-20","duration":"Extended by a unanimous Village Board resolution at the August 4, 2026 Board of Trustees meeting for another 180 days; runs through January 31, 2027. Village Attorney Bryan Dooling told trustees the moratorium 'cannot be extended any further,' making this the village's final window under the ordinance to adopt local data-center zoning regulations before the pause lapses.","trigger":"The village cited the need to study infrastructure capacity, utilities, energy consumption, water usage, environmental considerations, land-use compatibility, long-term planning, and whether code or zoning amendments are warranted."}},{"type":"Feature","geometry":{"type":"Point","coordinates":[-89.207421,40.814536]},"properties":{"id":"il-woodford-county-2026","jurisdiction":"Woodford County","state":"Illinois","state_abbrev":"IL","jurisdiction_type":"County","enacted_status":"active","date_enacted_iso":"2026-08-18","current_end_date_iso":"","date_enacted_uncertainty":"exact","duration_days":184,"duration_kind":"fixed_days","sectors":["data_center"],"trigger_categories":["regulatory_gap","land_use_compatibility"],"date_enacted":"Woodford County Board approved the moratorium at its Aug. 18, 2026 meeting, after weeks of discussion.","duration":"Six-month moratorium on data center applications, with an option for the Board to extend it another six months; the initial term runs through approximately February 2027 while the county holds public hearings and develops a data-center ordinance.","trigger":"County wanted time to develop transparent data-center regulations and hold public hearings, comparing its approach to how it previously handled large wind and solar developments."}},{"type":"Feature","geometry":{"type":"Point","coordinates":[-86.465084,40.045991]},"properties":{"id":"in-boone-county-2026","jurisdiction":"Boone County","state":"Indiana","state_abbrev":"IN","jurisdiction_type":"County","enacted_status":"active","date_enacted_iso":"2026-06-15","current_end_date_iso":"","date_enacted_uncertainty":"exact","duration_days":365,"duration_kind":"fixed_days","sectors":["data_center"],"trigger_categories":["regulatory_gap","land_use_compatibility"],"date_enacted":"2026-06-15 (Board of Commissioners unanimous adoption); effective 2026-06-16","duration":"One year, June 16, 2026 through June 15, 2027","trigger":"Pause new data center development in unincorporated areas while the county reviews its comprehensive plan and zoning rules"}},{"type":"Feature","geometry":{"type":"Point","coordinates":[-85.001244,41.399146]},"properties":{"id":"in-dekalb-county-2026","jurisdiction":"DeKalb County","state":"Indiana","state_abbrev":"IN","jurisdiction_type":"County","enacted_status":"active","date_enacted_iso":"2026-04-13","current_end_date_iso":"","date_enacted_uncertainty":"exact","duration_days":180,"duration_kind":"fixed_days","sectors":["data_center"],"trigger_categories":["regulatory_gap","water","grid_energy","land_use_compatibility"],"date_enacted":"2026-04-13","duration":"6 months","trigger":"Proactive concern that applicants could vest before rules are adopted; energy use, water consumption, size, and accessory facilities"}},{"type":"Feature","geometry":{"type":"Point","coordinates":[-84.9821,39.134034]},"properties":{"id":"in-dearborn-county-2026","jurisdiction":"Dearborn County","state":"Indiana","state_abbrev":"IN","jurisdiction_type":"County","enacted_status":"active","date_enacted_iso":"2026-02-24","current_end_date_iso":"","date_enacted_uncertainty":"exact","duration_days":365,"duration_kind":"fixed_days","sectors":["solar","battery_storage","data_center"],"trigger_categories":["regulatory_gap","land_use_compatibility","specific_project"],"date_enacted":"2026-02-24","duration":"Up to 1 year","trigger":"Resident opposition to possible commercial solar projects and need to review zoning rules for commercial solar, battery storage, and data centers"}},{"type":"Feature","geometry":{"type":"Point","coordinates":[-85.85906,41.60128]},"properties":{"id":"in-elkhart-2026","jurisdiction":"Elkhart","state":"Indiana","state_abbrev":"IN","jurisdiction_type":"City","enacted_status":"active","date_enacted_iso":"2026-08-27","current_end_date_iso":"","date_enacted_uncertainty":"exact","duration_days":null,"duration_kind":"until_date","sectors":["data_center","battery_storage"],"trigger_categories":["regulatory_gap","grid_energy","water","noise"],"date_enacted":"2026-08-27 (Common Council special meeting, unanimous 9-0 vote)","duration":"Through December 31, 2027, or until the city adopts data center/BESS development standards","trigger":"Council sought time to develop city standards addressing electrical grid capacity, water and air impacts, sound, and setbacks before accepting new hyperscale data center and BESS applications"}},{"type":"Feature","geometry":{"type":"Point","coordinates":[-85.179378,39.619235]},"properties":{"id":"in-fayette-county-2026","jurisdiction":"Fayette County","state":"Indiana","state_abbrev":"IN","jurisdiction_type":"County","enacted_status":"active","date_enacted_iso":"2026-05-05","current_end_date_iso":"","date_enacted_uncertainty":"exact","duration_days":365,"duration_kind":"fixed_days","sectors":["data_center"],"trigger_categories":["regulatory_gap"],"date_enacted":"2026-05-05 (County Commissioners approved); stated 2026-05-18 start","duration":"One year","trigger":"Allow the Area Plan Commission to develop data center zoning regulations"}},{"type":"Feature","geometry":{"type":"Point","coordinates":[-85.138601,41.07999]},"properties":{"id":"in-fort-wayne-undated","jurisdiction":"Fort Wayne","state":"Indiana","state_abbrev":"IN","jurisdiction_type":"City","enacted_status":"pending","date_enacted_iso":"","current_end_date_iso":"","date_enacted_uncertainty":"unverified","duration_days":null,"duration_kind":"unknown","sectors":["data_center"],"trigger_categories":["regulatory_gap","land_use_compatibility"],"date_enacted":"","duration":"Proposed 365-day (one-year) moratorium on city approvals related to new data center development; not yet adopted","trigger":"Council concern about the pace of data center development in the city, following the Google data center already under construction in southeast Fort Wayne"}},{"type":"Feature","geometry":{"type":"Point","coordinates":[-85.056323,39.414903]},"properties":{"id":"in-franklin-county-2025","jurisdiction":"Franklin County","state":"Indiana","state_abbrev":"IN","jurisdiction_type":"County","enacted_status":"extended","date_enacted_iso":"2025-12-24","current_end_date_iso":"2027-02-24","date_enacted_uncertainty":"exact","duration_days":60,"duration_kind":"fixed_days","sectors":["data_center"],"trigger_categories":["regulatory_gap","water","grid_energy","noise","infrastructure_capacity","fire_safety"],"date_enacted":"Initial 2-month moratorium ran from 2025-12-24 through noon 2026-02-24; extension approved 2026-02-24","duration":"Extended 12 months, through 2027-02-24","trigger":"Existing code ambiguity; need for zoning language covering water, electricity, noise, heat, setbacks, and public safety"}},{"type":"Feature","geometry":{"type":"Point","coordinates":[-86.287521,41.042142]},"properties":{"id":"in-fulton-county-2026","jurisdiction":"Fulton County","state":"Indiana","state_abbrev":"IN","jurisdiction_type":"County","enacted_status":"active","date_enacted_iso":"2026-03-02","current_end_date_iso":"","date_enacted_uncertainty":"exact","duration_days":365,"duration_kind":"fixed_days","sectors":["data_center"],"trigger_categories":["specific_project","regulatory_gap","infrastructure_capacity","water","grid_energy","land_use_compatibility","environmental"],"date_enacted":"2026-03-02","duration":"1 year","trigger":"Proposed or rumored data center sites near Akron; concern about water, electricity, displacement, and inadequate zoning ordinance"}},{"type":"Feature","geometry":{"type":"Point","coordinates":[-87.337065,41.602096]},"properties":{"id":"in-gary-2026","jurisdiction":"Gary","state":"Indiana","state_abbrev":"IN","jurisdiction_type":"City","enacted_status":"active","date_enacted_iso":"2026-09-16","current_end_date_iso":"","date_enacted_uncertainty":"exact","duration_days":365,"duration_kind":"fixed_days","sectors":["data_center"],"trigger_categories":["grid_energy","infrastructure_capacity","regulatory_gap"],"date_enacted":"2026-09-16 (Mayor's executive order)","duration":"One year from the executive order","trigger":"Resident opposition raised at Common Council forums (March and June 2026); concerns about electric grid reliability heightened by the Aug. 11, 2026 derecho that caused widespread NIPSCO outages in Gary, and about NIPSCO's multi-gigawatt data center supply contracts with Amazon and Google"}},{"type":"Feature","geometry":{"type":"Point","coordinates":[-85.654061,40.511474]},"properties":{"id":"in-grant-county-2026","jurisdiction":"Grant County","state":"Indiana","state_abbrev":"IN","jurisdiction_type":"County","enacted_status":"active","date_enacted_iso":"2026-03-16","current_end_date_iso":"","date_enacted_uncertainty":"exact","duration_days":731,"duration_kind":"fixed_days","sectors":["data_center"],"trigger_categories":["regulatory_gap","land_use_compatibility"],"date_enacted":"2026-03-16 (Board of Commissioners unanimous adoption)","duration":"24 months from adoption (through approx. 2028-03-16), or until a Grant County zoning ordinance amendment addressing data centers is adopted, whichever occurs first","trigger":"Halt issuance/receipt of improvement-location permits and related applications for data centers in unincorporated Grant County while the Area Planning Commission studies definitions and drafts zoning standards for siting, installation, operation, and drainage"}},{"type":"Feature","geometry":{"type":"Point","coordinates":[-85.501849,40.800829]},"properties":{"id":"in-huntington-county-2026","jurisdiction":"Huntington County","state":"Indiana","state_abbrev":"IN","jurisdiction_type":"County","enacted_status":"active","date_enacted_iso":"2026-02-23","current_end_date_iso":"","date_enacted_uncertainty":"exact","duration_days":null,"duration_kind":"until_event","sectors":["data_center","battery_storage"],"trigger_categories":["regulatory_gap"],"date_enacted":"2026-02-23","duration":"Indefinite; \"until the HCPC has time to develop new regulations\" \u2014 no fixed sunset date in the ordinance text","trigger":"Concern that a developer could apply before the county had standards for data centers, BESS, and carbon sequestration"}},{"type":"Feature","geometry":{"type":"Point","coordinates":[-86.15835,39.768333]},"properties":{"id":"in-indianapolis-marion-county-undated","jurisdiction":"Indianapolis (Marion County)","state":"Indiana","state_abbrev":"IN","jurisdiction_type":"City","enacted_status":"active","date_enacted_iso":"2026-08-19","current_end_date_iso":"2027-12-31","date_enacted_uncertainty":"exact","duration_days":null,"duration_kind":"until_date","sectors":["data_center"],"trigger_categories":["regulatory_gap","land_use_compatibility","specific_project"],"date_enacted":"2026-08-19 (Metropolitan Development Commission final unanimous 6-0 approval); the full City-County Council had voted 23-1 to advance the measure on 2026-08-10","duration":"Effective through no later than Dec. 31, 2027","trigger":"Concern over the pace of recent data center approvals; council sought a pause while permanent zoning rules are finalized"}},{"type":"Feature","geometry":{"type":"Point","coordinates":[-85.73716,38.277023]},"properties":{"id":"in-jeffersonville-2026","jurisdiction":"Jeffersonville","state":"Indiana","state_abbrev":"IN","jurisdiction_type":"City","enacted_status":"active","date_enacted_iso":"2026-08-03","current_end_date_iso":"","date_enacted_uncertainty":"exact","duration_days":365,"duration_kind":"fixed_days","sectors":["data_center"],"trigger_categories":["regulatory_gap","land_use_compatibility","specific_project","noise"],"date_enacted":"2026-08-03 (City Council adoption, all three readings suspended and passed in a single session)","duration":"One year; council suspended its normal rules to complete all three ordinance readings in a single session, pushing the expiration to mid-2027","trigger":"Resident opposition and newly disclosed utility/financial terms tied to the Meta data center under construction at River Ridge Commerce Center; council sought time to draft a Special Data Center Overlay District and permanent zoning standards (closed industrial zones to new data centers, requiring berms/buffers near residential areas)"}},{"type":"Feature","geometry":{"type":"Point","coordinates":[-85.72608,40.162453]},"properties":{"id":"in-madison-county-2026","jurisdiction":"Madison County","state":"Indiana","state_abbrev":"IN","jurisdiction_type":"County","enacted_status":"extended","date_enacted_iso":"2026-06-16","current_end_date_iso":"","date_enacted_uncertainty":"exact","duration_days":365,"duration_kind":"fixed_days","sectors":["data_center"],"trigger_categories":["regulatory_gap"],"date_enacted":"2026-06-16","duration":"One year from adoption (2026-06-16), extended from the original six months by a unanimous Board of Commissioners vote on 2026-08-04","trigger":"Immediately pause accepting, processing, or approving applications and permits related to data center development, construction, or operation in unincorporated Madison County, and stay pending applications"}},{"type":"Feature","geometry":{"type":"Point","coordinates":[-86.280963,41.322843]},"properties":{"id":"in-marshall-county-2025","jurisdiction":"Marshall County","state":"Indiana","state_abbrev":"IN","jurisdiction_type":"County","enacted_status":"replaced","date_enacted_iso":"2025-02-03","current_end_date_iso":"","date_enacted_uncertainty":"exact","duration_days":730,"duration_kind":"fixed_days","sectors":["data_center","solar","battery_storage"],"trigger_categories":["regulatory_gap","land_use_compatibility","agricultural_preservation"],"date_enacted":"2025-02-03","duration":"Originally 2 years; replaced before expiration","trigger":"County desire to study data centers, farm-scale solar, utility-scale battery energy storage, and carbon capture before allowing applications; regional pressure from northern Indiana data center proposals"}},{"type":"Feature","geometry":{"type":"Point","coordinates":[-87.332814,41.482814]},"properties":{"id":"in-merrillville-lake-county-2026","jurisdiction":"Merrillville (Lake County)","state":"Indiana","state_abbrev":"IN","jurisdiction_type":"Town","enacted_status":"active","date_enacted_iso":"2026-05-26","current_end_date_iso":"","date_enacted_uncertainty":"exact","duration_days":365,"duration_kind":"fixed_days","sectors":["data_center"],"trigger_categories":["regulatory_gap"],"date_enacted":"2026-05-26 (Town Council vote 7-0); effective 2026-06-01","duration":"One year, June 1, 2026 through May 31, 2027","trigger":"Allow study of hyperscale data center impacts before long-term decisions"}},{"type":"Feature","geometry":{"type":"Point","coordinates":[-86.063945,40.745491]},"properties":{"id":"in-miami-county-2026","jurisdiction":"Miami County","state":"Indiana","state_abbrev":"IN","jurisdiction_type":"County","enacted_status":"replaced","date_enacted_iso":"2026-05-04","current_end_date_iso":"","date_enacted_uncertainty":"exact","duration_days":null,"duration_kind":"until_event","sectors":["data_center"],"trigger_categories":["regulatory_gap"],"date_enacted":"2026-05-04","duration":"Indefinite; remains in force until the county amends its zoning ordinance to regulate data centers","trigger":"Bar the acceptance, processing, or approval of applications and permits, including improvement location permits, for data centers and appurtenant facilities in every zoning district of unincorporated Miami County while permanent regulations are drafted"}},{"type":"Feature","geometry":{"type":"Point","coordinates":[-85.824131,38.285625]},"properties":{"id":"in-new-albany-floyd-county-2026","jurisdiction":"New Albany (Floyd County)","state":"Indiana","state_abbrev":"IN","jurisdiction_type":"City","enacted_status":"active","date_enacted_iso":"2026-07-16","current_end_date_iso":"","date_enacted_uncertainty":"exact","duration_days":365,"duration_kind":"fixed_days","sectors":["data_center"],"trigger_categories":["regulatory_gap","infrastructure_capacity","noise","environmental"],"date_enacted":"2026-07-16 (Common Council unanimous adoption, third reading)","duration":"Up to one year, described by the city as renewable","trigger":"Study utility demand and rates, environmental and noise effects, infrastructure, and compatibility with the comprehensive plan before further data center construction"}},{"type":"Feature","geometry":{"type":"Point","coordinates":[-86.850856,39.298452]},"properties":{"id":"in-owen-county-undated","jurisdiction":"Owen County","state":"Indiana","state_abbrev":"IN","jurisdiction_type":"County","enacted_status":"pending","date_enacted_iso":"","current_end_date_iso":"","date_enacted_uncertainty":"unverified","duration_days":null,"duration_kind":"unknown","sectors":["data_center"],"trigger_categories":["regulatory_gap","water","noise","legal_or_litigation"],"date_enacted":"","duration":"Planning Commission recommended a one-year moratorium on data center development and zoning applications; not yet adopted by the Board of Commissioners","trigger":"Urgency tied to state House Bill 10001 permit-deadline language, and local concerns about water use, noise, and light from potential data center development; at an Aug. 20, 2026 Commissioners meeting, public comment favored a permanent ban over a temporary moratorium"}},{"type":"Feature","geometry":{"type":"Point","coordinates":[-86.699069,41.031393]},"properties":{"id":"in-pulaski-county-2026","jurisdiction":"Pulaski County","state":"Indiana","state_abbrev":"IN","jurisdiction_type":"County","enacted_status":"active","date_enacted_iso":"2026-01-20","current_end_date_iso":"","date_enacted_uncertainty":"exact","duration_days":365,"duration_kind":"fixed_days","sectors":["data_center"],"trigger_categories":["regulatory_gap","noise","water","fire_safety","land_use_compatibility"],"date_enacted":"2026-01-20 (commissioner voice vote); effective 2026-01-26","duration":"12 months","trigger":"No data center ordinance in county code; desire to draft language on setbacks, size tiers, lighting, noise, decommissioning, water use, and public safety before applications arrive"}},{"type":"Feature","geometry":{"type":"Point","coordinates":[-86.837403,39.66662]},"properties":{"id":"in-putnam-county-2025","jurisdiction":"Putnam County","state":"Indiana","state_abbrev":"IN","jurisdiction_type":"County","enacted_status":"active","date_enacted_iso":"2025-11-17","current_end_date_iso":"","date_enacted_uncertainty":"exact","duration_days":365,"duration_kind":"fixed_days","sectors":["solar","data_center"],"trigger_categories":["specific_project","regulatory_gap","land_use_compatibility"],"date_enacted":"2025-11-17","duration":"1 year, until 2026-11-17","trigger":"County review of UDO standards after solar project controversy; concern that newer technologies, including data centers, were not adequately addressed"}},{"type":"Feature","geometry":{"type":"Point","coordinates":[-85.81906,39.493485]},"properties":{"id":"in-shelby-county-2026","jurisdiction":"Shelby County","state":"Indiana","state_abbrev":"IN","jurisdiction_type":"County","enacted_status":"replaced","date_enacted_iso":"2026-02-23","current_end_date_iso":"","date_enacted_uncertainty":"exact","duration_days":180,"duration_kind":"fixed_days","sectors":["data_center"],"trigger_categories":["regulatory_gap","land_use_compatibility"],"date_enacted":"2026-02-23","duration":"6 months","trigger":"County desire to create a local ordinance and advisory group before accepting qualified data center applications"}},{"type":"Feature","geometry":{"type":"Point","coordinates":[-86.645757,41.275316]},"properties":{"id":"in-starke-county-2025","jurisdiction":"Starke County","state":"Indiana","state_abbrev":"IN","jurisdiction_type":"County","enacted_status":"active","date_enacted_iso":"2025-12-15","current_end_date_iso":"","date_enacted_uncertainty":"exact","duration_days":365,"duration_kind":"fixed_days","sectors":["data_center"],"trigger_categories":["regulatory_gap","infrastructure_capacity","environmental","land_use_compatibility"],"date_enacted":"2025-12-15","duration":"Up to 1 year","trigger":"Zoning ordinances lacked hyperscale data center standards; residents raised light, environmental, and infrastructure concerns"}},{"type":"Feature","geometry":{"type":"Point","coordinates":[-85.002364,41.64141]},"properties":{"id":"in-steuben-county-2026","jurisdiction":"Steuben County","state":"Indiana","state_abbrev":"IN","jurisdiction_type":"County","enacted_status":"active","date_enacted_iso":"2026-09-15","current_end_date_iso":"","date_enacted_uncertainty":"exact","duration_days":180,"duration_kind":"fixed_days","sectors":["data_center"],"trigger_categories":["regulatory_gap","land_use_compatibility","grid_energy"],"date_enacted":"2026-09-15 (Board of Commissioners, formalizing an August 2026 Plan Commission recommendation)","duration":"Six months from adoption","trigger":"Give local officials time to draft a permanent zoning ordinance governing where data centers may be built; heightened by utility companies' active discussions of routing high-transmission electric lines through the county"}},{"type":"Feature","geometry":{"type":"Point","coordinates":[-87.060449,41.467255]},"properties":{"id":"in-valparaiso-porter-county-undated","jurisdiction":"Valparaiso (Porter County)","state":"Indiana","state_abbrev":"IN","jurisdiction_type":"City","enacted_status":"active","date_enacted_iso":"2026-08-10","current_end_date_iso":"2028-07-31","date_enacted_uncertainty":"exact","duration_days":null,"duration_kind":"until_date","sectors":["data_center"],"trigger_categories":["regulatory_gap"],"date_enacted":"2026-08-10 (Common Council adoption, reported as \"Monday night\")","duration":"Automatically expires upon the effective date of Unified Development Ordinance amendments governing data centers, unless repealed or extended by the Common Council, or by July 31, 2028, whichever occurs first (reported by local media as lasting roughly two years)","trigger":"Pause new data center development while the city develops permanent standards"}},{"type":"Feature","geometry":{"type":"Point","coordinates":[-85.783356,40.806535]},"properties":{"id":"in-wabash-county-2026","jurisdiction":"Wabash County","state":"Indiana","state_abbrev":"IN","jurisdiction_type":"County","enacted_status":"active","date_enacted_iso":"2026-08-31","current_end_date_iso":"","date_enacted_uncertainty":"exact","duration_days":547,"duration_kind":"fixed_days","sectors":["data_center"],"trigger_categories":["regulatory_gap","land_use_compatibility"],"date_enacted":"2026-08-31 (Board of Commissioners unanimous 3-0 vote, described as \"last Monday\" in a Sept. 9, 2026 report)","duration":"In effect until the Wabash County Zoning Ordinance is amended to address data centers, or for 18 months from adoption (through approx. 2028-02-29), whichever occurs sooner","trigger":"The county's 2022 Zoning Ordinance (Ordinance No. 2022-85-14) does not regulate data centers; the moratorium bars applications/permits for data center structures in all zoning districts of unincorporated Wabash County (and, upon local adoption, the towns of LaFontaine, Lagro, and Roann) while the Zoning Ordinance is amended"}},{"type":"Feature","geometry":{"type":"Point","coordinates":[-87.275893,38.090606]},"properties":{"id":"in-warrick-county-undated","jurisdiction":"Warrick County","state":"Indiana","state_abbrev":"IN","jurisdiction_type":"County","enacted_status":"active","date_enacted_iso":"2026-08-11","current_end_date_iso":"","date_enacted_uncertainty":"exact","duration_days":180,"duration_kind":"fixed_days","sectors":["data_center"],"trigger_categories":["regulatory_gap"],"date_enacted":"2026-08-11 (Board of Commissioners unanimous vote, special meeting at Friedman Park Events Center)","duration":"180 days from passage (through approx. 2027-02-07), or until the Board of Commissioners approves data center language for the Comprehensive Zoning Ordinance, whichever occurs first","trigger":"Allow additional research on data center impacts after the Area Plan Commission tabled its own proposed ordinance defining and regulating small, medium, and large data centers"}},{"type":"Feature","geometry":{"type":"Point","coordinates":[-86.871391,40.742243]},"properties":{"id":"in-white-county-2025","jurisdiction":"White County","state":"Indiana","state_abbrev":"IN","jurisdiction_type":"County","enacted_status":"replaced","date_enacted_iso":"2025-10-20","current_end_date_iso":"","date_enacted_uncertainty":"exact","duration_days":180,"duration_kind":"fixed_days","sectors":["data_center"],"trigger_categories":["specific_project","regulatory_gap","water","noise","land_use_compatibility"],"date_enacted":"2025-10-20","duration":"6 months, through 2026-04-20, or until comprehensive plan and zoning updates were adopted","trigger":"Existing comprehensive plan and zoning ordinance did not adequately address data center impacts; public opposition and uncertainty around a proposed project near Wolcott"}},{"type":"Feature","geometry":{"type":"Point","coordinates":[-94.49533,41.312781]},"properties":{"id":"ia-adair-county-2026","jurisdiction":"Adair County","state":"Iowa","state_abbrev":"IA","jurisdiction_type":"County","enacted_status":"active","date_enacted_iso":"2026-03-18","current_end_date_iso":"","date_enacted_uncertainty":"exact","duration_days":null,"duration_kind":"until_event","sectors":["data_center"],"trigger_categories":["specific_project","infrastructure_capacity","water","grid_energy"],"date_enacted":"2026-03-18, per signed Adair County Board of Supervisors minutes: Resolution #2026-26 adopted by unanimous 5-0 roll call (Hoadley, Baier, Wedemeyer, Christoffersen, Walker all aye).","duration":"Until the Board passes a resolution imposing a permanent moratorium on the construction of data centers, high-density computing facilities and battery storage facilities, or rescinds the temporary moratorium; no calendar end date (resolution text as read into the record and quoted by the Atlantic News-Telegraph).","trigger":"Proposed 765 kV MISO transmission line, land negotiations in the Hebron area, and concern that data centers require large amounts of electricity and water."}},{"type":"Feature","geometry":{"type":"Point","coordinates":[-94.910653,41.670205]},"properties":{"id":"ia-audubon-county-2026","jurisdiction":"Audubon County","state":"Iowa","state_abbrev":"IA","jurisdiction_type":"County","enacted_status":"active","date_enacted_iso":"2026-05-05","current_end_date_iso":"2027-05-01","date_enacted_uncertainty":"exact","duration_days":null,"duration_kind":"until_date","sectors":["data_center","cryptocurrency_mining"],"trigger_categories":["regulatory_gap"],"date_enacted":"2026-05-05 -- Board of Supervisors unanimous vote adopting Resolution 2026-27, after a public hearing, per official minutes.","duration":"Through May 1, 2027, or until passage of a permanent data center development ordinance, whichever occurs first","trigger":"Pause pending adoption of a permanent data center development ordinance"}},{"type":"Feature","geometry":{"type":"Point","coordinates":[-94.910653,41.670205]},"properties":{"id":"ia-audubon-county-2025","jurisdiction":"Audubon County","state":"Iowa","state_abbrev":"IA","jurisdiction_type":"County","enacted_status":"extended","date_enacted_iso":"2025-08-12","current_end_date_iso":"","date_enacted_uncertainty":"exact","duration_days":null,"duration_kind":"until_date","sectors":["battery_storage"],"trigger_categories":["regulatory_gap"],"date_enacted":"2025-08-12 -- Board of Supervisors adopted Resolution 2025-46 imposing a temporary moratorium on utility-scale BESS until January 1, 2026 (after public hearing); extended 2026-05-05 by Resolution 2026-25 until May 1, 2027.","duration":"Originally until January 1, 2026; extended until May 1, 2027 or passage of a permanent utility-scale BESS development ordinance","trigger":"County has no specific ordinance for utility-scale BESS; time needed to coordinate with agencies and create ordinances."}},{"type":"Feature","geometry":{"type":"Point","coordinates":[-93.925411,42.01718]},"properties":{"id":"ia-boone-county-2026","jurisdiction":"Boone County","state":"Iowa","state_abbrev":"IA","jurisdiction_type":"County","enacted_status":"active","date_enacted_iso":"2026-09-09","current_end_date_iso":"","date_enacted_uncertainty":"exact","duration_days":365,"duration_kind":"fixed_days","sectors":["data_center"],"trigger_categories":["regulatory_gap","agricultural_preservation","land_use_compatibility"],"date_enacted":"2026-09-09 -- Board of Supervisors adopted Resolution 26-36, 'A Resolution Adopting a One-Year Moratorium on the Establishment, Construction, or Permitting of New Data Centers in Boone County, Iowa' (Sept. 9 agenda item; KCCI reports adoption Wednesday morning, Sept. 9). Board had voted Sept. 2 to move forward with a one-year moratorium after a public petition.","duration":"One year (up to one year), to allow study and adoption of a comprehensive data center zoning ordinance","trigger":"Resident petition signed by hundreds over a rumored hyperscale data center on agricultural land; county lacks data center zoning definitions."}},{"type":"Feature","geometry":{"type":"Point","coordinates":[-91.12632,41.760861]},"properties":{"id":"ia-cedar-county-2026","jurisdiction":"Cedar County","state":"Iowa","state_abbrev":"IA","jurisdiction_type":"County","enacted_status":"active","date_enacted_iso":"2026-05-26","current_end_date_iso":"","date_enacted_uncertainty":"unverified","duration_days":180,"duration_kind":"fixed_days","sectors":["data_center"],"trigger_categories":["regulatory_gap"],"date_enacted":"2026-05-26 -- Board of Supervisors unanimously moved to approve and authorize the chair to sign a six-month data center moratorium, per official minutes; the zoning director and county attorney were to draft the instrument, effective upon signature. A signed moratorium instrument was not located, so the effective date is [VERIFY].","duration":"Six months, effective upon signature (signed instrument not located to confirm exact start/end dates)","trigger":"County working toward a permanent data center ordinance"}},{"type":"Feature","geometry":{"type":"Point","coordinates":[-95.62498,42.724797]},"properties":{"id":"ia-cherokee-county-2026","jurisdiction":"Cherokee County","state":"Iowa","state_abbrev":"IA","jurisdiction_type":"County","enacted_status":"replaced","date_enacted_iso":"2026-03-24","current_end_date_iso":"","date_enacted_uncertainty":"unverified","duration_days":null,"duration_kind":"indefinite","sectors":["battery_storage"],"trigger_categories":["fire_safety","specific_project"],"date_enacted":"2026-03-24 (approx.) -- Board of Supervisors passed an indefinite moratorium on solar battery storage 'last Tuesday' per a Storm Lake Times Pilot report posted 2026-03-31.","duration":"Indefinite","trigger":"Supervisors' concerns about lithium-ion battery storage tied to a proposed solar-plus-battery project."}},{"type":"Feature","geometry":{"type":"Point","coordinates":[-93.617045,42.026757]},"properties":{"id":"ia-city-of-ames-2026","jurisdiction":"City of Ames","state":"Iowa","state_abbrev":"IA","jurisdiction_type":"City","enacted_status":"active","date_enacted_iso":"2026-07-28","current_end_date_iso":"","date_enacted_uncertainty":"exact","duration_days":null,"duration_kind":"until_date","sectors":["data_center"],"trigger_categories":["specific_project","regulatory_gap","noise","water","grid_energy"],"date_enacted":"2026-07-28 -- City Council voted 4-2 for a nine-month pause on new data center projects (postponing the Lightedge airport-land proposal) while it studies zoning, noise, water and utility rules; pause set to last until May 1, 2027.","duration":"About nine months, until May 1, 2027; may be lifted earlier or extended","trigger":"Lightedge proposal to lease 10.86 acres of city airport land for a 25 MW colocation facility; staff memo on regulatory options."}},{"type":"Feature","geometry":{"type":"Point","coordinates":[-90.752695,42.513619]},"properties":{"id":"ia-city-of-asbury-2026","jurisdiction":"City of Asbury","state":"Iowa","state_abbrev":"IA","jurisdiction_type":"City","enacted_status":"active","date_enacted_iso":"2026-07-14","current_end_date_iso":"","date_enacted_uncertainty":"exact","duration_days":180,"duration_kind":"fixed_days","sectors":["data_center"],"trigger_categories":["regulatory_gap","infrastructure_capacity","environmental"],"date_enacted":"2026-07-14 -- City Council unanimously passed a 180-day moratorium on data centers, effective immediately (KCRG; KWWL).","duration":"180 days (six months)","trigger":"Time to study impacts of data centers on land, infrastructure and the environment before a permanent ordinance."}},{"type":"Feature","geometry":{"type":"Point","coordinates":[-91.014223,42.298488]},"properties":{"id":"ia-city-of-cascade-2026","jurisdiction":"City of Cascade","state":"Iowa","state_abbrev":"IA","jurisdiction_type":"City","enacted_status":"active","date_enacted_iso":"2026-06-22","current_end_date_iso":"","date_enacted_uncertainty":"exact","duration_days":365,"duration_kind":"fixed_days","sectors":["data_center"],"trigger_categories":["specific_project","regulatory_gap","water","grid_energy"],"date_enacted":"2026-06-22 -- City Council approved a 12-month moratorium on construction of data centers within city limits (motion Delaney, second Hosch; 4-1, Weber opposed), per the Cascade Pioneer.","duration":"12 months","trigger":"Potential data center development (Simple Mining) discussed with the Cascade Economic Development Corp.; residents sought time for ordinances and public input."}},{"type":"Feature","geometry":{"type":"Point","coordinates":[-90.660071,42.515133]},"properties":{"id":"ia-city-of-dubuque-2026","jurisdiction":"City of Dubuque","state":"Iowa","state_abbrev":"IA","jurisdiction_type":"City","enacted_status":"active","date_enacted_iso":"2026-09-21","current_end_date_iso":"","date_enacted_uncertainty":"exact","duration_days":180,"duration_kind":"fixed_days","sectors":["data_center"],"trigger_categories":["regulatory_gap","infrastructure_capacity","water","grid_energy"],"date_enacted":"2026-09-21 -- City Council unanimously adopted a six-month moratorium ordinance on hyperscale data centers at its Monday meeting (after delaying an earlier version to refine thresholds and annexation language).","duration":"Six months","trigger":"Evaluate utility infrastructure and whether/how land proposed for hyperscale data centers could be annexed or served by public utilities; resident survey opposition."}},{"type":"Feature","geometry":{"type":"Point","coordinates":[-91.781013,41.919447]},"properties":{"id":"ia-city-of-fairfax-undated","jurisdiction":"City of Fairfax","state":"Iowa","state_abbrev":"IA","jurisdiction_type":"City","enacted_status":"pending","date_enacted_iso":"","current_end_date_iso":"","date_enacted_uncertainty":"unverified","duration_days":null,"duration_kind":"indefinite","sectors":["data_center"],"trigger_categories":["grid_energy","water","infrastructure_capacity"],"date_enacted":"Pending -- on 2026-07-14 the City Council voted 3-1 to advance an ordinance imposing a moratorium on high-impact data centers with no end date; Corridor Business Journal reports the moratorium was not formally approved and further procedural steps (readings, attorney review, mayoral signature) remain.","duration":"No end date: remains in effect unless modified or repealed by a subsequent ordinance","trigger":"Concerns over electrical demand, water, local infrastructure and job displacement from large AI data centers near the Cedar Rapids data center cluster."}},{"type":"Feature","geometry":{"type":"Point","coordinates":[-91.963004,41.007234]},"properties":{"id":"ia-city-of-fairfield-2026","jurisdiction":"City of Fairfield","state":"Iowa","state_abbrev":"IA","jurisdiction_type":"City","enacted_status":"active","date_enacted_iso":"2026-08-24","current_end_date_iso":"","date_enacted_uncertainty":"exact","duration_days":365,"duration_kind":"fixed_days","sectors":["data_center"],"trigger_categories":["regulatory_gap"],"date_enacted":"2026-08-24 -- City Council voted 6-0 to pass a data center moratorium ordinance, waiving second and third readings; effective upon publication (Thursday, Aug. 27).","duration":"12 months from publication, with an optional 6-month extension","trigger":"Time to study data center impacts and city codes, following Jefferson County's Aug. 11 moratorium."}},{"type":"Feature","geometry":{"type":"Point","coordinates":[-92.912267,42.048881]},"properties":{"id":"ia-city-of-marshalltown-2026","jurisdiction":"City of Marshalltown","state":"Iowa","state_abbrev":"IA","jurisdiction_type":"City","enacted_status":"active","date_enacted_iso":"2026-08-24","current_end_date_iso":"","date_enacted_uncertainty":"exact","duration_days":null,"duration_kind":"until_date","sectors":["data_center"],"trigger_categories":["specific_project","regulatory_gap"],"date_enacted":"2026-08-24 -- City Council passed Ordinance 15123 (second reading, third reading waived) establishing a temporary data center moratorium; effective upon publication (expected Aug. 26).","duration":"Until November 23, 2026; council may extend once by resolution for up to 60 days","trigger":"Swarm Systems proposal to buy 21 acres of city land for a data center; need for zoning, environmental and land-use rules."}},{"type":"Feature","geometry":{"type":"Point","coordinates":[-90.84338,42.446953]},"properties":{"id":"ia-city-of-peosta-2026","jurisdiction":"City of Peosta","state":"Iowa","state_abbrev":"IA","jurisdiction_type":"City","enacted_status":"active","date_enacted_iso":"2026-06-23","current_end_date_iso":"","date_enacted_uncertainty":"exact","duration_days":180,"duration_kind":"fixed_days","sectors":["data_center"],"trigger_categories":[],"date_enacted":"2026-06-23 -- City Council adopted Resolution 2026-49, effective immediately.","duration":"180 days; the city lists December 20, 2026 as the current expiration date, subject to earlier termination, modification, or replacement","trigger":""}},{"type":"Feature","geometry":{"type":"Point","coordinates":[-92.332874,42.498275]},"properties":{"id":"ia-city-of-waterloo-2026","jurisdiction":"City of Waterloo","state":"Iowa","state_abbrev":"IA","jurisdiction_type":"City","enacted_status":"active","date_enacted_iso":"2026-09-08","current_end_date_iso":"","date_enacted_uncertainty":"exact","duration_days":90,"duration_kind":"fixed_days","sectors":["data_center"],"trigger_categories":["specific_project","regulatory_gap","water","grid_energy","noise"],"date_enacted":"2026-09-08 -- City Council unanimously approved a three-month moratorium on data center development (Radio Iowa, published Sept. 9, reports the vote 'last night').","duration":"Three months (90 days); may be extended up to one year","trigger":"Public concern over a December 2025 agreement selling 12 acres of city land for $1 to Wahawk Power LLC for an 80,000 sq ft data center with a 10-year 50% tax rebate."}},{"type":"Feature","geometry":{"type":"Point","coordinates":[-93.784298,41.015209]},"properties":{"id":"ia-clarke-county-2025","jurisdiction":"Clarke County","state":"Iowa","state_abbrev":"IA","jurisdiction_type":"County","enacted_status":"active","date_enacted_iso":"2025-06-23","current_end_date_iso":"","date_enacted_uncertainty":"exact","duration_days":null,"duration_kind":"until_event","sectors":["data_center"],"trigger_categories":["specific_project","regulatory_gap","infrastructure_capacity","land_use_compatibility"],"date_enacted":"2025-06-23","duration":"Until the Board passes a resolution imposing a permanent moratorium, passes an ordinance regulating data centers, or rescinds the temporary moratorium; no calendar end date (Resolution #25-011).","trigger":"County lacked data center rules and cited safety, property-right, and road impacts."}},{"type":"Feature","geometry":{"type":"Point","coordinates":[-91.366715,42.854771]},"properties":{"id":"ia-clayton-county-2025","jurisdiction":"Clayton County","state":"Iowa","state_abbrev":"IA","jurisdiction_type":"County","enacted_status":"extended","date_enacted_iso":"2025-02-25","current_end_date_iso":"2026-12-31","date_enacted_uncertainty":"exact","duration_days":null,"duration_kind":"until_date","sectors":["cryptocurrency_mining","data_center"],"trigger_categories":["infrastructure_capacity","land_use_compatibility","regulatory_gap"],"date_enacted":"2025-02-25","duration":"Originally through 2025-12-31; extended through 2026-12-31","trigger":"Infrastructure burden, nearby property impacts, and need to revise zoning approvals for digital asset mining and data centers."}},{"type":"Feature","geometry":{"type":"Point","coordinates":[-91.197104,40.919543]},"properties":{"id":"ia-des-moines-county-2026","jurisdiction":"Des Moines County","state":"Iowa","state_abbrev":"IA","jurisdiction_type":"County","enacted_status":"active","date_enacted_iso":"2026-05-19","current_end_date_iso":"","date_enacted_uncertainty":"exact","duration_days":365,"duration_kind":"fixed_days","sectors":["data_center","cryptocurrency_mining"],"trigger_categories":["regulatory_gap"],"date_enacted":"2026-05-19 -- Board of Supervisors adopted Resolution 2026-034, effective immediately, per official minutes (motion by Jim Cary, seconded by Tom Broeker, no dissent recorded).","duration":"One year from adoption while the county develops regulations","trigger":"County developing data center regulations"}},{"type":"Feature","geometry":{"type":"Point","coordinates":[-95.165428,43.375302]},"properties":{"id":"ia-dickinson-county-2026","jurisdiction":"Dickinson County","state":"Iowa","state_abbrev":"IA","jurisdiction_type":"County","enacted_status":"active","date_enacted_iso":"2026-05-12","current_end_date_iso":"","date_enacted_uncertainty":"exact","duration_days":180,"duration_kind":"fixed_days","sectors":["data_center","cryptocurrency_mining","solar","battery_storage"],"trigger_categories":[],"date_enacted":"2026-05-12 -- Board of Supervisors adopted Resolution 2026-8 by a 4-1 vote following a public hearing, per official minutes.","duration":"Six months from adoption; may be extended by further board action","trigger":""}},{"type":"Feature","geometry":{"type":"Point","coordinates":[-90.874205,42.469299]},"properties":{"id":"ia-dubuque-county-2026","jurisdiction":"Dubuque County","state":"Iowa","state_abbrev":"IA","jurisdiction_type":"County","enacted_status":"active","date_enacted_iso":"2026-05-26","current_end_date_iso":"","date_enacted_uncertainty":"exact","duration_days":365,"duration_kind":"fixed_days","sectors":["data_center"],"trigger_categories":["regulatory_gap"],"date_enacted":"2026-05-26 -- Board of Supervisors special meeting; per KCRG, Supervisor McDonough moved to extend an originally proposed 120-day period to 12 months.","duration":"12 months","trigger":"County was considering a separate data-center ordinance; board members wanted a longer pause than the staff-proposed 120 days."}},{"type":"Feature","geometry":{"type":"Point","coordinates":[-94.674993,43.370753]},"properties":{"id":"ia-emmet-county-2026","jurisdiction":"Emmet County","state":"Iowa","state_abbrev":"IA","jurisdiction_type":"County","enacted_status":"active","date_enacted_iso":"2026-08-25","current_end_date_iso":"","date_enacted_uncertainty":"exact","duration_days":365,"duration_kind":"fixed_days","sectors":["data_center"],"trigger_categories":["regulatory_gap","water","grid_energy"],"date_enacted":"2026-08-25 -- Board of Supervisors voted unanimously to adopt Resolution 2625 establishing a one-year temporary moratorium on data centers (Estherville News; KTIV).","duration":"One year","trigger":"Precautionary; board wanted regulations before any project is proposed, citing health concerns, water usage and energy needs."}},{"type":"Feature","geometry":{"type":"Point","coordinates":[-94.674993,43.370753]},"properties":{"id":"ia-emmet-county-2024","jurisdiction":"Emmet County","state":"Iowa","state_abbrev":"IA","jurisdiction_type":"County","enacted_status":"replaced","date_enacted_iso":"2024-10-15","current_end_date_iso":"","date_enacted_uncertainty":"exact","duration_days":null,"duration_kind":"until_date","sectors":["wind"],"trigger_categories":["regulatory_gap","infrastructure_capacity","environmental"],"date_enacted":"2024-10-15 -- Board of Supervisors approved Resolution #24-29 imposing a moratorium on conditional use/zoning permits for commercial wind energy conversion systems (CWECS), originally through 2025-01-31; continued by later resolutions (Resolution #25-30 on 2025-07-29 to 2025-09-30; continued on 2025-12-16 to 2026-03-31).","duration":"Originally through 2025-01-31, repeatedly continued (to 2025-07-31, 2025-09-30, then 2026-03-31) while wind zoning amendments were prepared","trigger":"Need to amend the county zoning ordinance's CWECS provisions; concern that CWECS could burden county infrastructure, the environment and wildlife."}},{"type":"Feature","geometry":{"type":"Point","coordinates":[-92.783054,43.058789]},"properties":{"id":"ia-floyd-county-2023","jurisdiction":"Floyd County","state":"Iowa","state_abbrev":"IA","jurisdiction_type":"County","enacted_status":"extended","date_enacted_iso":"2023-11","current_end_date_iso":"","date_enacted_uncertainty":"month_only","duration_days":null,"duration_kind":"until_date","sectors":["battery_storage"],"trigger_categories":["regulatory_gap"],"date_enacted":"2023-11 -- moratorium on wind permits and applications enacted, also covering battery energy storage system (BESS) applications and permits (KCHA). Wind portion ended with the new wind ordinance (2026-01-06); BESS portion extended by Res #04-26 (2026-01-20) to 2026-08-04, lapsed 2026-08-04, and was renewed 2026-09-15 through 2026-12-29.","duration":"BESS moratorium currently through December 29, 2026 unless modified or repealed earlier","trigger":"County needs a BESS ordinance; BESS was not addressed in the new wind ordinance."}},{"type":"Feature","geometry":{"type":"Point","coordinates":[-93.251317,42.728591]},"properties":{"id":"ia-franklin-county-2026","jurisdiction":"Franklin County","state":"Iowa","state_abbrev":"IA","jurisdiction_type":"County","enacted_status":"active","date_enacted_iso":"2026-03-31","current_end_date_iso":"","date_enacted_uncertainty":"exact","duration_days":null,"duration_kind":"until_event","sectors":["data_center"],"trigger_categories":["regulatory_gap","land_use_compatibility"],"date_enacted":"2026-03-31","duration":"Temporary; end date not captured","trigger":"County evaluation of impacts and planning needs for data center projects in unincorporated areas."}},{"type":"Feature","geometry":{"type":"Point","coordinates":[-91.551128,40.97783]},"properties":{"id":"ia-henry-county-2026","jurisdiction":"Henry County","state":"Iowa","state_abbrev":"IA","jurisdiction_type":"County","enacted_status":"active","date_enacted_iso":"2026-05-14","current_end_date_iso":"","date_enacted_uncertainty":"exact","duration_days":null,"duration_kind":"until_date","sectors":["data_center","cryptocurrency_mining","battery_storage"],"trigger_categories":["regulatory_gap"],"date_enacted":"2026-05-14 -- Board of Supervisors adopted a moratorium on siting applications for AI data centers, data mining facilities and battery energy storage systems at its weekly Thursday meeting, effective at noon that day.","duration":"Through December 31, 2026","trigger":"County has no ordinances for solar, BESS, data centers or data mining facilities and wanted policy in place before any projects are proposed."}},{"type":"Feature","geometry":{"type":"Point","coordinates":[-95.494941,42.378837]},"properties":{"id":"ia-ida-county-2026","jurisdiction":"Ida County","state":"Iowa","state_abbrev":"IA","jurisdiction_type":"County","enacted_status":"active","date_enacted_iso":"2026-06-30","current_end_date_iso":"","date_enacted_uncertainty":"exact","duration_days":null,"duration_kind":"indefinite","sectors":["data_center"],"trigger_categories":["regulatory_gap"],"date_enacted":"2026-06-30 -- Board of Supervisors approved Resolution 26-30 For Moratorium on Data Processing Center (motion Whiteing, second Schubert, all voting aye), per official minutes.","duration":"Indefinite, until the board votes otherwise","trigger":"Not detailed in the news coverage found."}},{"type":"Feature","geometry":{"type":"Point","coordinates":[-92.061227,41.683983]},"properties":{"id":"ia-iowa-county-2026","jurisdiction":"Iowa County","state":"Iowa","state_abbrev":"IA","jurisdiction_type":"County","enacted_status":"active","date_enacted_iso":"2026-07-31","current_end_date_iso":"","date_enacted_uncertainty":"exact","duration_days":365,"duration_kind":"fixed_days","sectors":["data_center"],"trigger_categories":["regulatory_gap","water","grid_energy","noise","land_use_compatibility"],"date_enacted":"2026-07-31 -- Board of Supervisors passed Resolution 2026-07-31 establishing a twelve-month moratorium on data center applications (motion Montross, second Degen; Supervisor Maas absent), per official minutes.","duration":"Twelve (12) months from the date of adoption, unless earlier rescinded or extended by resolution","trigger":"County does not specifically regulate modern data centers; concerns about water use, electrical consumption, noise, cooling infrastructure and rural quality of life."}},{"type":"Feature","geometry":{"type":"Point","coordinates":[-90.548007,42.142038]},"properties":{"id":"ia-jackson-county-2024","jurisdiction":"Jackson County","state":"Iowa","state_abbrev":"IA","jurisdiction_type":"County","enacted_status":"extended","date_enacted_iso":"2024-09-17","current_end_date_iso":"2027-08-04","date_enacted_uncertainty":"exact","duration_days":null,"duration_kind":"until_date","sectors":["cryptocurrency_mining","data_center"],"trigger_categories":["regulatory_gap","infrastructure_capacity","environmental","land_use_compatibility"],"date_enacted":"Three documented adoptions in the captured record: (1) 2024-09-17 \u2014 Resolution #1066-09-17-2024 \u2014 \"Resolution Approving Moratorium on Data Mining Facilities\" (signed copy in record), originally through 2025-06-30 (text reads \"for a period of months through June 30, 2025\"). (2) 2025-09-09 \u2014 Resolution #1142-09-09-2025 \u2014 second moratorium re-established at the September 9, 2025 BoS meeting (signed minutes capture the motion and adoption). The interim 2025-03-25 \"Resolution #1105-03-25-2025\" referenced in earlier project notes is not corroborated in the captured Jackson County record and may have been a transcription of the 2024 resolution number; treat as ****.","duration":"First instance (Sept 17, 2024) ran through June 30, 2025 (Resolution #1066-09-17-2024 text). Second instance (Sept 9, 2025) runs through August 31, 2026 unless ended sooner by board action (Resolution #1142-09-09-2025: \"approving a Moratorium on Data Mining Facilities until August 31, 2026, unless ended sooner by action of the Board of Supervisors\"). Third instance (adopted Aug. 4, 2026) replaced Resolution #1142-09-09-2025 before its Aug. 31, 2026 expiry and runs through Aug. 4, 2027, ending sooner if permanent regulations are adopted or the Board terminates it.","trigger":"Resolution text cites lack of current county ordinance and need to protect infrastructure, natural resources, and property rights through adequate setback provisions while the Planning and Zoning Commission gathers information and coordinates with multiple agencies."}},{"type":"Feature","geometry":{"type":"Point","coordinates":[-91.971864,41.013134]},"properties":{"id":"ia-jefferson-county-2026","jurisdiction":"Jefferson County","state":"Iowa","state_abbrev":"IA","jurisdiction_type":"County","enacted_status":"active","date_enacted_iso":"2026-08-11","current_end_date_iso":"","date_enacted_uncertainty":"exact","duration_days":365,"duration_kind":"fixed_days","sectors":["data_center"],"trigger_categories":["regulatory_gap","water","noise","environmental"],"date_enacted":"2026-08-11 -- Board of Supervisors unanimously adopted a data center ordinance (Jefferson County Code Chapter 5-45) and a moratorium resolution imposing a 12-month halt on permits under that ordinance, after an Aug. 10 public hearing.","duration":"12 months, effective immediately, unless rescinded, modified or extended by the board","trigger":"Community petition (799 signers seeking a two-year pause); concerns about water use, air quality, noise and costs; newly adopted ordinance still needs committee review."}},{"type":"Feature","geometry":{"type":"Point","coordinates":[-91.606112,41.686183]},"properties":{"id":"ia-johnson-county-2025","jurisdiction":"Johnson County","state":"Iowa","state_abbrev":"IA","jurisdiction_type":"County","enacted_status":"active","date_enacted_iso":"2025-11-06","current_end_date_iso":"2026-11-08","date_enacted_uncertainty":"exact","duration_days":null,"duration_kind":"until_date","sectors":["data_center"],"trigger_categories":["regulatory_gap","infrastructure_capacity","water","grid_energy","noise","land_use_compatibility"],"date_enacted":"2025-11-06","duration":"Through 2026-11-08 at 11:59 p.m. CT unless extended or ended earlier","trigger":"Potential burden on power and water resources, area-character concerns, and need for Unified Development Ordinance amendments."}},{"type":"Feature","geometry":{"type":"Point","coordinates":[-91.14272,42.108197]},"properties":{"id":"ia-jones-county-2024","jurisdiction":"Jones County","state":"Iowa","state_abbrev":"IA","jurisdiction_type":"County","enacted_status":"replaced","date_enacted_iso":"2024-10-15","current_end_date_iso":"","date_enacted_uncertainty":"exact","duration_days":null,"duration_kind":"until_date","sectors":["data_center","battery_storage","cryptocurrency_mining"],"trigger_categories":["regulatory_gap","land_use_compatibility"],"date_enacted":"2024-10-15 (signed October 15, 2024 BoS minutes record adoption of \"Resolution Approving a Moratorium on Data Mining Facilities,\" numbered 2024-149, by 5-0 roll-call vote; same meeting also adopted Resolution 2024-150 imposing a parallel moratorium on Utility Scale Battery Energy Storage Systems on the same terms).","duration":"Originally through 2025-04-15 (resolution text), extendable by subsequent resolution; the moratorium was succeeded by a permanent regulatory ordinance rather than extended.","trigger":"Board cited no current county data mining ordinance and need for planning/zoning work on setbacks and standards (resolution text)."}},{"type":"Feature","geometry":{"type":"Point","coordinates":[-91.507313,40.652489]},"properties":{"id":"ia-lee-county-2026","jurisdiction":"Lee County","state":"Iowa","state_abbrev":"IA","jurisdiction_type":"County","enacted_status":"active","date_enacted_iso":"2026-06-16","current_end_date_iso":"","date_enacted_uncertainty":"exact","duration_days":365,"duration_kind":"fixed_days","sectors":["data_center"],"trigger_categories":["regulatory_gap"],"date_enacted":"2026-06-16 -- Board of Supervisors unanimously adopted Resolution 2026-76 after first rejecting a motion to table it, per official minutes.","duration":"Up to one year while the county studies a regulatory framework","trigger":"County studying a regulatory framework for data centers"}},{"type":"Feature","geometry":{"type":"Point","coordinates":[-91.603793,42.063183]},"properties":{"id":"ia-linn-county-2026","jurisdiction":"Linn County","state":"Iowa","state_abbrev":"IA","jurisdiction_type":"County","enacted_status":"active","date_enacted_iso":"2026-07-01","current_end_date_iso":"2028-01-01","date_enacted_uncertainty":"exact","duration_days":null,"duration_kind":"until_date","sectors":["data_center"],"trigger_categories":["regulatory_gap","land_use_compatibility"],"date_enacted":"2026-07-01 -- per Linn County government CivicAlert, effective July 1, 2026; vote was not unanimous (Supervisor Sami Scheetz opposed).","duration":"18 months, effective through 11:59 p.m. Central Time on January 1, 2028","trigger":"Board sought to pause new large-scale data-center rezoning applications even after having already adopted a permanent data-center zoning ordinance (approved Feb. 18, 2026) covering EU-3 districts."}},{"type":"Feature","geometry":{"type":"Point","coordinates":[-91.268398,41.206668]},"properties":{"id":"ia-louisa-county-2026","jurisdiction":"Louisa County","state":"Iowa","state_abbrev":"IA","jurisdiction_type":"County","enacted_status":"active","date_enacted_iso":"2026-07-07","current_end_date_iso":"","date_enacted_uncertainty":"exact","duration_days":548,"duration_kind":"fixed_days","sectors":["data_center"],"trigger_categories":["regulatory_gap","water","grid_energy"],"date_enacted":"2026-07-07 -- Board of Supervisors approved the first reading of Ordinance 26-1 (data center moratorium) and waived the second and third readings after a public hearing (Daily Democrat); KCII reported the ordinance officially passed in its Aug. 4 story.","duration":"18 months or until an ordinance regulating data centers is adopted, whichever occurs first","trigger":"Time to gather information and develop data center regulations; public concern about water and electricity use."}},{"type":"Feature","geometry":{"type":"Point","coordinates":[-91.268398,41.206668]},"properties":{"id":"ia-louisa-county-undated","jurisdiction":"Louisa County","state":"Iowa","state_abbrev":"IA","jurisdiction_type":"County","enacted_status":"pending","date_enacted_iso":"","current_end_date_iso":"","date_enacted_uncertainty":"unverified","duration_days":null,"duration_kind":"until_event","sectors":["cryptocurrency_mining"],"trigger_categories":["regulatory_gap","water","grid_energy"],"date_enacted":"Pending -- first reading of Ordinance 26-2 (moratorium on new permit applications for cryptocurrency mining projects) approved at the Sept. 1, 2026 meeting after a public hearing; the Board deferred waiving the second and third readings to its next meeting.","duration":"Until zoning develops cryptocurrency mining rules and regulations (per the chair's description); term not published","trigger":"Resident request at the data center moratorium hearing to add crypto mining; supervisors committed to a separate crypto moratorium."}},{"type":"Feature","geometry":{"type":"Point","coordinates":[-94.016797,41.313341]},"properties":{"id":"ia-madison-county-2026","jurisdiction":"Madison County","state":"Iowa","state_abbrev":"IA","jurisdiction_type":"County","enacted_status":"active","date_enacted_iso":"2026-05-26","current_end_date_iso":"","date_enacted_uncertainty":"exact","duration_days":365,"duration_kind":"fixed_days","sectors":["data_center","battery_storage"],"trigger_categories":["regulatory_gap"],"date_enacted":"2026-05-26 -- Board of Supervisors passed two 12-month moratoriums (data centers; battery storage systems) following a pair of public hearings; KCCI reports first reading approved unanimously with second and third readings waived (news-reported; ordinance numbers not located).","duration":"12 months (reported as two separate 12-month moratoriums, one for data centers and one for battery storage systems)","trigger":"Board sought time to review zoning rules before allowing data center and battery storage development."}},{"type":"Feature","geometry":{"type":"Point","coordinates":[-92.99157,42.037813]},"properties":{"id":"ia-marshall-county-undated","jurisdiction":"Marshall County","state":"Iowa","state_abbrev":"IA","jurisdiction_type":"County","enacted_status":"pending","date_enacted_iso":"","current_end_date_iso":"","date_enacted_uncertainty":"unverified","duration_days":180,"duration_kind":"fixed_days","sectors":["data_center"],"trigger_categories":["regulatory_gap"],"date_enacted":"Pending -- Resolution 2026-0030 (six-month moratorium on application and permit processing for new data center developments in unincorporated Marshall County) on the Board of Supervisors' Sept. 23, 2026 agenda, following a unanimous Zoning Commission recommendation in August 2026.","duration":"Six months; if approved, effective immediately and in place until March 24, 2027","trigger":"No data center proposed yet; county wants time to review zoning regulations before a developer arrives."}},{"type":"Feature","geometry":{"type":"Point","coordinates":[-92.784021,43.342033]},"properties":{"id":"ia-mitchell-county-2025","jurisdiction":"Mitchell County","state":"Iowa","state_abbrev":"IA","jurisdiction_type":"County","enacted_status":"active","date_enacted_iso":"2025-11-25","current_end_date_iso":"2026-12-31","date_enacted_uncertainty":"exact","duration_days":null,"duration_kind":"until_date","sectors":["data_center"],"trigger_categories":["regulatory_gap"],"date_enacted":"2025-11-25","duration":"Through 2026-12-31","trigger":"Board discussion referenced the need for county guidelines before approving data center activity."}},{"type":"Feature","geometry":{"type":"Point","coordinates":[-95.16024,40.736337]},"properties":{"id":"ia-page-county-2026","jurisdiction":"Page County","state":"Iowa","state_abbrev":"IA","jurisdiction_type":"County","enacted_status":"active","date_enacted_iso":"2026-07-21","current_end_date_iso":"","date_enacted_uncertainty":"exact","duration_days":null,"duration_kind":"indefinite","sectors":["data_center"],"trigger_categories":["regulatory_gap"],"date_enacted":"2026-07-21 -- Board of Supervisors approved a data center moratorium by 2-1 vote (Maher, Rogers aye; Clark nay) on Tuesday afternoon, per KMA.","duration":"No end date reported; described as a 'placeholder' that can be rescinded at any time","trigger":"Time to research data centers and review county zoning for gaps."}},{"type":"Feature","geometry":{"type":"Point","coordinates":[-94.662505,43.076283]},"properties":{"id":"ia-palo-alto-county-2026","jurisdiction":"Palo Alto County","state":"Iowa","state_abbrev":"IA","jurisdiction_type":"County","enacted_status":"active","date_enacted_iso":"2026-07-08","current_end_date_iso":"2027-07-08","date_enacted_uncertainty":"exact","duration_days":null,"duration_kind":"until_date","sectors":["data_center"],"trigger_categories":["regulatory_gap","infrastructure_capacity","water","land_use_compatibility"],"date_enacted":"2026-07-08 -- Board of Supervisors regular meeting; motion by Merrill, seconded by Graettinger. Roll call: Ayes: Faulstick, Merrill, Graettinger, Wirtz, Solberg; Nays: none.","duration":"Effective immediately until July 8, 2027, or upon passage of a data-center ordinance, whichever is sooner","trigger":"Board found current zoning ordinances do not specifically address modern data centers; cited concerns about water use, electrical consumption, noise, cooling infrastructure, and rural quality of life, and the need to coordinate with utilities, regional planning bodies, and other stakeholders before accepting applications."}},{"type":"Feature","geometry":{"type":"Point","coordinates":[-94.662505,43.076283]},"properties":{"id":"ia-palo-alto-county-2025","jurisdiction":"Palo Alto County","state":"Iowa","state_abbrev":"IA","jurisdiction_type":"County","enacted_status":"extended","date_enacted_iso":"2025-06-03","current_end_date_iso":"","date_enacted_uncertainty":"exact","duration_days":null,"duration_kind":"until_date","sectors":["cryptocurrency_mining","data_center"],"trigger_categories":["regulatory_gap","infrastructure_capacity"],"date_enacted":"2025-06-03 -- Board of Supervisors adopted Resolution 6-3-2025, a temporary moratorium on development/construction of cryptocurrency and data mining facilities; extended 2026-03-10 by Resolution No. 3-10-2026 to 2027-04-01 or passage of an ordinance.","duration":"Extended to April 1, 2027 or passage of a cryptocurrency/data mining facility ordinance, whichever comes first; further extension possible by resolution","trigger":"Companies interested in building crypto/data mining facilities; need to review ordinances to protect county roads, natural resources and property rights."}},{"type":"Feature","geometry":{"type":"Point","coordinates":[-94.662505,43.076283]},"properties":{"id":"ia-palo-alto-county-2025-2","jurisdiction":"Palo Alto County","state":"Iowa","state_abbrev":"IA","jurisdiction_type":"County","enacted_status":"extended","date_enacted_iso":"2025-05-13","current_end_date_iso":"","date_enacted_uncertainty":"exact","duration_days":null,"duration_kind":"until_date","sectors":["battery_storage"],"trigger_categories":["regulatory_gap"],"date_enacted":"2025-05-13 -- Board of Supervisors adopted Resolution No. 5-13-2025 approving a temporary moratorium on utility-scale battery energy storage systems (motion Graettinger, second Solberg; unanimous).","duration":"Originally until April 1, 2026 or passage of a BESS ordinance; extendable by resolution","trigger":"Need to draft a utility-scale BESS ordinance."}},{"type":"Feature","geometry":{"type":"Point","coordinates":[-96.221361,42.736912]},"properties":{"id":"ia-plymouth-county-2026","jurisdiction":"Plymouth County","state":"Iowa","state_abbrev":"IA","jurisdiction_type":"County","enacted_status":"active","date_enacted_iso":"2026-06-16","current_end_date_iso":"","date_enacted_uncertainty":"exact","duration_days":365,"duration_kind":"fixed_days","sectors":["data_center","battery_storage"],"trigger_categories":["regulatory_gap"],"date_enacted":"2026-06-16 -- Board of Supervisors approved unanimously, per KLEM 1410.","duration":"One year (to approximately 2027-06-16); can be revoked or extended by the Board at any time","trigger":"Regulatory gap on siting large-scale data centers and industrial battery storage."}},{"type":"Feature","geometry":{"type":"Point","coordinates":[-95.316362,41.668243]},"properties":{"id":"ia-shelby-county-2026","jurisdiction":"Shelby County","state":"Iowa","state_abbrev":"IA","jurisdiction_type":"County","enacted_status":"active","date_enacted_iso":"2026-03-17","current_end_date_iso":"2027-07-01","date_enacted_uncertainty":"exact","duration_days":null,"duration_kind":"until_date","sectors":["data_center","cryptocurrency_mining"],"trigger_categories":["regulatory_gap","infrastructure_capacity","environmental","land_use_compatibility","property_values","other"],"date_enacted":"2026-03-17","duration":"Through 2027-07-01","trigger":"No ordinance governing commercial digital asset mining/data centers; concerns about infrastructure, natural resources, property rights, area character, and public health, safety, and welfare."}},{"type":"Feature","geometry":{"type":"Point","coordinates":[-95.316362,41.668243]},"properties":{"id":"ia-shelby-county-2026-2","jurisdiction":"Shelby County","state":"Iowa","state_abbrev":"IA","jurisdiction_type":"County","enacted_status":"active","date_enacted_iso":"2026-03-17","current_end_date_iso":"2027-07-01","date_enacted_uncertainty":"exact","duration_days":null,"duration_kind":"until_date","sectors":["solar"],"trigger_categories":["regulatory_gap","infrastructure_capacity"],"date_enacted":"2026-03-17 -- Board of Supervisors regular meeting; motion by Schaben, seconded by Kolbe, carried unanimously.","duration":"Effective immediately for a period ending July 1, 2027","trigger":"Shelby County has no existing ordinance governing siting, construction, and operation of commercial solar energy systems."}},{"type":"Feature","geometry":{"type":"Point","coordinates":[-95.316362,41.668243]},"properties":{"id":"ia-shelby-county-2026-3","jurisdiction":"Shelby County","state":"Iowa","state_abbrev":"IA","jurisdiction_type":"County","enacted_status":"active","date_enacted_iso":"2026-03-17","current_end_date_iso":"2027-07-01","date_enacted_uncertainty":"exact","duration_days":null,"duration_kind":"until_date","sectors":["battery_storage"],"trigger_categories":["regulatory_gap","infrastructure_capacity"],"date_enacted":"2026-03-17 -- Board of Supervisors regular meeting; motion by Kolbe, seconded by Schaben, carried unanimously.","duration":"Effective immediately for a period ending July 1, 2027","trigger":"Shelby County has no existing ordinance governing siting, construction, and operation of commercial battery storage projects."}},{"type":"Feature","geometry":{"type":"Point","coordinates":[-95.316362,41.668243]},"properties":{"id":"ia-shelby-county-2026-4","jurisdiction":"Shelby County","state":"Iowa","state_abbrev":"IA","jurisdiction_type":"County","enacted_status":"active","date_enacted_iso":"2026-03-17","current_end_date_iso":"2027-07-01","date_enacted_uncertainty":"exact","duration_days":null,"duration_kind":"until_date","sectors":["wind"],"trigger_categories":["regulatory_gap","infrastructure_capacity"],"date_enacted":"2026-03-17 -- Board of Supervisors regular meeting; motion by Kolbe, seconded by Schaben, carried unanimously.","duration":"Effective immediately for a period ending July 1, 2027","trigger":"Shelby County has no existing ordinance governing siting, construction, and operation of commercial wind energy systems."}},{"type":"Feature","geometry":{"type":"Point","coordinates":[-96.160237,43.057408]},"properties":{"id":"ia-sioux-county-2026","jurisdiction":"Sioux County","state":"Iowa","state_abbrev":"IA","jurisdiction_type":"County","enacted_status":"active","date_enacted_iso":"2026-06-16","current_end_date_iso":"","date_enacted_uncertainty":"exact","duration_days":365,"duration_kind":"fixed_days","sectors":["data_center","battery_storage"],"trigger_categories":["regulatory_gap"],"date_enacted":"2026-06-16","duration":"One year, automatic sunset","trigger":"Board desired additional time to review Sioux County Ordinance No. 01 (the county's general land-use/zoning ordinance) before any data center or BESS project could be considered; the resolution notes no such facilities were installed or in development in the county at the time."}},{"type":"Feature","geometry":{"type":"Point","coordinates":[-93.489194,42.016161]},"properties":{"id":"ia-story-county-2025","jurisdiction":"Story County","state":"Iowa","state_abbrev":"IA","jurisdiction_type":"County","enacted_status":"active","date_enacted_iso":"2025-06-17","current_end_date_iso":"2027-03-31","date_enacted_uncertainty":"exact","duration_days":null,"duration_kind":"until_date","sectors":["data_center","battery_storage","cryptocurrency_mining"],"trigger_categories":["regulatory_gap"],"date_enacted":"2025-06-17","duration":"Through 2025-12-31; extended through 2026-03-31 by Resolution #26-36 (2025-11-25); further extended through 2027-03-31 by Resolution #26-69 (2026-03-17)","trigger":"County regulations were silent on digital asset mining, cryptocurrency operations, data processing centers, and battery/energy storage uses."}},{"type":"Feature","geometry":{"type":"Point","coordinates":[-92.543392,42.056811]},"properties":{"id":"ia-tama-county-2025","jurisdiction":"Tama County","state":"Iowa","state_abbrev":"IA","jurisdiction_type":"County","enacted_status":"active","date_enacted_iso":"2025-11-10","current_end_date_iso":"","date_enacted_uncertainty":"exact","duration_days":null,"duration_kind":"until_event","sectors":["data_center","cryptocurrency_mining"],"trigger_categories":["regulatory_gap","agricultural_preservation","grid_energy","water","land_use_compatibility"],"date_enacted":"2025-11-10 -- Board of Supervisors adopted Resolution 11-10-2025A, \"Resolution for Immediate and Indefinite Moratorium on Data Mining and Centers in Tama County, IA\" (motion Hilmer, second Knebel; roll call 5-0: Hilmer, Turner, Knebel, Doland, Kupka), per the official November 10, 2025 minutes, which reproduce the full resolution text.","duration":"Indefinite: remains in effect until (1) a comprehensive land use plan is adopted by Tama County and (2) the Zoning Commission drafts and the Board enacts a data mining and center ordinance.","trigger":"No county ordinance governs siting, construction or operation of data mining and centers; concerns about impacts on agricultural resources, electricity infrastructure, water resources and community character, and the absence of a comprehensive plan."}},{"type":"Feature","geometry":{"type":"Point","coordinates":[-92.543392,42.056811]},"properties":{"id":"ia-tama-county-2025-2","jurisdiction":"Tama County","state":"Iowa","state_abbrev":"IA","jurisdiction_type":"County","enacted_status":"active","date_enacted_iso":"2025-11-10","current_end_date_iso":"","date_enacted_uncertainty":"exact","duration_days":null,"duration_kind":"until_event","sectors":["battery_storage"],"trigger_categories":["regulatory_gap","fire_safety","environmental","agricultural_preservation"],"date_enacted":"2025-11-10 -- Board of Supervisors adopted Resolution 11-10-2025B, 'A Resolution Establishing an Indefinite Moratorium on Battery Storage Projects in Tama County' (motion Turner, second Kupka; roll call 5-0), per official minutes.","duration":"Indefinite: until a comprehensive land use plan is adopted and the Zoning Commission drafts and the Board enacts an ordinance","trigger":"No ordinance for battery storage; concerns about fire hazards, safety risks, emergency response preparedness, environmental contamination, setbacks and visual impacts; agricultural preservation."}},{"type":"Feature","geometry":{"type":"Point","coordinates":[-94.684741,40.738254]},"properties":{"id":"ia-taylor-county-2026","jurisdiction":"Taylor County","state":"Iowa","state_abbrev":"IA","jurisdiction_type":"County","enacted_status":"active","date_enacted_iso":"2026-05-07","current_end_date_iso":"","date_enacted_uncertainty":"exact","duration_days":365,"duration_kind":"fixed_days","sectors":["data_center","solar","battery_storage"],"trigger_categories":[],"date_enacted":"2026-05-07 -- Board of Supervisors voted 3-0 to amend Resolution 2023-21 (the existing wind-turbine moratorium) to include data centers, solar panels, wind turbines and battery storage, then 3-0 to add mineral extractions, per official May 7, 2026 minutes. The moratorium was then formalized as Ordinance #40, approved 3-0 on 2026-07-30 after a public hearing and three readings on 2026-07-23.","duration":"Twelve (12) months from publication of Ordinance #40 (adopted 2026-07-30); may be renewed. Publication date not located, so the exact end date (about late July/August 2027) is not fixed here.","trigger":""}},{"type":"Feature","geometry":{"type":"Point","coordinates":[-94.247269,41.015699]},"properties":{"id":"ia-union-county-2026","jurisdiction":"Union County","state":"Iowa","state_abbrev":"IA","jurisdiction_type":"County","enacted_status":"active","date_enacted_iso":"2026-03-25","current_end_date_iso":"","date_enacted_uncertainty":"exact","duration_days":365,"duration_kind":"fixed_days","sectors":["data_center"],"trigger_categories":["specific_project","regulatory_gap","infrastructure_capacity","water","grid_energy"],"date_enacted":"2026-03-18 -- Board of Supervisors voted unanimously (Hopkins, Friday; Brown absent) to move forward with setting up the moratorium. The formal instrument, Resolution #21 FYR 25/26 (Moratorium on Data Centers), was adopted at the March 25, 2026 regular session by roll call vote (Brown aye, Hopkins aye, Friday aye, motion carried).","duration":"Up to one year from adoption of Resolution #21 FYR 25/26 (adopted 2026-03-25); the Board stated it \"may or may not act on this matter, but at the minimum, we plan to revisit this issue in one year.\"","trigger":"County discussion of data centers, local utility and infrastructure concerns, and desire for a research committee."}},{"type":"Feature","geometry":{"type":"Point","coordinates":[-96.060719,42.377536]},"properties":{"id":"ia-woodbury-county-2026","jurisdiction":"Woodbury County","state":"Iowa","state_abbrev":"IA","jurisdiction_type":"County","enacted_status":"active","date_enacted_iso":"2026-06-23","current_end_date_iso":"","date_enacted_uncertainty":"exact","duration_days":365,"duration_kind":"fixed_days","sectors":["data_center"],"trigger_categories":["regulatory_gap"],"date_enacted":"2026-06-23 -- \"Passed and approved this 23rd day of June, 2026\" per Resolution 14064.","duration":"12 months from adoption unless earlier rescinded or extended (to on or about 2027-06-23)","trigger":"Regulatory gap on siting and review of data-center applications in unincorporated Woodbury County."}},{"type":"Feature","geometry":{"type":"Point","coordinates":[-94.867959,37.84858]},"properties":{"id":"ks-bourbon-county-2026","jurisdiction":"Bourbon County","state":"Kansas","state_abbrev":"KS","jurisdiction_type":"County","enacted_status":"active","date_enacted_iso":"2026-06-15","current_end_date_iso":"","date_enacted_uncertainty":"exact","duration_days":365,"duration_kind":"fixed_days","sectors":["data_center","cryptocurrency_mining","general"],"trigger_categories":["regulatory_gap"],"date_enacted":"2026-06-15","duration":"365 days from adoption (2026-06-15 through approximately 2027-06-15), succeeding a prior moratorium that had expired the day before adoption.","trigger":"Continuation of the county's prior development moratorium, which had expired the day before this resolution was adopted, while the county works with a hired consultant (Confluence) to develop a comprehensive plan and zoning regulations."}},{"type":"Feature","geometry":{"type":"Point","coordinates":[-95.581995,39.824223]},"properties":{"id":"ks-brown-county-2026","jurisdiction":"Brown County","state":"Kansas","state_abbrev":"KS","jurisdiction_type":"County","enacted_status":"active","date_enacted_iso":"2026-03-02","current_end_date_iso":"","date_enacted_uncertainty":"exact","duration_days":540,"duration_kind":"fixed_days","sectors":["data_center","battery_storage","solar","cryptocurrency_mining"],"trigger_categories":["regulatory_gap","environmental","infrastructure_capacity","fire_safety","land_use_compatibility","grid_energy","water"],"date_enacted":"2026-03-02 (confirmed by signed BoCC minutes, Book V Page 129)","duration":"18 months or until regulations are adopted, whichever comes first","trigger":"County counselor Austin Parker framed the pause under police powers to study public health, public safety, and welfare impacts of data centers, battery energy storage systems, solar energy, chip manufacturing, and cryptocurrency projects, on recommendation of the Brown County Planning Commission."}},{"type":"Feature","geometry":{"type":"Point","coordinates":[-97.189334,38.879061]},"properties":{"id":"ks-dickinson-county-2026","jurisdiction":"Dickinson County","state":"Kansas","state_abbrev":"KS","jurisdiction_type":"County","enacted_status":"active","date_enacted_iso":"2026-07-30","current_end_date_iso":"","date_enacted_uncertainty":"exact","duration_days":365,"duration_kind":"fixed_days","sectors":["data_center","battery_storage","solar","wind"],"trigger_categories":["regulatory_gap","land_use_compatibility"],"date_enacted":"2026-07-30","duration":"Structured as 12 months per covered category, staggered: data centers expire 2027-07-30, battery energy storage systems expire 2028-07-30, and renewable energy facilities (e.g., wind, solar) expire 2029-07-30; the resolution as a whole 'shall ... remain in full force ... until July 30, 2029.'","trigger":"The county's Comprehensive Plan would generally allow incorporating provisions for data centers, BESS, and alternative energy technology into zoning regulations, but commissioners wanted a strategic pause to evaluate potential impacts on current and future property owners before adopting standards; no applications for these uses had been filed as of the July 2026 Planning Commission recommendation."}},{"type":"Feature","geometry":{"type":"Point","coordinates":[-96.853739,37.817301]},"properties":{"id":"ks-el-dorado-2026","jurisdiction":"El Dorado","state":"Kansas","state_abbrev":"KS","jurisdiction_type":"City","enacted_status":"active","date_enacted_iso":"2026-07-13","current_end_date_iso":"","date_enacted_uncertainty":"exact","duration_days":null,"duration_kind":"until_date","sectors":["data_center","battery_storage"],"trigger_categories":["legal_or_litigation","regulatory_gap"],"date_enacted":"2026-07-13","duration":"From adoption at a July 13, 2026 special meeting through November 30, 2026.","trigger":"A citizen-initiated petition (certified 2026-06-25 by the Butler County Clerk) sought to adopt an ordinance prohibiting 'high-impact' data centers (>10 MW peak load or >100,000 gal/day water draw) and Tier 2/Tier 3 battery energy storage systems; the City Commission voted to seek a declaratory judgment on whether the petition was a valid citizen-initiative subject, and adopted the interim moratorium to hold the status quo while that litigation proceeds."}},{"type":"Feature","geometry":{"type":"Point","coordinates":[-95.318448,38.572001]},"properties":{"id":"ks-franklin-county-2026","jurisdiction":"Franklin County","state":"Kansas","state_abbrev":"KS","jurisdiction_type":"County","enacted_status":"active","date_enacted_iso":"2026-09-02","current_end_date_iso":"","date_enacted_uncertainty":"exact","duration_days":null,"duration_kind":"until_date","sectors":["data_center"],"trigger_categories":["regulatory_gap"],"date_enacted":"2026-09-02","duration":"From the Sept. 2, 2026 commission meeting through Dec. 31, 2028.","trigger":"Not detailed in the sources retrieved beyond the commission's stated intent (expressed Aug. 26, 2026) to pause data center development while the county considers its approach."}},{"type":"Feature","geometry":{"type":"Point","coordinates":[-96.761997,38.988545]},"properties":{"id":"ks-geary-county-2026","jurisdiction":"Geary County","state":"Kansas","state_abbrev":"KS","jurisdiction_type":"County","enacted_status":"active","date_enacted_iso":"2026-06-22","current_end_date_iso":"","date_enacted_uncertainty":"exact","duration_days":365,"duration_kind":"fixed_days","sectors":["data_center"],"trigger_categories":["infrastructure_capacity","water","grid_energy","agricultural_preservation"],"date_enacted":"2026-06-22 (per KSNT reporting)","duration":"One year from adoption","trigger":"Concerns about data center infrastructure demands on water and power, and resource competition with local farmers and ranchers."}},{"type":"Feature","geometry":{"type":"Point","coordinates":[-97.448627,38.035232]},"properties":{"id":"ks-harvey-county-2026","jurisdiction":"Harvey County","state":"Kansas","state_abbrev":"KS","jurisdiction_type":"County","enacted_status":"active","date_enacted_iso":"2026-01-13","current_end_date_iso":"","date_enacted_uncertainty":"exact","duration_days":null,"duration_kind":"until_date","sectors":["data_center"],"trigger_categories":["regulatory_gap","land_use_compatibility","property_values"],"date_enacted":"2026-01-13","duration":"Through 2029-01-01, unless amended, extended, or terminated earlier","trigger":"Questions and concerns about regulating data centers in unincorporated areas; unknown impacts on current and future property owners; need to review the comprehensive plan and unified development code."}},{"type":"Feature","geometry":{"type":"Point","coordinates":[-98.122172,37.542094]},"properties":{"id":"ks-kingman-county-2026","jurisdiction":"Kingman County","state":"Kansas","state_abbrev":"KS","jurisdiction_type":"County","enacted_status":"active","date_enacted_iso":"2026-02-09","current_end_date_iso":"","date_enacted_uncertainty":"exact","duration_days":540,"duration_kind":"fixed_days","sectors":["data_center"],"trigger_categories":["regulatory_gap","land_use_compatibility"],"date_enacted":"2026-02-09","duration":"18 months from effective date, unless reduced or extended","trigger":"Kingman County zoning already allowed data centers by special use permit, but planning and zoning boards requested review of all data-center zoning code provisions and public concerns had been raised."}},{"type":"Feature","geometry":{"type":"Point","coordinates":[-95.23594,38.971914]},"properties":{"id":"ks-lawrence-2026","jurisdiction":"Lawrence","state":"Kansas","state_abbrev":"KS","jurisdiction_type":"City","enacted_status":"active","date_enacted_iso":"2026-07-14","current_end_date_iso":"","date_enacted_uncertainty":"exact","duration_days":730,"duration_kind":"fixed_days","sectors":["data_center"],"trigger_categories":["regulatory_gap","land_use_compatibility","grid_energy","water"],"date_enacted":"2026-07-14","duration":"24 months from adoption or until the city repeals it, whichever comes first (2026-07-14 through approximately 2028-07-14).","trigger":"The current Land Development Code allowed data centers in industrial districts by right, with no special approval required; a large crowd of residents urged restrictions, and commissioners wanted time for planning staff to develop new rules (a 12-month option was considered but the commission chose 24 months 'to ensure planning staff had more time'). No specific data center proposal was pending in Lawrence at adoption."}},{"type":"Feature","geometry":{"type":"Point","coordinates":[-95.062035,39.214709]},"properties":{"id":"ks-leavenworth-county-2026","jurisdiction":"Leavenworth County","state":"Kansas","state_abbrev":"KS","jurisdiction_type":"County","enacted_status":"expired","date_enacted_iso":"2026-05-13","current_end_date_iso":"","date_enacted_uncertainty":"exact","duration_days":90,"duration_kind":"fixed_days","sectors":["data_center"],"trigger_categories":["specific_project","noise","infrastructure_capacity","grid_energy"],"date_enacted":"2026-05-13","duration":"90 days from adoption (2026-05-13 through approximately 2026-08-11), passed 4-1.","trigger":"Project Bluestem, a proposed ~600-megawatt (developer statements later cited up to 1.2-gigawatt) hyperscale data center on 1,000+ acres south of Tonganoxie (Cloverleaf Infrastructure/Tailgate Ranch site), drew sustained community opposition (Citizens Against Bluestem) over noise, air quality, health, and infrastructure concerns."}},{"type":"Feature","geometry":{"type":"Point","coordinates":[-96.168312,38.457399]},"properties":{"id":"ks-lyon-county-2026","jurisdiction":"Lyon County","state":"Kansas","state_abbrev":"KS","jurisdiction_type":"County","enacted_status":"active","date_enacted_iso":"2026-07-23","current_end_date_iso":"","date_enacted_uncertainty":"exact","duration_days":null,"duration_kind":"until_date","sectors":["data_center","battery_storage"],"trigger_categories":["specific_project","other"],"date_enacted":"2026-07-23","duration":"Through 2027-01-22","trigger":"Reported alongside contentious Emporia city commission meetings on data center projects; specific rationale not detailed in the source retrieved."}},{"type":"Feature","geometry":{"type":"Point","coordinates":[-96.168312,38.457399]},"properties":{"id":"ks-lyon-county-2026-2","jurisdiction":"Lyon County","state":"Kansas","state_abbrev":"KS","jurisdiction_type":"County","enacted_status":"active","date_enacted_iso":"2026-07-23","current_end_date_iso":"","date_enacted_uncertainty":"exact","duration_days":null,"duration_kind":"until_date","sectors":["solar"],"trigger_categories":["specific_project","other"],"date_enacted":"2026-07-23","duration":"Through 2026-12-01","trigger":"Adopted alongside the data-center/BESS moratorium (Resolution No. 12-26); specific rationale not detailed in the source retrieved."}},{"type":"Feature","geometry":{"type":"Point","coordinates":[-97.130594,38.373454]},"properties":{"id":"ks-marion-county-2026","jurisdiction":"Marion County","state":"Kansas","state_abbrev":"KS","jurisdiction_type":"County","enacted_status":"extended","date_enacted_iso":"2026-03-02","current_end_date_iso":"2027-06-01","date_enacted_uncertainty":"exact","duration_days":null,"duration_kind":"until_date","sectors":["data_center","battery_storage"],"trigger_categories":["regulatory_gap","infrastructure_capacity","fire_safety","land_use_compatibility"],"date_enacted":"2026-03-02 (per Citizen Portal AI summary of the March 3, 2026 commission action)","duration":"Through 2027-06-01: Resolution No. 2026-12 (adopted 2026-03-02) originally ran through 2026-06-01; the Marion County BoCC unanimously adopted Resolution No. 2026-19 on 2026-05-11, extending the moratorium for one additional year, through 2027-06-01. (A separate Feb. 17, 2026 action had adopted a one-year battery-energy-storage moratorium expiring March 1, 2027; commissioners had earlier discussed a one-year pause on data centers but initially adopted a three-month interim instrument before extending it to a full year.)","trigger":"County commissioners sought time to understand battery storage and data centers after presentations from Flint Hills Rural Electric Cooperative and Kansas Electric Power Cooperative; concerns included safety and protecting county residents."}},{"type":"Feature","geometry":{"type":"Point","coordinates":[-96.648064,39.84173]},"properties":{"id":"ks-marysville-2026","jurisdiction":"Marysville","state":"Kansas","state_abbrev":"KS","jurisdiction_type":"City","enacted_status":"active","date_enacted_iso":"2026-09","current_end_date_iso":"","date_enacted_uncertainty":"month_only","duration_days":365,"duration_kind":"fixed_days","sectors":["data_center"],"trigger_categories":["regulatory_gap","land_use_compatibility"],"date_enacted":"2026-09 (City Council vote unanimous; exact day not confirmed -- reported as adopted in a 'pre-ordinance 19-54' per a Citizen Portal AI meeting summary, with the ordinance text appearing in the Marysville Advocate the same week)","duration":"12 months from adoption; exact start date not confirmed, so the end date cannot be reliably computed.","trigger":"Not detailed beyond staff/council wanting time to study land-use implications and coordination with Marshall County; Marysville's mayor had separately written to Marshall County in July 2026 asking the county to join the city in enacting a moratorium."}},{"type":"Feature","geometry":{"type":"Point","coordinates":[-97.657517,38.365901]},"properties":{"id":"ks-mcpherson-county-2025","jurisdiction":"McPherson County","state":"Kansas","state_abbrev":"KS","jurisdiction_type":"County","enacted_status":"replaced","date_enacted_iso":"2025-08-04","current_end_date_iso":"","date_enacted_uncertainty":"exact","duration_days":null,"duration_kind":"indefinite","sectors":["data_center","cryptocurrency_mining","battery_storage"],"trigger_categories":["regulatory_gap","noise","water","infrastructure_capacity","land_use_compatibility","specific_project"],"date_enacted":"2025-08-04","duration":"Initially adopted 2025-08-04 (Resolution 2025-14) with an initial end date of 2026-03-01; later extended to 2026-12-01 (confirmed via convergent independent reporting: Wichita Eagle 2026-08 report and Citizen Journal's 2026-08-31 article both state the county's temporary freeze was 'due to expire Dec. 1'; the primary signed extension-resolution PDF was not located). Superseded early: on 2026-08-31 the McPherson County Commission voted unanimously (3-0) to adopt Resolution 2026-21, permanently banning data centers and utility-scale battery storage from unincorporated county land (and barring hydrogen energy systems except at refineries), ending the moratorium roughly three months before its scheduled Dec. 1, 2026 expiration. The ban carries no stated end date.","trigger":"Planning staff requested time for the planning board to study data centers and cryptocurrency mining under the comprehensive plan and zoning regulations; concerns included noise, water usage, siting near substations and industrial zones, and conditional-use standards."}},{"type":"Feature","geometry":{"type":"Point","coordinates":[-94.85574,38.562051]},"properties":{"id":"ks-miami-county-2026","jurisdiction":"Miami County","state":"Kansas","state_abbrev":"KS","jurisdiction_type":"County","enacted_status":"active","date_enacted_iso":"2026-03","current_end_date_iso":"","date_enacted_uncertainty":"unverified","duration_days":1095,"duration_kind":"fixed_days","sectors":["data_center","battery_storage","solar","wind"],"trigger_categories":["specific_project","water","grid_energy","regulatory_gap"],"date_enacted":"Early 2026, precise adoption date not confirmed in sources retrieved (commissioners were still considering the moratorium as of a Feb. 19, 2026 KSHB report and a Feb. 23, 2026 KOFO report; a May 2026 KSHB follow-up refers to the moratorium as already adopted 'earlier this year')","duration":"Three years from adoption, restricting data centers, battery storage, and similar technologies in unincorporated areas; does not apply to the City of Osawatomie's in-city 'Project Catalyst' data center site.","trigger":"A proposed ~$1 billion, 600,000-sq-ft data center (Alcove Development's 'Project Catalyst,' later sited within Osawatomie city limits) prompted resident concern over utility costs, water use, and quality of life; commissioners wanted time to study impacts before allowing similar development in unincorporated areas."}},{"type":"Feature","geometry":{"type":"Point","coordinates":[-95.33166,37.556635]},"properties":{"id":"ks-neosho-county-2026","jurisdiction":"Neosho County","state":"Kansas","state_abbrev":"KS","jurisdiction_type":"County","enacted_status":"active","date_enacted_iso":"2026-05-19","current_end_date_iso":"","date_enacted_uncertainty":"exact","duration_days":null,"duration_kind":"until_date","sectors":["data_center","battery_storage","general"],"trigger_categories":["regulatory_gap","land_use_compatibility"],"date_enacted":"2026-05-19 (signed resolution)","duration":"Effective upon adoption/publication and remaining in effect until June 1, 2027, unless extended, terminated early, or amended by subsequent resolution.","trigger":"The Neosho County Commission had already developed regulations for wind, commercial-scale solar, and battery energy storage, but had received no applications for data centers, nuclear power generation, hydrogen-based energy, or (further) battery storage facilities; commissioners wanted time to review and potentially adopt land development regulations for these uses before any applications arrived."}},{"type":"Feature","geometry":{"type":"Point","coordinates":[-96.770934,39.302635]},"properties":{"id":"ks-riley-county-2026","jurisdiction":"Riley County","state":"Kansas","state_abbrev":"KS","jurisdiction_type":"County","enacted_status":"active","date_enacted_iso":"2026-05-18","current_end_date_iso":"","date_enacted_uncertainty":"exact","duration_days":178,"duration_kind":"fixed_days","sectors":["data_center","battery_storage"],"trigger_categories":["regulatory_gap","infrastructure_capacity","water","grid_energy"],"date_enacted":"2026-05-18. Confirmed by three independent sources: The Mercury ('Riley County commissioners on Monday implemented a temporary moratorium...'), KMAN/1350kman.com ('commissioners signed a resolution Monday'), and a Citizen Portal AI summary ('Riley County commissioners voted May 18 to adopt...'). Commissioners had discussed the idea in principle earlier (around April 2026), but the resolution was not signed/effective until May 18, 2026.","duration":"Six months: effective 2026-05-18 through 2026-11-12, per KMAN (1350kman.com) and WIBW reporting on the signed resolution","trigger":"County commissioners wanted time to study data center and BESS impacts before making a firm policy decision; concerns included high electricity consumption, utility bills, and cooling water."}},{"type":"Feature","geometry":{"type":"Point","coordinates":[-97.666983,38.770446]},"properties":{"id":"ks-saline-county-2026","jurisdiction":"Saline County","state":"Kansas","state_abbrev":"KS","jurisdiction_type":"County","enacted_status":"active","date_enacted_iso":"2026-03-17","current_end_date_iso":"","date_enacted_uncertainty":"exact","duration_days":365,"duration_kind":"fixed_days","sectors":["data_center"],"trigger_categories":["regulatory_gap","infrastructure_capacity","specific_project"],"date_enacted":"2026-03-17","duration":"Three-year aggregate, structured as one year per covered category: 1 year data centers, 1 year nuclear power facilities, 1 year hydrogen-based energy facilities, per Salina Post interview with Commissioner Joe Hay; Wichita Eagle reported it as a three-year moratorium","trigger":"Commissioners wanted to halt applications until regulations and resource needs were clear, after denial of a proposed battery energy storage system on a 4-1 supermajority vote in January 2026."}},{"type":"Feature","geometry":{"type":"Point","coordinates":[-97.464139,37.644815]},"properties":{"id":"ks-sedgwick-county-2026","jurisdiction":"Sedgwick County","state":"Kansas","state_abbrev":"KS","jurisdiction_type":"County","enacted_status":"extended","date_enacted_iso":"2026-01-14","current_end_date_iso":"2026-12-25","date_enacted_uncertainty":"exact","duration_days":90,"duration_kind":"fixed_days","sectors":["data_center"],"trigger_categories":["regulatory_gap","specific_project","land_use_compatibility"],"date_enacted":"2026-01-14","duration":"Initially 90 days through 2026-04-17 under Resolution 014-2026; on 2026-03-04 the BoCC voted unanimously to extend the moratorium to 2026-06-11 (Resolution No. 162-2026 recites this as 'June 12, 2026'); on 2026-05-06 the BoCC voted unanimously a second time to extend the moratorium to 2026-09-11 [VERIFY extension resolution number]; on 2026-09-02 the BoCC voted unanimously a third time, adopting Resolution No. 162-2026, extending the interim development control to the earlier of 2026-12-25 or the effective date of new Wichita-Sedgwick County Unified Zoning Code data-center provisions, and adding an exemption for data centers that are accessory structures/uses on the same lot as their principal use.","trigger":"Wichita-Sedgwick County Unified Zoning Code did not define data centers; county had increased inquiries for potential projects, especially in unincorporated western Sedgwick County."}},{"type":"Feature","geometry":{"type":"Point","coordinates":[-95.762754,39.027368]},"properties":{"id":"ks-shawnee-county-2026","jurisdiction":"Shawnee County","state":"Kansas","state_abbrev":"KS","jurisdiction_type":"County","enacted_status":"active","date_enacted_iso":"2026-08-13","current_end_date_iso":"","date_enacted_uncertainty":"exact","duration_days":null,"duration_kind":"until_date","sectors":["data_center"],"trigger_categories":["specific_project","regulatory_gap"],"date_enacted":"2026-08-13","duration":"Six months from adoption (2026-08-13 through 2027-02-17).","trigger":"A pending Compass Datacenters Conditional Use Permit application (filed 2026-07-24; found incomplete by county Land Use & Development staff on 2026-08-04) drew public controversy; Commissioner Cook cited a resident's concern about a lack of transparency and wanted to prevent any application from being approved before the board completes its review of county data-center regulations."}},{"type":"Feature","geometry":{"type":"Point","coordinates":[-97.94033,38.028067]},"properties":{"id":"ks-south-hutchinson-2026","jurisdiction":"South Hutchinson","state":"Kansas","state_abbrev":"KS","jurisdiction_type":"City","enacted_status":"active","date_enacted_iso":"2026-05-26","current_end_date_iso":"","date_enacted_uncertainty":"exact","duration_days":365,"duration_kind":"fixed_days","sectors":["data_center","battery_storage"],"trigger_categories":["regulatory_gap","land_use_compatibility"],"date_enacted":"2026-05-26","duration":"One year from adoption (2026-05-26 through 2027-05-26).","trigger":"A surge of companies proposing data centers nationally prompted the city to act proactively and cautiously before creating permanent rules; this was reported as the first pause on data center/BESS development in the eastern part of Reno County."}},{"type":"Feature","geometry":{"type":"Point","coordinates":[-86.19241,36.752896]},"properties":{"id":"ky-allen-county-2026","jurisdiction":"Allen County","state":"Kentucky","state_abbrev":"KY","jurisdiction_type":"County","enacted_status":"active","date_enacted_iso":"2026-06-10","current_end_date_iso":"","date_enacted_uncertainty":"exact","duration_days":730,"duration_kind":"fixed_days","sectors":["data_center"],"trigger_categories":["regulatory_gap","infrastructure_capacity","environmental","grid_energy","land_use_compatibility"],"date_enacted":"June 10, 2026, Allen County Fiscal Court adoption of Ordinance No. 26-03 (second reading)","duration":"24 months (2 years)","trigger":"Proactive measure; increased statewide data-center development interest and concerns about infrastructure, energy consumption, land use, and environmental sustainability; officials said existing regulations may not adequately address large-scale data facilities"}},{"type":"Feature","geometry":{"type":"Point","coordinates":[-82.637939,38.478414]},"properties":{"id":"ky-ashland-2026","jurisdiction":"Ashland","state":"Kentucky","state_abbrev":"KY","jurisdiction_type":"City","enacted_status":"replaced","date_enacted_iso":"2026-02-26","current_end_date_iso":"","date_enacted_uncertainty":"unverified","duration_days":180,"duration_kind":"fixed_days","sectors":["data_center"],"trigger_categories":["specific_project","regulatory_gap","land_use_compatibility"],"date_enacted":"2026-02-26 per a WSAZ headline (\"Ordinance passed for data center applications\"); this reads as the initial temporary moratorium, later replaced before its natural expiration by a permanent zoning ordinance given first/second readings on 2026-07-23/2026-07-24","duration":"Reported as roughly 6 months; superseded before expiration by a permanent conditional-use zoning ordinance","trigger":"Rubix Data Centers' proposed roughly 2-gigawatt data center campus near the former Ashland steel mill site prompted the Commission to pause new applications to study zoning ordinances"}},{"type":"Feature","geometry":{"type":"Point","coordinates":[-83.649169,36.737034]},"properties":{"id":"ky-bell-county-2026","jurisdiction":"Bell County","state":"Kentucky","state_abbrev":"KY","jurisdiction_type":"County","enacted_status":"active","date_enacted_iso":"2026-07-02","current_end_date_iso":"","date_enacted_uncertainty":"exact","duration_days":730,"duration_kind":"fixed_days","sectors":["data_center"],"trigger_categories":["specific_project","water","noise","infrastructure_capacity"],"date_enacted":"July 2, 2026 (Fiscal Court second-reading vote, moved up from a scheduled July 14 date, per WYMT)","duration":"2 years (24 months)","trigger":"Adopted to halt a Murray Industries data center project after land clearing had begun, following resident opposition over water, noise, and road concerns raised at the June 26 first reading."}},{"type":"Feature","geometry":{"type":"Point","coordinates":[-84.720691,38.962345]},"properties":{"id":"ky-boone-county-2026","jurisdiction":"Boone County","state":"Kentucky","state_abbrev":"KY","jurisdiction_type":"County","enacted_status":"active","date_enacted_iso":"2026-06-15","current_end_date_iso":"","date_enacted_uncertainty":"exact","duration_days":365,"duration_kind":"fixed_days","sectors":["data_center"],"trigger_categories":["regulatory_gap","land_use_compatibility","infrastructure_capacity"],"date_enacted":"Board of Commissioners unanimously approved the ordinance at a Monday meeting; the ordinance's own effective date is June 16, 2026","duration":"12 months from the June 16, 2026 effective date","trigger":"Significant county growth and change; Boone County's Comprehensive Plan (2009) and Zoning Ordinance (1998) do not contemplate modern data-center development"}},{"type":"Feature","geometry":{"type":"Point","coordinates":[-82.694593,38.360893]},"properties":{"id":"ky-boyd-county-fiscal-court-2026","jurisdiction":"Boyd County Fiscal Court","state":"Kentucky","state_abbrev":"KY","jurisdiction_type":"County","enacted_status":"active","date_enacted_iso":"2026-07-21","current_end_date_iso":"","date_enacted_uncertainty":"exact","duration_days":180,"duration_kind":"fixed_days","sectors":["data_center"],"trigger_categories":["regulatory_gap","infrastructure_capacity","environmental","grid_energy"],"date_enacted":"Passed on second reading by the Boyd County Fiscal Court on July 21, 2026 (per a public notice published in The Daily Independent)","duration":"Six months","trigger":"To allow Judge-Executive Eric Chaney, commissioners, and consultants time to study environmental impacts, utility capacity, and economic benefits of data-center development, and to update local policies ahead of further projects"}},{"type":"Feature","geometry":{"type":"Point","coordinates":[-84.854057,37.624094]},"properties":{"id":"ky-boyle-county-2026","jurisdiction":"Boyle County","state":"Kentucky","state_abbrev":"KY","jurisdiction_type":"County","enacted_status":"active","date_enacted_iso":"2026-06-09","current_end_date_iso":"","date_enacted_uncertainty":"exact","duration_days":365,"duration_kind":"fixed_days","sectors":["data_center"],"trigger_categories":["regulatory_gap","land_use_compatibility"],"date_enacted":"June 9, 2026 (Fiscal Court approval of Resolution 2026.06.09)","duration":"12 months","trigger":"Pause on accepting, reviewing, processing, or approving data center applications and permits in unincorporated Boyle County while the Planning and Zoning Commission studies the issue and considers zoning ordinance updates."}},{"type":"Feature","geometry":{"type":"Point","coordinates":[-86.410935,37.740639]},"properties":{"id":"ky-breckinridge-county-2025","jurisdiction":"Breckinridge County","state":"Kentucky","state_abbrev":"KY","jurisdiction_type":"County","enacted_status":"active","date_enacted_iso":"2025-12-05","current_end_date_iso":"","date_enacted_uncertainty":"exact","duration_days":365,"duration_kind":"fixed_days","sectors":["data_center"],"trigger_categories":["regulatory_gap","land_use_compatibility"],"date_enacted":"2025-12-05","duration":"365 days","trigger":"Concerns about AI and data center facility impacts; need for regulatory framework"}},{"type":"Feature","geometry":{"type":"Point","coordinates":[-85.674239,37.97495]},"properties":{"id":"ky-bullitt-county-2026","jurisdiction":"Bullitt County","state":"Kentucky","state_abbrev":"KY","jurisdiction_type":"County","enacted_status":"active","date_enacted_iso":"2026-07-21","current_end_date_iso":"","date_enacted_uncertainty":"exact","duration_days":365,"duration_kind":"fixed_days","sectors":["data_center"],"trigger_categories":["regulatory_gap"],"date_enacted":"July 21, 2026 (Fiscal Court approval, per Spectrum News 1)","duration":"12 months","trigger":"Adopted to allow time to develop data center regulations; officials said no current project had been proposed in the county."}},{"type":"Feature","geometry":{"type":"Point","coordinates":[-86.673921,37.240158]},"properties":{"id":"ky-butler-county-2026","jurisdiction":"Butler County","state":"Kentucky","state_abbrev":"KY","jurisdiction_type":"County","enacted_status":"active","date_enacted_iso":"2026-06","current_end_date_iso":"","date_enacted_uncertainty":"month_only","duration_days":365,"duration_kind":"fixed_days","sectors":["data_center"],"trigger_categories":["regulatory_gap","infrastructure_capacity","water"],"date_enacted":"First reading given at the Fiscal Court's Monday meeting per Beech Tree News; WBKO reported the moratorium as approved in a story published June 26, 2026","duration":"One year","trigger":"Proactive measure; no data center currently proposed for the county, but officials wanted time to study electric (Warren Rural Electric) and water infrastructure capacity ahead of any proposal"}},{"type":"Feature","geometry":{"type":"Point","coordinates":[-88.271076,36.625794]},"properties":{"id":"ky-calloway-county-undated","jurisdiction":"Calloway County","state":"Kentucky","state_abbrev":"KY","jurisdiction_type":"County","enacted_status":"pending","date_enacted_iso":"","current_end_date_iso":"","date_enacted_uncertainty":"unverified","duration_days":365,"duration_kind":"fixed_days","sectors":["data_center"],"trigger_categories":["regulatory_gap","legal_or_litigation"],"date_enacted":"Not yet adopted; a public hearing was held and the Fiscal Court tabled the proposed ordinance at its Sept. 17, 2026 (Wednesday) meeting, to be reconsidered (in revised form) at the Oct. 21, 2026 regular meeting","duration":"One year, as proposed (establishment, construction, development, or expansion of data centers in unincorporated Calloway County)","trigger":"Followed the City of Murray's own data-center zoning action; citizen requests for the county (which lacks zoning/planning authority of its own) to adopt a similar restriction, amid concerns about legal liability, economic development impact, and property-tax revenue"}},{"type":"Feature","geometry":{"type":"Point","coordinates":[-85.956217,37.136754]},"properties":{"id":"ky-cave-city-2026","jurisdiction":"Cave City","state":"Kentucky","state_abbrev":"KY","jurisdiction_type":"City","enacted_status":"active","date_enacted_iso":"2026-05-21","current_end_date_iso":"","date_enacted_uncertainty":"exact","duration_days":365,"duration_kind":"fixed_days","sectors":["data_center"],"trigger_categories":["specific_project","regulatory_gap","land_use_compatibility"],"date_enacted":"2026-05-12 City Council rejected a proposed joint-planning-commission zoning ordinance and instead voted to pursue a moratorium; the moratorium was finalized on second reading 2026-05-21 (per WNKY and WCLU Radio)","duration":"One year","trigger":"Kentucky Industrial Alliance's May 1, 2026 submission of plans for a roughly 600-acre, 1.2 GW AI/cloud data-center campus near Mammoth Cave National Park; the council chose a pause for community input over the proposed joint zoning regulations"}},{"type":"Feature","geometry":{"type":"Point","coordinates":[-85.378825,38.407553]},"properties":{"id":"ky-la-grange-2025","jurisdiction":"City of La Grange","state":"Kentucky","state_abbrev":"KY","jurisdiction_type":"City","enacted_status":"expired","date_enacted_iso":"2025-06-02","current_end_date_iso":"","date_enacted_uncertainty":"exact","duration_days":150,"duration_kind":"fixed_days","sectors":["data_center"],"trigger_categories":["specific_project","regulatory_gap","infrastructure_capacity","environmental","grid_energy","land_use_compatibility"],"date_enacted":"2025-06-02","duration":"150 days initially; extension ordinance identified but final term needs confirmation","trigger":"Increased data center interest in Oldham County; infrastructure, energy, land-use, environmental, and regulatory-gap concerns"}},{"type":"Feature","geometry":{"type":"Point","coordinates":[-87.081836,37.687792]},"properties":{"id":"ky-daviess-county-2026","jurisdiction":"Daviess County","state":"Kentucky","state_abbrev":"KY","jurisdiction_type":"County","enacted_status":"active","date_enacted_iso":"2026-05-28","current_end_date_iso":"","date_enacted_uncertainty":"exact","duration_days":365,"duration_kind":"fixed_days","sectors":["data_center"],"trigger_categories":["regulatory_gap","specific_project"],"date_enacted":"First reading held 2026-05-14/15; Fiscal Court gave final approval 2026-05-28 (per WFIE 14 News and owensborotimes.com)","duration":"One year","trigger":"Resident concern and speculation over a possible Owensboro-area data center project"}},{"type":"Feature","geometry":{"type":"Point","coordinates":[-86.220674,37.199918]},"properties":{"id":"ky-edmonson-county-2026","jurisdiction":"Edmonson County","state":"Kentucky","state_abbrev":"KY","jurisdiction_type":"County","enacted_status":"active","date_enacted_iso":"2026-06-08","current_end_date_iso":"","date_enacted_uncertainty":"exact","duration_days":365,"duration_kind":"fixed_days","sectors":["data_center","cryptocurrency_mining"],"trigger_categories":["regulatory_gap","infrastructure_capacity","environmental","land_use_compatibility"],"date_enacted":"June 8, 2026 (Fiscal Court adoption; ordinance effective immediately upon passage and publication per WNKY reporting and the ordinance text)","duration":"12 months (one year)","trigger":"County-wide pause adopted to allow study of infrastructure, public-safety, land-use, environmental, and quality-of-life effects of data centers, AI facilities, and cryptocurrency mining before any such facility could be permitted."}},{"type":"Feature","geometry":{"type":"Point","coordinates":[-84.576902,37.865287]},"properties":{"id":"ky-jessamine-county-2026","jurisdiction":"Jessamine County","state":"Kentucky","state_abbrev":"KY","jurisdiction_type":"County","enacted_status":"active","date_enacted_iso":"2026-08-04","current_end_date_iso":"","date_enacted_uncertainty":"exact","duration_days":365,"duration_kind":"fixed_days","sectors":["data_center"],"trigger_categories":["regulatory_gap","infrastructure_capacity"],"date_enacted":"First reading approved by the Fiscal Court July 22, 2026; the moratorium was scheduled to take effect after a second reading at the Aug. 4, 2026 Fiscal Court meeting","duration":"12 months","trigger":"Judge-Executive David West said the pause allows the county to study risks posed by data-center facilities"}},{"type":"Feature","geometry":{"type":"Point","coordinates":[-84.423935,38.036809]},"properties":{"id":"ky-lexington-fayette-2026","jurisdiction":"Lexington-Fayette","state":"Kentucky","state_abbrev":"KY","jurisdiction_type":"Other","enacted_status":"active","date_enacted_iso":"2026-06-09","current_end_date_iso":"2026-10-31","date_enacted_uncertainty":"exact","duration_days":null,"duration_kind":"until_date","sectors":["data_center"],"trigger_categories":["specific_project","regulatory_gap","land_use_compatibility"],"date_enacted":"2026-06-09, Lexington-Fayette Urban County Council unanimous resolution","duration":"Through October 31, 2026 (approximately 4.5 months from adoption)","trigger":"DartPoints Operating Company's $29 million purchase (closed 2026-05-15) of the former Lexmark property at 745 W. New Circle Road for data center development"}},{"type":"Feature","geometry":{"type":"Point","coordinates":[-86.883361,36.823707]},"properties":{"id":"ky-logan-county-2026","jurisdiction":"Logan County","state":"Kentucky","state_abbrev":"KY","jurisdiction_type":"County","enacted_status":"active","date_enacted_iso":"2026-07-28","current_end_date_iso":"","date_enacted_uncertainty":"exact","duration_days":365,"duration_kind":"fixed_days","sectors":["data_center"],"trigger_categories":["regulatory_gap","water","infrastructure_capacity","environmental"],"date_enacted":"Made official at the Fiscal Court's Tuesday meeting, reported July 30, 2026 (WBKO); the moratorium was originally proposed July 16, 2026","duration":"12 months","trigger":"Proactive study of economic, environmental, and water-resource impacts before any data center is proposed; Judge-Executive Phil Baker cited protecting the county's water resources specifically"}},{"type":"Feature","geometry":{"type":"Point","coordinates":[-84.083558,37.128334]},"properties":{"id":"ky-london-2026","jurisdiction":"London","state":"Kentucky","state_abbrev":"KY","jurisdiction_type":"City","enacted_status":"active","date_enacted_iso":"2026-08-03","current_end_date_iso":"","date_enacted_uncertainty":"exact","duration_days":null,"duration_kind":"until_date","sectors":["data_center"],"trigger_categories":["regulatory_gap"],"date_enacted":"City Council passed the moratorium 5-1 on Monday, Aug. 3, 2026 (per WKYT, published Aug. 4, 2026); first read at an earlier council meeting","duration":"Through September 30, 2028; extendable by Council for one additional year","trigger":"To allow the city to study the impact a data center might have on the community"}},{"type":"Feature","geometry":{"type":"Point","coordinates":[-85.759435,38.254576]},"properties":{"id":"ky-louisville-metro-2026","jurisdiction":"Louisville Metro","state":"Kentucky","state_abbrev":"KY","jurisdiction_type":"Other","enacted_status":"active","date_enacted_iso":"2026-08-13","current_end_date_iso":"","date_enacted_uncertainty":"exact","duration_days":180,"duration_kind":"fixed_days","sectors":["data_center"],"trigger_categories":["specific_project","regulatory_gap","land_use_compatibility","property_values"],"date_enacted":"Metro Council passed the ordinance 24-1 on Aug. 13, 2026; Mayor Craig Greenberg signed it Friday, Aug. 14, 2026","duration":"180 days from adoption, or until Metro Council adopts comprehensive data-center zoning regulations, whichever is earlier; Sept. 15, 2026 reporting describes the pause as running 'until February' 2027","trigger":"Public pressure following a new 350,000 sq ft data-center proposal (Kramers Lane, submitted days before the vote) near an already-approved hyperscale data center under construction off Camp Ground Road in southwest Louisville; Mayor Greenberg endorsed passage after mounting protests"}},{"type":"Feature","geometry":{"type":"Point","coordinates":[-88.065815,36.998123]},"properties":{"id":"ky-lyon-county-2026","jurisdiction":"Lyon County","state":"Kentucky","state_abbrev":"KY","jurisdiction_type":"County","enacted_status":"active","date_enacted_iso":"2026-08","current_end_date_iso":"","date_enacted_uncertainty":"month_only","duration_days":null,"duration_kind":"unknown","sectors":["data_center"],"trigger_categories":["regulatory_gap","water","specific_project","infrastructure_capacity"],"date_enacted":"Fiscal Court ordinance passed unanimously; reported Aug. 20, 2026 (WPSD Local 6/Herald Ledger), exact meeting date not stated in sources reviewed","duration":"Sources disagree: County Attorney Lee Wilson initially suggested 'a time period of one year or less'; after adoption, coverage describes the pause as comparable to Allen County's two-year moratorium and as 'delaying inquiries for up to two years.' No outlet reviewed states the ordinance's actual term or an end date.","trigger":"Rumored inquiry from a North Carolina data-center developer and lack of county zoning regulations for data centers; officials also cited the Lake Barkley area's possible unsuitability for a data center"}},{"type":"Feature","geometry":{"type":"Point","coordinates":[-86.190223,37.931337]},"properties":{"id":"ky-meade-county-fiscal-court-2026","jurisdiction":"Meade County Fiscal Court","state":"Kentucky","state_abbrev":"KY","jurisdiction_type":"County","enacted_status":"active","date_enacted_iso":"2026-01-13","current_end_date_iso":"","date_enacted_uncertainty":"exact","duration_days":365,"duration_kind":"fixed_days","sectors":["data_center"],"trigger_categories":["regulatory_gap","infrastructure_capacity","environmental","land_use_compatibility"],"date_enacted":"2026-01-13","duration":"12 months / 365 days, unless terminated earlier or extended","trigger":"County zoning ordinance and comprehensive plan did not specifically address data center development; need to review infrastructure, environmental, and land-use compatibility impacts"}},{"type":"Feature","geometry":{"type":"Point","coordinates":[-84.876084,37.808758]},"properties":{"id":"ky-mercer-county-fiscal-court-undated","jurisdiction":"Mercer County Fiscal Court","state":"Kentucky","state_abbrev":"KY","jurisdiction_type":"County","enacted_status":"active","date_enacted_iso":"2026-08-11","current_end_date_iso":"","date_enacted_uncertainty":"exact","duration_days":365,"duration_kind":"fixed_days","sectors":["data_center","cryptocurrency_mining"],"trigger_categories":["regulatory_gap","specific_project"],"date_enacted":"Second and final reading approved unanimously 2026-08-11 (Tuesday regular Fiscal Court meeting), after amending the first draft to strike language about previously filed projects (no hyperscale data center application had been filed in Mercer County)","duration":"12 months upon passage, or until the Fiscal Court adopts permanent data center regulations, whichever occurs first","trigger":"Concern over data center siting ahead of permanent regulations from the Joint Planning and Zoning Commission"}},{"type":"Feature","geometry":{"type":"Point","coordinates":[-83.915237,38.03723]},"properties":{"id":"ky-montgomery-county-undated","jurisdiction":"Montgomery County","state":"Kentucky","state_abbrev":"KY","jurisdiction_type":"County","enacted_status":"pending","date_enacted_iso":"","current_end_date_iso":"","date_enacted_uncertainty":"unverified","duration_days":365,"duration_kind":"fixed_days","sectors":["data_center"],"trigger_categories":["regulatory_gap"],"date_enacted":"First reading approved by the Fiscal Court at its Aug. 18, 2026 meeting; a second reading/final vote had not been confirmed in sources reviewed as of this research date","duration":"One year (as proposed on first reading)","trigger":"Not detailed in the (paywalled) source located beyond general statewide data-center concern"}},{"type":"Feature","geometry":{"type":"Point","coordinates":[-85.474159,37.807846]},"properties":{"id":"ky-nelson-county-2026","jurisdiction":"Nelson County","state":"Kentucky","state_abbrev":"KY","jurisdiction_type":"County","enacted_status":"active","date_enacted_iso":"2026-07-07","current_end_date_iso":"","date_enacted_uncertainty":"exact","duration_days":365,"duration_kind":"fixed_days","sectors":["data_center"],"trigger_categories":["regulatory_gap","land_use_compatibility"],"date_enacted":"July 7, 2026 (Fiscal Court unanimous adoption of Resolution 13-2026, effective immediately)","duration":"12 months (immediate)","trigger":"Immediate pause on accepting, processing, or approving applications for data centers of any size, supporting structures, and data storage facilities, following public comment."}},{"type":"Feature","geometry":{"type":"Point","coordinates":[-84.572996,37.880634]},"properties":{"id":"ky-nicholasville-2026","jurisdiction":"Nicholasville","state":"Kentucky","state_abbrev":"KY","jurisdiction_type":"City","enacted_status":"active","date_enacted_iso":"2026-08-10","current_end_date_iso":"","date_enacted_uncertainty":"unverified","duration_days":180,"duration_kind":"fixed_days","sectors":["data_center"],"trigger_categories":["regulatory_gap","water","agricultural_preservation"],"date_enacted":"City Commission vote reported Aug. 11, 2026 (WKYT)","duration":"Six months","trigger":"Resident concern about utility cost, property tax, and water-consumption impacts of data centers in the surrounding farming community"}},{"type":"Feature","geometry":{"type":"Point","coordinates":[-85.476832,38.404769]},"properties":{"id":"ky-oldham-county-fiscal-court-2025","jurisdiction":"Oldham County Fiscal Court","state":"Kentucky","state_abbrev":"KY","jurisdiction_type":"County","enacted_status":"extended","date_enacted_iso":"2025-06-26","current_end_date_iso":"","date_enacted_uncertainty":"unverified","duration_days":150,"duration_kind":"fixed_days","sectors":["data_center"],"trigger_categories":["specific_project","regulatory_gap","infrastructure_capacity","environmental","grid_energy","land_use_compatibility"],"date_enacted":"2025-06-26 (per Oldham Era public notice scheduling second reading/public hearing/adoption for that date); signed-ordinance date with vote tally not separately retrieved [VERIFY: signed ordinance copy with vote tally not retrieved as of 2026-04-29]","duration":"150 days initially; later extended until data center regulations are approved","trigger":"Increased data center siting interest; infrastructure, utility capacity, energy use, land use, and environmental sustainability concerns; zoning rules did not adequately address data centers"}},{"type":"Feature","geometry":{"type":"Point","coordinates":[-83.403913,38.182264]},"properties":{"id":"ky-rowan-county-2026","jurisdiction":"Rowan County","state":"Kentucky","state_abbrev":"KY","jurisdiction_type":"County","enacted_status":"active","date_enacted_iso":"2026-08","current_end_date_iso":"","date_enacted_uncertainty":"unverified","duration_days":730,"duration_kind":"fixed_days","sectors":["data_center"],"trigger_categories":["regulatory_gap","land_use_compatibility"],"date_enacted":"Reported by ABC 36 (WTVQ) on Sept. 1, 2026 as 'recently approved'; exact Fiscal Court meeting date not stated in sources reviewed","duration":"Two years","trigger":"Rowan County has no zoning regulations, giving officials limited ability to review a data-center project before construction begins; adopted proactively before any developer approached the county"}},{"type":"Feature","geometry":{"type":"Point","coordinates":[-84.581613,38.27764]},"properties":{"id":"ky-scott-county-2026","jurisdiction":"Scott County","state":"Kentucky","state_abbrev":"KY","jurisdiction_type":"County","enacted_status":"extended","date_enacted_iso":"2026-03-13","current_end_date_iso":"","date_enacted_uncertainty":"exact","duration_days":null,"duration_kind":"until_date","sectors":["data_center"],"trigger_categories":["regulatory_gap","agricultural_preservation","environmental","grid_energy","water","noise"],"date_enacted":"Fiscal Court meeting Friday, March 13, 2026, per Judge-Executive Joe Pat Covington's remarks reported by the Georgetown News-Graphic","duration":"Originally six months (through Sept. 13, 2026); a Sept. 18, 2026 WKYT report describes the freeze as 'set to expire in December' 2026, indicating the Fiscal Court extended it before the original Sept. 13 end date","trigger":"No developer interest at the time, but officials cited concerns about prime-farmland siting, environmental impacts, electrical grid, water intake/usage, and noise/nuisance"}},{"type":"Feature","geometry":{"type":"Point","coordinates":[-85.211127,38.221562]},"properties":{"id":"ky-shelby-county-2026","jurisdiction":"Shelby County","state":"Kentucky","state_abbrev":"KY","jurisdiction_type":"County","enacted_status":"active","date_enacted_iso":"2026-07-21","current_end_date_iso":"","date_enacted_uncertainty":"exact","duration_days":null,"duration_kind":"until_date","sectors":["data_center"],"trigger_categories":["regulatory_gap","infrastructure_capacity","water","grid_energy","land_use_compatibility"],"date_enacted":"Introduced by the Fiscal Court in June 2026; second reading scheduled for the Fiscal Court's July 21, 2026 meeting, with the ordinance to take effect upon publication in The Sentinel-News","duration":"Through December 31, 2026, extendable by the Fiscal Court if more review time is needed","trigger":"Shelby County's Comprehensive Plan and land-use regulations contain no specific standards for large-scale data centers; concerns cited include public infrastructure, electrical systems, water resources, transportation, emergency services, and general welfare"}},{"type":"Feature","geometry":{"type":"Point","coordinates":[-84.729946,38.052576]},"properties":{"id":"ky-versailles-2026","jurisdiction":"Versailles","state":"Kentucky","state_abbrev":"KY","jurisdiction_type":"City","enacted_status":"active","date_enacted_iso":"2026-06-16","current_end_date_iso":"2026-12-31","date_enacted_uncertainty":"exact","duration_days":null,"duration_kind":"until_date","sectors":["data_center"],"trigger_categories":["regulatory_gap","land_use_compatibility"],"date_enacted":"June 16, 2026 (City Council adoption of Resolution 2026-8)","duration":"Through December 31, 2026","trigger":"Pause on specified zone-map amendments, development plans, permits, approvals, and authorizations for data centers, to allow review and possible amendment of the city's land-use rules; applications filed before adoption are excluded."}},{"type":"Feature","geometry":{"type":"Point","coordinates":[-84.17965,37.990079]},"properties":{"id":"ky-winchester-2026","jurisdiction":"Winchester","state":"Kentucky","state_abbrev":"KY","jurisdiction_type":"City","enacted_status":"active","date_enacted_iso":"2026-09-01","current_end_date_iso":"","date_enacted_uncertainty":"exact","duration_days":365,"duration_kind":"fixed_days","sectors":["data_center"],"trigger_categories":["regulatory_gap","grid_energy","water","environmental"],"date_enacted":"Board of Commissioners unanimous vote at its Tuesday night meeting, Sept. 1, 2026","duration":"One year","trigger":"Lack of specific zoning rules for data centers and unresolved questions about utility rates, water, and environmental impact; Planning Director Rob Jeffries cited the risk of becoming a magnet for projects turned away by neighboring paused jurisdictions"}},{"type":"Feature","geometry":{"type":"Point","coordinates":[-90.073393,29.956142]},"properties":{"id":"la-new-orleans-2026","jurisdiction":"New Orleans","state":"Louisiana","state_abbrev":"LA","jurisdiction_type":"City","enacted_status":"active","date_enacted_iso":"2026-01-28","current_end_date_iso":"","date_enacted_uncertainty":"exact","duration_days":365,"duration_kind":"fixed_days","sectors":["data_center"],"trigger_categories":["specific_project","regulatory_gap","infrastructure_capacity","noise","environmental","grid_energy","land_use_compatibility"],"date_enacted":"2026-01-28","duration":"One year from adoption, subject to one 180-day extension under City Charter Section 3-126","trigger":"Existing Comprehensive Zoning Ordinance did not include data centers as a use classification; concerns included electrical grid capacity and reliability, generator and cooling noise, air quality, development density, limited street activation, and compatibility with surrounding uses"}},{"type":"Feature","geometry":{"type":"Point","coordinates":[-90.379497,29.888318]},"properties":{"id":"la-st-charles-parish-undated","jurisdiction":"St. Charles Parish","state":"Louisiana","state_abbrev":"LA","jurisdiction_type":"Parish","enacted_status":"replaced","date_enacted_iso":"","current_end_date_iso":"","date_enacted_uncertainty":"unverified","duration_days":365,"duration_kind":"fixed_days","sectors":["data_center"],"trigger_categories":["regulatory_gap","land_use_compatibility"],"date_enacted":"Not enacted","duration":"Proposed 12 months, amended to 8 months before final rejection","trigger":"Council sponsors sought time to adopt parish-specific data center regulations addressing design, size, location, and operation"}},{"type":"Feature","geometry":{"type":"Point","coordinates":[-68.771329,44.801626]},"properties":{"id":"me-bangor-2026","jurisdiction":"Bangor","state":"Maine","state_abbrev":"ME","jurisdiction_type":"City","enacted_status":"active","date_enacted_iso":"2026-04-13","current_end_date_iso":"","date_enacted_uncertainty":"exact","duration_days":180,"duration_kind":"fixed_days","sectors":["data_center"],"trigger_categories":["regulatory_gap","infrastructure_capacity","environmental","noise","water","grid_energy","land_use_compatibility","property_values"],"date_enacted":"2026-04-13","duration":"180 days; ordinance text states repeal on 2026-08-09 or earlier if replacement land-use amendments take effect","trigger":"Sudden development pressure; lack of use-specific standards; concerns about electricity use, water use, cooling, air and water pollution, noise, land consumption, water supply, wastewater infrastructure, grid resilience, and impacts on neighboring property owners"}},{"type":"Feature","geometry":{"type":"Point","coordinates":[-70.790067,44.405935]},"properties":{"id":"me-bethel-undated","jurisdiction":"Bethel","state":"Maine","state_abbrev":"ME","jurisdiction_type":"Town","enacted_status":"pending","date_enacted_iso":"","current_end_date_iso":"","date_enacted_uncertainty":"unverified","duration_days":null,"duration_kind":"unknown","sectors":["data_center"],"trigger_categories":["regulatory_gap"],"date_enacted":"","duration":"Proposed 180-day moratorium on data centers; not yet adopted as of 2026-09-23","trigger":"Preemptive, per regional reporting on the wave of Maine municipal data-center moratoriums following the governor's veto of a statewide pause"}},{"type":"Feature","geometry":{"type":"Point","coordinates":[-69.965944,43.916653]},"properties":{"id":"me-brunswick-2026","jurisdiction":"Brunswick","state":"Maine","state_abbrev":"ME","jurisdiction_type":"Town","enacted_status":"active","date_enacted_iso":"2026-06-01","current_end_date_iso":"","date_enacted_uncertainty":"exact","duration_days":180,"duration_kind":"fixed_days","sectors":["data_center"],"trigger_categories":["regulatory_gap","infrastructure_capacity","grid_energy","water","environmental"],"date_enacted":"2026-06-01, Town Council adoption","duration":"180 days from effective date","trigger":"Proactive council action amid rising developer interest in siting data centers; concerns about demand on electrical and water infrastructure, PFAS, and other environmental impacts"}},{"type":"Feature","geometry":{"type":"Point","coordinates":[-70.456959,44.531267]},"properties":{"id":"me-dixfield-2026","jurisdiction":"Dixfield","state":"Maine","state_abbrev":"ME","jurisdiction_type":"Town","enacted_status":"active","date_enacted_iso":"2026-09-14","current_end_date_iso":"","date_enacted_uncertainty":"exact","duration_days":180,"duration_kind":"fixed_days","sectors":["data_center"],"trigger_categories":["regulatory_gap","other"],"date_enacted":"2026-09-14 (special town meeting, secret ballot vote 35-3)","duration":"180 days, effective immediately upon the town meeting vote","trigger":"Preemptive; residents raised rumors of a possible data center (including one unconfirmed rumor tied to the former Twin River Lumber site on Main Street), though the Select Board confirmed no permit applications had been filed; adopted to allow the town to gather information and develop ordinances/regulations"}},{"type":"Feature","geometry":{"type":"Point","coordinates":[-69.2276,45.183489]},"properties":{"id":"me-dover-foxcroft-undated","jurisdiction":"Dover-Foxcroft","state":"Maine","state_abbrev":"ME","jurisdiction_type":"Town","enacted_status":"pending","date_enacted_iso":"","current_end_date_iso":"","date_enacted_uncertainty":"unverified","duration_days":null,"duration_kind":"unknown","sectors":["data_center"],"trigger_categories":["regulatory_gap"],"date_enacted":"","duration":"Proposed six-month (180-day) ban on large-scale data center development; extendable beyond six months","trigger":"Preemptive; Select Board Chair Stephen Grammont said the town is unlikely to attract a data center given limited infrastructure, but cited concern about developers surprising towns with projects (as happened in Jay), and said the ban would give the town cover while the state's Data Center Advisory Council studies regulation"}},{"type":"Feature","geometry":{"type":"Point","coordinates":[-66.984637,44.905039]},"properties":{"id":"me-eastport-2026","jurisdiction":"Eastport","state":"Maine","state_abbrev":"ME","jurisdiction_type":"City","enacted_status":"active","date_enacted_iso":"2026-08-12","current_end_date_iso":"","date_enacted_uncertainty":"exact","duration_days":180,"duration_kind":"fixed_days","sectors":["data_center"],"trigger_categories":["specific_project","environmental","legal_or_litigation"],"date_enacted":"2026-08-12 (City Council unanimous vote)","duration":"180 days unless extended or terminated by the council, or until the two pending citizen-initiated data-center ordinances have been reviewed and decided, whichever occurs first","trigger":"Specific proposed project: DeepGreen Holdings LLC's proposed underwater, tidal-powered AI data center in the Bay of Fundy/Western Passage (FERC preliminary-permit application filed February 2026), opposed by residents, the Eastport Coalition for Healthy Oceans (ECHO), and Passamaquoddy tribal officials; the moratorium gives the Council time to consult with the Planning Board on two citizen-initiated ordinances aimed at the project"}},{"type":"Feature","geometry":{"type":"Point","coordinates":[-68.42436,44.54146]},"properties":{"id":"me-ellsworth-2026","jurisdiction":"Ellsworth","state":"Maine","state_abbrev":"ME","jurisdiction_type":"City","enacted_status":"active","date_enacted_iso":"2026-08-17","current_end_date_iso":"","date_enacted_uncertainty":"exact","duration_days":180,"duration_kind":"fixed_days","sectors":["data_center"],"trigger_categories":["regulatory_gap","infrastructure_capacity","noise"],"date_enacted":"2026-08-17 (City Council adoption, following a public hearing)","duration":"180 days from the effective date, per the ordinance text, running through approximately 2027-02-13; extendable","trigger":"Preemptive; the City cited a recent increase in large-scale data center development nationally and in Maine and found its Unified Development Ordinance (Chapter 56) lacks specific standards addressing data center siting, water/power use, noise, and decommissioning"}},{"type":"Feature","geometry":{"type":"Point","coordinates":[-70.442959,43.679733]},"properties":{"id":"me-gorham-2026","jurisdiction":"Gorham","state":"Maine","state_abbrev":"ME","jurisdiction_type":"Town","enacted_status":"active","date_enacted_iso":"2026-06-02","current_end_date_iso":"","date_enacted_uncertainty":"exact","duration_days":180,"duration_kind":"fixed_days","sectors":["data_center"],"trigger_categories":["regulatory_gap"],"date_enacted":"2026-06-02, Town Council adoption, 7-0 vote","duration":"Six months (180 days) while the town researches regulations for large-scale data center facilities; contemporary reporting said the pause could be extended for another 180 days if necessary","trigger":"Town researching regulations for large-scale data center facilities"}},{"type":"Feature","geometry":{"type":"Point","coordinates":[-70.330359,43.886092]},"properties":{"id":"me-gray-2026","jurisdiction":"Gray","state":"Maine","state_abbrev":"ME","jurisdiction_type":"Town","enacted_status":"active","date_enacted_iso":"2026-08-18","current_end_date_iso":"","date_enacted_uncertainty":"exact","duration_days":180,"duration_kind":"fixed_days","sectors":["data_center"],"trigger_categories":["regulatory_gap","infrastructure_capacity","noise","environmental"],"date_enacted":"2026-08-18 (Town Council adoption); the ordinance is expressly retroactive to a Date of Applicability of 2026-07-14","duration":"180 days from the Date of Applicability (2026-07-14), per the ordinance text, running through approximately 2027-01-10","trigger":"Preemptive; the Town Council cited a recent, unevaluated increase in large-scale Data Center development nationally and in Maine, and found existing comprehensive plan/ordinances inadequate to prevent serious public harm from siting, noise, environmental, and public-facility impacts"}},{"type":"Feature","geometry":{"type":"Point","coordinates":[-70.463878,44.526523]},"properties":{"id":"me-peru-undated","jurisdiction":"Peru","state":"Maine","state_abbrev":"ME","jurisdiction_type":"Town","enacted_status":"pending","date_enacted_iso":"","current_end_date_iso":"","date_enacted_uncertainty":"unverified","duration_days":null,"duration_kind":"unknown","sectors":["data_center"],"trigger_categories":["regulatory_gap"],"date_enacted":"","duration":"Proposed 180-day moratorium on the development and permitting of data centers, to take effect immediately if approved by voters","trigger":"Preemptive; Select Board Chair Gail Belyea confirmed that as of 2026-09-15 no one has proposed building a data center in the town; the moratorium would give the Select Board and planning board time to study impacts on water use, electrical grid capacity, noise, and environmental/government resources"}},{"type":"Feature","geometry":{"type":"Point","coordinates":[-70.774622,43.438718]},"properties":{"id":"me-sanford-2026","jurisdiction":"Sanford","state":"Maine","state_abbrev":"ME","jurisdiction_type":"City","enacted_status":"extended","date_enacted_iso":"2026-05-19","current_end_date_iso":"2027-01-31","date_enacted_uncertainty":"exact","duration_days":180,"duration_kind":"fixed_days","sectors":["data_center"],"trigger_categories":["specific_project","water","environmental"],"date_enacted":"On or about 2026-05-19, reported as an emergency moratorium; primary ordinance text/order number not located","duration":"Initial 91-day emergency pause (2026-05-19 to 2026-08-18) extended by City Council for an additional 180 days on 2026-08-04, now running through 2027-01-31. The Aug. 5, 2026 Press Herald report notes a city agenda-packet misprint had listed the initial moratorium's expiration as Aug. 12 rather than the correct Aug. 18; that misprint has no bearing on the currently operative extended term. Deputy Mayor Maura Herlihy said the moratorium could be extended another 180 days if the city's new Industrial Development Standards Task Force has not finished its work by Jan. 31, 2027.","trigger":"A proposed data center project along/near the Mousam River"}},{"type":"Feature","geometry":{"type":"Point","coordinates":[-70.334551,43.589506]},"properties":{"id":"me-scarborough-2026","jurisdiction":"Scarborough","state":"Maine","state_abbrev":"ME","jurisdiction_type":"Town","enacted_status":"active","date_enacted_iso":"2026-06-03","current_end_date_iso":"","date_enacted_uncertainty":"exact","duration_days":180,"duration_kind":"fixed_days","sectors":["data_center"],"trigger_categories":["regulatory_gap","grid_energy","water","noise","infrastructure_capacity"],"date_enacted":"2026-06-03, Town Council adoption","duration":"180 days, or until a new and revised set of regulations is adopted, whichever occurs first","trigger":"Increasing developer interest in siting data centers; existing zoning ordinance deemed inadequate to address grid, water, traffic, and noise impacts. Applies retroactively to any application submitted on or after 2026-04-01."}},{"type":"Feature","geometry":{"type":"Point","coordinates":[-69.240646,44.12062]},"properties":{"id":"me-warren-2026","jurisdiction":"Warren","state":"Maine","state_abbrev":"ME","jurisdiction_type":"Town","enacted_status":"active","date_enacted_iso":"2026-07-08","current_end_date_iso":"","date_enacted_uncertainty":"exact","duration_days":180,"duration_kind":"fixed_days","sectors":["data_center","battery_storage"],"trigger_categories":["regulatory_gap","water","grid_energy","agricultural_preservation"],"date_enacted":"2026-07-08 (special town meeting)","duration":"180 days from the date of enactment; the Select Board may extend for additional 180-day periods after notice and public hearing under 30-A M.R.S.A. \u00a7 4356(2)-(3)","trigger":"Preemptive; the town cited the absence of specific data center standards in its Land Use Ordinance/Comprehensive Plan, the experience of Wiscasset and Lewiston with inadequate regulatory frameworks, and a desire to protect the Georges River watershed and electrical infrastructure"}},{"type":"Feature","geometry":{"type":"Point","coordinates":[-70.366387,43.676304]},"properties":{"id":"me-westbrook-2026","jurisdiction":"Westbrook","state":"Maine","state_abbrev":"ME","jurisdiction_type":"City","enacted_status":"active","date_enacted_iso":"2026-06-01","current_end_date_iso":"","date_enacted_uncertainty":"exact","duration_days":180,"duration_kind":"fixed_days","sectors":["data_center"],"trigger_categories":["regulatory_gap","grid_energy","water","environmental"],"date_enacted":"2026-06-01, City Council adoption, Order 2026-66, vote 6-0 (Councilor Faulkingham absent)","duration":"180 days from effective date","trigger":"Statewide pattern of concern over grid strain, water/energy use, and environmental impact from data centers; the item was first discussed by the Housing & Economic Development Committee on 2026-05-18 before Council adoption"}},{"type":"Feature","geometry":{"type":"Point","coordinates":[-76.573454,38.972258]},"properties":{"id":"md-anne-arundel-county-undated","jurisdiction":"Anne Arundel County","state":"Maryland","state_abbrev":"MD","jurisdiction_type":"County","enacted_status":"pending","date_enacted_iso":"","current_end_date_iso":"","date_enacted_uncertainty":"unverified","duration_days":null,"duration_kind":"unknown","sectors":["data_center"],"trigger_categories":["regulatory_gap","grid_energy","water"],"date_enacted":"","duration":"As amended 2026-09-21 (unanimous omnibus amendment converting Bill 63-26 from an outright ban to a moratorium): reported as a 15-month moratorium expiring January 31, 2028; final legislative disposition still pending as of 2026-09-23","trigger":"Originally proposed as an outright countywide data center ban; converted to a temporary moratorium after pushback from advocates for Fort George G. Meade-adjacent defense/cybersecurity interests and for Microsoft's ongoing Annapolis Junction Business Park data center campus."}},{"type":"Feature","geometry":{"type":"Point","coordinates":[-76.596759,39.325973]},"properties":{"id":"md-baltimore-city-2026","jurisdiction":"Baltimore City","state":"Maryland","state_abbrev":"MD","jurisdiction_type":"City","enacted_status":"active","date_enacted_iso":"2026-05-11","current_end_date_iso":"2027-07-16","date_enacted_uncertainty":"exact","duration_days":365,"duration_kind":"fixed_days","sectors":["data_center"],"trigger_categories":["other"],"date_enacted":"2026-05-11 (Bill 26-0158 passed by City Council and sent to the Mayor for signature, per newsletter reporting)","duration":"Remains in effect for one year following its effective date (2026-07-16, i.e., 30 days after the 2026-06-16 signing), automatically abrogated on 2027-07-16 with no further Council action required. A companion Department of Planning data-center impact study/report is due to the Mayor, Council, and Planning Commission no later than 9 months after enactment.","trigger":"Not detailed in the available source beyond general data-center development concerns."}},{"type":"Feature","geometry":{"type":"Point","coordinates":[-76.648348,39.444524]},"properties":{"id":"md-baltimore-county-2026","jurisdiction":"Baltimore County","state":"Maryland","state_abbrev":"MD","jurisdiction_type":"County","enacted_status":"extended","date_enacted_iso":"2026-02-02","current_end_date_iso":"2027-12-31","date_enacted_uncertainty":"exact","duration_days":null,"duration_kind":"until_date","sectors":["data_center"],"trigger_categories":["regulatory_gap","infrastructure_capacity","water","grid_energy","environmental","land_use_compatibility"],"date_enacted":"2026-02-02 council enactment; applies retroactively to 2026-01-05 introduction","duration":"Until 2027-12-31, per Council Bill 79-26 (final reading and unanimous vote 2026-09-22), which repealed and re-enacted Section 2 of Bill 3-26 to extend the suspension from its original 'earlier of 2027-01-01 or 90 days after the Planning Board's report' endpoint to a flat 2027-12-31.","trigger":"County concern that Bill 54-24 had opened broad zoning pathways before the county had studied electricity demand, public water demand, siting, notice, public health, environmental, and incentive issues"}},{"type":"Feature","geometry":{"type":"Point","coordinates":[-76.537764,38.528853]},"properties":{"id":"md-calvert-county-2026","jurisdiction":"Calvert County","state":"Maryland","state_abbrev":"MD","jurisdiction_type":"County","enacted_status":"active","date_enacted_iso":"2026-08-18","current_end_date_iso":"","date_enacted_uncertainty":"exact","duration_days":180,"duration_kind":"fixed_days","sectors":["data_center"],"trigger_categories":["specific_project","regulatory_gap","environmental","water","grid_energy"],"date_enacted":"2026-08-18 (Board of County Commissioners public hearing and unanimous adoption)","duration":"Six months from the effective date (2026-08-28) to 2027-02-28, per Title 4 of the Land Use Article of the Maryland Annotated Code","trigger":"Amazon Web Services withdrew its 'Calvert Technology Center' site plan application (accepted for processing 2026-05-27, withdrawn as announced 2026-08-04) amid sustained community opposition to a proposed seven-facility data center campus near the Calvert Cliffs nuclear plant in Lusby; three incumbent commissioners who had previously opposed a moratorium were ousted in the June 2026 Republican primary."}},{"type":"Feature","geometry":{"type":"Point","coordinates":[-75.82474,38.855063]},"properties":{"id":"md-caroline-county-2026","jurisdiction":"Caroline County","state":"Maryland","state_abbrev":"MD","jurisdiction_type":"County","enacted_status":"active","date_enacted_iso":"2026-07-21","current_end_date_iso":"","date_enacted_uncertainty":"exact","duration_days":365,"duration_kind":"fixed_days","sectors":["data_center"],"trigger_categories":["regulatory_gap","grid_energy","water"],"date_enacted":"2026-07-21 (County Commissioners' adoption of Resolution #2026-012)","duration":"One year from adoption (2026-07-21) to 2027-07-21; applies only to unincorporated areas of the county","trigger":"Community concern following a data center proposal in nearby Federalsburg; Commissioners sought time to study electricity/water demand impacts and craft siting, notice, and permitting regulations before any local application arrived."}},{"type":"Feature","geometry":{"type":"Point","coordinates":[-77.026707,39.56854]},"properties":{"id":"md-carroll-county-2026","jurisdiction":"Carroll County","state":"Maryland","state_abbrev":"MD","jurisdiction_type":"County","enacted_status":"active","date_enacted_iso":"2026-02-19","current_end_date_iso":"","date_enacted_uncertainty":"exact","duration_days":365,"duration_kind":"fixed_days","sectors":["data_center"],"trigger_categories":["regulatory_gap"],"date_enacted":"2026-02-19 (effective date of Ordinance 2026-02)","duration":"One year from the effective date (2026-02-19) to 2027-02-19","trigger":"Board of Commissioners voted (2026-01-16 draft-ordinance instruction) to preemptively study and regulate data centers even though no developer had yet applied for a permit in the county."}},{"type":"Feature","geometry":{"type":"Point","coordinates":[-76.099568,38.393069]},"properties":{"id":"md-dorchester-county-2026","jurisdiction":"Dorchester County","state":"Maryland","state_abbrev":"MD","jurisdiction_type":"County","enacted_status":"active","date_enacted_iso":"2026-08-04","current_end_date_iso":"","date_enacted_uncertainty":"exact","duration_days":365,"duration_kind":"fixed_days","sectors":["data_center"],"trigger_categories":["regulatory_gap"],"date_enacted":"2026-08-04 (County Council adoption of Resolution No. 712)","duration":"12 months, effective the day of adoption (2026-08-04) to 2027-08-04","trigger":"Council sought time to study data centers and craft a regulatory framework proactively, before any local application arrived; applies to unincorporated areas, while municipalities such as Hurlock have pursued their own separate measures."}},{"type":"Feature","geometry":{"type":"Point","coordinates":[-75.773113,38.694035]},"properties":{"id":"md-federalsburg-2026","jurisdiction":"Federalsburg","state":"Maryland","state_abbrev":"MD","jurisdiction_type":"Town","enacted_status":"replaced","date_enacted_iso":"2026-08-03","current_end_date_iso":"","date_enacted_uncertainty":"exact","duration_days":1095,"duration_kind":"fixed_days","sectors":["data_center"],"trigger_categories":["specific_project","regulatory_gap","grid_energy","water"],"date_enacted":"2026-08-03 (Town Council adoption of a three-year moratorium); superseded 2026-09-09 by Ordinance 2026-07, a permanent ban","duration":"Originally three years from adoption (2026-08-03 to 2029-08-03); superseded before its term by Ordinance 2026-07 (a permanent ban), passed 4-0 on 2026-09-09","trigger":"A proposed ~200-acre 'Fieldstone Technology Center' data center campus on Wright Road, put forward by developer Wright Road LLC, drew sustained and heated public opposition beginning July 2026, including a resident petition that reached over 2,300-25,000 signatures across related county/town petitions."}},{"type":"Feature","geometry":{"type":"Point","coordinates":[-77.411813,39.460848]},"properties":{"id":"md-frederick-county-2026","jurisdiction":"Frederick County","state":"Maryland","state_abbrev":"MD","jurisdiction_type":"County","enacted_status":"extended","date_enacted_iso":"2026-07-01","current_end_date_iso":"2027-07-01","date_enacted_uncertainty":"exact","duration_days":null,"duration_kind":"until_date","sectors":["data_center"],"trigger_categories":["legal_or_litigation","regulatory_gap"],"date_enacted":"2026-07-01 (County Executive-announced pause via executive order(s), specific numbers not stated in the civic alert)","duration":"Through 2027-07-01 (or until superseded/terminated earlier), per Executive Order No. 05-2026, effective 2026-09-14, which explicitly supersedes and extends the original Executive Order 04-2026 (which had run through 2026-12-31).","trigger":"Litigation/referendum uncertainty over the County's existing data-center zoning restriction, plus a pending state-level impact report."}},{"type":"Feature","geometry":{"type":"Point","coordinates":[-76.916624,39.230529]},"properties":{"id":"md-howard-county-2026","jurisdiction":"Howard County","state":"Maryland","state_abbrev":"MD","jurisdiction_type":"County","enacted_status":"active","date_enacted_iso":"2026-06-01","current_end_date_iso":"2027-11-02","date_enacted_uncertainty":"exact","duration_days":null,"duration_kind":"until_event","sectors":["data_center"],"trigger_categories":["regulatory_gap"],"date_enacted":"2026-06-01 (County Council passage, as amended); signed by County Executive 2026-06-04; effective 2026-08-04","duration":"Ends at the earliest specified policy milestone or 2027-11-02","trigger":"Task force to study data center siting, a zoning definition, and recommendations; a public hearing and report are required within 12 months"}},{"type":"Feature","geometry":{"type":"Point","coordinates":[-75.863728,38.634686]},"properties":{"id":"md-hurlock-2026","jurisdiction":"Hurlock","state":"Maryland","state_abbrev":"MD","jurisdiction_type":"Town","enacted_status":"active","date_enacted_iso":"2026-08-10","current_end_date_iso":"","date_enacted_uncertainty":"exact","duration_days":1095,"duration_kind":"fixed_days","sectors":["data_center"],"trigger_categories":["regulatory_gap"],"date_enacted":"2026-08-10 (Town Council adoption, introduced by Council President Russell Murphy)","duration":"Three years from adoption (2026-08-10) to 2029-08-10","trigger":"Desire to thoroughly study data centers' potential community impacts (capabilities/capacities, partnerships, critical-infrastructure implications) before deciding whether to permit them, informed in part by nearby Federalsburg's contemporaneous data-center dispute."}},{"type":"Feature","geometry":{"type":"Point","coordinates":[-77.207561,39.140627]},"properties":{"id":"md-montgomery-county-2026","jurisdiction":"Montgomery County","state":"Maryland","state_abbrev":"MD","jurisdiction_type":"County","enacted_status":"active","date_enacted_iso":"2026-07-28","current_end_date_iso":"","date_enacted_uncertainty":"exact","duration_days":548,"duration_kind":"fixed_days","sectors":["data_center"],"trigger_categories":["regulatory_gap","land_use_compatibility"],"date_enacted":"2026-07-28 (Council press release date; Expedited Bill 19-26 and companion Zoning Text Amendment 26-01)","duration":"18 months from the bill's effective date (specific calendar end date not stated in the press release)","trigger":"Council concern over unresolved zoning/permitting pathway for data centers following prior zoning changes; competing council proposals (6-month vs. 2-year) were reconciled into an 18-month compromise."}},{"type":"Feature","geometry":{"type":"Point","coordinates":[-75.567983,38.075684]},"properties":{"id":"md-pocomoke-city-undated","jurisdiction":"Pocomoke City","state":"Maryland","state_abbrev":"MD","jurisdiction_type":"City","enacted_status":"pending","date_enacted_iso":"","current_end_date_iso":"","date_enacted_uncertainty":"unverified","duration_days":null,"duration_kind":"unknown","sectors":["data_center"],"trigger_categories":["regulatory_gap","grid_energy","water"],"date_enacted":"","duration":"Proposed at approximately one year, with the council able to modify or extend the period; not yet adopted","trigger":"Officials cited energy and water consumption concerns, echoing neighboring Worcester County's moratorium and its commissioners' stated grid- and irrigation-capacity concerns."}},{"type":"Feature","geometry":{"type":"Point","coordinates":[-76.85187,38.803929]},"properties":{"id":"md-prince-george-s-county-2025","jurisdiction":"Prince George's County","state":"Maryland","state_abbrev":"MD","jurisdiction_type":"County","enacted_status":"extended","date_enacted_iso":"2025-09-16","current_end_date_iso":"2028-07-07","date_enacted_uncertainty":"exact","duration_days":180,"duration_kind":"fixed_days","sectors":["data_center"],"trigger_categories":["regulatory_gap","infrastructure_capacity","environmental","water","grid_energy","land_use_compatibility","other"],"date_enacted":"2025-09-16 (CR-098-2025); 2026-01-23 (EO 1-2026, later administratively extended through 2026-06-30 per news reporting); 2026-07-07 (CR-066-2026, new 2-year Council resolution, adopted 7-1 with 3 abstaining/absent)","duration":"CR-098-2025: 180 days or until comprehensive legislation; EO 1-2026: temporary hold from 2025-12-31 through 2026-04-30","trigger":"Community concerns and task force review of energy demand, ratepayer impacts, air, water, woodland, quality-of-life, revenue, and siting issues"}},{"type":"Feature","geometry":{"type":"Point","coordinates":[-76.061686,39.027333]},"properties":{"id":"md-queen-anne-s-county-2026","jurisdiction":"Queen Anne's County","state":"Maryland","state_abbrev":"MD","jurisdiction_type":"County","enacted_status":"active","date_enacted_iso":"2026-06-04","current_end_date_iso":"","date_enacted_uncertainty":"exact","duration_days":365,"duration_kind":"fixed_days","sectors":["data_center"],"trigger_categories":["regulatory_gap"],"date_enacted":"2026-06-04 (County Commissioners approval)","duration":"12 months from adoption (2026-06-04) to 2027-06-04","trigger":"Existing zoning and regulatory framework found insufficient to address the scale, impacts, and operational characteristics of contemporary data center development."}},{"type":"Feature","geometry":{"type":"Point","coordinates":[-76.191982,38.754207]},"properties":{"id":"md-talbot-county-2026","jurisdiction":"Talbot County","state":"Maryland","state_abbrev":"MD","jurisdiction_type":"County","enacted_status":"active","date_enacted_iso":"2026-09-08","current_end_date_iso":"","date_enacted_uncertainty":"exact","duration_days":365,"duration_kind":"fixed_days","sectors":["data_center"],"trigger_categories":["regulatory_gap","grid_energy","water","noise"],"date_enacted":"2026-09-08 (County Council unanimous adoption of Resolution No. 395, after introduction 2026-08-11)","duration":"12 months from adoption (2026-09-08) to 2027-09-08; the Council reserves the right to extend for up to two additional six-month periods","trigger":"Council concern about sustainability, energy/water usage, noise, vibration, and quality-of-life impacts of data centers, and a desire to avoid hastily prepared zoning rules given the county's current lack of data-center-specific regulations."}},{"type":"Feature","geometry":{"type":"Point","coordinates":[-77.710254,39.58935]},"properties":{"id":"md-washington-county-2026","jurisdiction":"Washington County","state":"Maryland","state_abbrev":"MD","jurisdiction_type":"County","enacted_status":"active","date_enacted_iso":"2026-06-30","current_end_date_iso":"","date_enacted_uncertainty":"exact","duration_days":365,"duration_kind":"fixed_days","sectors":["data_center"],"trigger_categories":["regulatory_gap"],"date_enacted":"2026-06-30 (Board of County Commissioners adoption and effectiveness)","duration":"12 months","trigger":"Pause on accepting, processing, reviewing, or approving data center applications, plans, or requests while the county studies regulation"}},{"type":"Feature","geometry":{"type":"Point","coordinates":[-75.635738,38.388869]},"properties":{"id":"md-wicomico-county-2026","jurisdiction":"Wicomico County","state":"Maryland","state_abbrev":"MD","jurisdiction_type":"County","enacted_status":"active","date_enacted_iso":"2026-08-04","current_end_date_iso":"","date_enacted_uncertainty":"exact","duration_days":365,"duration_kind":"fixed_days","sectors":["data_center"],"trigger_categories":["regulatory_gap","grid_energy","water","noise"],"date_enacted":"2026-08-04 (County Council unanimous adoption of Resolution No. 125-2026, following a public hearing)","duration":"One year from adoption (2026-08-04) to 2027-08-04, or until the effective date of comprehensive data center legislation, whichever is earlier","trigger":"Concerns over electric grid demand, water usage, noise, and light pollution; coincides with the county's ongoing comprehensive plan update and rezoning process."}},{"type":"Feature","geometry":{"type":"Point","coordinates":[-75.331947,38.223118]},"properties":{"id":"md-worcester-county-2026","jurisdiction":"Worcester County","state":"Maryland","state_abbrev":"MD","jurisdiction_type":"County","enacted_status":"active","date_enacted_iso":"2026-07-21","current_end_date_iso":"2027-07-21","date_enacted_uncertainty":"exact","duration_days":365,"duration_kind":"fixed_days","sectors":["data_center"],"trigger_categories":["regulatory_gap"],"date_enacted":"2026-07-21 (Worcester County Board of County Commissioners' formal adoption of Resolution No. 26-18, establishing the one-year moratorium on data centers and cable landing stations)","duration":"One year, while staff develop definitions, permitted locations, and operating standards","trigger":"County study of zoning definitions, permitted locations, and operating standards for data centers and cable landing stations"}},{"type":"Feature","geometry":{"type":"Point","coordinates":[-72.840923,42.391971]},"properties":{"id":"ma-chesterfield-2026","jurisdiction":"Chesterfield","state":"Massachusetts","state_abbrev":"MA","jurisdiction_type":"Town","enacted_status":"active","date_enacted_iso":"2026-06-24","current_end_date_iso":"","date_enacted_uncertainty":"exact","duration_days":null,"duration_kind":"until_date","sectors":["battery_storage"],"trigger_categories":["regulatory_gap","fire_safety","water","agricultural_preservation","land_use_compatibility"],"date_enacted":"2026-06-24, Chesterfield Special Town Meeting (voters approved; unanimous per the Daily Hampshire Gazette's July 7, 2026 roundup)","duration":"From adoption (2026-06-24) through 2026-09-30, while the town studies siting/design standards for battery energy storage systems (BESS); a permanent BESS zoning bylaw, finalized by the Planning Board on 2026-09-15, was scheduled for a vote at a further Special Town Meeting on 2026-09-30.","trigger":"Town wanted time to study where BESS can be built and what rules should govern them -- public safety, fire protection, drinking water, farm/forest impacts, and rural character -- amid a wave of BESS/solar development proposals in neighboring Hilltowns (Worthington, Plainfield) ahead of new state fast-track solar-permitting rules effective 2026-10-01."}},{"type":"Feature","geometry":{"type":"Point","coordinates":[-71.0542,42.40859]},"properties":{"id":"ma-everett-2026","jurisdiction":"Everett (restriction proposal, not moratorium)","state":"Massachusetts","state_abbrev":"MA","jurisdiction_type":"City","enacted_status":"active","date_enacted_iso":"2026-06-22","current_end_date_iso":"","date_enacted_uncertainty":"exact","duration_days":null,"duration_kind":"unknown","sectors":["data_center"],"trigger_categories":["specific_project","water","grid_energy","noise","environmental","land_use_compatibility"],"date_enacted":"2026-06-22 (final ordainment/second reading); initial enrollment/first-reading vote 2026-06-08.","duration":"Not a moratorium","trigger":"Public opposition to possible data center uses at the former ExxonMobil/Docklands site; concerns over water, electricity, noise, heat, and environmental justice"}},{"type":"Feature","geometry":{"type":"Point","coordinates":[-72.499342,42.641197]},"properties":{"id":"ma-gill-2026","jurisdiction":"Gill","state":"Massachusetts","state_abbrev":"MA","jurisdiction_type":"Town","enacted_status":"active","date_enacted_iso":"2026-05-04","current_end_date_iso":"2027-05-03","date_enacted_uncertainty":"exact","duration_days":365,"duration_kind":"fixed_days","sectors":["data_center","battery_storage"],"trigger_categories":["regulatory_gap","noise","grid_energy","legal_or_litigation"],"date_enacted":"2026-05-04, Gill Annual Town Meeting (Part 1), Article 7, approved unanimously","duration":"One-year moratorium in effect May 4, 2026 through May 3, 2027 (or earlier, if superseding zoning regulations are adopted first), covering Building-Integrated Energy Storage Systems (BESS) with an aggregate capacity of 50 kWh or more, and Data Centers.","trigger":"Data centers undefined in Gill zoning bylaws; unique energy and noise impacts; related BESS state-regulatory uncertainty"}},{"type":"Feature","geometry":{"type":"Point","coordinates":[-72.600207,42.587634]},"properties":{"id":"ma-greenfield-2026","jurisdiction":"Greenfield","state":"Massachusetts","state_abbrev":"MA","jurisdiction_type":"City","enacted_status":"active","date_enacted_iso":"2026-09-16","current_end_date_iso":"","date_enacted_uncertainty":"exact","duration_days":365,"duration_kind":"fixed_days","sectors":["data_center"],"trigger_categories":["regulatory_gap","infrastructure_capacity","environmental","land_use_compatibility"],"date_enacted":"2026-09-16, Greenfield City Council, unanimous roll-call vote; resolution proposed by Precinct 7 Councilor Sarah Bolduc","duration":"One year from adoption. If the Planning Board has not delivered zoning recommendations within that year, the City Council may extend the moratorium by an additional 180 days, during which the Council itself must draft zoning changes.","trigger":"Governor Healey's Sept. 8, 2026 executive order (No. 658) requiring local approval before state permitting of data centers; unanimous recommendations from the Planning Board (4-1) and Economic Development Committee (4-0); desire to study land-use, public-safety, infrastructure, and wildlife/natural-resource impacts of data centers before any project is proposed."}},{"type":"Feature","geometry":{"type":"Point","coordinates":[-72.822271,42.673678]},"properties":{"id":"ma-heath-2026","jurisdiction":"Heath (proposal, not enacted as of 2026-04-29)","state":"Massachusetts","state_abbrev":"MA","jurisdiction_type":"Town","enacted_status":"pending","date_enacted_iso":"","current_end_date_iso":"","date_enacted_uncertainty":"unverified","duration_days":365,"duration_kind":"fixed_days","sectors":["battery_storage","data_center"],"trigger_categories":["regulatory_gap","fire_safety","land_use_compatibility"],"date_enacted":"Not enacted at the May 9, 2026 Annual Town Meeting or since. The proposed Section 6.11 BESS/Data Center moratorium article, publicly noticed for a March 11, 2026 Planning Board hearing, was dropped before the final Annual Town Meeting warrant was signed (2026-04-14) and does not appear among the warrant's 22 articles.","duration":"No moratorium has been adopted. The one-year term proposed in the March 11, 2026 public-hearing draft (new Section 6.11) never reached an Annual or Special Town Meeting vote as of 2026-09-23.","trigger":"Need to study BESS and data centers and develop zoning controls consistent with state siting and permitting requirements"}},{"type":"Feature","geometry":{"type":"Point","coordinates":[-71.761489,42.526744]},"properties":{"id":"ma-leominster-undated","jurisdiction":"Leominster","state":"Massachusetts","state_abbrev":"MA","jurisdiction_type":"City","enacted_status":"pending","date_enacted_iso":"","current_end_date_iso":"","date_enacted_uncertainty":"unverified","duration_days":null,"duration_kind":"unknown","sectors":["data_center","battery_storage"],"trigger_categories":["regulatory_gap","environmental","fire_safety"],"date_enacted":"Not yet enacted as of 2026-09-23. Two petitions (data centers; battery energy storage systems), filed by Council President Claire M. Freda, were unanimously advanced by the City Council to a public hearing held 2026-09-14; the Council then unanimously granted more time and scheduled a further hearing/vote for 2026-09-28.","duration":"If adopted, would pause data center and battery storage facility construction from adoption through 2027-07-31.","trigger":"Community and Council concern over AI data centers' potential environmental and buffer-zone impacts, and over battery storage facility fire risk; no data center or large-scale battery storage project is currently proposed in Leominster. Part of a regional wave of central Massachusetts data-center/BESS moratoria (Fitchburg, Athol)."}},{"type":"Feature","geometry":{"type":"Point","coordinates":[-71.308533,42.641444]},"properties":{"id":"ma-lowell-2026","jurisdiction":"Lowell","state":"Massachusetts","state_abbrev":"MA","jurisdiction_type":"City","enacted_status":"active","date_enacted_iso":"2026-03-10","current_end_date_iso":"","date_enacted_uncertainty":"exact","duration_days":360,"duration_kind":"fixed_days","sectors":["data_center"],"trigger_categories":["specific_project","regulatory_gap","infrastructure_capacity","environmental","noise","water","grid_energy","land_use_compatibility"],"date_enacted":"2026-03-10","duration":"360 days; one optional extension up to 180 days by two-thirds City Council vote","trigger":"Zoning code gap, Markley facility expansion concerns, neighborhood air/noise impacts, diesel generators, water and power capacity, and environmental justice concerns"}},{"type":"Feature","geometry":{"type":"Point","coordinates":[-71.068374,42.426848]},"properties":{"id":"ma-malden-2026","jurisdiction":"Malden","state":"Massachusetts","state_abbrev":"MA","jurisdiction_type":"City","enacted_status":"active","date_enacted_iso":"2026-05-05","current_end_date_iso":"","date_enacted_uncertainty":"range","duration_days":365,"duration_kind":"fixed_days","sectors":["data_center"],"trigger_categories":["regulatory_gap","infrastructure_capacity","environmental"],"date_enacted":"City Council vote reported 2026-05-05 (unanimous, per Neighborhood View); a second outlet describes a June 16, 2026 effective date, consistent with a two-reading enrollment/ordainment process, but that detail was not independently verified.","duration":"One year","trigger":"The city had no existing ordinance addressing data centers; the Council acted preemptively, before any specific project proposal, to give its Economic Development Committee time to study infrastructure, environmental, and health impacts."}},{"type":"Feature","geometry":{"type":"Point","coordinates":[-72.409797,42.452152]},"properties":{"id":"ma-shutesbury-2025","jurisdiction":"Shutesbury","state":"Massachusetts","state_abbrev":"MA","jurisdiction_type":"Town","enacted_status":"expired","date_enacted_iso":"2025-09-30","current_end_date_iso":"","date_enacted_uncertainty":"exact","duration_days":null,"duration_kind":"until_date","sectors":["data_center"],"trigger_categories":["regulatory_gap","water","grid_energy","noise","infrastructure_capacity","environmental","land_use_compatibility"],"date_enacted":"2025-09-30","duration":"Until 2026-06-30","trigger":"Planning Board need to study an undefined land use; concerns about water consumption, discharge, energy demand, noise, lighting, security, backup diesel generation, and possible well impacts"}},{"type":"Feature","geometry":{"type":"Point","coordinates":[-72.748916,42.120541]},"properties":{"id":"ma-westfield-2026","jurisdiction":"Westfield","state":"Massachusetts","state_abbrev":"MA","jurisdiction_type":"City","enacted_status":"active","date_enacted_iso":"2026-07-06","current_end_date_iso":"","date_enacted_uncertainty":"exact","duration_days":365,"duration_kind":"fixed_days","sectors":["data_center"],"trigger_categories":["environmental","infrastructure_capacity","water"],"date_enacted":"City Council gave Ordinance No. 1805 its second reading and final passage on 2026-07-06; mayoral approval recorded 2026-07-07.","duration":"Prohibits the permitting, construction, expansion, conversion, establishment, or operation of data centers through 2027-07-06; bars acceptance or approval of applications; stays pending applications; directs the Natural Resources Committee to review environmental, public health, and infrastructure impacts.","trigger":"Study of environmental, public health, and infrastructure impacts of data center development; public comments raised water, environmental, and cost concerns."}},{"type":"Feature","geometry":{"type":"Point","coordinates":[-83.210767,42.259507]},"properties":{"id":"mi-allen-park-2026","jurisdiction":"Allen Park","state":"Michigan","state_abbrev":"MI","jurisdiction_type":"City","enacted_status":"active","date_enacted_iso":"2026-06-09","current_end_date_iso":"","date_enacted_uncertainty":"exact","duration_days":180,"duration_kind":"fixed_days","sectors":["data_center"],"trigger_categories":["specific_project","noise","environmental","water","grid_energy"],"date_enacted":"2026-06-09 (City Council adopted an emergency ordinance)","duration":"6 months","trigger":"Solstice Data's proposed 26 MW data center at 7500 Enterprise Drive (site plan denied by the Planning Commission on 2026-06-04); noise, diesel generator emissions, water and power concerns"}},{"type":"Feature","geometry":{"type":"Point","coordinates":[-85.949814,42.982786]},"properties":{"id":"mi-allendale-township-2026","jurisdiction":"Allendale Township","state":"Michigan","state_abbrev":"MI","jurisdiction_type":"Township","enacted_status":"active","date_enacted_iso":"2026-06-08","current_end_date_iso":"","date_enacted_uncertainty":"exact","duration_days":365,"duration_kind":"fixed_days","sectors":["data_center","battery_storage","solar","wind"],"trigger_categories":["regulatory_gap"],"date_enacted":"2026-06-08","duration":"One year, or until permanent regulations are adopted, whichever occurs first; extension permitted","trigger":"Proactive pause on data center, battery energy storage, and large-scale solar and wind applications pending permanent regulations"}},{"type":"Feature","geometry":{"type":"Point","coordinates":[-83.710113,42.330726]},"properties":{"id":"mi-ann-arbor-charter-township-2026","jurisdiction":"Ann Arbor Charter Township","state":"Michigan","state_abbrev":"MI","jurisdiction_type":"Township","enacted_status":"active","date_enacted_iso":"2026-02-16","current_end_date_iso":"","date_enacted_uncertainty":"exact","duration_days":365,"duration_kind":"fixed_days","sectors":["data_center"],"trigger_categories":["regulatory_gap","water","grid_energy"],"date_enacted":"2026-02-16 (Board of Trustees vote at Monday-night meeting, per WEMU 2026-02-17)","duration":"12 months","trigger":"Proactive; no developer approach. Concern over water resources and electrical power seen in neighboring Washtenaw communities"}},{"type":"Feature","geometry":{"type":"Point","coordinates":[-82.923275,42.850003]},"properties":{"id":"mi-armada-township-undated","jurisdiction":"Armada Township","state":"Michigan","state_abbrev":"MI","jurisdiction_type":"Township","enacted_status":"extended","date_enacted_iso":"2026-01-14","current_end_date_iso":"2026-12-07","date_enacted_uncertainty":"exact","duration_days":180,"duration_kind":"fixed_days","sectors":["data_center"],"trigger_categories":["specific_project"],"date_enacted":"2026-01-14","duration":"180 days from January 14, 2026 (Resolution No. 2026-02); extended an additional 180 days from June 10, 2026 by Resolution No. 2026-10","trigger":"Recent growth in the building of data centers in the region; the Board sought time for Planning Commission review, resident input, and legal analysis of appropriate zoning standards"}},{"type":"Feature","geometry":{"type":"Point","coordinates":[-85.608119,43.013441]},"properties":{"id":"mi-big-rapids-charter-township-2026","jurisdiction":"Big Rapids Charter Township","state":"Michigan","state_abbrev":"MI","jurisdiction_type":"Township","enacted_status":"active","date_enacted_iso":"2026-02-23","current_end_date_iso":"","date_enacted_uncertainty":"exact","duration_days":365,"duration_kind":"fixed_days","sectors":["data_center"],"trigger_categories":["water","grid_energy","noise","land_use_compatibility"],"date_enacted":"2026-02-23","duration":"1 year, subject to extensions of 6 months or less by resolution","trigger":"Public and township-official concerns over water use, energy use, noise, design, size, location, and operation"}},{"type":"Feature","geometry":{"type":"Point","coordinates":[-85.961789,42.899376]},"properties":{"id":"mi-blendon-township-ottawa-county-2026","jurisdiction":"Blendon Township (Ottawa County)","state":"Michigan","state_abbrev":"MI","jurisdiction_type":"Township","enacted_status":"active","date_enacted_iso":"2026-06-15","current_end_date_iso":"","date_enacted_uncertainty":"exact","duration_days":365,"duration_kind":"fixed_days","sectors":["data_center"],"trigger_categories":["regulatory_gap"],"date_enacted":"2026-06-15 (Township Board approved Resolution 2026-06.1, 5-0, with the moratorium made effective June 1, 2026)","duration":"One year effective June 1, 2026, with the option to extend if needed","trigger":"Precautionary review of zoning for data centers; no data center proposed; the township was concurrently dealing with a contested 100 MW battery storage application"}},{"type":"Feature","geometry":{"type":"Point","coordinates":[-85.369474,42.817883]},"properties":{"id":"mi-bowne-township-kent-county-2026","jurisdiction":"Bowne Township (Kent County)","state":"Michigan","state_abbrev":"MI","jurisdiction_type":"Township","enacted_status":"active","date_enacted_iso":"2026-02-23","current_end_date_iso":"","date_enacted_uncertainty":"exact","duration_days":365,"duration_kind":"fixed_days","sectors":["data_center"],"trigger_categories":["regulatory_gap","water","grid_energy"],"date_enacted":"2026-02-23 (Township Board voted for a 12-month moratorium; formal language to be drafted and approved at a later meeting, per the Lowell Ledger)","duration":"12 months","trigger":"Nearby Microsoft data center proposals (Lowell and Gaines townships) and inquiries to the township; no proposal pending"}},{"type":"Feature","geometry":{"type":"Point","coordinates":[-83.39332,42.837723]},"properties":{"id":"mi-brandon-township-2026","jurisdiction":"Brandon Township","state":"Michigan","state_abbrev":"MI","jurisdiction_type":"Township","enacted_status":"extended","date_enacted_iso":"2026-05-04","current_end_date_iso":"","date_enacted_uncertainty":"exact","duration_days":180,"duration_kind":"fixed_days","sectors":["data_center"],"trigger_categories":["regulatory_gap","grid_energy","water","noise","infrastructure_capacity"],"date_enacted":"2026-05-04 (Resolution #424-26, 6-0 roll call; Blair absent); extended 180 days by unanimous board vote at the regular meeting on the Monday before 2026-09-19 (about 2026-09-14)","duration":"180 days from the resolution's effective date, with one reserved 180-day extension, which was exercised in September 2026","trigger":"Data centers neither defined nor regulated in the zoning ordinance; the planning commission recommended a pause on 2026-04-14. Concerns include electricity, water, noise, air quality and utility costs."}},{"type":"Feature","geometry":{"type":"Point","coordinates":[-83.94825,42.124488]},"properties":{"id":"mi-bridgewater-township-2026","jurisdiction":"Bridgewater Township","state":"Michigan","state_abbrev":"MI","jurisdiction_type":"Township","enacted_status":"active","date_enacted_iso":"2026-03-05","current_end_date_iso":"","date_enacted_uncertainty":"exact","duration_days":365,"duration_kind":"fixed_days","sectors":["data_center"],"trigger_categories":["regulatory_gap"],"date_enacted":"2026-03-05 (Board of Trustees; resolution tabled at February meeting and taken up as unfinished business March 5)","duration":"One year from the date of the resolution","trigger":"Anticipated zoning revisions for data centers"}},{"type":"Feature","geometry":{"type":"Point","coordinates":[-83.730556,42.562222]},"properties":{"id":"mi-brighton-township-2026","jurisdiction":"Brighton Township","state":"Michigan","state_abbrev":"MI","jurisdiction_type":"Township","enacted_status":"active","date_enacted_iso":"2026-09-21","current_end_date_iso":"","date_enacted_uncertainty":"exact","duration_days":180,"duration_kind":"fixed_days","sectors":["data_center"],"trigger_categories":["regulatory_gap"],"date_enacted":"2026-09-21 (Board of Trustees adopted moratorium ordinance at regular meeting; WHMI 2026-09-22)","duration":"6 months following adoption, or until new data center regulations take effect, whichever first; extendable by resolution","trigger":"Zoning ordinance does not specifically address data centers; Michigan Townships Association recommended members review ordinances; no project proposed"}},{"type":"Feature","geometry":{"type":"Point","coordinates":[-83.04154,42.846626]},"properties":{"id":"mi-bruce-township-undated","jurisdiction":"Bruce Township","state":"Michigan","state_abbrev":"MI","jurisdiction_type":"Township","enacted_status":"active","date_enacted_iso":"","current_end_date_iso":"","date_enacted_uncertainty":"month_only","duration_days":null,"duration_kind":"unknown","sectors":["data_center"],"trigger_categories":["specific_project"],"date_enacted":"Late December 2025 (Board of Trustees vote reported as occurring 'just days before Christmas'; The Record's article on the vote is dated 2025-12-31)","duration":"Six months from initial adoption (per May 27, 2026 Record reporting), with a two-month extension approved March 4, 2026, and further ordinance amendments approved in late May 2026 as the six-month period expired","trigger":"Regional data center development wave across SE Michigan [VERIFY]"}},{"type":"Feature","geometry":{"type":"Point","coordinates":[-83.617911,44.814831]},"properties":{"id":"mi-caledonia-township-undated","jurisdiction":"Caledonia Township","state":"Michigan","state_abbrev":"MI","jurisdiction_type":"Township","enacted_status":"extended","date_enacted_iso":"2026-02-04","current_end_date_iso":"2026-10-17","date_enacted_uncertainty":"exact","duration_days":null,"duration_kind":"until_date","sectors":["data_center","cryptocurrency_mining"],"trigger_categories":["regulatory_gap"],"date_enacted":"2026-02-04 (Board of Trustees approved the Resolution enacting a temporary moratorium on applications for Zoning and Building Review with respect to Data Centers and Digital Mining Uses by unanimous voice vote; applies retroactively to applications received since 2026-01-01)","duration":"Initially about four months (to 2026-06-17 per the township manager's memo; the Board struck the 'lasting until Wednesday, June 17, 2026' wording at adoption); extended on 2026-06-03 until 2026-10-17. A further extension (Board resolution on the 2026-09-16 agenda; zoning-ordinance moratorium to 2027-02-17 heard by the Planning Commission on 2026-09-21) is pending.","trigger":"Proactive pause on zoning and building review for data centers and digital mining operations; specific trigger not stated in the record reviewed"}},{"type":"Feature","geometry":{"type":"Point","coordinates":[-85.501067,42.915421]},"properties":{"id":"mi-cascade-charter-township-kent-county-2026","jurisdiction":"Cascade Charter Township (Kent County)","state":"Michigan","state_abbrev":"MI","jurisdiction_type":"Township","enacted_status":"extended","date_enacted_iso":"2026-03-11","current_end_date_iso":"","date_enacted_uncertainty":"exact","duration_days":180,"duration_kind":"fixed_days","sectors":["data_center","cryptocurrency_mining"],"trigger_categories":["regulatory_gap","water","grid_energy","noise","land_use_compatibility","infrastructure_capacity"],"date_enacted":"2026-03-11 (Township Board adopted Ordinance No. 002 of 2026 via Resolution 010-2026, 7-0, after introducing it 2026-02-25); re-imposed and broadened to cryptocurrency mining by Resolution 024-2026 adopted unanimously 2026-05-27 under the township's new zoning moratorium procedure","duration":"Six months or until zoning amendments are adopted (Ordinance No. 002 of 2026); Resolution 024-2026 runs six months from its 2026-05-27 effective date, extendable by resolution for up to six more months","trigger":"Zoning ordinance lacks data center regulations; Microsoft data center proposals in nearby Lowell and Gaines townships; resident concerns about water (PFAS), energy, and noise"}},{"type":"Feature","geometry":{"type":"Point","coordinates":[-86.192194,42.463046]},"properties":{"id":"mi-casco-township-allegan-county-2026","jurisdiction":"Casco Township (Allegan County)","state":"Michigan","state_abbrev":"MI","jurisdiction_type":"Township","enacted_status":"active","date_enacted_iso":"2026-04-20","current_end_date_iso":"","date_enacted_uncertainty":"exact","duration_days":null,"duration_kind":"unknown","sectors":["battery_storage","solar","data_center"],"trigger_categories":["regulatory_gap","agricultural_preservation"],"date_enacted":"2026-04-20 (Township Board resolution adopted 5-0)","duration":"Not legible in the posted resolution (end date handwritten); local news describes a six-month moratorium","trigger":"Zoning ordinance does not address BESS, solar farms or data centers; PA 233 shift of siting authority; desire to preserve agricultural land"}},{"type":"Feature","geometry":{"type":"Point","coordinates":[-84.109688,43.171563]},"properties":{"id":"mi-chesaning-township-2026","jurisdiction":"Chesaning Township","state":"Michigan","state_abbrev":"MI","jurisdiction_type":"Township","enacted_status":"active","date_enacted_iso":"2026-05-07","current_end_date_iso":"","date_enacted_uncertainty":"exact","duration_days":365,"duration_kind":"fixed_days","sectors":["data_center"],"trigger_categories":["regulatory_gap"],"date_enacted":"2026-05-07 (adopted); published 2026-05-17; effective 2026-05-18","duration":"12 months from the effective date, with a possible extension of up to six additional months","trigger":"Proactive pause on siting, construction, maintenance, and permitting of data centers and facilities; no specific pending project identified in the record reviewed"}},{"type":"Feature","geometry":{"type":"Point","coordinates":[-86.614087,41.863791]},"properties":{"id":"mi-chikaming-township-2026","jurisdiction":"Chikaming Township","state":"Michigan","state_abbrev":"MI","jurisdiction_type":"Township","enacted_status":"active","date_enacted_iso":"2026-06-16","current_end_date_iso":"","date_enacted_uncertainty":"exact","duration_days":365,"duration_kind":"fixed_days","sectors":["data_center"],"trigger_categories":["regulatory_gap","infrastructure_capacity","water","environmental"],"date_enacted":"2026-06-16 (Ordinances 167 and 168 adopted; the Board had approved a one-year moratorium unanimously on 2026-05-14)","duration":"One year following adoption, or until data center ordinance/zoning amendments take effect, whichever first; extendable by resolution","trigger":"Public health, safety and welfare concerns about data centers; time for Planning Commission to study and draft zoning amendments"}},{"type":"Feature","geometry":{"type":"Point","coordinates":[-83.670214,43.056174]},"properties":{"id":"mi-city-of-flint-2026","jurisdiction":"City of Flint","state":"Michigan","state_abbrev":"MI","jurisdiction_type":"City","enacted_status":"active","date_enacted_iso":"2026-06-08","current_end_date_iso":"","date_enacted_uncertainty":"exact","duration_days":365,"duration_kind":"fixed_days","sectors":["data_center"],"trigger_categories":["regulatory_gap"],"date_enacted":"2026-06-08","duration":"1 year","trigger":"Not specified in the source located"}},{"type":"Feature","geometry":{"type":"Point","coordinates":[-83.595781,43.010255]},"properties":{"id":"mi-city-of-lapeer-2026","jurisdiction":"City of Lapeer","state":"Michigan","state_abbrev":"MI","jurisdiction_type":"City","enacted_status":"active","date_enacted_iso":"2026-04-20","current_end_date_iso":"","date_enacted_uncertainty":"exact","duration_days":365,"duration_kind":"fixed_days","sectors":["data_center"],"trigger_categories":["regulatory_gap","infrastructure_capacity"],"date_enacted":"2026-04-20 (City Commission unanimous)","duration":"12 months from effective date, or upon further action; renewable","trigger":"Staff need to catch up on law and zoning for data centers; cost-sharing concerns about utilities"}},{"type":"Feature","geometry":{"type":"Point","coordinates":[-84.36303,45.998384]},"properties":{"id":"mi-clark-township-2025","jurisdiction":"Clark Township","state":"Michigan","state_abbrev":"MI","jurisdiction_type":"Township","enacted_status":"expired","date_enacted_iso":"2025-06-24","current_end_date_iso":"2026-06-30","date_enacted_uncertainty":"exact","duration_days":365,"duration_kind":"fixed_days","sectors":["data_center","cryptocurrency_mining"],"trigger_categories":["noise","land_use_compatibility"],"date_enacted":"2025-06-24","duration":"1 year","trigger":"Reaction to nearby Dafter Township bitcoin-mining noise conflict and desire to prevent incompatible industrial uses"}},{"type":"Feature","geometry":{"type":"Point","coordinates":[-83.070884,43.807327]},"properties":{"id":"mi-colfax-township-huron-county-2026","jurisdiction":"Colfax Township (Huron County)","state":"Michigan","state_abbrev":"MI","jurisdiction_type":"Township","enacted_status":"active","date_enacted_iso":"2026-03-18","current_end_date_iso":"","date_enacted_uncertainty":"exact","duration_days":365,"duration_kind":"fixed_days","sectors":["data_center"],"trigger_categories":["regulatory_gap"],"date_enacted":"2026-03-18 (Board of Trustees resolution)","duration":"One year","trigger":"Township lacks data center regulations; master plan update with Spicer Group underway"}},{"type":"Feature","geometry":{"type":"Point","coordinates":[-85.47993,42.288845]},"properties":{"id":"mi-comstock-charter-township-2026","jurisdiction":"Comstock Charter Township","state":"Michigan","state_abbrev":"MI","jurisdiction_type":"Township","enacted_status":"active","date_enacted_iso":"2026-03-16","current_end_date_iso":"","date_enacted_uncertainty":"exact","duration_days":365,"duration_kind":"fixed_days","sectors":["data_center"],"trigger_categories":["regulatory_gap","environmental"],"date_enacted":"2026-03-16 (Ordinance No. 565 adopted)","duration":"One year following adoption, or until new data center regulations take effect; extendable by resolution","trigger":"Public health, safety, and welfare concerns raised about data centers; time to study regulations"}},{"type":"Feature","geometry":{"type":"Point","coordinates":[-85.47993,42.288845]},"properties":{"id":"mi-comstock-charter-township-2026-2","jurisdiction":"Comstock Charter Township","state":"Michigan","state_abbrev":"MI","jurisdiction_type":"Township","enacted_status":"active","date_enacted_iso":"2026-03-16","current_end_date_iso":"","date_enacted_uncertainty":"exact","duration_days":365,"duration_kind":"fixed_days","sectors":["solar","wind"],"trigger_categories":["regulatory_gap"],"date_enacted":"2026-03-16 (Ordinance No. 566 adopted; effective upon publication)","duration":"One year following adoption, or until new solar/wind regulations take effect, whichever first","trigger":"Township study of regulations for principal-use solar and wind facilities"}},{"type":"Feature","geometry":{"type":"Point","coordinates":[-83.176315,42.32226]},"properties":{"id":"mi-dearborn-2026","jurisdiction":"Dearborn","state":"Michigan","state_abbrev":"MI","jurisdiction_type":"City","enacted_status":"active","date_enacted_iso":"2026-09-22","current_end_date_iso":"","date_enacted_uncertainty":"exact","duration_days":180,"duration_kind":"fixed_days","sectors":["data_center"],"trigger_categories":["regulatory_gap","environmental","land_use_compatibility"],"date_enacted":"2026-09-22 (City Council unanimous final vote; first reading 2026-09-08; Planning Commission recommended approval after the 2026-08-10 hearing)","duration":"6 months; expected to take effect in October 2026 and run through the end of March 2027","trigger":"Data processing may still be allowed in the General Industrial district without data-center-specific standards; regional data-center controversy"}},{"type":"Feature","geometry":{"type":"Point","coordinates":[-83.273263,42.336982]},"properties":{"id":"mi-dearborn-heights-2026","jurisdiction":"Dearborn Heights","state":"Michigan","state_abbrev":"MI","jurisdiction_type":"City","enacted_status":"active","date_enacted_iso":"2026-02-24","current_end_date_iso":"","date_enacted_uncertainty":"exact","duration_days":365,"duration_kind":"fixed_days","sectors":["data_center"],"trigger_categories":["regulatory_gap","grid_energy","water","land_use_compatibility"],"date_enacted":"2026-02-24 (City Council resolution introduced by Councilman Tom Wencel, amended from 180 to 365 days)","duration":"365 days","trigger":"Data centers not addressed in city ordinances; electricity, water, diesel generator and residential proximity concerns"}},{"type":"Feature","geometry":{"type":"Point","coordinates":[-86.895025,46.02366]},"properties":{"id":"mi-delta-county-2026","jurisdiction":"Delta County","state":"Michigan","state_abbrev":"MI","jurisdiction_type":"County","enacted_status":"active","date_enacted_iso":"2026-07-21","current_end_date_iso":"2027-07-21","date_enacted_uncertainty":"exact","duration_days":365,"duration_kind":"fixed_days","sectors":["data_center","cryptocurrency_mining"],"trigger_categories":["regulatory_gap","water","noise","environmental","grid_energy"],"date_enacted":"2026-07-21 (unanimous Board of Commissioners vote)","duration":"12 months","trigger":"Adopted to permit study of utility capacity, land use, noise, heat, water, environmental effects, and permanent zoning standards"}},{"type":"Feature","geometry":{"type":"Point","coordinates":[-83.04664,42.331551]},"properties":{"id":"mi-detroit-2026","jurisdiction":"Detroit (requested)","state":"Michigan","state_abbrev":"MI","jurisdiction_type":"City","enacted_status":"pending","date_enacted_iso":"","current_end_date_iso":"","date_enacted_uncertainty":"unverified","duration_days":730,"duration_kind":"fixed_days","sectors":["data_center"],"trigger_categories":["regulatory_gap","environmental","land_use_compatibility","other"],"date_enacted":"Not enacted as of 2026-04-29","duration":"Requested 2 years","trigger":"Desire to study environmental, economic, neighborhood, and ratepayer effects before proposals arrive"}},{"type":"Feature","geometry":{"type":"Point","coordinates":[-83.959698,42.384305]},"properties":{"id":"mi-dexter-township-2026","jurisdiction":"Dexter Township","state":"Michigan","state_abbrev":"MI","jurisdiction_type":"Township","enacted_status":"extended","date_enacted_iso":"2026-02-17","current_end_date_iso":"","date_enacted_uncertainty":"exact","duration_days":180,"duration_kind":"fixed_days","sectors":["data_center"],"trigger_categories":["regulatory_gap","water","grid_energy","agricultural_preservation"],"date_enacted":"2026-02-17 (Resolution #26-705, 7-0 roll call); extended 2026-07-21 by Resolution No. 26-711","duration":"180 days, extended once by a further 180 days (Resolution 26-711, 2026-07-21)","trigger":"Surge of data-center inquiries in Washtenaw County; groundwater, electricity and farmland concerns; ongoing Master Plan review"}},{"type":"Feature","geometry":{"type":"Point","coordinates":[-85.722099,42.724825]},"properties":{"id":"mi-dorr-township-2026","jurisdiction":"Dorr Township","state":"Michigan","state_abbrev":"MI","jurisdiction_type":"Township","enacted_status":"active","date_enacted_iso":"2026-02","current_end_date_iso":"","date_enacted_uncertainty":"month_only","duration_days":365,"duration_kind":"fixed_days","sectors":["data_center"],"trigger_categories":["specific_project","water","noise","land_use_compatibility"],"date_enacted":"Late February 2026 (Thursday board meeting reported by Wilcox Newspapers on 2026-03-04; 4-2 vote for 12 months over a 6-month alternative)","duration":"12 months","trigger":"Microsoft's land purchases for planned data centers; water, noise, rural character concerns"}},{"type":"Feature","geometry":{"type":"Point","coordinates":[-83.163939,42.931]},"properties":{"id":"mi-dryden-township-2026","jurisdiction":"Dryden Township","state":"Michigan","state_abbrev":"MI","jurisdiction_type":"Township","enacted_status":"active","date_enacted_iso":"2026-07-14","current_end_date_iso":"","date_enacted_uncertainty":"exact","duration_days":365,"duration_kind":"fixed_days","sectors":["data_center"],"trigger_categories":["regulatory_gap"],"date_enacted":"2026-07-14 (Township Board unanimous; effective immediately)","duration":"1 year","trigger":"Study and regulation of data centers, following other Lapeer County governments"}},{"type":"Feature","geometry":{"type":"Point","coordinates":[-83.637159,41.93199]},"properties":{"id":"mi-dundee-township-2025","jurisdiction":"Dundee Township","state":"Michigan","state_abbrev":"MI","jurisdiction_type":"Township","enacted_status":"expired","date_enacted_iso":"2025-12-09","current_end_date_iso":"","date_enacted_uncertainty":"exact","duration_days":180,"duration_kind":"fixed_days","sectors":["data_center"],"trigger_categories":["specific_project","land_use_compatibility"],"date_enacted":"2025-12-09","duration":"180 days from the effective date (December 9, 2025), or until the Township Board determines by resolution that the reasons for the moratorium no longer exist; no extension was found in Board minutes through July 14, 2026","trigger":"Community concern around proposed Project Ironwood"}},{"type":"Feature","geometry":{"type":"Point","coordinates":[-84.778506,42.819091]},"properties":{"id":"mi-eagle-township-clinton-county-2026","jurisdiction":"Eagle Township (Clinton County)","state":"Michigan","state_abbrev":"MI","jurisdiction_type":"Township","enacted_status":"active","date_enacted_iso":"2026-02-17","current_end_date_iso":"","date_enacted_uncertainty":"exact","duration_days":365,"duration_kind":"fixed_days","sectors":["data_center"],"trigger_categories":["regulatory_gap"],"date_enacted":"2026-02-17 (Resolution 02-17-2026-06, 5-0; effective 2026-02-18)","duration":"12 months from 2026-02-18 effective date, or until data center amendments to the Interim Zoning Ordinance take effect; may be extended up to 6 months","trigger":"Study of data center uses and impacts; Planning Commission directed to submit findings and recommendations"}},{"type":"Feature","geometry":{"type":"Point","coordinates":[-84.472168,42.732031]},"properties":{"id":"mi-east-lansing-2026","jurisdiction":"East Lansing","state":"Michigan","state_abbrev":"MI","jurisdiction_type":"City","enacted_status":"extended","date_enacted_iso":"2026-03-17","current_end_date_iso":"","date_enacted_uncertainty":"exact","duration_days":null,"duration_kind":"until_date","sectors":["data_center"],"trigger_categories":["regulatory_gap","noise","water","grid_energy"],"date_enacted":"2026-03-17 (City Council unanimous vote); extended 2026-08-11 (unanimous) to 2027-03-17","duration":"6 months, extended by 6 months to 2027-03-17","trigger":"Zoning ordinance does not address data centers; staff workgroup drafting regulations (noise, water, wellhead protection, energy)"}},{"type":"Feature","geometry":{"type":"Point","coordinates":[-83.32134,43.553909]},"properties":{"id":"mi-ellington-township-2026","jurisdiction":"Ellington Township","state":"Michigan","state_abbrev":"MI","jurisdiction_type":"Township","enacted_status":"active","date_enacted_iso":"2026-07-14","current_end_date_iso":"","date_enacted_uncertainty":"exact","duration_days":null,"duration_kind":"unknown","sectors":["data_center"],"trigger_categories":["regulatory_gap"],"date_enacted":"2026-07-14 (Township Board roll-call vote, unanimous)","duration":"Not stated in the source reviewed","trigger":"Board directed Planning Commission to study data centers"}},{"type":"Feature","geometry":{"type":"Point","coordinates":[-83.283284,43.584741]},"properties":{"id":"mi-elmwood-township-tuscola-county-2026","jurisdiction":"Elmwood Township (Tuscola County)","state":"Michigan","state_abbrev":"MI","jurisdiction_type":"Township","enacted_status":"active","date_enacted_iso":"2026-02-18","current_end_date_iso":"","date_enacted_uncertainty":"exact","duration_days":270,"duration_kind":"fixed_days","sectors":["data_center"],"trigger_categories":["regulatory_gap"],"date_enacted":"2026-02-18 (Township Board adopted an ordinance enacting a temporary data center moratorium by unanimous roll call, after tabling it on 2026-01-21; per draft minutes reported by Tuscola Today)","duration":"Nine months (amended down from a proposed 12 months)","trigger":"Precautionary; no known data center plans; township sought time to regulate data centers (board also asked members about financial interests in AI or bitcoin operations)"}},{"type":"Feature","geometry":{"type":"Point","coordinates":[-83.490873,41.776023]},"properties":{"id":"mi-erie-township-2026","jurisdiction":"Erie Township","state":"Michigan","state_abbrev":"MI","jurisdiction_type":"Township","enacted_status":"active","date_enacted_iso":"2026-02-10","current_end_date_iso":"","date_enacted_uncertainty":"exact","duration_days":365,"duration_kind":"fixed_days","sectors":["data_center"],"trigger_categories":["regulatory_gap","grid_energy","water","infrastructure_capacity"],"date_enacted":"2026-02-10 (Ordinance No. 132 adopted 5-0; published 2026-02-16)","duration":"One year from the effective date or until a data center zoning amendment takes effect","trigger":"Zoning ordinance lacks data center provisions; energy, water and infrastructure demand of proposals in neighboring communities"}},{"type":"Feature","geometry":{"type":"Point","coordinates":[-84.626237,41.970117]},"properties":{"id":"mi-fayette-township-hillsdale-county-undated","jurisdiction":"Fayette Township (Hillsdale County)","state":"Michigan","state_abbrev":"MI","jurisdiction_type":"Township","enacted_status":"pending","date_enacted_iso":"","current_end_date_iso":"","date_enacted_uncertainty":"unverified","duration_days":365,"duration_kind":"fixed_days","sectors":["wind","battery_storage","data_center"],"trigger_categories":["regulatory_gap","legal_or_litigation"],"date_enacted":"Not confirmed adopted; Planning Commission recommended in July 2026, board adoption expected August 2026","duration":"One year (proposed)","trigger":"Denial of Ranger Power's Heartwood II solar permit and PA 233 concerns; board direction to pause wind, battery and data center projects"}},{"type":"Feature","geometry":{"type":"Point","coordinates":[-83.727716,42.826449]},"properties":{"id":"mi-fenton-township-2026","jurisdiction":"Fenton Township","state":"Michigan","state_abbrev":"MI","jurisdiction_type":"Township","enacted_status":"active","date_enacted_iso":"2026-02-17","current_end_date_iso":"2027-02-22","date_enacted_uncertainty":"exact","duration_days":365,"duration_kind":"fixed_days","sectors":["data_center"],"trigger_categories":["regulatory_gap","noise","grid_energy","water"],"date_enacted":"2026-02-17 (Ordinance No. 867 adopted by the Township Board, 5-0 with Trustees Kesler and Clark absent, after a 2026-02-03 first reading; published and effective 2026-02-22)","duration":"12 months (effective 2026-02-22, to approximately 2027-02-22)","trigger":"No data-center category in ordinance and resident concern over noise, power, and water"}},{"type":"Feature","geometry":{"type":"Point","coordinates":[-86.322133,44.205632]},"properties":{"id":"mi-filer-township-2026","jurisdiction":"Filer Township","state":"Michigan","state_abbrev":"MI","jurisdiction_type":"Township","enacted_status":"active","date_enacted_iso":"2026-06-02","current_end_date_iso":"","date_enacted_uncertainty":"exact","duration_days":365,"duration_kind":"fixed_days","sectors":["data_center"],"trigger_categories":["regulatory_gap"],"date_enacted":"2026-06-02 (introduced 2026-05-07, adopted by 6-0 vote 2026-06-02)","duration":"Reported as one year; the official minutes confirm the vote but do not themselves restate the duration","trigger":"Proactive pause; township had not received a data center application as of the May 7 introduction"}},{"type":"Feature","geometry":{"type":"Point","coordinates":[-87.42815,46.246523]},"properties":{"id":"mi-forsyth-township-2026","jurisdiction":"Forsyth Township","state":"Michigan","state_abbrev":"MI","jurisdiction_type":"Township","enacted_status":"active","date_enacted_iso":"2026-06-25","current_end_date_iso":"2027-06-25","date_enacted_uncertainty":"exact","duration_days":365,"duration_kind":"fixed_days","sectors":["data_center","cryptocurrency_mining"],"trigger_categories":["regulatory_gap"],"date_enacted":"2026-06-25","duration":"12 months (to late June 2027)","trigger":"Township officials said no data center application was pending; described as time to develop regulations and hold a public forum"}},{"type":"Feature","geometry":{"type":"Point","coordinates":[-83.953825,42.208552]},"properties":{"id":"mi-freedom-township-2026","jurisdiction":"Freedom Township","state":"Michigan","state_abbrev":"MI","jurisdiction_type":"Township","enacted_status":"active","date_enacted_iso":"2026-03-10","current_end_date_iso":"","date_enacted_uncertainty":"exact","duration_days":365,"duration_kind":"fixed_days","sectors":["data_center"],"trigger_categories":["regulatory_gap","grid_energy","water","noise","fire_safety","land_use_compatibility"],"date_enacted":"2026-03-10 (Ordinance No. 56 adopted; effective 2026-03-18). MLive separately reported a yearlong moratorium enacted in mid-January 2026.","duration":"365 days after effective date or until zoning amendments are adopted","trigger":"Flurry of data center activity nearby; ITC powerline corridor through township; grid, water, noise, emergency response and tax-base concerns"}},{"type":"Feature","geometry":{"type":"Point","coordinates":[-83.357632,41.962078]},"properties":{"id":"mi-frenchtown-charter-township-monroe-county-2026","jurisdiction":"Frenchtown Charter Township (Monroe County)","state":"Michigan","state_abbrev":"MI","jurisdiction_type":"Township","enacted_status":"active","date_enacted_iso":"2026-04-28","current_end_date_iso":"","date_enacted_uncertainty":"exact","duration_days":180,"duration_kind":"fixed_days","sectors":["data_center","general"],"trigger_categories":["specific_project","grid_energy","water","regulatory_gap"],"date_enacted":"2026-04-28 (Township Board adopted Zoning Ordinance No. 300-19 on second reading, 7-0); the Board's 2026-03-10 resolution (7-0) set the hearing and made moratorium findings; Planning Commission hearing 2026-04-01","duration":"Six months (the maximum allowed by Zoning Ordinance No. 300, Section 7.13, per the township attorney), with the right to extend","trigger":"Data center proposed in the township (golf course property at 1500 N. Dixie Hwy discussed); concern over electricity, water and natural-resource demand"}},{"type":"Feature","geometry":{"type":"Point","coordinates":[-85.643542,44.72271]},"properties":{"id":"mi-garfield-charter-township-grand-traverse-county-2026","jurisdiction":"Garfield Charter Township (Grand Traverse County)","state":"Michigan","state_abbrev":"MI","jurisdiction_type":"Township","enacted_status":"active","date_enacted_iso":"2026-08-25","current_end_date_iso":"","date_enacted_uncertainty":"exact","duration_days":365,"duration_kind":"fixed_days","sectors":["data_center","cryptocurrency_mining"],"trigger_categories":["specific_project","regulatory_gap","water","grid_energy","noise","infrastructure_capacity"],"date_enacted":"2026-08-25 (unanimous Township Board vote; resolution effective the same day)","duration":"Twelve months from the effective date of August 25, 2026, unless terminated earlier; may be extended by resolution for up to an additional six months","trigger":"Proposed small-scale data center by Cervenka Development Partners on Sybrandt Road; outdated zoning definition of data centers; resident concern over water, energy, noise, and infrastructure"}},{"type":"Feature","geometry":{"type":"Point","coordinates":[-83.852892,42.556751]},"properties":{"id":"mi-genoa-charter-township-2026","jurisdiction":"Genoa Charter Township","state":"Michigan","state_abbrev":"MI","jurisdiction_type":"Township","enacted_status":"extended","date_enacted_iso":"2026-02-02","current_end_date_iso":"","date_enacted_uncertainty":"exact","duration_days":null,"duration_kind":"until_event","sectors":["data_center","cryptocurrency_mining"],"trigger_categories":["regulatory_gap","noise","water","grid_energy"],"date_enacted":"2026-02-02 (Resolution 260202A, unanimous Board vote); extended 2026-08-17 by Resolution 260817-B (unanimous)","duration":"6 months from effective date (effective on publication), plus one-time 6-month extension adopted 2026-08-17; ends earlier if data center zoning amendment takes effect; no further extension permitted","trigger":"Data centers and cryptocurrency mining are high-intensity uses (continuous noise, low-frequency vibration, lighting, electricity and water demand) not addressed in the Zoning Ordinance; extension needed for township-wide acoustical baseline study"}},{"type":"Feature","geometry":{"type":"Point","coordinates":[-83.189648,42.095043]},"properties":{"id":"mi-gibraltar-2026","jurisdiction":"Gibraltar","state":"Michigan","state_abbrev":"MI","jurisdiction_type":"City","enacted_status":"active","date_enacted_iso":"2026-03-09","current_end_date_iso":"","date_enacted_uncertainty":"exact","duration_days":365,"duration_kind":"fixed_days","sectors":["data_center"],"trigger_categories":["specific_project","regulatory_gap","environmental","grid_energy"],"date_enacted":"2026-03-09 (City Council Res. #26-072, carried unanimously; effective immediately)","duration":"12 months unless extended or terminated by council resolution","trigger":"Raeden's proposed 100 MW data center at the former McLouth Steel site; no data-center-specific zoning standards"}},{"type":"Feature","geometry":{"type":"Point","coordinates":[-83.6665,42.916257]},"properties":{"id":"mi-grand-blanc-township-2026","jurisdiction":"Grand Blanc Township","state":"Michigan","state_abbrev":"MI","jurisdiction_type":"Township","enacted_status":"active","date_enacted_iso":"2026-01-21","current_end_date_iso":"","date_enacted_uncertainty":"exact","duration_days":365,"duration_kind":"fixed_days","sectors":["data_center"],"trigger_categories":["regulatory_gap","water","grid_energy"],"date_enacted":"2026-01-21","duration":"1 year; may be extended, shortened, or revoked","trigger":"Zoning code did not address data centers; concern over high power and water use relative to jobs"}},{"type":"Feature","geometry":{"type":"Point","coordinates":[-85.503015,43.770328]},"properties":{"id":"mi-green-charter-township-2025","jurisdiction":"Green Charter Township","state":"Michigan","state_abbrev":"MI","jurisdiction_type":"Township","enacted_status":"active","date_enacted_iso":"2025-12-09","current_end_date_iso":"","date_enacted_uncertainty":"exact","duration_days":365,"duration_kind":"fixed_days","sectors":["data_center"],"trigger_categories":["regulatory_gap","water","grid_energy","noise"],"date_enacted":"2025-12-09","duration":"1 year, extendable","trigger":"Community concern about water, energy, and noise impacts; no data center-specific standards"}},{"type":"Feature","geometry":{"type":"Point","coordinates":[-85.757054,44.644035]},"properties":{"id":"mi-green-lake-township-grand-traverse-county-2026","jurisdiction":"Green Lake Township (Grand Traverse County)","state":"Michigan","state_abbrev":"MI","jurisdiction_type":"Township","enacted_status":"active","date_enacted_iso":"2026-05-12","current_end_date_iso":"","date_enacted_uncertainty":"exact","duration_days":365,"duration_kind":"fixed_days","sectors":["data_center","general"],"trigger_categories":["regulatory_gap","water","noise","grid_energy","land_use_compatibility"],"date_enacted":"2026-05-12 (Township Board adopted a one-year police-power moratorium ordinance, 5-1; effective 2026-05-16 per the legal notice in the Record-Eagle)","duration":"One year from the 2026-05-16 effective date; trustees may extend it if needed","trigger":"Concern about groundwater contamination and extraction, noise, and energy use; current zoning would have allowed data centers and large water users near residential areas; a crypto-mining installation had earlier been pitched"}},{"type":"Feature","geometry":{"type":"Point","coordinates":[-83.510589,42.83047]},"properties":{"id":"mi-groveland-township-2026","jurisdiction":"Groveland Township","state":"Michigan","state_abbrev":"MI","jurisdiction_type":"Township","enacted_status":"active","date_enacted_iso":"2026-02-09","current_end_date_iso":"","date_enacted_uncertainty":"exact","duration_days":365,"duration_kind":"fixed_days","sectors":["data_center"],"trigger_categories":["regulatory_gap","water","grid_energy"],"date_enacted":"2026-02-09 (Board of Trustees voted 5-0)","duration":"One year","trigger":"Township approached several times about data centers; planning commission busy with master plan and renewable energy ordinances; water and electricity concerns"}},{"type":"Feature","geometry":{"type":"Point","coordinates":[-85.602454,42.461847]},"properties":{"id":"mi-gun-plain-charter-township-2026","jurisdiction":"Gun Plain Charter Township","state":"Michigan","state_abbrev":"MI","jurisdiction_type":"Township","enacted_status":"active","date_enacted_iso":"2026-08-06","current_end_date_iso":"","date_enacted_uncertainty":"exact","duration_days":null,"duration_kind":"until_date","sectors":["battery_storage"],"trigger_categories":["regulatory_gap","fire_safety"],"date_enacted":"2026-08-06 (Ordinance No. 196 adopted at regular board meeting)","duration":"Until December 21, 2026, or until BESS regulations take effect; extendable by resolution","trigger":"Public health, safety, and welfare concerns about battery energy storage systems"}},{"type":"Feature","geometry":{"type":"Point","coordinates":[-86.370298,42.200189]},"properties":{"id":"mi-hagar-township-2026","jurisdiction":"Hagar Township","state":"Michigan","state_abbrev":"MI","jurisdiction_type":"Township","enacted_status":"active","date_enacted_iso":"2026-07-17","current_end_date_iso":"","date_enacted_uncertainty":"range","duration_days":365,"duration_kind":"fixed_days","sectors":["data_center"],"trigger_categories":["regulatory_gap","noise","water","grid_energy"],"date_enacted":"Reported 2026-07-17; this is the news report date rather than a confirmed board-meeting date, and the adopted text was not located in the township document portal","duration":"One year","trigger":"Adopted while the planning commission studies noise, power, water, and possible permanent regulations"}},{"type":"Feature","geometry":{"type":"Point","coordinates":[-85.395227,44.298696]},"properties":{"id":"mi-haring-township-undated","jurisdiction":"Haring Township","state":"Michigan","state_abbrev":"MI","jurisdiction_type":"Township","enacted_status":"active","date_enacted_iso":"2026-07-13","current_end_date_iso":"","date_enacted_uncertainty":"exact","duration_days":180,"duration_kind":"fixed_days","sectors":["data_center"],"trigger_categories":["regulatory_gap"],"date_enacted":"2026-07-13 (Board of Trustees motion by Sauder, second by Whetstone, all in favor, approving a 6-month moratorium after a Planning Commission recommendation)","duration":"Six months from 2026-07-13, effective immediately (to about mid-January 2027)","trigger":"Would allow research and drafting of permanent rules"}},{"type":"Feature","geometry":{"type":"Point","coordinates":[-86.363965,43.698341]},"properties":{"id":"mi-hart-2026","jurisdiction":"Hart","state":"Michigan","state_abbrev":"MI","jurisdiction_type":"City","enacted_status":"active","date_enacted_iso":"2026-05-26","current_end_date_iso":"","date_enacted_uncertainty":"exact","duration_days":180,"duration_kind":"fixed_days","sectors":["data_center","cryptocurrency_mining"],"trigger_categories":["regulatory_gap"],"date_enacted":"2026-05-26 (7-0 City Council vote, following a 2026-05-07 Planning Commission hearing that recommended it 7-0)","duration":"Six months","trigger":"Proactive pause on city consideration of applications for data centers and digital mining uses"}},{"type":"Feature","geometry":{"type":"Point","coordinates":[-85.158312,45.315627]},"properties":{"id":"mi-hayes-township-2026","jurisdiction":"Hayes Township","state":"Michigan","state_abbrev":"MI","jurisdiction_type":"Township","enacted_status":"extended","date_enacted_iso":"2026-02-09","current_end_date_iso":"2027-02-04","date_enacted_uncertainty":"exact","duration_days":360,"duration_kind":"fixed_days","sectors":["data_center"],"trigger_categories":["regulatory_gap","land_use_compatibility","legal_or_litigation"],"date_enacted":"2026-02-09 (Resolution 2092026A declared adopted at the February 9, 2026 Board meeting, 4-0 with Kuebler absent; signed 2026-02-10)","duration":"Originally 180 days (Resolution 2092026A, 2026-02-09); amended by Resolution 03092026B (2026-03-09) to 360 days from the date of the original resolution (to approximately 2027-02-04), unless terminated earlier; further 30-day extensions allowed","trigger":"Concern about possible redevelopment at former Big Rock Point nuclear site, plus loophole and takings-risk debates"}},{"type":"Feature","geometry":{"type":"Point","coordinates":[-84.681167,41.918037]},"properties":{"id":"mi-hillsdale-township-hillsdale-county-2026","jurisdiction":"Hillsdale Township (Hillsdale County)","state":"Michigan","state_abbrev":"MI","jurisdiction_type":"Township","enacted_status":"active","date_enacted_iso":"2026-06-09","current_end_date_iso":"","date_enacted_uncertainty":"exact","duration_days":365,"duration_kind":"fixed_days","sectors":["data_center","solar","wind","battery_storage"],"trigger_categories":["regulatory_gap","land_use_compatibility"],"date_enacted":"2026-06-09 (Township Board adopted Ordinance No. 2026-06-02; effective 2026-07-02)","duration":"One year from the 2026-07-02 effective date, or until zoning amendments for the use take effect, whichever occurs first; extendable by board resolution","trigger":"Public concerns about impacts of data centers and large renewable energy projects on health, safety, welfare and land uses"}},{"type":"Feature","geometry":{"type":"Point","coordinates":[-83.628657,42.827829]},"properties":{"id":"mi-holly-township-2026","jurisdiction":"Holly Township","state":"Michigan","state_abbrev":"MI","jurisdiction_type":"Township","enacted_status":"extended","date_enacted_iso":"2026-02-18","current_end_date_iso":"","date_enacted_uncertainty":"exact","duration_days":null,"duration_kind":"until_date","sectors":["data_center"],"trigger_categories":["regulatory_gap","water","noise"],"date_enacted":"2026-02-18 (Board of Trustees approved 7-0); extended 2026-07-15 by 5-0 resolution through 2027-02-15","duration":"Original term not stated in the source reviewed; extended through 2027-02-15","trigger":"Zoning ordinance over 20 years old; township drafting data-center rules on water use, noise and lighting"}},{"type":"Feature","geometry":{"type":"Point","coordinates":[-88.777473,46.859129]},"properties":{"id":"mi-houghton-2026","jurisdiction":"Houghton","state":"Michigan","state_abbrev":"MI","jurisdiction_type":"City","enacted_status":"active","date_enacted_iso":"2026-07-08","current_end_date_iso":"","date_enacted_uncertainty":"exact","duration_days":365,"duration_kind":"fixed_days","sectors":["data_center"],"trigger_categories":["regulatory_gap"],"date_enacted":"2026-07-08 (unanimous City Council vote)","duration":"One year","trigger":"City officials said no data center had been proposed; the planning commission was to use the period to develop permanent regulations"}},{"type":"Feature","geometry":{"type":"Point","coordinates":[-85.526108,44.647164]},"properties":{"id":"mi-howard-charter-township-cass-county-undated","jurisdiction":"Howard Charter Township (Cass County)","state":"Michigan","state_abbrev":"MI","jurisdiction_type":"Township","enacted_status":"pending","date_enacted_iso":"","current_end_date_iso":"","date_enacted_uncertainty":"unverified","duration_days":365,"duration_kind":"fixed_days","sectors":["data_center","battery_storage"],"trigger_categories":["regulatory_gap","legal_or_litigation"],"date_enacted":"Not confirmed; Resolution 2026-10 (data center moratorium) on the 2026-05-19 Board agenda, non-zoning Ordinance 237 on the 2026-06-16 and 2026-08-18 agendas, and zoning moratorium Ordinance 238 on the 2026-08-18 agenda; outcomes not located","duration":"Proposed one year from effective date or until new data center/BESS regulations take effect","trigger":"No data center use in zoning ordinance; desire to study health, safety and welfare impacts and avoid exclusionary-zoning claims"}},{"type":"Feature","geometry":{"type":"Point","coordinates":[-83.978611,42.646944]},"properties":{"id":"mi-howell-township-2025","jurisdiction":"Howell Township","state":"Michigan","state_abbrev":"MI","jurisdiction_type":"Township","enacted_status":"expired","date_enacted_iso":"2025-11-20","current_end_date_iso":"","date_enacted_uncertainty":"exact","duration_days":180,"duration_kind":"fixed_days","sectors":["data_center"],"trigger_categories":["specific_project","regulatory_gap","land_use_compatibility"],"date_enacted":"2025-11-20","duration":"6 months","trigger":"Proposed Meta-linked hyperscale campus on more than 1,000 acres and rezoning conflict"}},{"type":"Feature","geometry":{"type":"Point","coordinates":[-83.022199,43.838575]},"properties":{"id":"mi-huron-county-2026","jurisdiction":"Huron County","state":"Michigan","state_abbrev":"MI","jurisdiction_type":"County","enacted_status":"active","date_enacted_iso":"2026-05-27","current_end_date_iso":"","date_enacted_uncertainty":"exact","duration_days":1095,"duration_kind":"fixed_days","sectors":["data_center"],"trigger_categories":["regulatory_gap"],"date_enacted":"2026-05-27 (Board of Commissioners vote, 4-2, one abstention)","duration":"Reported as up to 36 months; the county's online draft ordinance (Zoning Amendment ZA 2026-02) states six months, and the final signed/codified 36-month text was not located online","trigger":"Followed the county Planning Commission's April 2026 recommendation; pauses land-use permits for data centers and similar uses"}},{"type":"Feature","geometry":{"type":"Point","coordinates":[-83.022199,43.838575]},"properties":{"id":"mi-huron-county-solar-and-battery-storage-2026","jurisdiction":"Huron County (solar and battery storage)","state":"Michigan","state_abbrev":"MI","jurisdiction_type":"County","enacted_status":"extended","date_enacted_iso":"2026-05-12","current_end_date_iso":"","date_enacted_uncertainty":"exact","duration_days":null,"duration_kind":"until_date","sectors":["solar","battery_storage"],"trigger_categories":["regulatory_gap","land_use_compatibility","specific_project"],"date_enacted":"2026-05-12 (Board of Commissioners, unanimous); extended 2026-08-11 (30 days, 6-1), ~2026-09-08 (14 days, unanimous) and 2026-09-22 (to 2026-12-29, 6-1)","duration":"3 months, extended three times; now through 2026-12-29","trigger":"Planning commission needs time to recommend additional standards for the county solar and battery zoning ordinance (setbacks, acreage cap, host agreement, decommissioning)"}},{"type":"Feature","geometry":{"type":"Point","coordinates":[-83.39194,42.747063]},"properties":{"id":"mi-independence-township-2026","jurisdiction":"Independence Township","state":"Michigan","state_abbrev":"MI","jurisdiction_type":"Township","enacted_status":"active","date_enacted_iso":"2026-07-21","current_end_date_iso":"","date_enacted_uncertainty":"exact","duration_days":180,"duration_kind":"fixed_days","sectors":["data_center"],"trigger_categories":["regulatory_gap"],"date_enacted":"2026-07-21 (Board of Trustees unanimously approved a resolution)","duration":"6 months","trigger":"Township unprepared to regulate a data center; the supervisor cited nearby Springfield Township approaches and an MTA training session"}},{"type":"Feature","geometry":{"type":"Point","coordinates":[-85.587229,42.291707]},"properties":{"id":"mi-kalamazoo-2026","jurisdiction":"Kalamazoo","state":"Michigan","state_abbrev":"MI","jurisdiction_type":"City","enacted_status":"active","date_enacted_iso":"2026-08-17","current_end_date_iso":"","date_enacted_uncertainty":"exact","duration_days":365,"duration_kind":"fixed_days","sectors":["data_center","battery_storage","cryptocurrency_mining"],"trigger_categories":["specific_project","regulatory_gap","noise","water","fire_safety","infrastructure_capacity"],"date_enacted":"2026-08-17 (City Commission resolution adopted 7-0); zoning-ordinance version had first reading 2026-09-21, second reading/public hearing set for 2026-10-05","duration":"One year, through 2027-08-16, or until new ordinances are adopted; extendable","trigger":"Harbor Farmz announced intent to sell its 2839 Full Circle Drive property to a data center developer; concerns about noise, water use, fire risk from lithium-ion batteries and utility strain"}},{"type":"Feature","geometry":{"type":"Point","coordinates":[-85.624785,42.310823]},"properties":{"id":"mi-kalamazoo-township-2026","jurisdiction":"Kalamazoo Township","state":"Michigan","state_abbrev":"MI","jurisdiction_type":"Township","enacted_status":"active","date_enacted_iso":"2026-07-27","current_end_date_iso":"","date_enacted_uncertainty":"exact","duration_days":365,"duration_kind":"fixed_days","sectors":["data_center"],"trigger_categories":["regulatory_gap","water"],"date_enacted":"2026-07-27 (Ordinance No. 647 adopted by unanimous roll call; first reading 2026-07-13)","duration":"12 months from the effective date (publication), or until new data center regulations take effect; extendable","trigger":"Data centers not currently permitted in the township; proactive study given Michigan's attractiveness for data centers and pending state legislation"}},{"type":"Feature","geometry":{"type":"Point","coordinates":[-85.624785,42.310823]},"properties":{"id":"mi-kalamazoo-township-2026-2","jurisdiction":"Kalamazoo Township","state":"Michigan","state_abbrev":"MI","jurisdiction_type":"Township","enacted_status":"active","date_enacted_iso":"2026-07-27","current_end_date_iso":"","date_enacted_uncertainty":"exact","duration_days":null,"duration_kind":"until_event","sectors":["battery_storage"],"trigger_categories":["regulatory_gap","infrastructure_capacity","legal_or_litigation"],"date_enacted":"2026-07-27 (Ordinance No. 646 adopted by unanimous roll call; introduced as No. 645 at first reading 2026-07-13)","duration":"From effective date until amended/new BESS regulations take effect (packet text states no fixed term); extendable","trigger":"Public concern in other municipalities after PA 233 of 2023; pending litigation against the MPSC over PA 233 implementation; infrastructure capacity"}},{"type":"Feature","geometry":{"type":"Point","coordinates":[-83.184092,43.955996]},"properties":{"id":"mi-lake-township-2026","jurisdiction":"Lake Township","state":"Michigan","state_abbrev":"MI","jurisdiction_type":"Township","enacted_status":"active","date_enacted_iso":"2026-07-16","current_end_date_iso":"","date_enacted_uncertainty":"exact","duration_days":180,"duration_kind":"fixed_days","sectors":["data_center"],"trigger_categories":["regulatory_gap"],"date_enacted":"2026-07-16 (unanimous vote), immediate effect","duration":"Six months, or until the township adopts regulations, whichever occurs first","trigger":"Halts approval, construction, expansion, zoning permits, and licenses for data centers"}},{"type":"Feature","geometry":{"type":"Point","coordinates":[-84.55463,42.733825]},"properties":{"id":"mi-lansing-2026","jurisdiction":"Lansing","state":"Michigan","state_abbrev":"MI","jurisdiction_type":"City","enacted_status":"active","date_enacted_iso":"2026-07-13","current_end_date_iso":"","date_enacted_uncertainty":"exact","duration_days":182,"duration_kind":"fixed_days","sectors":["data_center"],"trigger_categories":["regulatory_gap"],"date_enacted":"2026-07-13 (7-1 City Council vote); effective 2026-07-27","duration":"182 days from the effective date, reported to run through 2027-01-25","trigger":"Bars issuance of building permits for data centers and processing of zoning amendment applications that would permit a data center as a principal or accessory use"}},{"type":"Feature","geometry":{"type":"Point","coordinates":[-82.796672,42.764358]},"properties":{"id":"mi-lenox-township-2026","jurisdiction":"Lenox Township","state":"Michigan","state_abbrev":"MI","jurisdiction_type":"Township","enacted_status":"expired","date_enacted_iso":"2026-02-02","current_end_date_iso":"2026-06-02","date_enacted_uncertainty":"exact","duration_days":120,"duration_kind":"fixed_days","sectors":["general"],"trigger_categories":["regulatory_gap","infrastructure_capacity","land_use_compatibility"],"date_enacted":"2026-02-02","duration":"4 months (2026-02-02 to 2026-06-02); the optional additional 4-month extension was not adopted","trigger":"Need time for zoning and infrastructure review while avoiding exclusionary-zoning risk"}},{"type":"Feature","geometry":{"type":"Point","coordinates":[-84.307389,42.269387]},"properties":{"id":"mi-leoni-township-2026","jurisdiction":"Leoni Township","state":"Michigan","state_abbrev":"MI","jurisdiction_type":"Township","enacted_status":"active","date_enacted_iso":"2026-03","current_end_date_iso":"","date_enacted_uncertainty":"month_only","duration_days":365,"duration_kind":"fixed_days","sectors":["data_center"],"trigger_categories":["regulatory_gap"],"date_enacted":"March 2026 ('earlier this month' per MLive 2026-03-20)","duration":"1 year","trigger":"Proactive; planning commission drafting data center regulations"}},{"type":"Feature","geometry":{"type":"Point","coordinates":[-83.956082,42.290271]},"properties":{"id":"mi-lima-township-2025","jurisdiction":"Lima Township","state":"Michigan","state_abbrev":"MI","jurisdiction_type":"Township","enacted_status":"extended","date_enacted_iso":"2025-12-08","current_end_date_iso":"","date_enacted_uncertainty":"exact","duration_days":180,"duration_kind":"fixed_days","sectors":["data_center"],"trigger_categories":["regulatory_gap"],"date_enacted":"2025-12-08 (Resolution 25-15, all ayes); extended 2026-07-13 by Resolution 2026-13","duration":"180 days or until a regulatory ordinance is enacted; extended by Resolution 2026-13 (extension length not published)","trigger":"Proactive, following neighboring moratoria and the Saline Township project"}},{"type":"Feature","geometry":{"type":"Point","coordinates":[-83.956082,42.290271]},"properties":{"id":"mi-lima-township-2026","jurisdiction":"Lima Township","state":"Michigan","state_abbrev":"MI","jurisdiction_type":"Township","enacted_status":"active","date_enacted_iso":"2026-06-12","current_end_date_iso":"","date_enacted_uncertainty":"exact","duration_days":365,"duration_kind":"fixed_days","sectors":["general"],"trigger_categories":["specific_project","regulatory_gap","environmental","noise"],"date_enacted":"2026-06-12 (Resolution 2026-12 adopted unanimously at a special Township Board meeting)","duration":"12 months or until a regulatory ordinance for power generating facilities is enacted, whichever comes first","trigger":"Consumers Energy option on ~120 acres off S. Lima Center Road for a possible 1.4 GW natural-gas power plant"}},{"type":"Feature","geometry":{"type":"Point","coordinates":[-82.943039,43.877515]},"properties":{"id":"mi-lincoln-township-2026","jurisdiction":"Lincoln Township","state":"Michigan","state_abbrev":"MI","jurisdiction_type":"Township","enacted_status":"active","date_enacted_iso":"2026-06-09","current_end_date_iso":"","date_enacted_uncertainty":"exact","duration_days":300,"duration_kind":"fixed_days","sectors":["data_center"],"trigger_categories":["regulatory_gap"],"date_enacted":"2026-06-09 (all six members present voted yes)","duration":"Ten months","trigger":"Adopted while a Planning Commission subgroup studied data center regulation"}},{"type":"Feature","geometry":{"type":"Point","coordinates":[-83.838751,42.211431]},"properties":{"id":"mi-lodi-township-2026","jurisdiction":"Lodi Township","state":"Michigan","state_abbrev":"MI","jurisdiction_type":"Township","enacted_status":"extended","date_enacted_iso":"2026-02-03","current_end_date_iso":"2027-02-16","date_enacted_uncertainty":"exact","duration_days":180,"duration_kind":"fixed_days","sectors":["data_center"],"trigger_categories":["regulatory_gap","specific_project","land_use_compatibility"],"date_enacted":"2026-02-03","duration":"180 days under the original Ordinance No. 2026-001 (Feb. 3 - ~Aug. 2, 2026); superseded by a new 180-day term under Ordinance No. 2026-003 (Aug. 20, 2026 - ~Feb. 16, 2027).","trigger":"Zoning ordinance did not address data centers; nearby proposals created pressure to study standards"}},{"type":"Feature","geometry":{"type":"Point","coordinates":[-85.37101,42.885542]},"properties":{"id":"mi-lowell-township-2026","jurisdiction":"Lowell Township (proposed)","state":"Michigan","state_abbrev":"MI","jurisdiction_type":"Township","enacted_status":"expired","date_enacted_iso":"","current_end_date_iso":"","date_enacted_uncertainty":"unverified","duration_days":180,"duration_kind":"fixed_days","sectors":["data_center"],"trigger_categories":["specific_project","water","noise","grid_energy","land_use_compatibility"],"date_enacted":"Not enacted as of 2026-04-29","duration":"Proposed 6 months","trigger":"Microsoft proposal in Covenant Business Park; resident concerns about light, water, noise, and electricity rates"}},{"type":"Feature","geometry":{"type":"Point","coordinates":[-84.078774,42.380352]},"properties":{"id":"mi-lyndon-township-2026","jurisdiction":"Lyndon Township","state":"Michigan","state_abbrev":"MI","jurisdiction_type":"Township","enacted_status":"active","date_enacted_iso":"2026-05-12","current_end_date_iso":"","date_enacted_uncertainty":"exact","duration_days":365,"duration_kind":"fixed_days","sectors":["data_center"],"trigger_categories":["regulatory_gap"],"date_enacted":"2026-05-12 (adopted); notice published 2026-05-20; effective 2026-05-27","duration":"12 months, or until regulations are adopted, whichever occurs first","trigger":"Proactive pause on new data center development applications; no specific pending project identified in the record reviewed"}},{"type":"Feature","geometry":{"type":"Point","coordinates":[-83.613258,42.476464]},"properties":{"id":"mi-lyon-township-2026","jurisdiction":"Lyon Charter Township (Oakland County)","state":"Michigan","state_abbrev":"MI","jurisdiction_type":"Township","enacted_status":"active","date_enacted_iso":"2026-05","current_end_date_iso":"","date_enacted_uncertainty":"month_only","duration_days":180,"duration_kind":"fixed_days","sectors":["data_center"],"trigger_categories":["regulatory_gap","specific_project"],"date_enacted":"May 2026","duration":"180 days","trigger":"Rapid regional data center development pressure; enacted while the previously-approved 'Project Flex' hyperscale campus (~1.8 million sq ft) continues toward final approval"}},{"type":"Feature","geometry":{"type":"Point","coordinates":[-84.792879,44.482887]},"properties":{"id":"mi-lyon-township-2026-2","jurisdiction":"Lyon Township","state":"Michigan","state_abbrev":"MI","jurisdiction_type":"Township","enacted_status":"active","date_enacted_iso":"2026-05","current_end_date_iso":"","date_enacted_uncertainty":"month_only","duration_days":180,"duration_kind":"fixed_days","sectors":["data_center"],"trigger_categories":["regulatory_gap","specific_project"],"date_enacted":"May 2026","duration":"180 days","trigger":"Rapid regional data center development pressure; enacted while the previously-approved 'Project Flex' hyperscale campus (~1.8 million sq ft) continues toward final approval"}},{"type":"Feature","geometry":{"type":"Point","coordinates":[-84.069722,42.116132]},"properties":{"id":"mi-manchester-township-2025","jurisdiction":"Manchester Township","state":"Michigan","state_abbrev":"MI","jurisdiction_type":"Township","enacted_status":"active","date_enacted_iso":"2025-10-14","current_end_date_iso":"","date_enacted_uncertainty":"exact","duration_days":null,"duration_kind":"until_event","sectors":["data_center"],"trigger_categories":["regulatory_gap","water","grid_energy","noise","land_use_compatibility","fire_safety"],"date_enacted":"2025-10-14","duration":"2 years or until data center regulations are adopted","trigger":"Need for data center regulatory framework; concerns included water, energy, noise, siting, and public safety"}},{"type":"Feature","geometry":{"type":"Point","coordinates":[-84.964201,42.272137]},"properties":{"id":"mi-marshall-2026","jurisdiction":"Marshall","state":"Michigan","state_abbrev":"MI","jurisdiction_type":"City","enacted_status":"active","date_enacted_iso":"2026-08-03","current_end_date_iso":"","date_enacted_uncertainty":"exact","duration_days":365,"duration_kind":"fixed_days","sectors":["data_center"],"trigger_categories":["specific_project","noise","grid_energy","water","environmental","regulatory_gap"],"date_enacted":"2026-08-03 (City Council resolution approved; date per the City's resolution file name and WWMT coverage)","duration":"365 days from the effective date, with 30-day extensions allowed","trigger":"Alterra Development's proposed data center on 270 acres at Brooks Industrial Park near wetlands and a lake; concern over noise (low-frequency), electricity, water, heat discharge; pending state legislation"}},{"type":"Feature","geometry":{"type":"Point","coordinates":[-86.246291,43.977883]},"properties":{"id":"mi-mason-2026","jurisdiction":"Mason","state":"Michigan","state_abbrev":"MI","jurisdiction_type":"City","enacted_status":"replaced","date_enacted_iso":"2026-01-05","current_end_date_iso":"","date_enacted_uncertainty":"exact","duration_days":90,"duration_kind":"fixed_days","sectors":["data_center"],"trigger_categories":["regulatory_gap","land_use_compatibility"],"date_enacted":"2026-01-05","duration":"90 days, ending 2026-03-15 or upon adoption of Ordinance 266","trigger":"Need to create new Technology Innovation (M-3) zoning district"}},{"type":"Feature","geometry":{"type":"Point","coordinates":[-85.9344,41.784792]},"properties":{"id":"mi-mason-township-2026","jurisdiction":"Mason Township","state":"Michigan","state_abbrev":"MI","jurisdiction_type":"Township","enacted_status":"active","date_enacted_iso":"2026-05-02","current_end_date_iso":"","date_enacted_uncertainty":"exact","duration_days":365,"duration_kind":"fixed_days","sectors":["data_center"],"trigger_categories":["regulatory_gap"],"date_enacted":"2026-05-02 (special meeting, 5-0 roll-call vote); effective 2026-06-08","duration":"12 months from the 2026-06-08 effective date unless terminated earlier; the board may extend it","trigger":"Proactive pause on accepting or processing applications and issuing permits or approvals for data centers; no specific pending project identified in the record reviewed"}},{"type":"Feature","geometry":{"type":"Point","coordinates":[-83.175203,42.282538]},"properties":{"id":"mi-melvindale-2026","jurisdiction":"Melvindale","state":"Michigan","state_abbrev":"MI","jurisdiction_type":"City","enacted_status":"active","date_enacted_iso":"2026-05-20","current_end_date_iso":"","date_enacted_uncertainty":"exact","duration_days":null,"duration_kind":"unknown","sectors":["data_center"],"trigger_categories":["specific_project","grid_energy","water","noise"],"date_enacted":"2026-05-20 (City Council unanimous vote)","duration":"Not stated in the source reviewed","trigger":"Precaution after a 26 MW data center proposal in neighboring Allen Park"}},{"type":"Feature","geometry":{"type":"Point","coordinates":[-84.414709,42.727858]},"properties":{"id":"mi-meridian-township-2026","jurisdiction":"Meridian Township","state":"Michigan","state_abbrev":"MI","jurisdiction_type":"Township","enacted_status":"active","date_enacted_iso":"2026-05-19","current_end_date_iso":"","date_enacted_uncertainty":"exact","duration_days":180,"duration_kind":"fixed_days","sectors":["data_center"],"trigger_categories":["regulatory_gap"],"date_enacted":"2026-05-19","duration":"6 months","trigger":"Desire for a regulatory framework in place before data center proposals arrive"}},{"type":"Feature","geometry":{"type":"Point","coordinates":[-83.99078,43.611536]},"properties":{"id":"mi-monitor-charter-township-2026","jurisdiction":"Monitor Charter Township","state":"Michigan","state_abbrev":"MI","jurisdiction_type":"Township","enacted_status":"active","date_enacted_iso":"2026-03-26","current_end_date_iso":"","date_enacted_uncertainty":"exact","duration_days":365,"duration_kind":"fixed_days","sectors":["data_center"],"trigger_categories":["regulatory_gap","specific_project"],"date_enacted":"2026-03-26 (Ordinance 67-U adopted on second reading, 4-2, at a special Board meeting; first readings 2026-02-09 and 2026-03-23)","duration":"One year","trigger":"Two private properties reportedly considered for data centers; resident opposition; township DDA expansion controversy"}},{"type":"Feature","geometry":{"type":"Point","coordinates":[-86.756698,41.78859]},"properties":{"id":"mi-new-buffalo-township-2026","jurisdiction":"New Buffalo Township","state":"Michigan","state_abbrev":"MI","jurisdiction_type":"Township","enacted_status":"active","date_enacted_iso":"2026-04-08","current_end_date_iso":"","date_enacted_uncertainty":"exact","duration_days":365,"duration_kind":"fixed_days","sectors":["data_center"],"trigger_categories":["specific_project","regulatory_gap","water","infrastructure_capacity","land_use_compatibility"],"date_enacted":"2026-04-08 (resolution at special board meeting)","duration":"One year from adoption","trigger":"114-acre Kluver Road land sale to an entity tied to Michigan City's 'Project Maize' data center investors; industrial zoning would permit a data center"}},{"type":"Feature","geometry":{"type":"Point","coordinates":[-86.284299,41.856198]},"properties":{"id":"mi-niles-charter-township-2026","jurisdiction":"Niles Charter Township","state":"Michigan","state_abbrev":"MI","jurisdiction_type":"Township","enacted_status":"active","date_enacted_iso":"2026-06-01","current_end_date_iso":"","date_enacted_uncertainty":"exact","duration_days":365,"duration_kind":"fixed_days","sectors":["data_center"],"trigger_categories":["regulatory_gap","land_use_compatibility"],"date_enacted":"2026-06-01 (Township trustees approved a 12-month moratorium on data center permits)","duration":"12 months","trigger":"Need to update the zoning ordinance and master plan to determine where data centers may or may not be located"}},{"type":"Feature","geometry":{"type":"Point","coordinates":[-83.483234,42.431082]},"properties":{"id":"mi-northville-2026","jurisdiction":"Northville","state":"Michigan","state_abbrev":"MI","jurisdiction_type":"City","enacted_status":"active","date_enacted_iso":"2026-01-07","current_end_date_iso":"","date_enacted_uncertainty":"exact","duration_days":365,"duration_kind":"fixed_days","sectors":["general"],"trigger_categories":["regulatory_gap","other"],"date_enacted":"2026-01-07","duration":"12 months","trigger":"Preemptive action before any proposals emerged; city wanted time to respond to regional activity"}},{"type":"Feature","geometry":{"type":"Point","coordinates":[-84.171853,42.131808]},"properties":{"id":"mi-norvell-township-2026","jurisdiction":"Norvell Township","state":"Michigan","state_abbrev":"MI","jurisdiction_type":"Township","enacted_status":"active","date_enacted_iso":"2026-06-08","current_end_date_iso":"","date_enacted_uncertainty":"exact","duration_days":365,"duration_kind":"fixed_days","sectors":["data_center"],"trigger_categories":["regulatory_gap","water","grid_energy","noise","land_use_compatibility"],"date_enacted":"2026-06-08 (Resolution 2026-06, A Moratorium on Approval of Data Centers, 4-0 roll call at regular meeting rescheduled from May 18)","duration":"12 months following effective date (publication within 7 days of adoption) or until data center zoning amendments take effect; Board may extend up to 6 months","trigger":"Zoning ordinance does not address data centers; concerns about energy, water (Wamplers Lake), noise, rural character"}},{"type":"Feature","geometry":{"type":"Point","coordinates":[-84.778911,42.726507]},"properties":{"id":"mi-oneida-charter-township-2026","jurisdiction":"Oneida Charter Township","state":"Michigan","state_abbrev":"MI","jurisdiction_type":"Township","enacted_status":"extended","date_enacted_iso":"2026-01-13","current_end_date_iso":"","date_enacted_uncertainty":"exact","duration_days":180,"duration_kind":"fixed_days","sectors":["data_center"],"trigger_categories":["regulatory_gap","water","grid_energy","noise","land_use_compatibility"],"date_enacted":"2026-01-13 (Ordinance No. 2026-1 adopted 7-0; effective on publication 2026-01-24); extended 2026-07-14 by Resolution No. 2026-07-14","duration":"Six months from 2026-01-24 (to 2026-07-24), subject to extension by resolution or earlier adoption of regulations; extended six months to 2027-01-24","trigger":"Zoning ordinance does not define or regulate data centers; concerns over water, energy use, noise and siting while the Planning Commission drafts a data center ordinance"}},{"type":"Feature","geometry":{"type":"Point","coordinates":[-83.26423,42.751651]},"properties":{"id":"mi-orion-township-2026","jurisdiction":"Orion Township","state":"Michigan","state_abbrev":"MI","jurisdiction_type":"Township","enacted_status":"active","date_enacted_iso":"2026-06-15","current_end_date_iso":"","date_enacted_uncertainty":"exact","duration_days":180,"duration_kind":"fixed_days","sectors":["data_center"],"trigger_categories":["regulatory_gap"],"date_enacted":"2026-06-15 (7-0 vote)","duration":"Six months, with the board able to extend the pause","trigger":"Adopted while the Planning Commission and planning staff research zoning amendments"}},{"type":"Feature","geometry":{"type":"Point","coordinates":[-85.707063,42.288957]},"properties":{"id":"mi-oshtemo-charter-township-2026","jurisdiction":"Oshtemo Charter Township","state":"Michigan","state_abbrev":"MI","jurisdiction_type":"Township","enacted_status":"active","date_enacted_iso":"2026-03-10","current_end_date_iso":"","date_enacted_uncertainty":"exact","duration_days":365,"duration_kind":"fixed_days","sectors":["data_center"],"trigger_categories":["regulatory_gap","grid_energy","water","environmental"],"date_enacted":"2026-03-10 (Ordinance No. 688 adopted on second reading, unanimous per MLive)","duration":"One year, until otherwise amended or repealed, pending zoning/general ordinance amendments","trigger":"Preemptive; concern over utility rates, water use and environment"}},{"type":"Feature","geometry":{"type":"Point","coordinates":[-85.707063,42.288957]},"properties":{"id":"mi-oshtemo-charter-township-2025","jurisdiction":"Oshtemo Charter Township","state":"Michigan","state_abbrev":"MI","jurisdiction_type":"Township","enacted_status":"active","date_enacted_iso":"2025-11-25","current_end_date_iso":"","date_enacted_uncertainty":"exact","duration_days":365,"duration_kind":"fixed_days","sectors":["battery_storage"],"trigger_categories":["specific_project","fire_safety","regulatory_gap"],"date_enacted":"2025-11-25 (Township Board, unanimous with two absent)","duration":"One year (expires 2026-11-25) or until a zoning ordinance addresses energy storage; board plans extension","trigger":"NewEdge Renewable Power's proposed 260 MW BESS at West M Avenue and South Van Kal Street; PA 233 state siting"}},{"type":"Feature","geometry":{"type":"Point","coordinates":[-85.707063,42.288957]},"properties":{"id":"mi-oshtemo-charter-township-2026-2","jurisdiction":"Oshtemo Charter Township","state":"Michigan","state_abbrev":"MI","jurisdiction_type":"Township","enacted_status":"active","date_enacted_iso":"2026-08-11","current_end_date_iso":"","date_enacted_uncertainty":"exact","duration_days":180,"duration_kind":"fixed_days","sectors":["solar"],"trigger_categories":["regulatory_gap"],"date_enacted":"2026-08-11 (second reading, 7-0; first reading 2026-07-28)","duration":"Six months unless amended or repealed","trigger":"Need for siting, design, construction and decommissioning standards for large-scale solar while Energy Systems Ordinance is drafted"}},{"type":"Feature","geometry":{"type":"Point","coordinates":[-83.275795,42.839797]},"properties":{"id":"mi-oxford-township-2026","jurisdiction":"Oxford Township","state":"Michigan","state_abbrev":"MI","jurisdiction_type":"Township","enacted_status":"active","date_enacted_iso":"2026-02-11","current_end_date_iso":"","date_enacted_uncertainty":"exact","duration_days":365,"duration_kind":"fixed_days","sectors":["data_center"],"trigger_categories":["regulatory_gap"],"date_enacted":"2026-02-11 (Township Board of Trustees approved a resolution)","duration":"One year","trigger":"No ordinance specifically regulating data centers; no application pending"}},{"type":"Feature","geometry":{"type":"Point","coordinates":[-85.586519,42.016737]},"properties":{"id":"mi-park-township-2026","jurisdiction":"Park Township (St. Joseph County)","state":"Michigan","state_abbrev":"MI","jurisdiction_type":"Township","enacted_status":"active","date_enacted_iso":"2026-05-13","current_end_date_iso":"","date_enacted_uncertainty":"exact","duration_days":null,"duration_kind":"unknown","sectors":["data_center"],"trigger_categories":["regulatory_gap"],"date_enacted":"2026-05-13","duration":"Not reproduced in the minutes; an attorney's estimate during the meeting put the term at roughly 1 to 1.5 years, but the ordinance's operative duration text was not located","trigger":"Adopted after a public comment requesting action; officials said there had been no data center inquiry in the township"}},{"type":"Feature","geometry":{"type":"Point","coordinates":[-84.659152,42.305267]},"properties":{"id":"mi-parma-township-jackson-county-2026","jurisdiction":"Parma Township (Jackson County)","state":"Michigan","state_abbrev":"MI","jurisdiction_type":"Township","enacted_status":"active","date_enacted_iso":"2026-02-18","current_end_date_iso":"","date_enacted_uncertainty":"exact","duration_days":365,"duration_kind":"fixed_days","sectors":["data_center"],"trigger_categories":["regulatory_gap"],"date_enacted":"2026-02-18, Parma Township Board adopted Data Center Moratorium No. 2026-3; notice published 2026-02-27.","duration":"One year from adoption, to allow the Township to study and potentially adopt data-center regulations.","trigger":"Township needed time to study and potentially adopt regulations governing data centers."}},{"type":"Feature","geometry":{"type":"Point","coordinates":[-85.933316,41.940758]},"properties":{"id":"mi-penn-township-cass-county-2026","jurisdiction":"Penn Township (Cass County)","state":"Michigan","state_abbrev":"MI","jurisdiction_type":"Township","enacted_status":"active","date_enacted_iso":"2026-05-21","current_end_date_iso":"","date_enacted_uncertainty":"exact","duration_days":365,"duration_kind":"fixed_days","sectors":["data_center"],"trigger_categories":["specific_project","regulatory_gap"],"date_enacted":"2026-05-21 (one-year general-law moratorium approved by Township Board; preceded by a 30-day moratorium approved 2026-05-11, 5-1)","duration":"One year","trigger":"Rumors of a data center project; Diamond Lake Association requested a multi-year pause"}},{"type":"Feature","geometry":{"type":"Point","coordinates":[-86.413922,43.938059]},"properties":{"id":"mi-pere-marquette-charter-township-2026","jurisdiction":"Pere Marquette Charter Township","state":"Michigan","state_abbrev":"MI","jurisdiction_type":"Township","enacted_status":"active","date_enacted_iso":"2026-08-11","current_end_date_iso":"","date_enacted_uncertainty":"exact","duration_days":365,"duration_kind":"fixed_days","sectors":["data_center"],"trigger_categories":["regulatory_gap","water","grid_energy","noise"],"date_enacted":"2026-08-11 (Township Board adopted Ordinance No. 162 on second reading after a 2026-07-14 first reading; companion zoning amendment Ordinance No. 163, effective 2026-09-06, noticed as adopted 2026-08-25)","duration":"One year, unless data center regulations are adopted sooner; may be extended by board resolution (with a waiver process for landowners during any extension)","trigger":"Zoning ordinance does not define or regulate data centers; concerns about water and energy consumption, noise, power generation equipment, and battery storage"}},{"type":"Feature","geometry":{"type":"Point","coordinates":[-85.821915,42.394092]},"properties":{"id":"mi-pine-grove-township-2026","jurisdiction":"Pine Grove Township","state":"Michigan","state_abbrev":"MI","jurisdiction_type":"Township","enacted_status":"active","date_enacted_iso":"2026-06-03","current_end_date_iso":"","date_enacted_uncertainty":"exact","duration_days":180,"duration_kind":"fixed_days","sectors":["data_center"],"trigger_categories":["regulatory_gap"],"date_enacted":"2026-06-03","duration":"Six months from the effective date, or until the township adopts a regulatory ordinance, whichever occurs first; extension permitted","trigger":"Proactive pause barring applications, permits, licenses, approvals, and construction for data center systems"}},{"type":"Feature","geometry":{"type":"Point","coordinates":[-83.724107,42.210317]},"properties":{"id":"mi-pittsfield-township-2025","jurisdiction":"Pittsfield Township","state":"Michigan","state_abbrev":"MI","jurisdiction_type":"Township","enacted_status":"extended","date_enacted_iso":"2025-11-20","current_end_date_iso":"2026-11-15","date_enacted_uncertainty":"exact","duration_days":180,"duration_kind":"fixed_days","sectors":["data_center"],"trigger_categories":["regulatory_gap","land_use_compatibility"],"date_enacted":"2025-11-20","duration":"6 months","trigger":"Preemptive zoning update before any application; concern about regional data center growth and resident impacts"}},{"type":"Feature","geometry":{"type":"Point","coordinates":[-83.291047,42.638922]},"properties":{"id":"mi-pontiac-2026","jurisdiction":"Pontiac","state":"Michigan","state_abbrev":"MI","jurisdiction_type":"City","enacted_status":"extended","date_enacted_iso":"2026-01-21","current_end_date_iso":"2027-01-20","date_enacted_uncertainty":"exact","duration_days":180,"duration_kind":"fixed_days","sectors":["data_center"],"trigger_categories":["regulatory_gap","infrastructure_capacity","water","other"],"date_enacted":"2026-01-21","duration":"6 months (Jan. 21 - Jul. 20, 2026), extended one additional 6-month period through Jan. 20, 2027 by Resolution No. 26-126 (adopted June 16, 2026); the resolution states no further extensions are authorized.","trigger":"Mayor reported inquiries; existing zoning insufficient to address public health, utility, and infrastructure effects"}},{"type":"Feature","geometry":{"type":"Point","coordinates":[-82.477923,42.976607]},"properties":{"id":"mi-port-huron-township-2026","jurisdiction":"Port Huron Township","state":"Michigan","state_abbrev":"MI","jurisdiction_type":"Township","enacted_status":"active","date_enacted_iso":"2026-09-21","current_end_date_iso":"","date_enacted_uncertainty":"exact","duration_days":365,"duration_kind":"fixed_days","sectors":["data_center"],"trigger_categories":["regulatory_gap","infrastructure_capacity","land_use_compatibility"],"date_enacted":"2026-09-21 (Township Board unanimously adopted Ordinance No. 257 on final reading; first reading 2026-08-17)","duration":"12 months after final adoption, or until data-center zoning amendments take effect, whichever is first; extendable by resolution","trigger":"Public health, safety and welfare concerns raised by the public about data centers and other high-resource-demand facilities; time needed to study and amend zoning"}},{"type":"Feature","geometry":{"type":"Point","coordinates":[-85.580002,42.201154]},"properties":{"id":"mi-portage-2026","jurisdiction":"Portage","state":"Michigan","state_abbrev":"MI","jurisdiction_type":"City","enacted_status":"active","date_enacted_iso":"2026-02-24","current_end_date_iso":"","date_enacted_uncertainty":"exact","duration_days":null,"duration_kind":"until_date","sectors":["data_center","battery_storage"],"trigger_categories":["regulatory_gap","fire_safety","water","grid_energy"],"date_enacted":"2026-02-24 (Ordinance O-2-2026, Code of Ordinances, second reading; effective 2026-03-18); zoning Ordinance O-3-2026 second reading 2026-03-24 (effective 2026-04-17)","duration":"Until December 31, 2026, or until new regulations take effect; extendable by resolution","trigger":"Preemptive; no applications received; concern about BESS fire risk and data center water/energy impacts"}},{"type":"Feature","geometry":{"type":"Point","coordinates":[-85.820533,42.113251]},"properties":{"id":"mi-porter-township-2026","jurisdiction":"Porter Township","state":"Michigan","state_abbrev":"MI","jurisdiction_type":"Township","enacted_status":"active","date_enacted_iso":"2026-05-12","current_end_date_iso":"","date_enacted_uncertainty":"exact","duration_days":365,"duration_kind":"fixed_days","sectors":["data_center"],"trigger_categories":["regulatory_gap"],"date_enacted":"2026-05-12 (adopted, board vote described as unanimous); effective 2026-05-20","duration":"12 months, or until township regulation is completed, whichever occurs first; extension permitted","trigger":"Proactive pause on data center applications; no specific pending project identified in the record reviewed"}},{"type":"Feature","geometry":{"type":"Point","coordinates":[-83.149932,42.658366]},"properties":{"id":"mi-rochester-hills-2026","jurisdiction":"Rochester Hills","state":"Michigan","state_abbrev":"MI","jurisdiction_type":"City","enacted_status":"extended","date_enacted_iso":"2026-03-09","current_end_date_iso":"","date_enacted_uncertainty":"exact","duration_days":180,"duration_kind":"fixed_days","sectors":["data_center"],"trigger_categories":["regulatory_gap","noise","water","grid_energy","land_use_compatibility"],"date_enacted":"2026-03-09 (City Council adopted Ordinance No. 201, effective 2026-03-16; exempts data centers with complete site plans submitted on or before 2026-02-23); extended by unanimous council vote on 2026-08-10","duration":"180 days from adoption (to about 2026-09-05), extended a further 180 days to 2027-03-04","trigger":"City identified concerns about data-center building height, size, noise, vibration, light, water and electricity demand, and compatibility with residential districts; no standards in the zoning code"}},{"type":"Feature","geometry":{"type":"Point","coordinates":[-83.949037,43.420039]},"properties":{"id":"mi-saginaw-2026","jurisdiction":"Saginaw","state":"Michigan","state_abbrev":"MI","jurisdiction_type":"City","enacted_status":"extended","date_enacted_iso":"2026-01-12","current_end_date_iso":"","date_enacted_uncertainty":"exact","duration_days":180,"duration_kind":"fixed_days","sectors":["data_center"],"trigger_categories":["regulatory_gap","infrastructure_capacity","water"],"date_enacted":"2026-01-12","duration":"6 months (from 2026-01-12, to about July 2026); extended 2026-04-27 by 6-3 council vote for an additional six months, which MLive reports pushes the moratorium to the end of December 2026","trigger":"Preemptive policy development and concern about infrastructure and water-system impacts"}},{"type":"Feature","geometry":{"type":"Point","coordinates":[-83.838902,43.616689]},"properties":{"id":"mi-saline-city-2026","jurisdiction":"Saline City","state":"Michigan","state_abbrev":"MI","jurisdiction_type":"City","enacted_status":"active","date_enacted_iso":"2026-01-12","current_end_date_iso":"","date_enacted_uncertainty":"exact","duration_days":365,"duration_kind":"fixed_days","sectors":["data_center"],"trigger_categories":["regulatory_gap"],"date_enacted":"2026-01-12","duration":"12 months","trigger":"Data centers not addressed in current zoning ordinance; separate from Saline Township project"}},{"type":"Feature","geometry":{"type":"Point","coordinates":[-83.838574,42.124515]},"properties":{"id":"mi-saline-township-2026","jurisdiction":"Saline Township","state":"Michigan","state_abbrev":"MI","jurisdiction_type":"Township","enacted_status":"active","date_enacted_iso":"2026-06-10","current_end_date_iso":"","date_enacted_uncertainty":"exact","duration_days":365,"duration_kind":"fixed_days","sectors":["general"],"trigger_categories":["regulatory_gap","specific_project"],"date_enacted":"2026-06-10","duration":"One year","trigger":"Adopted while the township revises its zoning rules for industrial development generally; the township clerk said the action did not affect the already-permitted 'The Barn' data center project, which remained under construction and permit oversight"}},{"type":"Feature","geometry":{"type":"Point","coordinates":[-86.162079,42.637391]},"properties":{"id":"mi-saugatuck-township-2026","jurisdiction":"Saugatuck Township","state":"Michigan","state_abbrev":"MI","jurisdiction_type":"Township","enacted_status":"extended","date_enacted_iso":"2026-02-11","current_end_date_iso":"","date_enacted_uncertainty":"exact","duration_days":180,"duration_kind":"fixed_days","sectors":["data_center"],"trigger_categories":["specific_project","land_use_compatibility"],"date_enacted":"2026-02-11 (Township Board adopted Ordinance No. 2026-01 by unanimous roll call: Bigford, Osman, Helmrich, Aldrich)","duration":"Six months from the ordinance's effective date or until a zoning amendment regulating data centers is adopted, whichever first (to about 2026-08-11); extended by Resolution No. 2026-17 (2026-08-12) for about three months pending adoption of the new data center ordinance","trigger":"Data center development concerns in Allegan County"}},{"type":"Feature","geometry":{"type":"Point","coordinates":[-84.31963,46.467872]},"properties":{"id":"mi-sault-ste-marie-tribe-of-chippewa-indian-2026","jurisdiction":"Sault Ste. Marie Tribe of Chippewa Indians","state":"Michigan","state_abbrev":"MI","jurisdiction_type":"Tribal","enacted_status":"active","date_enacted_iso":"2026-04-07","current_end_date_iso":"","date_enacted_uncertainty":"exact","duration_days":null,"duration_kind":"until_event","sectors":["data_center"],"trigger_categories":["specific_project","infrastructure_capacity","environmental","grid_energy","land_use_compatibility","other"],"date_enacted":"2026-04-07","duration":"Indefinite until lifted by future board resolution","trigger":"Community concern about resource strain, land-use impacts, transparency, tribal trust land, and long-term economic value"}},{"type":"Feature","geometry":{"type":"Point","coordinates":[-84.071224,42.205443]},"properties":{"id":"mi-sharon-township-2026","jurisdiction":"Sharon Township","state":"Michigan","state_abbrev":"MI","jurisdiction_type":"Township","enacted_status":"active","date_enacted_iso":"2026-02-05","current_end_date_iso":"","date_enacted_uncertainty":"exact","duration_days":365,"duration_kind":"fixed_days","sectors":["data_center"],"trigger_categories":["regulatory_gap","land_use_compatibility","environmental"],"date_enacted":"2026-02-05 (Resolution No. 2026-02-05-01, 5-0)","duration":"12 months (2026-02-05 to 2027-02-05) or until regulations are in place","trigger":"Wave of data center applications across Southeast Michigan; unknown compatibility and adequacy of local regulations"}},{"type":"Feature","geometry":{"type":"Point","coordinates":[-82.685331,43.731461]},"properties":{"id":"mi-sherman-township-2026","jurisdiction":"Sherman Township","state":"Michigan","state_abbrev":"MI","jurisdiction_type":"Township","enacted_status":"active","date_enacted_iso":"2026-06-09","current_end_date_iso":"","date_enacted_uncertainty":"exact","duration_days":365,"duration_kind":"fixed_days","sectors":["data_center"],"trigger_categories":["regulatory_gap"],"date_enacted":"2026-06-09 (5-0 vote)","duration":"12 months from the effective date, or until a zoning ordinance is adopted, whichever occurs first; the board may extend up to 12 additional months","trigger":"Proactive pause barring applications, permits, licenses, approvals, and construction for data center systems"}},{"type":"Feature","geometry":{"type":"Point","coordinates":[-85.611933,43.261296]},"properties":{"id":"mi-solon-township-kent-county-2026","jurisdiction":"Solon Township (Kent County)","state":"Michigan","state_abbrev":"MI","jurisdiction_type":"Township","enacted_status":"extended","date_enacted_iso":"2026-02-09","current_end_date_iso":"","date_enacted_uncertainty":"exact","duration_days":180,"duration_kind":"fixed_days","sectors":["data_center"],"trigger_categories":["specific_project","regulatory_gap","water","grid_energy","noise"],"date_enacted":"2026-02-09 (unanimous Township Board vote on a six-month moratorium); extended six months by the Board on 2026-07-13; supporting zoning ordinance amendment recommended by the Planning Commission 2026-08-26 and adopted by the Board 2026-09-14","duration":"Six months, extended by a further six months (to approximately February 7-10, 2027); counsel says a further extension beyond one year is possible while the master plan is updated","trigger":"'Project Peninsula', a potential ~1 GW data center by an undisclosed developer (Venerly LLC under NDA) on 800+ acres; township drafting data center zoning rules"}},{"type":"Feature","geometry":{"type":"Point","coordinates":[-83.659179,42.451377]},"properties":{"id":"mi-south-lyon-undated","jurisdiction":"South Lyon","state":"Michigan","state_abbrev":"MI","jurisdiction_type":"City","enacted_status":"active","date_enacted_iso":"2026-02-09","current_end_date_iso":"","date_enacted_uncertainty":"exact","duration_days":365,"duration_kind":"fixed_days","sectors":["data_center"],"trigger_categories":["specific_project"],"date_enacted":"February 9, 2026, South Lyon City Council, unanimous roll-call vote (motion by Councilmember Popa, seconded by Councilmember Squires); adopted a resolution imposing the moratorium.","duration":"365 days from Feb. 9, 2026 (originally proposed as 180 days; extended to 365 days by council motion during the meeting), with a clause allowing Council to extend by up to an additional 180 days if needed.","trigger":"Concerns about electricity use, water demand, and noise, informed in part by city officials' attendance at informational meetings on Verrus's proposed hyperscale data center ('Project Flex') in neighboring Lyon Township, and modeled in part on Northville's recently enacted moratorium."}},{"type":"Feature","geometry":{"type":"Point","coordinates":[-85.273247,44.534901]},"properties":{"id":"mi-springfield-township-2025","jurisdiction":"Springfield Township","state":"Michigan","state_abbrev":"MI","jurisdiction_type":"Township","enacted_status":"extended","date_enacted_iso":"2025-12-11","current_end_date_iso":"2026-12-10","date_enacted_uncertainty":"exact","duration_days":180,"duration_kind":"fixed_days","sectors":["data_center"],"trigger_categories":["regulatory_gap","specific_project","land_use_compatibility"],"date_enacted":"2025-12-11","duration":"180 days as originally adopted (Dec. 11, 2025 - ~Jun. 9, 2026); extended 30 days (to Jul. 9, 2026) by board action May 14, 2026; extended again through Dec. 10, 2026 by Resolution 2026-09, adopted Jul. 9, 2026.","trigger":"Township identified as unprepared for hyperscale proposals; need for standards before formal applications"}},{"type":"Feature","geometry":{"type":"Point","coordinates":[-83.030203,42.580312]},"properties":{"id":"mi-sterling-heights-2026","jurisdiction":"Sterling Heights","state":"Michigan","state_abbrev":"MI","jurisdiction_type":"City","enacted_status":"active","date_enacted_iso":"2026-02-04","current_end_date_iso":"","date_enacted_uncertainty":"exact","duration_days":365,"duration_kind":"fixed_days","sectors":["data_center"],"trigger_categories":["regulatory_gap","infrastructure_capacity","noise"],"date_enacted":"2026-02-04","duration":"12 months","trigger":"Spike in development requests across southeast Michigan; zoning written in 1978"}},{"type":"Feature","geometry":{"type":"Point","coordinates":[-84.199509,42.473486]},"properties":{"id":"mi-stockbridge-township-ingham-county-2026","jurisdiction":"Stockbridge Township (Ingham County)","state":"Michigan","state_abbrev":"MI","jurisdiction_type":"Township","enacted_status":"active","date_enacted_iso":"2026-03-16","current_end_date_iso":"","date_enacted_uncertainty":"exact","duration_days":548,"duration_kind":"fixed_days","sectors":["data_center"],"trigger_categories":["regulatory_gap"],"date_enacted":"2026-03-16 (Township Board adopted Resolution No. 02 approving and adopting Ordinance No. 26-02)","duration":"Eighteen months, or until amendments to the Township Zoning Ordinance are adopted, whichever occurs first","trigger":"Need time to review and adopt zoning provisions, procedures and standards for data centers"}},{"type":"Feature","geometry":{"type":"Point","coordinates":[-86.171785,44.211935]},"properties":{"id":"mi-stronach-township-manistee-county-2026","jurisdiction":"Stronach Township (Manistee County)","state":"Michigan","state_abbrev":"MI","jurisdiction_type":"Township","enacted_status":"active","date_enacted_iso":"2026-06-10","current_end_date_iso":"","date_enacted_uncertainty":"exact","duration_days":null,"duration_kind":"until_date","sectors":["data_center"],"trigger_categories":["specific_project","regulatory_gap","noise","water","grid_energy"],"date_enacted":"2026-06-10 (unanimous Township Board vote on a moratorium resolution; effective upon publication of legal notice)","duration":"About six months; the supervisor said it expires December 31, 2026, and an extension could be adopted later","trigger":"Landowner Joe Tondu (Tondu Corp.) floated a possible data center on 150 acres at a May 12, 2026 Planning Commission meeting that drew 225+ attendees"}},{"type":"Feature","geometry":{"type":"Point","coordinates":[-83.604118,42.304993]},"properties":{"id":"mi-superior-charter-township-2026","jurisdiction":"Superior Charter Township","state":"Michigan","state_abbrev":"MI","jurisdiction_type":"Township","enacted_status":"active","date_enacted_iso":"2026-01-20","current_end_date_iso":"","date_enacted_uncertainty":"exact","duration_days":365,"duration_kind":"fixed_days","sectors":["data_center"],"trigger_categories":["regulatory_gap","environmental"],"date_enacted":"2026-01-20 (Resolution 2026-2, 5-0 with two absent)","duration":"12 months from effective date (immediate) or until regulatory and zoning ordinances enacted","trigger":"No township standards specific to data centers; study of environmental, health, safety impacts"}},{"type":"Feature","geometry":{"type":"Point","coordinates":[-84.072356,42.295485]},"properties":{"id":"mi-sylvan-township-2026","jurisdiction":"Sylvan Township","state":"Michigan","state_abbrev":"MI","jurisdiction_type":"Township","enacted_status":"extended","date_enacted_iso":"2026-01-13","current_end_date_iso":"2027-07-14","date_enacted_uncertainty":"exact","duration_days":365,"duration_kind":"fixed_days","sectors":["general"],"trigger_categories":["regulatory_gap","land_use_compatibility"],"date_enacted":"2026-01-22 (per WKAR Public Media Michigan data center tracker, 2026-02-27)","duration":"180 days under the original Ordinance 26-01 (effective Jan. 28, 2026); superseded before expiry by a 12-month term under Resolution 26-05 (effective July 14, 2026), extendable by the Township Board in increments of up to six months.","trigger":"Preemptive measure near Chelsea and Saline-area development activity"}},{"type":"Feature","geometry":{"type":"Point","coordinates":[-83.269651,42.240872]},"properties":{"id":"mi-taylor-undated","jurisdiction":"Taylor","state":"Michigan","state_abbrev":"MI","jurisdiction_type":"City","enacted_status":"active","date_enacted_iso":"2026-01-20","current_end_date_iso":"","date_enacted_uncertainty":"exact","duration_days":365,"duration_kind":"fixed_days","sectors":["data_center"],"trigger_categories":["specific_project"],"date_enacted":"2026-01-20","duration":"12 months, from January 20, 2026 at 11:59 p.m. through January 20, 2027 at 11:59 p.m.","trigger":"No data center developer had approached Taylor at the time of adoption, but officials cited the regional wave of proposals (including a similar moratorium recently adopted in Northville, and a contested data center proposal before Allen Park's Planning Commission) and concerns about utility demand and noise as reasons to act preemptively."}},{"type":"Feature","geometry":{"type":"Point","coordinates":[-85.706742,42.20489]},"properties":{"id":"mi-texas-township-2026","jurisdiction":"Texas Township","state":"Michigan","state_abbrev":"MI","jurisdiction_type":"Township","enacted_status":"active","date_enacted_iso":"2026-06-22","current_end_date_iso":"","date_enacted_uncertainty":"exact","duration_days":365,"duration_kind":"fixed_days","sectors":["data_center"],"trigger_categories":["regulatory_gap"],"date_enacted":"2026-06-22 (7-0 vote); effective 2026-07-05","duration":"12 months, or a shorter period ending when new regulations take effect, whichever occurs first; extension of up to six months permitted","trigger":"Directs the Planning Commission to study and report on data center regulation; no specific pending project identified in the record reviewed"}},{"type":"Feature","geometry":{"type":"Point","coordinates":[-83.744167,42.738056]},"properties":{"id":"mi-tyrone-township-2025","jurisdiction":"Tyrone Township","state":"Michigan","state_abbrev":"MI","jurisdiction_type":"Township","enacted_status":"extended","date_enacted_iso":"2025-12-02","current_end_date_iso":"2027-02-19","date_enacted_uncertainty":"exact","duration_days":180,"duration_kind":"fixed_days","sectors":["data_center"],"trigger_categories":["regulatory_gap"],"date_enacted":"2025-12-02","duration":"6 months, with possible 6-month extension","trigger":"Need for regulatory framework for data center facilities"}},{"type":"Feature","geometry":{"type":"Point","coordinates":[-83.033538,42.626145]},"properties":{"id":"mi-utica-2026","jurisdiction":"Utica","state":"Michigan","state_abbrev":"MI","jurisdiction_type":"City","enacted_status":"extended","date_enacted_iso":"2026-01","current_end_date_iso":"","date_enacted_uncertainty":"month_only","duration_days":null,"duration_kind":"unknown","sectors":["data_center"],"trigger_categories":["regulatory_gap"],"date_enacted":"About January 2026 (original moratorium 'six months ago' per C&G News); extended unanimously 2026-07-14","duration":"Original term about six months; extension length not reported","trigger":"Proactive pause while the city investigates ordinance and zoning changes; no data center proposed"}},{"type":"Feature","geometry":{"type":"Point","coordinates":[-83.012987,42.802808]},"properties":{"id":"mi-romeo-2026","jurisdiction":"Village of Romeo","state":"Michigan","state_abbrev":"MI","jurisdiction_type":"Village","enacted_status":"active","date_enacted_iso":"2026-01-26","current_end_date_iso":"","date_enacted_uncertainty":"exact","duration_days":365,"duration_kind":"fixed_days","sectors":["data_center"],"trigger_categories":["specific_project","regulatory_gap"],"date_enacted":"2026-01-26","duration":"12 months","trigger":"Prologis 312-acre data center proposal in adjacent Washington Township"}},{"type":"Feature","geometry":{"type":"Point","coordinates":[-83.006275,42.493257]},"properties":{"id":"mi-warren-2026","jurisdiction":"Warren","state":"Michigan","state_abbrev":"MI","jurisdiction_type":"City","enacted_status":"active","date_enacted_iso":"2026-08-25","current_end_date_iso":"","date_enacted_uncertainty":"exact","duration_days":365,"duration_kind":"fixed_days","sectors":["data_center"],"trigger_categories":["grid_energy","regulatory_gap","infrastructure_capacity"],"date_enacted":"2026-08-25 (City Council unanimous vote)","duration":"12 months","trigger":"Grid strain after July 2026 storms downed more than 60 power lines; zoning ordinance does not define data centers"}},{"type":"Feature","geometry":{"type":"Point","coordinates":[-82.688497,43.382429]},"properties":{"id":"mi-washington-township-2026","jurisdiction":"Washington Township","state":"Michigan","state_abbrev":"MI","jurisdiction_type":"Township","enacted_status":"active","date_enacted_iso":"2026-05-20","current_end_date_iso":"","date_enacted_uncertainty":"exact","duration_days":180,"duration_kind":"fixed_days","sectors":["data_center"],"trigger_categories":["specific_project","regulatory_gap"],"date_enacted":"2026-05-20","duration":"Six months, or until related zoning amendments take effect, whichever occurs first","trigger":"Followed Prologis's withdrawal (2026-05-19) of its rezoning application for a proposed 312-acre technical campus south of 32 Mile Road; Prologis's attorney had written the company would likely wait for the township's data center ordinance"}},{"type":"Feature","geometry":{"type":"Point","coordinates":[-83.389624,42.670639]},"properties":{"id":"mi-waterford-township-2026","jurisdiction":"Waterford Township","state":"Michigan","state_abbrev":"MI","jurisdiction_type":"Township","enacted_status":"active","date_enacted_iso":"2026-03-23","current_end_date_iso":"2026-10-01","date_enacted_uncertainty":"exact","duration_days":180,"duration_kind":"fixed_days","sectors":["data_center"],"trigger_categories":["regulatory_gap","infrastructure_capacity","noise","water","grid_energy","land_use_compatibility"],"date_enacted":"2026-03-23","duration":"6 months (to 2026-10-01), extendable; a further 6-month extension (Ordinance 2026-Z-012 plus extension resolution) was introduced 2026-09-14 and scheduled for adoption 2026-09-28","trigger":"Zoning ordinance predates large-scale data centers and lacks standards for siting, buffering, noise, utility impacts, water use, fuel storage, building scale, and compatibility"}},{"type":"Feature","geometry":{"type":"Point","coordinates":[-83.407051,43.277516]},"properties":{"id":"mi-watertown-township-2026","jurisdiction":"Watertown Township","state":"Michigan","state_abbrev":"MI","jurisdiction_type":"Township","enacted_status":"active","date_enacted_iso":"2026-05-18","current_end_date_iso":"","date_enacted_uncertainty":"exact","duration_days":365,"duration_kind":"fixed_days","sectors":["data_center"],"trigger_categories":["regulatory_gap"],"date_enacted":"2026-05-18 (7-0 vote), immediate effect","duration":"One year, imposed immediately upon adoption","trigger":"Proactive pause on accepting, hearing, reviewing, or processing applications for construction or operation of data centers"}},{"type":"Feature","geometry":{"type":"Point","coordinates":[-83.842345,42.383586]},"properties":{"id":"mi-webster-township-2026","jurisdiction":"Webster Township","state":"Michigan","state_abbrev":"MI","jurisdiction_type":"Township","enacted_status":"active","date_enacted_iso":"2026-04-21","current_end_date_iso":"","date_enacted_uncertainty":"exact","duration_days":365,"duration_kind":"fixed_days","sectors":["data_center","battery_storage"],"trigger_categories":["regulatory_gap"],"date_enacted":"2026-04-21 (Ordinance No. 26-02 adopted by Township Board; notice published 2026-04-29)","duration":"1 year","trigger":"Allow time to study and potentially adopt revised regulations governing data centers and BESS"}},{"type":"Feature","geometry":{"type":"Point","coordinates":[-84.429166,43.427885]},"properties":{"id":"mi-wheeler-township-gratiot-county-2026","jurisdiction":"Wheeler Township (Gratiot County)","state":"Michigan","state_abbrev":"MI","jurisdiction_type":"Township","enacted_status":"active","date_enacted_iso":"2026-07-14","current_end_date_iso":"","date_enacted_uncertainty":"exact","duration_days":365,"duration_kind":"fixed_days","sectors":["data_center"],"trigger_categories":["regulatory_gap"],"date_enacted":"2026-07-14 (Township Board adopted a temporary data center moratorium; notice of adoption published 2026-07-30)","duration":"One year","trigger":"Allow time to study and potentially adopt revised regulations governing data centers"}},{"type":"Feature","geometry":{"type":"Point","coordinates":[-83.449507,42.616632]},"properties":{"id":"mi-white-lake-township-2026","jurisdiction":"White Lake Township","state":"Michigan","state_abbrev":"MI","jurisdiction_type":"Township","enacted_status":"extended","date_enacted_iso":"2026-02-17","current_end_date_iso":"","date_enacted_uncertainty":"exact","duration_days":180,"duration_kind":"fixed_days","sectors":["data_center"],"trigger_categories":["regulatory_gap","grid_energy","water","noise"],"date_enacted":"2026-02-17 (Resolution #26-004 approved 7-0 by voice vote at the regular Township Board meeting; effective 2026-02-18)","duration":"180 days (2026-02-18 through 2026-08-17); extended by Resolution #26-021 (2026-07-21) for a further 180 days, 2026-08-18 through 2027-02-12, with one further 180-day extension possible","trigger":"Zoning Ordinance does not permit or regulate data processing centers; resident concerns over electricity costs, water supply strain and generator/cooling noise"}},{"type":"Feature","geometry":{"type":"Point","coordinates":[-84.108509,43.610884]},"properties":{"id":"mi-williams-charter-township-2026","jurisdiction":"Williams Charter Township","state":"Michigan","state_abbrev":"MI","jurisdiction_type":"Township","enacted_status":"active","date_enacted_iso":"2026-05-12","current_end_date_iso":"","date_enacted_uncertainty":"exact","duration_days":365,"duration_kind":"fixed_days","sectors":["data_center"],"trigger_categories":["regulatory_gap"],"date_enacted":"2026-05-12 (Ordinance No. 33-202 adopted 7-0 after 2026-04-14 introduction; summary published 2026-05-20)","duration":"One year (zoning ordinance amendment declaring a one-year moratorium on data center review, construction and approval)","trigger":"No data center regulations in the zoning ordinance amid Bay County data center interest"}},{"type":"Feature","geometry":{"type":"Point","coordinates":[-84.315066,42.726457]},"properties":{"id":"mi-williamstown-township-2026","jurisdiction":"Williamstown Township","state":"Michigan","state_abbrev":"MI","jurisdiction_type":"Township","enacted_status":"active","date_enacted_iso":"2026-02-11","current_end_date_iso":"","date_enacted_uncertainty":"exact","duration_days":365,"duration_kind":"fixed_days","sectors":["data_center"],"trigger_categories":["regulatory_gap","water","grid_energy","noise"],"date_enacted":"2026-02-11 (Ordinance No. 60, 6-0, one absent; published 2026-02-25)","duration":"1 year, subject to extension by resolution or earlier adoption of regulations","trigger":"Zoning ordinance does not define or regulate data centers; concerns about water, energy and noise"}},{"type":"Feature","geometry":{"type":"Point","coordinates":[-83.61745,43.608581]},"properties":{"id":"mi-wisner-township-undated","jurisdiction":"Wisner Township","state":"Michigan","state_abbrev":"MI","jurisdiction_type":"Township","enacted_status":"extended","date_enacted_iso":"","current_end_date_iso":"","date_enacted_uncertainty":"unverified","duration_days":null,"duration_kind":"unknown","sectors":["data_center"],"trigger_categories":["regulatory_gap"],"date_enacted":"Original adoption date not located (six-month moratorium that expired in August 2026); extended 2026-08-17 for six months by unanimous roll call","duration":"6 months, extended 2026-08-17 for an additional 6 months","trigger":"Township drafting a data center ordinance and data center overlay district"}},{"type":"Feature","geometry":{"type":"Point","coordinates":[-83.536364,42.524687]},"properties":{"id":"mi-wixom-2026","jurisdiction":"Wixom","state":"Michigan","state_abbrev":"MI","jurisdiction_type":"City","enacted_status":"replaced","date_enacted_iso":"2026-03-24","current_end_date_iso":"","date_enacted_uncertainty":"exact","duration_days":180,"duration_kind":"fixed_days","sectors":["data_center"],"trigger_categories":["regulatory_gap","land_use_compatibility"],"date_enacted":"2026-03-24 (City Council adopted Resolution No. 2026-06)","duration":"6 months, or until a regulatory ordinance was enacted; terminated 2026-09-06","trigger":"Zoning allowed data processing by right in several districts with no data-center definition or standards"}},{"type":"Feature","geometry":{"type":"Point","coordinates":[-83.716368,42.127623]},"properties":{"id":"mi-york-township-2026","jurisdiction":"York Township","state":"Michigan","state_abbrev":"MI","jurisdiction_type":"Township","enacted_status":"extended","date_enacted_iso":"2026-03-10","current_end_date_iso":"2027-03-13","date_enacted_uncertainty":"exact","duration_days":180,"duration_kind":"fixed_days","sectors":["data_center"],"trigger_categories":["specific_project","regulatory_gap","land_use_compatibility"],"date_enacted":"2026-03-10 (Ordinance No. 167 adopted after February first reading)","duration":"180 days (Ordinance No. 167, effective 2026-03-18, expiring 2026-09-14); extended by Resolution #2026-19 for an additional 180 days (to approximately 2027-03-13) or until data center regulations are adopted, whichever occurs first","trigger":"Potential hyperscale proposal on Toyota-owned land and zoning-defensibility concerns"}},{"type":"Feature","geometry":{"type":"Point","coordinates":[-83.611765,42.241051]},"properties":{"id":"mi-ypsilanti-2026","jurisdiction":"Ypsilanti","state":"Michigan","state_abbrev":"MI","jurisdiction_type":"City","enacted_status":"active","date_enacted_iso":"2026-03-03","current_end_date_iso":"","date_enacted_uncertainty":"exact","duration_days":365,"duration_kind":"fixed_days","sectors":["data_center"],"trigger_categories":["regulatory_gap","infrastructure_capacity","grid_energy","water","noise"],"date_enacted":"2026-03-03 (Resolution No. 2026-046A imposing a temporary 365-day moratorium, 5-0; same night emergency Ordinance No. 1457, 60-day zoning-permit moratorium)","duration":"365 days (resolution), backed by successive 60-day emergency ordinances (Nos. 1457, 1461, 1472)","trigger":"City zoning code does not define or regulate data centers; a large manufacturing parcel (GW Kent) came up for sale"}},{"type":"Feature","geometry":{"type":"Point","coordinates":[-83.611765,42.241051]},"properties":{"id":"mi-ypsilanti-community-utilities-authority-2026","jurisdiction":"Ypsilanti Community Utilities Authority","state":"Michigan","state_abbrev":"MI","jurisdiction_type":"Utility-authority","enacted_status":"active","date_enacted_iso":"2026-04-22","current_end_date_iso":"","date_enacted_uncertainty":"exact","duration_days":365,"duration_kind":"fixed_days","sectors":["data_center"],"trigger_categories":["infrastructure_capacity","environmental","water"],"date_enacted":"2026-04-22","duration":"12 months","trigger":"Concerns that hyperscale data centers could commit water and sewer capacity before financial, infrastructure, and environmental reviews were complete"}},{"type":"Feature","geometry":{"type":"Point","coordinates":[-83.608886,42.203305]},"properties":{"id":"mi-ypsilanti-township-2026","jurisdiction":"Ypsilanti Township","state":"Michigan","state_abbrev":"MI","jurisdiction_type":"Township","enacted_status":"active","date_enacted_iso":"2026-08-18","current_end_date_iso":"","date_enacted_uncertainty":"exact","duration_days":180,"duration_kind":"fixed_days","sectors":["general","data_center"],"trigger_categories":["specific_project","grid_energy","land_use_compatibility","regulatory_gap"],"date_enacted":"2026-08-18 (Resolution 2026-21, unanimous Board of Trustees vote)","duration":"180 days following the effective date, unless terminated earlier","trigger":"University of Michigan / Los Alamos National Laboratory high-performance computing center selected for Textile Road site; township seeks to regulate electric infrastructure serving data centers"}},{"type":"Feature","geometry":{"type":"Point","coordinates":[-85.948244,42.811382]},"properties":{"id":"mi-zeeland-charter-township-2026","jurisdiction":"Zeeland Charter Township","state":"Michigan","state_abbrev":"MI","jurisdiction_type":"Township","enacted_status":"active","date_enacted_iso":"2026-09-01","current_end_date_iso":"","date_enacted_uncertainty":"exact","duration_days":365,"duration_kind":"fixed_days","sectors":["data_center","solar","wind","battery_storage","cryptocurrency_mining"],"trigger_categories":["regulatory_gap","specific_project","legal_or_litigation","agricultural_preservation","land_use_compatibility"],"date_enacted":"2026-09-01 (unanimous Township Board vote on a resolution enacting temporary moratoria on energy facilities and data centers; it repealed and replaced the township's earlier data-center-only moratorium, Resolution No. 1027, adopted 2026-03-03)","duration":"Initial term of 365 days following the effective date (effective on publication of the notice of adoption); counsel said it may then be extended in 60-day increments until the master plan update is complete","trigger":"Master plan update underway; Silver Maple Solar (RWE Americas, ~200 MW) dispute and township lawsuit challenging PA 233; desire to maintain status quo on energy facilities and data centers until zoning is updated"}},{"type":"Feature","geometry":{"type":"Point","coordinates":[-94.883279,47.472315]},"properties":{"id":"mn-bemidji-2026","jurisdiction":"Bemidji","state":"Minnesota","state_abbrev":"MN","jurisdiction_type":"City","enacted_status":"active","date_enacted_iso":"2026-09-14","current_end_date_iso":"","date_enacted_uncertainty":"exact","duration_days":365,"duration_kind":"fixed_days","sectors":["data_center","cryptocurrency_mining"],"trigger_categories":["regulatory_gap","land_use_compatibility"],"date_enacted":"2026-09-14, adopted 6-1 by the Bemidji Planning Board, which under Bemidji's practice comprises the full City Council sitting as the city's planning and zoning decision-making body","duration":"One year from adoption (through approximately 2027-09-14); state law caps local moratoria at one year.","trigger":"Prompted in part by a February 2026 news report that inaccurately listed Bemidji among planned Minnesota data center sites; city staff and council opted to get ahead of the issue and study appropriate size/location standards before any proposal arrives."}},{"type":"Feature","geometry":{"type":"Point","coordinates":[-94.056064,44.010972]},"properties":{"id":"mn-blue-earth-county-2026","jurisdiction":"Blue Earth County","state":"Minnesota","state_abbrev":"MN","jurisdiction_type":"County","enacted_status":"active","date_enacted_iso":"2026-08-25","current_end_date_iso":"","date_enacted_uncertainty":"exact","duration_days":365,"duration_kind":"fixed_days","sectors":["data_center"],"trigger_categories":["regulatory_gap","infrastructure_capacity","water","grid_energy","environmental"],"date_enacted":"2026-08-25, Blue Earth County Board of Commissioners vote","duration":"Up to one year from adoption.","trigger":"County staff comparative review of data-center ordinances in six other Minnesota jurisdictions (Farmington, Pine Island, Rochester, Duluth, Monticello, St. Louis County), prompted in part by the wave of city/county moratoria in the region, including the adjoining City of Mankato's July 2026 moratorium."}},{"type":"Feature","geometry":{"type":"Point","coordinates":[-92.720633,46.579993]},"properties":{"id":"mn-carlton-county-2026","jurisdiction":"Carlton County","state":"Minnesota","state_abbrev":"MN","jurisdiction_type":"County","enacted_status":"active","date_enacted_iso":"2026-08-24","current_end_date_iso":"","date_enacted_uncertainty":"exact","duration_days":365,"duration_kind":"fixed_days","sectors":["data_center"],"trigger_categories":["regulatory_gap","land_use_compatibility","agricultural_preservation","environmental"],"date_enacted":"2026-08-24, unanimous vote of the Carlton County Board of Commissioners","duration":"One year from the date of enactment, unless earlier terminated by the County Board.","trigger":"Grassroots request from the group 'The Land Stewards' in early June 2026; concerns tied to the county's ongoing comprehensive plan update and a nearby data center proposed in Hermantown (St. Louis County)."}},{"type":"Feature","geometry":{"type":"Point","coordinates":[-93.787179,44.807118]},"properties":{"id":"mn-carver-2026","jurisdiction":"Carver","state":"Minnesota","state_abbrev":"MN","jurisdiction_type":"City","enacted_status":"active","date_enacted_iso":"2026-04-06","current_end_date_iso":"","date_enacted_uncertainty":"exact","duration_days":365,"duration_kind":"fixed_days","sectors":["data_center"],"trigger_categories":["regulatory_gap","infrastructure_capacity","environmental","grid_energy"],"date_enacted":"2026-04-06","duration":"One year from effective date unless repealed earlier or replaced by a zoning ordinance amendment","trigger":"Zoning code did not specifically regulate data centers; city cited rapid AI, cloud computing, and digital infrastructure growth, uncertain public utility and environmental impacts, and need to study local regulation"}},{"type":"Feature","geometry":{"type":"Point","coordinates":[-92.884941,45.475888]},"properties":{"id":"mn-chisago-county-2026","jurisdiction":"Chisago County","state":"Minnesota","state_abbrev":"MN","jurisdiction_type":"County","enacted_status":"active","date_enacted_iso":"2026-08-05","current_end_date_iso":"","date_enacted_uncertainty":"exact","duration_days":365,"duration_kind":"fixed_days","sectors":["data_center"],"trigger_categories":["regulatory_gap","infrastructure_capacity","land_use_compatibility"],"date_enacted":"2026-08-05, unanimous (5-0) County Board vote following a public hearing","duration":"Reported as a 12-month moratorium; no explicit sunset date was stated in the meeting minutes reviewed.","trigger":"County staff and Planning Commission review of land-use, zoning, permitting, and utility-capacity impacts of data centers; an audience member had told the North Branch City Council that a company had listed Chisago County as a potential data center location."}},{"type":"Feature","geometry":{"type":"Point","coordinates":[-93.21772,44.731909]},"properties":{"id":"mn-city-of-apple-valley-2026","jurisdiction":"City of Apple Valley","state":"Minnesota","state_abbrev":"MN","jurisdiction_type":"City","enacted_status":"active","date_enacted_iso":"2026-07-09","current_end_date_iso":"","date_enacted_uncertainty":"exact","duration_days":365,"duration_kind":"fixed_days","sectors":["data_center"],"trigger_categories":["regulatory_gap"],"date_enacted":"2026-07-09","duration":"Through 2027-07-09 unless the council ends it sooner","trigger":"Citywide interim ordinance pausing applications, permits, rezonings, comprehensive plan amendments, conditional use permits, variances, subdivisions, and construction associated with establishing or expanding data centers"}},{"type":"Feature","geometry":{"type":"Point","coordinates":[-93.338808,44.56582]},"properties":{"id":"mn-city-of-elko-new-market-2026","jurisdiction":"City of Elko New Market","state":"Minnesota","state_abbrev":"MN","jurisdiction_type":"City","enacted_status":"active","date_enacted_iso":"2026-05-14","current_end_date_iso":"","date_enacted_uncertainty":"exact","duration_days":null,"duration_kind":"until_event","sectors":["data_center"],"trigger_categories":["regulatory_gap"],"date_enacted":"2026-05-14 (City Council, 4-0)","duration":"Until new official controls are adopted, or 2027-05-13, whichever occurs first","trigger":"Immediate citywide prohibition on the location, establishment, and operation of data centers while the city studies zoning controls"}},{"type":"Feature","geometry":{"type":"Point","coordinates":[-93.165918,44.818173]},"properties":{"id":"mn-eagan-2026","jurisdiction":"Eagan","state":"Minnesota","state_abbrev":"MN","jurisdiction_type":"City","enacted_status":"active","date_enacted_iso":"2026-02-17","current_end_date_iso":"","date_enacted_uncertainty":"exact","duration_days":365,"duration_kind":"fixed_days","sectors":["data_center","cryptocurrency_mining"],"trigger_categories":["regulatory_gap","infrastructure_capacity","environmental","water","land_use_compatibility","other"],"date_enacted":"2026-02-17","duration":"One year; expires 2027-02-17 unless ended sooner","trigger":"City study of whether large data centers need additional local regulation because of land use compatibility, municipal water and wastewater systems, infrastructure, environmental, and public health, safety, and welfare impacts"}},{"type":"Feature","geometry":{"type":"Point","coordinates":[-93.567183,45.303854]},"properties":{"id":"mn-elk-river-2026","jurisdiction":"Elk River","state":"Minnesota","state_abbrev":"MN","jurisdiction_type":"City","enacted_status":"active","date_enacted_iso":"2026-08-03","current_end_date_iso":"","date_enacted_uncertainty":"exact","duration_days":365,"duration_kind":"fixed_days","sectors":["data_center"],"trigger_categories":["specific_project","regulatory_gap","land_use_compatibility"],"date_enacted":"2026-08-03, unanimous City Council vote","duration":"One year from adoption, but may be rescinded earlier by the Council at any time.","trigger":"A specific data center proposal (zoning amendment and conditional use permit application) drew intense public opposition; the applicant withdrew its applications on July 10, 2026 after the Council's July 6, 2026 denial of the zoning amendment, and the Council then directed staff to prepare the moratorium."}},{"type":"Feature","geometry":{"type":"Point","coordinates":[-93.350168,43.676362]},"properties":{"id":"mn-freeborn-county-2025","jurisdiction":"Freeborn County","state":"Minnesota","state_abbrev":"MN","jurisdiction_type":"County","enacted_status":"extended","date_enacted_iso":"2025-08","current_end_date_iso":"","date_enacted_uncertainty":"month_only","duration_days":365,"duration_kind":"fixed_days","sectors":["data_center","battery_storage"],"trigger_categories":["regulatory_gap","grid_energy","infrastructure_capacity"],"date_enacted":"August 2025 (exact date not located in this pass); temporary interim zoning ordinance covering data centers and, in a parallel ordinance, energy storage systems","duration":"Originally a one-year interim ordinance (adopted August 2025); extended for a second consecutive one-year term, through August 19, 2027, by a unanimous County Board vote on August 18, 2026.","trigger":"Regional energy grid infrastructure, high-voltage utility demand, and public safety concerns common to both data centers and battery energy storage systems; staff reported needing the full extended year to finish the data center ordinance after spending the prior year on the energy-storage-system framework."}},{"type":"Feature","geometry":{"type":"Point","coordinates":[-92.85187,44.742693]},"properties":{"id":"mn-hastings-2026","jurisdiction":"Hastings","state":"Minnesota","state_abbrev":"MN","jurisdiction_type":"City","enacted_status":"active","date_enacted_iso":"2026-08-17","current_end_date_iso":"","date_enacted_uncertainty":"exact","duration_days":365,"duration_kind":"fixed_days","sectors":["data_center"],"trigger_categories":["regulatory_gap","water","land_use_compatibility"],"date_enacted":"2026-08-17, unanimous City Council vote following a public hearing","duration":"Up to one year; city staff indicated they may not need the full year.","trigger":"Proactive/preemptive: the city had received no data center applications, but Community Development Director John Hinzman noted Hastings' zoning code does not define or address data centers, and officials wanted regulations in place before any application arrived; residents also raised water and PFAS-related concerns."}},{"type":"Feature","geometry":{"type":"Point","coordinates":[-93.042812,44.847904]},"properties":{"id":"mn-inver-grove-heights-2026","jurisdiction":"Inver Grove Heights","state":"Minnesota","state_abbrev":"MN","jurisdiction_type":"City","enacted_status":"active","date_enacted_iso":"2026-06-26","current_end_date_iso":"2027-06-26","date_enacted_uncertainty":"exact","duration_days":365,"duration_kind":"fixed_days","sectors":["data_center"],"trigger_categories":["legal_or_litigation","land_use_compatibility","regulatory_gap"],"date_enacted":"Ordinance No. 1527 followed three readings: the City Council 'initiated consideration' of the moratorium May 11, 2026 (first reading), held a second reading June 8, 2026, and adopted the ordinance on third/final reading by a 3-2 vote on June 26, 2026 (a meeting that began June 22 and was recessed to June 26 at 8 a.m.). The May 11, 2026 date some aggregators report is the first-reading/initiation date, not final adoption.","duration":"One year","trigger":"Litigation threat from a data center developer and community opposition; a June 23 meeting reportedly ended in shouting before a scheduled vote"}},{"type":"Feature","geometry":{"type":"Point","coordinates":[-93.711443,44.377165]},"properties":{"id":"mn-le-sueur-county-2026","jurisdiction":"Le Sueur County","state":"Minnesota","state_abbrev":"MN","jurisdiction_type":"County","enacted_status":"active","date_enacted_iso":"2026-05-26","current_end_date_iso":"","date_enacted_uncertainty":"exact","duration_days":365,"duration_kind":"fixed_days","sectors":["data_center"],"trigger_categories":["regulatory_gap","water","grid_energy","noise"],"date_enacted":"2026-05-26 (County Board adoption); effective 2026-06-04","duration":"12 months from adoption","trigger":"County study of energy, water, noise, heat, air emissions, wastewater and stormwater, emergency response, siting, taxation, and infrastructure impacts of data centers"}},{"type":"Feature","geometry":{"type":"Point","coordinates":[-93.428559,44.480241]},"properties":{"id":"mn-lonsdale-2026","jurisdiction":"Lonsdale","state":"Minnesota","state_abbrev":"MN","jurisdiction_type":"City","enacted_status":"active","date_enacted_iso":"2026-04-30","current_end_date_iso":"","date_enacted_uncertainty":"range","duration_days":365,"duration_kind":"fixed_days","sectors":["data_center"],"trigger_categories":["regulatory_gap","water","grid_energy"],"date_enacted":"Approximately 2026-04-30 (a Thursday city council meeting, described as eight days after an April 22, 2026 Capitol rally calling for a statewide moratorium)","duration":"One year.","trigger":"Concerns over water and energy usage and business practices such as requests that city officials sign nondisclosure agreements; council wanted more information before considering any long-term approach (permanent ban vs. regulation)."}},{"type":"Feature","geometry":{"type":"Point","coordinates":[-94.002801,44.165853]},"properties":{"id":"mn-mankato-2026","jurisdiction":"Mankato","state":"Minnesota","state_abbrev":"MN","jurisdiction_type":"City","enacted_status":"active","date_enacted_iso":"2026-07-13","current_end_date_iso":"","date_enacted_uncertainty":"exact","duration_days":365,"duration_kind":"fixed_days","sectors":["data_center"],"trigger_categories":["regulatory_gap","grid_energy","water"],"date_enacted":"2026-07-13","duration":"One year","trigger":"City found its Zoning Ordinance (City Code ch. 10) imposes no express rules on data centers or other large-scale, disproportionately utility-intensive uses"}},{"type":"Feature","geometry":{"type":"Point","coordinates":[-93.265469,44.9773]},"properties":{"id":"mn-minneapolis-2026","jurisdiction":"Minneapolis","state":"Minnesota","state_abbrev":"MN","jurisdiction_type":"City","enacted_status":"active","date_enacted_iso":"2026-06-25","current_end_date_iso":"2026-11-21","date_enacted_uncertainty":"exact","duration_days":null,"duration_kind":"until_date","sectors":["data_center"],"trigger_categories":["regulatory_gap","infrastructure_capacity","land_use_compatibility"],"date_enacted":"City Council gave initial approval 8-5 on 2026-05-22 and final approval on 2026-06-25, following a public hearing on 2026-06-16.","duration":"Approximately six-month interim ordinance: restrictions run 'from the date of introduction of this ordinance on May 21, 2026, through and including November 21, 2026, or upon completion of the study and adoption or amendment of the official controls..., whichever occurs first' (Minneapolis Code Sec. 597.40(b)); the department of community planning and economic development must present a progress report to Council within six months (i.e., by approximately late November 2026).","trigger":"Council debate over land use, fiscal, and infrastructure implications of data center uses"}},{"type":"Feature","geometry":{"type":"Point","coordinates":[-93.718681,44.923562]},"properties":{"id":"mn-minnetrista-2026","jurisdiction":"Minnetrista","state":"Minnesota","state_abbrev":"MN","jurisdiction_type":"City","enacted_status":"active","date_enacted_iso":"2026-08-03","current_end_date_iso":"","date_enacted_uncertainty":"exact","duration_days":365,"duration_kind":"fixed_days","sectors":["data_center"],"trigger_categories":["regulatory_gap"],"date_enacted":"2026-08-03, City Council vote (Council Member Reffkin absent)","duration":"One year from adoption.","trigger":"Preemptive: the city had received no data center applications but wanted to get ahead of the issue as proposals emerged elsewhere in the metro area; the city currently has no ordinances governing data centers."}},{"type":"Feature","geometry":{"type":"Point","coordinates":[-92.980218,45.511352]},"properties":{"id":"mn-north-branch-undated","jurisdiction":"North Branch","state":"Minnesota","state_abbrev":"MN","jurisdiction_type":"City","enacted_status":"pending","date_enacted_iso":"","current_end_date_iso":"","date_enacted_uncertainty":"unverified","duration_days":null,"duration_kind":"unknown","sectors":["data_center"],"trigger_categories":["regulatory_gap"],"date_enacted":"","duration":"As of the September 2026 report reviewed, the city council 'plans to set' a six-month moratorium on new data centers while staff develop regulations on 'high utility users'; adoption was not yet confirmed in sources located in this pass.","trigger":"Preemptive: no known active data center proposal, but an audience member reported a company had listed Chisago County (which includes North Branch) as a potential data center location; council wants to update zoning (data centers currently allowed in B-Business districts) before any proposal arrives."}},{"type":"Feature","geometry":{"type":"Point","coordinates":[-94.033805,44.173292]},"properties":{"id":"mn-north-mankato-2026","jurisdiction":"North Mankato","state":"Minnesota","state_abbrev":"MN","jurisdiction_type":"City","enacted_status":"active","date_enacted_iso":"2026-09-21","current_end_date_iso":"","date_enacted_uncertainty":"exact","duration_days":365,"duration_kind":"fixed_days","sectors":["data_center"],"trigger_categories":["regulatory_gap","water","land_use_compatibility"],"date_enacted":"2026-09-21, City Council vote continuing a public hearing first opened and tabled August 3, 2026","duration":"Up to twelve months, with the option to renew the moratorium for an additional year.","trigger":"Followed the neighboring City of Mankato's July 13, 2026 data-center moratorium; council spent over a month refining size, water-use, and environmental-review thresholds before adoption."}},{"type":"Feature","geometry":{"type":"Point","coordinates":[-93.614857,45.281273]},"properties":{"id":"mn-otsego-2026","jurisdiction":"Otsego","state":"Minnesota","state_abbrev":"MN","jurisdiction_type":"City","enacted_status":"active","date_enacted_iso":"2026-07-27","current_end_date_iso":"2027-07-27","date_enacted_uncertainty":"exact","duration_days":365,"duration_kind":"fixed_days","sectors":["data_center"],"trigger_categories":["regulatory_gap","land_use_compatibility"],"date_enacted":"Adopted by the Otsego City Council on July 27, 2026, by a 5-0 vote (Ordinance 2026-11), following a public hearing the same night and a 7-0 Planning Commission recommendation on July 6, 2026.","duration":"Up to one year from adoption (through 2027-07-27); the moratorium will be lifted earlier if the city completes its data center study and adopts new zoning regulations first. The city has a one-time option to extend the moratorium up to an additional six months if needed (per City Planner Dan Licht and hometownsource.com reporting).","trigger":"City has not received any data center site-plan applications but sought to study the use pre-emptively; Planning Commission found the existing Zoning Ordinance (which permits data centers in the B-4, I-1, and I-2 districts) may be inadequate given the changing nature of such uses"}},{"type":"Feature","geometry":{"type":"Point","coordinates":[-93.46651,45.006515]},"properties":{"id":"mn-plymouth-2026","jurisdiction":"Plymouth","state":"Minnesota","state_abbrev":"MN","jurisdiction_type":"City","enacted_status":"active","date_enacted_iso":"2026-09-08","current_end_date_iso":"","date_enacted_uncertainty":"exact","duration_days":365,"duration_kind":"fixed_days","sectors":["data_center"],"trigger_categories":["regulatory_gap","water","grid_energy","specific_project"],"date_enacted":"2026-09-08, unanimous City Council vote","duration":"12 months from adoption.","trigger":"General regulatory gap (Plymouth's zoning code does not limit review of data center proposals) combined with council learning, the week before the vote, that a 'significant' data center developer had expressed interest in a Plymouth site."}},{"type":"Feature","geometry":{"type":"Point","coordinates":[-93.286548,44.341338]},"properties":{"id":"mn-rice-undated","jurisdiction":"Rice","state":"Minnesota","state_abbrev":"MN","jurisdiction_type":"City","enacted_status":"pending","date_enacted_iso":"","current_end_date_iso":"","date_enacted_uncertainty":"unverified","duration_days":null,"duration_kind":"unknown","sectors":["data_center"],"trigger_categories":["regulatory_gap"],"date_enacted":"","duration":"As proposed: one year, or earlier upon amending the zoning ordinance regarding data centers or a council resolution ending the moratorium.","trigger":"Regional/statewide wave of data center moratoria and concerns raised via a Change.org petition ('Stop the construction of data centers in Rice County, Minnesota')."}},{"type":"Feature","geometry":{"type":"Point","coordinates":[-93.12611,44.739187]},"properties":{"id":"mn-rosemount-2026","jurisdiction":"Rosemount","state":"Minnesota","state_abbrev":"MN","jurisdiction_type":"City","enacted_status":"active","date_enacted_iso":"2026-04-21","current_end_date_iso":"","date_enacted_uncertainty":"exact","duration_days":365,"duration_kind":"fixed_days","sectors":["data_center"],"trigger_categories":["regulatory_gap","land_use_compatibility"],"date_enacted":"2026-04-21","duration":"One year from effective date, unless repealed earlier or terminated by adoption of a permanent zoning amendment addressing data centers","trigger":"City determined its Zoning Ordinance (Title 11) does not impose express rules or standards specific to data centers, amid a statewide increase in developer interest in Minnesota data center sites"}},{"type":"Feature","geometry":{"type":"Point","coordinates":[-94.233463,45.553713]},"properties":{"id":"mn-waite-park-undated","jurisdiction":"Waite Park","state":"Minnesota","state_abbrev":"MN","jurisdiction_type":"City","enacted_status":"active","date_enacted_iso":"2026-05-04","current_end_date_iso":"","date_enacted_uncertainty":"exact","duration_days":365,"duration_kind":"fixed_days","sectors":["data_center"],"trigger_categories":["regulatory_gap","infrastructure_capacity","water","grid_energy"],"date_enacted":"Adopted unanimously by the Waite Park City Council on 2026-05-04 (reported 2026-05-05).","duration":"One-year (12-month) moratorium on data center development, adopted unanimously by City Council on 2026-05-04; exempts construction of small (300-square-foot) telecommunications shelters with fiber-optic equipment that do not require water to operate.","trigger":"Staff reportedly found that the city had no ordinances governing data centers and their resource demands"}},{"type":"Feature","geometry":{"type":"Point","coordinates":[-92.933945,44.919896]},"properties":{"id":"mn-woodbury-undated","jurisdiction":"Woodbury","state":"Minnesota","state_abbrev":"MN","jurisdiction_type":"City","enacted_status":"pending","date_enacted_iso":"","current_end_date_iso":"","date_enacted_uncertainty":"unverified","duration_days":null,"duration_kind":"unknown","sectors":["data_center"],"trigger_categories":["regulatory_gap","water","infrastructure_capacity"],"date_enacted":"","duration":"As proposed: one year from adoption and publication, or sooner if repealed or superseded by new regulations expressly addressing the covered uses.","trigger":"Preemptive: Woodbury's zoning rules do not specifically address data centers or other large infrastructure users; the city already hosts two existing IronGate colocation data centers (Twin Cities East and Twin Cities West) but had no pending new-development application."}},{"type":"Feature","geometry":{"type":"Point","coordinates":[-93.96392,45.148906]},"properties":{"id":"mn-wright-county-2026","jurisdiction":"Wright County","state":"Minnesota","state_abbrev":"MN","jurisdiction_type":"County","enacted_status":"active","date_enacted_iso":"2026-05-19","current_end_date_iso":"","date_enacted_uncertainty":"exact","duration_days":365,"duration_kind":"fixed_days","sectors":["data_center"],"trigger_categories":["regulatory_gap","infrastructure_capacity"],"date_enacted":"2026-05-19","duration":"One year from the effective date, unless earlier terminated by the County Board","trigger":"County Office of Planning and Zoning began receiving data center development inquiries and permit pressure; County Zoning Ordinance does not expressly regulate data centers"}},{"type":"Feature","geometry":{"type":"Point","coordinates":[-90.183745,32.296641]},"properties":{"id":"ms-city-of-jackson-2026","jurisdiction":"City of Jackson","state":"Mississippi","state_abbrev":"MS","jurisdiction_type":"City","enacted_status":"active","date_enacted_iso":"2026-07-14","current_end_date_iso":"2027-02-12","date_enacted_uncertainty":"exact","duration_days":183,"duration_kind":"fixed_days","sectors":["data_center"],"trigger_categories":["regulatory_gap","land_use_compatibility"],"date_enacted":"2026-07-14 (City Council adopted the moratorium ordinance by a 5-2 vote)","duration":"183 days from the ordinance's effective date; because the vote was not unanimous, the ordinance takes effect 30 days after passage (approximately 2026-08-13)","trigger":"Council sought time to identify appropriate sites, study impacts, and develop a data center regulatory framework"}},{"type":"Feature","geometry":{"type":"Point","coordinates":[-92.66001,36.951924]},"properties":{"id":"mo-ava-2026","jurisdiction":"Ava","state":"Missouri","state_abbrev":"MO","jurisdiction_type":"City","enacted_status":"active","date_enacted_iso":"2026-07-01","current_end_date_iso":"","date_enacted_uncertainty":"exact","duration_days":365,"duration_kind":"fixed_days","sectors":["data_center","cryptocurrency_mining"],"trigger_categories":["regulatory_gap","infrastructure_capacity","grid_energy","water","noise"],"date_enacted":"2026-07-01 (Ava Board of Aldermen; Ordinance No. 1173, both first and second readings approved 3-0; an earlier version had its first reading 2026-06-09 but the second reading was suspended for public input).","duration":"One year; automatically expires unless repealed, modified, or extended by a further ordinance","trigger":"City needs additional time to study impacts (electrical demand, water demand, wastewater, stormwater, cooling, noise, emergency response, fire protection, traffic, utility capacity, land-use compatibility) of data centers, high-density computing facilities, cryptocurrency mining facilities, AI computing facilities, and server farms before deciding whether to adopt local regulations."}},{"type":"Feature","geometry":{"type":"Point","coordinates":[-93.303679,38.293072]},"properties":{"id":"mo-benton-county-2026","jurisdiction":"Benton County","state":"Missouri","state_abbrev":"MO","jurisdiction_type":"County","enacted_status":"active","date_enacted_iso":"2026-08-10","current_end_date_iso":"","date_enacted_uncertainty":"exact","duration_days":180,"duration_kind":"fixed_days","sectors":["data_center"],"trigger_categories":["specific_project","regulatory_gap","land_use_compatibility"],"date_enacted":"2026-08-10 (Benton County Commission)","duration":"Six months","trigger":"Commissioners responded to citizen concerns about a proposed data center after a developer (Trent Overhue / NSI6 LLC) began seeking to acquire land in the county specifically because it lacked planning and zoning restrictions."}},{"type":"Feature","geometry":{"type":"Point","coordinates":[-93.861222,37.708422]},"properties":{"id":"mo-cedar-county-2026","jurisdiction":"Cedar County","state":"Missouri","state_abbrev":"MO","jurisdiction_type":"County","enacted_status":"active","date_enacted_iso":"2026-09-08","current_end_date_iso":"","date_enacted_uncertainty":"exact","duration_days":365,"duration_kind":"fixed_days","sectors":["data_center","solar","wind","battery_storage"],"trigger_categories":["water","grid_energy","noise","environmental","land_use_compatibility"],"date_enacted":"2026-09-08 (Cedar County Commissioners)","duration":"12 months; commissioners may extend once for up to six additional months","trigger":"Commissioners cited possible effects on water, power, noise, drainage, and public health from large new solar, wind, battery-storage, and data-center developments outside city limits, describing the pause as 'due diligence'; no specific project was pending at the time of adoption."}},{"type":"Feature","geometry":{"type":"Point","coordinates":[-92.74434,38.008141]},"properties":{"id":"mo-city-of-camdenton-2026","jurisdiction":"City of Camdenton","state":"Missouri","state_abbrev":"MO","jurisdiction_type":"City","enacted_status":"active","date_enacted_iso":"2026-05-05","current_end_date_iso":"","date_enacted_uncertainty":"exact","duration_days":365,"duration_kind":"fixed_days","sectors":["data_center"],"trigger_categories":["specific_project","regulatory_gap"],"date_enacted":"2026-05-05 (Board of Aldermen unanimous vote)","duration":"Up to 12 months, or earlier if permanent regulations are adopted","trigger":"Pause on data center approvals, permits, and construction while the city studies permanent regulation; contemporaneous opposition to the proposed Wildwood Ranch data center"}},{"type":"Feature","geometry":{"type":"Point","coordinates":[-92.333879,38.951373]},"properties":{"id":"mo-city-of-columbia-2026","jurisdiction":"City of Columbia","state":"Missouri","state_abbrev":"MO","jurisdiction_type":"City","enacted_status":"active","date_enacted_iso":"2026-05-18","current_end_date_iso":"2027-05-18","date_enacted_uncertainty":"exact","duration_days":null,"duration_kind":"until_date","sectors":["data_center"],"trigger_categories":["regulatory_gap","land_use_compatibility"],"date_enacted":"2026-05-18 (Columbia City Council; Ordinance No. 026318 / Council Bill B121-26, second read and passed 2026-05-18; first read 2026-05-04).","duration":"One year from enactment: 2026-05-18 to 2027-05-18, per the City of Columbia's Legistar record for Ordinance No. 026318; comobuz.com (Sept. 11, 2026) separately describes this as 'an administrative hold on data center conditional use permit applications through May 2027.'","trigger":"Regulatory gap: council defined data centers in zoning code in April 2026, then paused new data-center construction while the Planning & Zoning Commission drafts permanent regulations (commission meetings continuing through at least November 2026, with a council vote expected in 2027)."}},{"type":"Feature","geometry":{"type":"Point","coordinates":[-94.420503,39.093025]},"properties":{"id":"mo-city-of-independence-2026","jurisdiction":"City of Independence","state":"Missouri","state_abbrev":"MO","jurisdiction_type":"City","enacted_status":"active","date_enacted_iso":"2026-07-06","current_end_date_iso":"","date_enacted_uncertainty":"exact","duration_days":180,"duration_kind":"fixed_days","sectors":["data_center","battery_storage"],"trigger_categories":["regulatory_gap"],"date_enacted":"2026-07-06 (City Council, 7-0)","duration":"180 days","trigger":"Pause on accepting, processing, or issuing permits, licenses, and applications for new data centers and battery energy storage systems while the city develops zoning and regulatory standards"}},{"type":"Feature","geometry":{"type":"Point","coordinates":[-94.370165,36.86652]},"properties":{"id":"mo-city-of-neosho-2026","jurisdiction":"City of Neosho","state":"Missouri","state_abbrev":"MO","jurisdiction_type":"City","enacted_status":"active","date_enacted_iso":"2026-07-07","current_end_date_iso":"","date_enacted_uncertainty":"exact","duration_days":365,"duration_kind":"fixed_days","sectors":["data_center"],"trigger_categories":["regulatory_gap"],"date_enacted":"2026-07-07 (City Council, unanimous)","duration":"One year","trigger":"City developing standards for data center projects; post-meeting coverage reported at least one company had expressed interest in city-owned land"}},{"type":"Feature","geometry":{"type":"Point","coordinates":[-94.46112,38.714548]},"properties":{"id":"mo-peculiar-2024","jurisdiction":"City of Peculiar","state":"Missouri","state_abbrev":"MO","jurisdiction_type":"City","enacted_status":"replaced","date_enacted_iso":"2024-08-19","current_end_date_iso":"","date_enacted_uncertainty":"exact","duration_days":100,"duration_kind":"fixed_days","sectors":["data_center"],"trigger_categories":["regulatory_gap","land_use_compatibility"],"date_enacted":"2024-08-19","duration":"100 days","trigger":"Concerns about data center facility impacts; need for regulatory framework"}},{"type":"Feature","geometry":{"type":"Point","coordinates":[-93.292063,37.21692]},"properties":{"id":"mo-city-of-springfield-2026","jurisdiction":"City of Springfield","state":"Missouri","state_abbrev":"MO","jurisdiction_type":"City","enacted_status":"active","date_enacted_iso":"2026-06-29","current_end_date_iso":"","date_enacted_uncertainty":"exact","duration_days":120,"duration_kind":"fixed_days","sectors":["data_center"],"trigger_categories":["regulatory_gap","infrastructure_capacity","grid_energy"],"date_enacted":"2026-06-29","duration":"120 days, through November 17, 2026","trigger":"Pause on development, building, site-plan, variance, stormwater, conditional-use, occupancy, public-utility, and large-load electric applications for data centers while the City Manager studies recommendations"}},{"type":"Feature","geometry":{"type":"Point","coordinates":[-90.674737,38.787779]},"properties":{"id":"mo-st-charles-2025","jurisdiction":"City of St. Charles","state":"Missouri","state_abbrev":"MO","jurisdiction_type":"City","enacted_status":"replaced","date_enacted_iso":"2025-08-22","current_end_date_iso":"","date_enacted_uncertainty":"exact","duration_days":365,"duration_kind":"fixed_days","sectors":["data_center"],"trigger_categories":["specific_project","regulatory_gap","water","grid_energy","noise","land_use_compatibility"],"date_enacted":"2025-08-22","duration":"One year from passage","trigger":"Public opposition to a proposed data center, concern that data centers were treated as warehouse uses under Chapter 400, and concerns about water consumption, power consumption, noise, and other effects."}},{"type":"Feature","geometry":{"type":"Point","coordinates":[-94.846632,39.768605]},"properties":{"id":"mo-city-of-st-joseph-2026","jurisdiction":"City of St. Joseph","state":"Missouri","state_abbrev":"MO","jurisdiction_type":"City","enacted_status":"active","date_enacted_iso":"2026-07-20","current_end_date_iso":"","date_enacted_uncertainty":"exact","duration_days":365,"duration_kind":"fixed_days","sectors":["data_center"],"trigger_categories":["regulatory_gap"],"date_enacted":"2026-07-20 (City Council, 8-0)","duration":"12 months","trigger":"Pause on accepting and processing applications for new data center development, construction, or expansion while the city studies regulation"}},{"type":"Feature","geometry":{"type":"Point","coordinates":[-90.613429,38.792831]},"properties":{"id":"mo-city-of-st-peters-2026","jurisdiction":"City of St. Peters","state":"Missouri","state_abbrev":"MO","jurisdiction_type":"City","enacted_status":"active","date_enacted_iso":"2026-05-14","current_end_date_iso":"","date_enacted_uncertainty":"exact","duration_days":365,"duration_kind":"fixed_days","sectors":["data_center"],"trigger_categories":["regulatory_gap"],"date_enacted":"2026-05-14 (Board of Aldermen, 7-0, one absent)","duration":"No longer than one year; may end earlier by board action or upon adoption of permanent standards","trigger":"Pause on review and approval of zoning amendments, site plans, special use permits, and building permits for information technology and data processing facilities while the city studies regulation"}},{"type":"Feature","geometry":{"type":"Point","coordinates":[-94.358351,39.035521]},"properties":{"id":"mo-jackson-county-2026","jurisdiction":"Jackson County","state":"Missouri","state_abbrev":"MO","jurisdiction_type":"County","enacted_status":"active","date_enacted_iso":"2026-06-22","current_end_date_iso":"","date_enacted_uncertainty":"exact","duration_days":180,"duration_kind":"fixed_days","sectors":["data_center","battery_storage"],"trigger_categories":["regulatory_gap","infrastructure_capacity","environmental","fire_safety","other"],"date_enacted":"2026-06-22 (Jackson County Legislature final passage vote, 8 in favor and 1 excused). Per KCTV5, the measure then went to County Executive Phil LeVota, who had 10 days to sign or veto; no veto was reported in any subsequent coverage found in this pass, but independent confirmation of the Executive's signature was not obtained.","duration":"180 days, amended up from the original 120-day Ordinance 6074 proposal introduced 2026-04-06 by Legislator Sean E. Smith. The Legislature had also been considering a competing 365-day version (Ordinance 6087, sponsored by Legislative Chair Manny Abarca) before settling on the 180-day term that passed 8-1 on 2026-06-22.","trigger":"Rapid emergence of data center and battery energy storage system applications; perceived gaps in the Jackson County Unified Development Code; infrastructure, environmental, public safety, and public notice concerns."}},{"type":"Feature","geometry":{"type":"Point","coordinates":[-91.631878,39.808057]},"properties":{"id":"mo-marion-county-2026","jurisdiction":"Marion County","state":"Missouri","state_abbrev":"MO","jurisdiction_type":"County","enacted_status":"replaced","date_enacted_iso":"2026-06-15","current_end_date_iso":"","date_enacted_uncertainty":"exact","duration_days":365,"duration_kind":"fixed_days","sectors":["data_center"],"trigger_categories":["regulatory_gap"],"date_enacted":"2026-06-15 (County Commission, unanimous)","duration":"12 months","trigger":"Planning and Zoning Commission recommended the pause so the county could consider amendments to its land-use order"}},{"type":"Feature","geometry":{"type":"Point","coordinates":[-94.872366,40.348344]},"properties":{"id":"mo-nodaway-county-2026","jurisdiction":"Nodaway County","state":"Missouri","state_abbrev":"MO","jurisdiction_type":"County","enacted_status":"active","date_enacted_iso":"2026-07-21","current_end_date_iso":"","date_enacted_uncertainty":"exact","duration_days":180,"duration_kind":"fixed_days","sectors":["data_center"],"trigger_categories":["regulatory_gap"],"date_enacted":"2026-07-21 (County Commission order)","duration":"Six months, with one extension of up to six additional months permitted upon written findings","trigger":"Pause on data center construction, conversion, establishment, new operation, expansion, and related permits in unincorporated Nodaway County"}},{"type":"Feature","geometry":{"type":"Point","coordinates":[-91.547611,39.552012]},"properties":{"id":"mo-ralls-county-2026","jurisdiction":"Ralls County","state":"Missouri","state_abbrev":"MO","jurisdiction_type":"County","enacted_status":"active","date_enacted_iso":"2026-08-23","current_end_date_iso":"","date_enacted_uncertainty":"exact","duration_days":null,"duration_kind":"until_date","sectors":["data_center"],"trigger_categories":["specific_project","regulatory_gap","grid_energy"],"date_enacted":"2026-08-23 (Ralls County Commission, signed at a Sunday courthouse meeting per WGEM's same-day report and Muddy River News)","duration":"Approximately one year, to September 1, 2027","trigger":"Commissioners moved after learning (from a tenant's report and, separately, from the county's electric cooperative) that a property owner along Mo. Highway 19 near Center may be negotiating to sell roughly 53 acres to a data center company; commissioners said they wanted time to study the issue before any project could be 'grandfathered in.'"}},{"type":"Feature","geometry":{"type":"Point","coordinates":[-90.674737,38.787779]},"properties":{"id":"mo-st-charles-county-2026","jurisdiction":"St. Charles County","state":"Missouri","state_abbrev":"MO","jurisdiction_type":"County","enacted_status":"active","date_enacted_iso":"2026-07-13","current_end_date_iso":"","date_enacted_uncertainty":"exact","duration_days":180,"duration_kind":"fixed_days","sectors":["data_center"],"trigger_categories":["regulatory_gap","infrastructure_capacity"],"date_enacted":"2026-07-13","duration":"Six months","trigger":"Pause on approvals for larger data centers (exceeding 5 MW, 100,000 square feet, or multiple buildings on a campus) while county studies health, safety, infrastructure, and regulatory issues"}},{"type":"Feature","geometry":{"type":"Point","coordinates":[-93.455506,36.737716]},"properties":{"id":"mo-stone-county-2026","jurisdiction":"Stone County","state":"Missouri","state_abbrev":"MO","jurisdiction_type":"County","enacted_status":"active","date_enacted_iso":"2026-06-04","current_end_date_iso":"","date_enacted_uncertainty":"exact","duration_days":365,"duration_kind":"fixed_days","sectors":["data_center","solar","wind","battery_storage"],"trigger_categories":["regulatory_gap","land_use_compatibility"],"date_enacted":"2026-06-04 (Stone County Commission signed the Order and Ordinance enacting the moratorium, per Commission minutes; based on a Stone County Planning Commission resolution adopted 2026-06-02).","duration":"12 months from the effective date","trigger":"Stone County Planning Commission cited 'considerable interest and concern on the part of residents' about possible development of solar, wind, battery-storage, and data-center projects in unincorporated Stone County, and sought time to consider amendments to the county Zoning Regulations."}},{"type":"Feature","geometry":{"type":"Point","coordinates":[-92.879211,37.289515]},"properties":{"id":"mo-webster-county-2026","jurisdiction":"Webster County","state":"Missouri","state_abbrev":"MO","jurisdiction_type":"County","enacted_status":"active","date_enacted_iso":"2026-06-16","current_end_date_iso":"","date_enacted_uncertainty":"exact","duration_days":180,"duration_kind":"fixed_days","sectors":["data_center","solar","wind","battery_storage"],"trigger_categories":["regulatory_gap","grid_energy"],"date_enacted":"2026-06-16","duration":"Six months","trigger":"County study of legal authority and potential impacts of data centers, solar, wind, and battery energy storage system facilities in unincorporated Webster County"}},{"type":"Feature","geometry":{"type":"Point","coordinates":[-112.536508,46.013151]},"properties":{"id":"mt-butte-silver-bow-undated","jurisdiction":"Butte-Silver Bow","state":"Montana","state_abbrev":"MT","jurisdiction_type":"County","enacted_status":"pending","date_enacted_iso":"","current_end_date_iso":"","date_enacted_uncertainty":"unverified","duration_days":null,"duration_kind":"unknown","sectors":["data_center"],"trigger_categories":["regulatory_gap","grid_energy","legal_or_litigation","land_use_compatibility"],"date_enacted":"","duration":"As proposed (not yet adopted): a six-month moratorium on data center construction, with up to two additional one-year extensions available, after which the Council of Commissioners would be required to enact permanent regulations. At its 2026-09-02 meeting, the Butte-Silver Bow Council of Commissioners voted 11-0 to direct the county attorney to prepare a temporary moratorium/interim zoning ordinance draft; no draft ordinance had been brought back for a final adoption vote as of 2026-09-23.","trigger":"Ongoing local debate over data center development, including a separately litigated local ballot initiative (406 People First / Local Initiative 00-02) to require voter approval of data centers, a pending Montana Supreme Court appeal over that initiative's ballot eligibility, and public testimony citing power-supply concerns tied to a still-pending Montana Public Service Commission large-load tariff proceeding."}},{"type":"Feature","geometry":{"type":"Point","coordinates":[-113.923261,46.965389]},"properties":{"id":"mt-missoula-county-2026","jurisdiction":"Missoula County","state":"Montana","state_abbrev":"MT","jurisdiction_type":"County","enacted_status":"active","date_enacted_iso":"2026-07-09","current_end_date_iso":"","date_enacted_uncertainty":"exact","duration_days":365,"duration_kind":"fixed_days","sectors":["data_center"],"trigger_categories":["regulatory_gap","land_use_compatibility"],"date_enacted":"2026-07-09 (Board of County Commissioners unanimous adoption after a public hearing)","duration":"One year from adoption (2026-07-09 to 2027-07-08), or until replaced sooner by permanent zoning","trigger":"County commissioners directed to study an asserted emergency and possible mitigation measures related to data center development pressure in unincorporated county areas"}},{"type":"Feature","geometry":{"type":"Point","coordinates":[-97.138412,41.214245]},"properties":{"id":"ne-butler-county-2026","jurisdiction":"Butler County","state":"Nebraska","state_abbrev":"NE","jurisdiction_type":"County","enacted_status":"active","date_enacted_iso":"2026-03-16","current_end_date_iso":"","date_enacted_uncertainty":"exact","duration_days":274,"duration_kind":"fixed_days","sectors":["wind","solar","battery_storage","data_center","general"],"trigger_categories":["regulatory_gap","land_use_compatibility","property_values"],"date_enacted":"2026-03-16, Butler County Board of Supervisors, 4-1 roll-call vote (Griess, Vandenberg, Bauer, Steager aye; Krafka nay)","duration":"9 months from adoption (2026-03-16)","trigger":"Butler County has no zoning; a countywide survey (~800 responses) found roughly 90% support for a moratorium on the top land uses of concern (wind, solar, data centers, battery storage, landfill), following years of unregulated development including the in-progress Sandhills Energy solar project."}},{"type":"Feature","geometry":{"type":"Point","coordinates":[-96.19221,40.901731]},"properties":{"id":"ne-cass-county-2026","jurisdiction":"Cass County","state":"Nebraska","state_abbrev":"NE","jurisdiction_type":"County","enacted_status":"active","date_enacted_iso":"2026-08-11","current_end_date_iso":"","date_enacted_uncertainty":"exact","duration_days":365,"duration_kind":"fixed_days","sectors":["data_center"],"trigger_categories":["specific_project","regulatory_gap","grid_energy","water"],"date_enacted":"2026-08-11, Cass County Board of Commissioners, 5-0 unanimous vote, motion by District 4 Commissioner Daniel Stohlmann","duration":"12 months (a 'baseline' minimum per Commissioner Alexander DeGarmo, extendable if more time is needed, or endable early if regulations are adopted sooner)","trigger":"specific_project trigger (Tenaska/Google-linked proposal: Tenaska optioned 1,354 acres in Cass County along Highway 75 south of Murray and Beaver Lake for a data center/natural-gas power plant project) combined with a regulatory gap; a separate set of proposed zoning regulations was tabled to Sept. 22, 2026 for further discussion."}},{"type":"Feature","geometry":{"type":"Point","coordinates":[-101.150304,42.556017]},"properties":{"id":"ne-cherry-county-2026","jurisdiction":"Cherry County","state":"Nebraska","state_abbrev":"NE","jurisdiction_type":"County","enacted_status":"active","date_enacted_iso":"2026-07-14","current_end_date_iso":"","date_enacted_uncertainty":"exact","duration_days":180,"duration_kind":"fixed_days","sectors":["data_center","general"],"trigger_categories":["regulatory_gap"],"date_enacted":"Board of Commissioners voted 2-1 on 2026-07-14 to impose a moratorium, effective that day.","duration":"Six-month moratorium on all conditional use permits (broader than data centers), adopted amid board discussion focused on the county's lack of data center provisions. No separate ordinance or resolution text was located; recorded as a motion in the minutes.","trigger":"County zoning rules did not address data centers; disagreement among commissioners about whether Nebraska law clearly authorizes such a moratorium."}},{"type":"Feature","geometry":{"type":"Point","coordinates":[-97.599767,40.529276]},"properties":{"id":"ne-fillmore-county-2026","jurisdiction":"Fillmore County","state":"Nebraska","state_abbrev":"NE","jurisdiction_type":"County","enacted_status":"active","date_enacted_iso":"2026-06-23","current_end_date_iso":"","date_enacted_uncertainty":"exact","duration_days":180,"duration_kind":"fixed_days","sectors":["solar"],"trigger_categories":["property_values","environmental","land_use_compatibility"],"date_enacted":"2026-06-23, Fillmore County Board of Supervisors, 6-1 roll-call vote","duration":"6 months from the date of approval (2026-06-23)","trigger":"Resident concerns raised at public comment about health, safety, and property-value impacts of proposed solar energy farms."}},{"type":"Feature","geometry":{"type":"Point","coordinates":[-96.702134,40.246945]},"properties":{"id":"ne-gage-county-2026","jurisdiction":"Gage County","state":"Nebraska","state_abbrev":"NE","jurisdiction_type":"County","enacted_status":"active","date_enacted_iso":"2026-09-16","current_end_date_iso":"","date_enacted_uncertainty":"exact","duration_days":365,"duration_kind":"fixed_days","sectors":["data_center"],"trigger_categories":["regulatory_gap","grid_energy","noise"],"date_enacted":"2026-09-16, Gage County Board of Supervisors, motion by Supervisor Rex Adams","duration":"12 months from 2026-09-16, superseding an earlier 8-month moratorium the Board had passed in August 2026; the Planning and Zoning Commission had recommended an 18-month term after a crowded June 2026 public hearing, but the Board adopted 12 months instead.","trigger":"County has no data-center-specific regulations; Board wanted time to develop them following a contested public process (a June 2026 Planning and Zoning Commission hearing drew 170+ people and a Sept. 3, 2026 supervisors' hearing drew 120+ people, most urging an 18-month or longer term)."}},{"type":"Feature","geometry":{"type":"Point","coordinates":[-101.038747,40.165957]},"properties":{"id":"ne-hitchcock-county-2025","jurisdiction":"Hitchcock County","state":"Nebraska","state_abbrev":"NE","jurisdiction_type":"County","enacted_status":"replaced","date_enacted_iso":"2025-02-03","current_end_date_iso":"","date_enacted_uncertainty":"exact","duration_days":365,"duration_kind":"fixed_days","sectors":["data_center","cryptocurrency_mining"],"trigger_categories":["regulatory_gap","environmental","grid_energy","land_use_compatibility"],"date_enacted":"2025-02-03","duration":"One year or until updated zoning regulations were adopted, whichever was less","trigger":"Existing zoning did not adequately address data centers and crypto mining in AG-G and RCI districts. The resolution cited energy consumption, cooling and environmental footprint concerns, land-use impacts, and the need to study countywide zoning controls."}},{"type":"Feature","geometry":{"type":"Point","coordinates":[-101.038747,40.165957]},"properties":{"id":"ne-hitchcock-county-undated","jurisdiction":"Hitchcock County","state":"Nebraska","state_abbrev":"NE","jurisdiction_type":"County","enacted_status":"pending","date_enacted_iso":"","current_end_date_iso":"","date_enacted_uncertainty":"unverified","duration_days":null,"duration_kind":"unknown","sectors":["wind","solar","battery_storage","cryptocurrency_mining","data_center","general"],"trigger_categories":["regulatory_gap","infrastructure_capacity"],"date_enacted":"Not yet adopted as of 2026-09-21; proposed Resolution 26-18 was on the Sept. 8, 2026 Board of Commissioners agenda (item 9) and discussed again at the Sept. 21, 2026 meeting, where the minutes record 'Discussion held on proposed Resolution 26-18. No action taken at this time.'","duration":"Proposed 12 months","trigger":"Regulatory-gap/preemptive: county attorney and chair described ongoing work to update the county's comprehensive plan and zoning regulations (targeted for completion by May 2027) and encouraged public participation in town-hall meetings on the update; the proposed moratorium would pause applications while that update is completed."}},{"type":"Feature","geometry":{"type":"Point","coordinates":[-100.503055,41.559006]},"properties":{"id":"ne-logan-county-2026","jurisdiction":"Logan County","state":"Nebraska","state_abbrev":"NE","jurisdiction_type":"County","enacted_status":"active","date_enacted_iso":"2026-07-15","current_end_date_iso":"","date_enacted_uncertainty":"exact","duration_days":365,"duration_kind":"fixed_days","sectors":["data_center","cryptocurrency_mining","wind","solar","battery_storage"],"trigger_categories":["regulatory_gap","grid_energy"],"date_enacted":"Board of Commissioners voted 3-0 to adopt Resolution 26-2 on 2026-07-15.","duration":"12-month moratorium on accepting applications for data centers and AI facilities, cryptocurrency mining, wind and solar energy systems, battery energy storage, carbon dioxide facilities, future high-voltage transmission infrastructure, and other utility-scale or specialized-technology facilities.","trigger":"Adopted alongside a wave of Nebraska county moratoria addressing data centers and related utility-scale/specialized-technology development."}},{"type":"Feature","geometry":{"type":"Point","coordinates":[-101.082432,41.562169]},"properties":{"id":"ne-mcpherson-county-2026","jurisdiction":"McPherson County","state":"Nebraska","state_abbrev":"NE","jurisdiction_type":"County","enacted_status":"active","date_enacted_iso":"2026-06-10","current_end_date_iso":"","date_enacted_uncertainty":"exact","duration_days":365,"duration_kind":"fixed_days","sectors":["wind","solar","battery_storage","cryptocurrency_mining","data_center","general"],"trigger_categories":["regulatory_gap","infrastructure_capacity"],"date_enacted":"2026-06-10, McPherson County Board of Commissioners, unanimous vote (Nason, Arensdorf, Chairman Bryant)","duration":"12 months from 2026-06-10; the Board reserved exclusive authority to extend it. Resolution 2026-11 expressly supersedes prior county moratorium Resolutions 2025-19, 2025-21, and 2025-25, indicating the county has maintained some form of moratorium on these uses since at least 2025.","trigger":"regulatory_gap: broad pause covering utility-scale and specialized technology facilities pending county zoning/regulatory development."}},{"type":"Feature","geometry":{"type":"Point","coordinates":[-96.144458,40.656685]},"properties":{"id":"ne-otoe-county-2026","jurisdiction":"Otoe County","state":"Nebraska","state_abbrev":"NE","jurisdiction_type":"County","enacted_status":"active","date_enacted_iso":"2026-05-19","current_end_date_iso":"","date_enacted_uncertainty":"exact","duration_days":365,"duration_kind":"fixed_days","sectors":["data_center"],"trigger_categories":["environmental","land_use_compatibility","specific_project"],"date_enacted":"2026-05-19","duration":"Moratorium on building and conditional-use permits for data centers, for up to one year from adoption (i.e., through on or about 2027-05-19), and subject to earlier termination if the zoning review committee's updated regulations are approved sooner.","trigger":"Large public response and concern over potential health, environmental, and community-fit impacts of data centers."}},{"type":"Feature","geometry":{"type":"Point","coordinates":[-100.45509,40.168619]},"properties":{"id":"ne-red-willow-county-2025","jurisdiction":"Red Willow County","state":"Nebraska","state_abbrev":"NE","jurisdiction_type":"County","enacted_status":"extended","date_enacted_iso":"2025-09-22","current_end_date_iso":"","date_enacted_uncertainty":"exact","duration_days":365,"duration_kind":"fixed_days","sectors":["general"],"trigger_categories":["noise","grid_energy"],"date_enacted":"2025-09-22","duration":"12 months (2025-09-22 to 2026-09-22); extended for an additional 12 months by Resolution No. 1612, Book 25, Page 2, adopted 2026-08-24.","trigger":"The captured board minutes record adoption but do not include detailed findings. Later local discussion in earlier captures referenced noise and public-power/rate implications."}},{"type":"Feature","geometry":{"type":"Point","coordinates":[-97.170668,40.869553]},"properties":{"id":"ne-seward-county-2026","jurisdiction":"Seward County","state":"Nebraska","state_abbrev":"NE","jurisdiction_type":"County","enacted_status":"active","date_enacted_iso":"2026-06-30","current_end_date_iso":"","date_enacted_uncertainty":"exact","duration_days":365,"duration_kind":"fixed_days","sectors":["data_center"],"trigger_categories":["regulatory_gap"],"date_enacted":"Board of Commissioners adopted Resolution 3937 on 2026-06-30, effective immediately, with three affirmative votes and two members absent.","duration":"Pauses data center construction, building permits, conditional use permits, and any other project authorization. Expires at the earlier of 12 months or the effective date of new data center zoning regulations, unless extended by a separate resolution.","trigger":"County had discussed a draft moratorium after a commissioner proposed a pause; adopted while the county develops permanent data center zoning regulations."}},{"type":"Feature","geometry":{"type":"Point","coordinates":[-97.170668,40.869553]},"properties":{"id":"ne-seward-county-2023","jurisdiction":"Seward County","state":"Nebraska","state_abbrev":"NE","jurisdiction_type":"County","enacted_status":"active","date_enacted_iso":"2023-08-01","current_end_date_iso":"","date_enacted_uncertainty":"exact","duration_days":184,"duration_kind":"fixed_days","sectors":["wind","solar","battery_storage"],"trigger_categories":["regulatory_gap"],"date_enacted":"2023-08-01, Seward County Board of Commissioners (original adoption); most recently continued by Resolution No. 3947, adopted 2026-08-25","duration":"Originally a 6-month moratorium adopted 2023-08-01, repeatedly continued/renewed by separate board resolutions (including at the Jan. 6, 2026 meeting) for further 6-month terms or until new zoning regulations are formally adopted, whichever occurs first; most recently continued by Resolution No. 3947 (2026-08-25) for 6 months from that date.","trigger":"regulatory_gap: the county's zoning regulations do not yet address commercial-scale renewable energy systems; the moratorium is intended to remain in place only until new zoning regulations governing such systems are formally adopted and become legally binding."}},{"type":"Feature","geometry":{"type":"Point","coordinates":[-118.6221,39.51123]},"properties":{"id":"nv-fallon-paiute-shoshone-tribe-2026","jurisdiction":"Fallon Paiute-Shoshone Tribe","state":"Nevada","state_abbrev":"NV","jurisdiction_type":"Tribal","enacted_status":"active","date_enacted_iso":"2026-05-26","current_end_date_iso":"","date_enacted_uncertainty":"exact","duration_days":null,"duration_kind":"indefinite","sectors":["data_center"],"trigger_categories":["water","land_use_compatibility","other"],"date_enacted":"2026-05-26, Fallon Business Council, per the meeting agenda item 'Data Center Ban - Resolution #26-F-112' (agenda item filed by Chairman Phil Johnson) at the Fallon Business Council Regular Meeting 2","duration":"Permanent; no stated end date or review/sunset provision found.","trigger":"Preemptive protection of tribal water and land resources; tribal council secretary Phil Johnson introduced the resolution."}},{"type":"Feature","geometry":{"type":"Point","coordinates":[-118.202482,41.429394]},"properties":{"id":"nv-humboldt-county-2026","jurisdiction":"Humboldt County","state":"Nevada","state_abbrev":"NV","jurisdiction_type":"County","enacted_status":"active","date_enacted_iso":"2026-07-06","current_end_date_iso":"","date_enacted_uncertainty":"exact","duration_days":null,"duration_kind":"until_date","sectors":["data_center"],"trigger_categories":["regulatory_gap"],"date_enacted":"2026-07-06, Humboldt County Commission, unanimous vote on second reading of Bill No. 05-18-26 (one local news account describes the meeting as occurring July 7)","duration":"Through July 13, 2027 (amended at the meeting)","trigger":"Precautionary pause pending regulation; no data center proposal or development application was pending when the measure passed"}},{"type":"Feature","geometry":{"type":"Point","coordinates":[-116.406961,38.354484]},"properties":{"id":"nv-nye-county-2026","jurisdiction":"Nye County","state":"Nevada","state_abbrev":"NV","jurisdiction_type":"County","enacted_status":"active","date_enacted_iso":"2026-06-02","current_end_date_iso":"","date_enacted_uncertainty":"exact","duration_days":null,"duration_kind":"until_event","sectors":["data_center","cryptocurrency_mining"],"trigger_categories":["water","grid_energy","land_use_compatibility"],"date_enacted":"2026-06-02 (Nye County Board of County Commissioners unanimously approved a countywide moratorium on new data center applications at its Tuesday, June 2, 2026 meeting, per Pahrump Valley Times)","duration":"No fixed term; Commissioner Strickland was quoted estimating a new data center ordinance could be ready 'in about 90 days,' but the moratorium's stated end condition is adoption of local data center regulations, not a calendar date.","trigger":"Nye County Water District Governing Board's 2026-05-27 emergency request that the commission impose a moratorium, driven by concerns over data center water demand on a 'critically over-appropriated' aquifer (Nevada Hydrographic Basin 162) in the Pahrump Regional Planning District"}},{"type":"Feature","geometry":{"type":"Point","coordinates":[-119.365699,39.822341]},"properties":{"id":"nv-pyramid-lake-paiute-tribe-2026","jurisdiction":"Pyramid Lake Paiute Tribe","state":"Nevada","state_abbrev":"NV","jurisdiction_type":"Tribal","enacted_status":"active","date_enacted_iso":"2026-08-21","current_end_date_iso":"","date_enacted_uncertainty":"exact","duration_days":null,"duration_kind":"indefinite","sectors":["data_center"],"trigger_categories":["water","environmental","grid_energy"],"date_enacted":"2026-08-21, Pyramid Lake Paiute Tribal Council vote","duration":"Permanent; no stated end date found.","trigger":"Protection of Pyramid Lake water resources and the endangered Cui-ui and threatened Lahontan cutthroat trout from upstream Truckee River watershed data center water demand; concerns about grid reliability given existing rolling brownouts on the reservation. Began as a community-led proposal to the Tribal Council."}},{"type":"Feature","geometry":{"type":"Point","coordinates":[-119.812658,39.526179]},"properties":{"id":"nv-reno-2026","jurisdiction":"Reno","state":"Nevada","state_abbrev":"NV","jurisdiction_type":"City","enacted_status":"extended","date_enacted_iso":"2026-06-01","current_end_date_iso":"2027-08-31","date_enacted_uncertainty":"range","duration_days":null,"duration_kind":"until_date","sectors":["data_center"],"trigger_categories":["water","grid_energy","land_use_compatibility"],"date_enacted":"Reno City Council approved a final moratorium resolution on/around 2026-06-01, extending an earlier temporary pause on special-use permits for new data centers through August 31, 2027, by a 6-1 vote (Councilmember Kathleen Taylor dissenting). Coverage headlines describe this both as an 'extension' of an existing pause and as the council 'approving' the moratorium, consistent with an initial shorter pause enacted earlier in 2026 that was then extended.","duration":"Runs through August 31, 2027, or until the city adopts new data center regulations, whichever comes first.","trigger":"Concerns over water use and rising power costs from new data center development"}},{"type":"Feature","geometry":{"type":"Point","coordinates":[-114.963144,41.110726]},"properties":{"id":"nv-wells-2026","jurisdiction":"Wells","state":"Nevada","state_abbrev":"NV","jurisdiction_type":"City","enacted_status":"active","date_enacted_iso":"2026-06-23","current_end_date_iso":"","date_enacted_uncertainty":"exact","duration_days":365,"duration_kind":"fixed_days","sectors":["data_center","cryptocurrency_mining"],"trigger_categories":["regulatory_gap","water","grid_energy","infrastructure_capacity"],"date_enacted":"2026-06-23, Wells City Council, unanimous vote (4-0, Councilman Richard Peltier absent) on Resolution No. 26-06","duration":"12 months from the effective date (adoption), unless earlier repealed, modified, extended, or superseded by Council action.","trigger":"Preemptive/precautionary pause; city stated no data center projects were proposed or approved in Wells at adoption, but wanted time to study land use, infrastructure, water, electricity, noise, and emergency-response impacts before any proposal arrives."}},{"type":"Feature","geometry":{"type":"Point","coordinates":[-114.889956,39.529818]},"properties":{"id":"nv-white-pine-county-2026","jurisdiction":"White Pine County","state":"Nevada","state_abbrev":"NV","jurisdiction_type":"County","enacted_status":"active","date_enacted_iso":"2026-07-22","current_end_date_iso":"","date_enacted_uncertainty":"exact","duration_days":180,"duration_kind":"fixed_days","sectors":["data_center"],"trigger_categories":["regulatory_gap","water","grid_energy","infrastructure_capacity"],"date_enacted":"2026-07-22, White Pine County Board of County Commissioners, adopted at a duly noticed public meeting (per the signed resolution's adoption clause)","duration":"180 calendar days from the effective date (adoption), renewable by Board resolution for one additional period of up to 180 days after a noticed public hearing.","trigger":"Preemptive pause after White Pine County was identified at an April 24, 2026 Nevada Legislature Joint Interim Committee on Public Lands meeting as a target for data center development (with BLM officials present), combined with concerns over the Steptoe Valley aquifer, limited rural electric infrastructure, and the lack of data-center-specific zoning standards in Title 17."}},{"type":"Feature","geometry":{"type":"Point","coordinates":[-71.100082,43.115019]},"properties":{"id":"nh-town-of-nottingham-undated","jurisdiction":"Town of Nottingham","state":"New Hampshire","state_abbrev":"NH","jurisdiction_type":"Town","enacted_status":"active","date_enacted_iso":"2026-09-08","current_end_date_iso":"2027-09-08","date_enacted_uncertainty":"exact","duration_days":365,"duration_kind":"fixed_days","sectors":["data_center"],"trigger_categories":["specific_project","land_use_compatibility","water"],"date_enacted":"Planning Board voted 5-0-0 on 2026-07-01 to adopt and advance the proposed ordinance; Nottingham voters ratified it at a September 8, 2026 special town election (held with the state primary) by a vote of 1,335 to 143, per the town's official election results.","duration":"12 months from voter adoption on 2026-09-08 (to approximately 2027-09-08).","trigger":"Local opposition to a withdrawn Nottingham Business Park data center concept (145 Old Turnpike Road) and an online petition that drew more than 25,000 signatures"}},{"type":"Feature","geometry":{"type":"Point","coordinates":[-74.498614,39.46461]},"properties":{"id":"nj-galloway-township-2026","jurisdiction":"Galloway Township","state":"New Jersey","state_abbrev":"NJ","jurisdiction_type":"Township","enacted_status":"active","date_enacted_iso":"2026-07-14","current_end_date_iso":"2027-01-10","date_enacted_uncertainty":"exact","duration_days":180,"duration_kind":"fixed_days","sectors":["data_center"],"trigger_categories":["regulatory_gap"],"date_enacted":"2026-06-16 was the ordinance's introduction/first reading (per the June 16, 2026 Council agenda listing Ordinance 2172-2026 for public hearing). Final passage occurred at the July 14, 2026 Council meeting (per that meeting's official agenda/ordinance statements) and the Township's public notice titled 'Publication Final Passage Ordinance #2172-2026 Temporary Moratorium of Data Centers' was posted July 15, 2026.","duration":"Six months (180 days) while the Planning Board and Environmental Commission study data centers","trigger":"Planning Board and Environmental Commission to study data center land use and make recommendations before further approvals proceed"}},{"type":"Feature","geometry":{"type":"Point","coordinates":[-74.717271,39.577744]},"properties":{"id":"nj-mullica-township-undated","jurisdiction":"Mullica Township","state":"New Jersey","state_abbrev":"NJ","jurisdiction_type":"Township","enacted_status":"pending","date_enacted_iso":"","current_end_date_iso":"","date_enacted_uncertainty":"unverified","duration_days":180,"duration_kind":"fixed_days","sectors":["data_center"],"trigger_categories":["regulatory_gap","water","noise","infrastructure_capacity"],"date_enacted":"Introduced (first reading) August 25, 2026 by the Mullica Township Committee; referred to the Planning Board and Environmental Commission for study and recommendation, as required before final adoption; not yet finally passed as of the September 22, 2026 Committee meeting agenda, which does not list it for second reading.","duration":"Six (6) months from final adoption, if adopted as introduced.","trigger":"Regulatory gap; the Township referred the question to its Planning Board and Environmental Commission to study infrastructure, water, noise, stormwater, traffic, zoning, and emergency-response impacts before any data center could be approved."}},{"type":"Feature","geometry":{"type":"Point","coordinates":[-74.36185,40.463536]},"properties":{"id":"nj-sayreville-2026","jurisdiction":"Sayreville","state":"New Jersey","state_abbrev":"NJ","jurisdiction_type":"Town","enacted_status":"active","date_enacted_iso":"2026-07-20","current_end_date_iso":"","date_enacted_uncertainty":"exact","duration_days":540,"duration_kind":"fixed_days","sectors":["data_center"],"trigger_categories":["grid_energy","water","noise","environmental","regulatory_gap"],"date_enacted":"2026-07-20, Borough Council second and final reading following a public hearing","duration":"18 months from adoption; the ordinance also requires publication and mayoral approval, and the copy reviewed does not show the mayoral approval date","trigger":"Study of electric-grid, water, stormwater, fiscal, land-use, noise, and environmental effects of data center development"}},{"type":"Feature","geometry":{"type":"Point","coordinates":[-104.611894,36.557176]},"properties":{"id":"nm-colfax-county-2026","jurisdiction":"Colfax County","state":"New Mexico","state_abbrev":"NM","jurisdiction_type":"County","enacted_status":"active","date_enacted_iso":"2026-08-25","current_end_date_iso":"","date_enacted_uncertainty":"unverified","duration_days":365,"duration_kind":"fixed_days","sectors":["data_center"],"trigger_categories":["water","environmental","noise","grid_energy"],"date_enacted":"Reported adopted 'late last month' (late August 2026) per CPR.org's September 3, 2026 article; a public hearing on the proposed ordinance was held August 11, 2026 and the county's own public notice states the Board of Commissioners could consider adoption at its August 25, 2026 meeting.","duration":"One year from adoption (to approximately 2027-08-25).","trigger":"Concern over water use during a severe/extreme drought affecting the county, plus concerns about energy use, heat, and noise; came after the City of Raton's since-expired memorandum of understanding with a data-center developer (Atterix LLC) drew controversy."}},{"type":"Feature","geometry":{"type":"Point","coordinates":[-106.01355,35.485967]},"properties":{"id":"nm-santa-fe-county-2026","jurisdiction":"Santa Fe County","state":"New Mexico","state_abbrev":"NM","jurisdiction_type":"County","enacted_status":"active","date_enacted_iso":"2026-06-30","current_end_date_iso":"","date_enacted_uncertainty":"exact","duration_days":540,"duration_kind":"fixed_days","sectors":["data_center"],"trigger_categories":["water","grid_energy","noise","environmental","regulatory_gap"],"date_enacted":"2026-06-30, Board of County Commissioners, 5-0 vote","duration":"18 months, immediate; amended during the meeting from an original 12-month proposal","trigger":"Development of permanent standards addressing groundwater, electricity and grid reliability, noise, waste heat, environmental justice, monitoring, and public participation"}},{"type":"Feature","geometry":{"type":"Point","coordinates":[-107.256942,33.116594]},"properties":{"id":"nm-sierra-county-2026","jurisdiction":"Sierra County","state":"New Mexico","state_abbrev":"NM","jurisdiction_type":"County","enacted_status":"active","date_enacted_iso":"2026-07-21","current_end_date_iso":"2028-01-21","date_enacted_uncertainty":"exact","duration_days":540,"duration_kind":"fixed_days","sectors":["data_center"],"trigger_categories":["specific_project"],"date_enacted":"Reportedly 2026-07-21, Board of County Commissioners, unanimous vote amending agenda item Resolution 2026-51 during the meeting","duration":"18 months from adoption (2026-07-21), to approximately 2028-01-21, confirmed by Resolution No. 2026-51 as named in KRQE and gpkmedia.com/Sierra County Sentinel reporting and listed on the Sierra County Clerk's resolutions index.","trigger":"Concern about a possible data center at Spaceport America"}},{"type":"Feature","geometry":{"type":"Point","coordinates":[-106.922083,33.990472]},"properties":{"id":"nm-socorro-county-2026","jurisdiction":"Socorro County","state":"New Mexico","state_abbrev":"NM","jurisdiction_type":"County","enacted_status":"active","date_enacted_iso":"2026-06-09","current_end_date_iso":"","date_enacted_uncertainty":"exact","duration_days":365,"duration_kind":"fixed_days","sectors":["data_center"],"trigger_categories":["specific_project","water","grid_energy","environmental","regulatory_gap"],"date_enacted":"2026-06-09, unanimous vote of the Socorro County Board of Commissioners.","duration":"One year from adoption (to approximately 2027-06-09).","trigger":"Public opposition to a proposed roughly 10,000-acre solar-plus-data-center facility (\"Green Data Center\" project) and concerns over water rights/use, energy infrastructure, and public safety; commission appointed a 15-member Blue Ribbon Committee (named 2026-07-29 from 35 applicants) to study these issues and deliver non-binding recommendations at least two months before the moratorium expires."}},{"type":"Feature","geometry":{"type":"Point","coordinates":[-73.833333,42.6]},"properties":{"id":"ny-bethlehem-2026","jurisdiction":"Bethlehem","state":"New York","state_abbrev":"NY","jurisdiction_type":"Town","enacted_status":"active","date_enacted_iso":"2026-06-24","current_end_date_iso":"","date_enacted_uncertainty":"exact","duration_days":365,"duration_kind":"fixed_days","sectors":["data_center"],"trigger_categories":["regulatory_gap"],"date_enacted":"2026-06-24, Town Board, following a June 24, 2026 public hearing (public hearing originally set at the May 27, 2026 meeting by unanimous vote)","duration":"Twelve (12) months","trigger":"General, preemptive townwide pause. Town Supervisor David VanLuven said a moratorium is not a final fix and that the town needs to identify what protective measures it can legally adopt."}},{"type":"Feature","geometry":{"type":"Point","coordinates":[-78.878149,42.886416]},"properties":{"id":"ny-buffalo-undated","jurisdiction":"Buffalo","state":"New York","state_abbrev":"NY","jurisdiction_type":"City","enacted_status":"pending","date_enacted_iso":"","current_end_date_iso":"","date_enacted_uncertainty":"unverified","duration_days":730,"duration_kind":"fixed_days","sectors":["data_center","cryptocurrency_mining"],"trigger_categories":["regulatory_gap","infrastructure_capacity","water"],"date_enacted":"Not yet enacted as of 2026-09-23. Buffalo Common Council members were reported September 22, 2026 to be moving a proposed two-year moratorium on new data centers and cryptocurrency facilities toward a full Council vote 'set for next Tuesday' (on or about 2026-09-29).","duration":"Proposed two years.","trigger":"Regulatory gap and infrastructure capacity; Councilmember Golombek cited the need to update zoning before more facilities are developed and to ensure new projects do not strain neighborhood water and sewer infrastructure without a community benefit agreement."}},{"type":"Feature","geometry":{"type":"Point","coordinates":[-76.206543,43.186621]},"properties":{"id":"ny-clay-2026","jurisdiction":"Clay","state":"New York","state_abbrev":"NY","jurisdiction_type":"Town","enacted_status":"active","date_enacted_iso":"2026-06","current_end_date_iso":"","date_enacted_uncertainty":"month_only","duration_days":365,"duration_kind":"fixed_days","sectors":["data_center","cryptocurrency_mining"],"trigger_categories":["regulatory_gap","infrastructure_capacity","grid_energy"],"date_enacted":"Approved by the Clay Town Board on or shortly before 2026-06-30 (date of first news coverage), following a public hearing","duration":"Up to twelve (12) months","trigger":"Preemptive townwide pause tied to anticipated development pressure around Micron Technology's planned semiconductor campus in neighboring areas; no data center projects had been proposed in Clay as of adoption."}},{"type":"Feature","geometry":{"type":"Point","coordinates":[-73.701786,42.590913]},"properties":{"id":"ny-east-greenbush-2026","jurisdiction":"East Greenbush","state":"New York","state_abbrev":"NY","jurisdiction_type":"Town","enacted_status":"active","date_enacted_iso":"2026-07-15","current_end_date_iso":"","date_enacted_uncertainty":"exact","duration_days":180,"duration_kind":"fixed_days","sectors":["data_center"],"trigger_categories":["regulatory_gap","grid_energy","legal_or_litigation"],"date_enacted":"2026-07-15, East Greenbush Town Board, unanimous vote, following a July 8, 2026 public hearing","duration":"Base term of six (6) months from the effective date (filing with the NY Secretary of State); if the Town Board passes a resolution extending it before expiration, the moratorium may run up to one (1) year total from the effective date.","trigger":"General, preemptive townwide pause; Town Supervisor Jack Conway cited concerns about a possible legal challenge to Governor Hochul's Executive Order 62 and a desire for an independent local 'layer of protection' against data center development."}},{"type":"Feature","geometry":{"type":"Point","coordinates":[-76.631336,42.435906]},"properties":{"id":"ny-enfield-undated","jurisdiction":"Enfield","state":"New York","state_abbrev":"NY","jurisdiction_type":"Town","enacted_status":"pending","date_enacted_iso":"","current_end_date_iso":"","date_enacted_uncertainty":"unverified","duration_days":365,"duration_kind":"fixed_days","sectors":["data_center"],"trigger_categories":["regulatory_gap","water","grid_energy"],"date_enacted":"Not yet enacted as of 2026-09-23. On 2026-05-13 the Town Board adopted a resolution directing the Planning Board to draft data center legislation. A draft moratorium local law (modeled on Newfield's) was rewritten twice between July and mid-August 2026 on the advice of Town legal counsel Guy Krogh. At its August 12, 2026 meeting the Town Board did NOT set a public hearing as previously expected; it instead held off action, pushing back the hearing and the law's adoption to October 2026 at the earliest.","duration":"Proposed as a one-year moratorium in the draft local law circulating as of July-August 2026.","trigger":"Preemptive; no data center has been proposed in Enfield, but officials cited the town's lack of zoning, limited water and electric infrastructure, concern that 'satellite data centers' could arise near TeraWulf's proposed Lansing project, and the regional wave of moratoria (notably Newfield's) as reasons to act."}},{"type":"Feature","geometry":{"type":"Point","coordinates":[-74.4875,41.584444]},"properties":{"id":"ny-mamakating-undated","jurisdiction":"Mamakating","state":"New York","state_abbrev":"NY","jurisdiction_type":"Town","enacted_status":"pending","date_enacted_iso":"","current_end_date_iso":"","date_enacted_uncertainty":"unverified","duration_days":null,"duration_kind":"unknown","sectors":["data_center"],"trigger_categories":["regulatory_gap","water","grid_energy","environmental"],"date_enacted":"Not yet enacted as of 2026-09-23. At its meeting of 2026-09-15 (following an August 18, 2026 initial discussion), the Town Board voted unanimously (motion by Councilman Michael Robbins, seconded by Supervisor Peter Goodman) to direct Town Attorney Benjamin Gailey to prepare a proposed local law establishing a data center moratorium; that draft law will require its own future public hearing before formal adoption, expected 'within the next couple of meetings' as of September 15.","duration":"Not yet fixed; Town Attorney Benjamin Gailey told the Board such local laws are 'usually effective for 12 to 18 months, but provisions can extend them,' and the Board discussed a possible timeline of at least a year. Some residents urged a permanent moratorium/ban instead.","trigger":"Preemptive; the town had no pending data center applications as of the September 15 meeting, but officials and residents wanted to study electricity and water usage, and impacts on the local Bashakill wetlands, before any proposal arrives."}},{"type":"Feature","geometry":{"type":"Point","coordinates":[-75.976863,43.002011]},"properties":{"id":"ny-manlius-2026","jurisdiction":"Manlius","state":"New York","state_abbrev":"NY","jurisdiction_type":"Town","enacted_status":"active","date_enacted_iso":"2026-07-09","current_end_date_iso":"","date_enacted_uncertainty":"exact","duration_days":365,"duration_kind":"fixed_days","sectors":["data_center","cryptocurrency_mining"],"trigger_categories":["grid_energy","water","environmental"],"date_enacted":"2026-07-09 -- Town Board vote, 7-0.","duration":"One year","trigger":"Concerns about rising utility bills and outages, water supply, and environmental impact from data processing centers and commercial cryptocurrency mining."}},{"type":"Feature","geometry":{"type":"Point","coordinates":[-76.591238,42.357703]},"properties":{"id":"ny-newfield-2026","jurisdiction":"Newfield","state":"New York","state_abbrev":"NY","jurisdiction_type":"Town","enacted_status":"active","date_enacted_iso":"2026-07-09","current_end_date_iso":"","date_enacted_uncertainty":"exact","duration_days":365,"duration_kind":"fixed_days","sectors":["data_center","cryptocurrency_mining"],"trigger_categories":["regulatory_gap","water","grid_energy"],"date_enacted":"2026-07-09, Town Board, unanimous vote, following a public hearing that evening (proposed at the June 11, 2026 meeting)","duration":"One year","trigger":"General, preemptive townwide pause; no data center has been proposed in Newfield, but officials cited the town's lack of zoning laws and the regional wave of proposals (notably TeraWulf's Lansing project) as reasons to act before an application arrives."}},{"type":"Feature","geometry":{"type":"Point","coordinates":[-78.866053,43.040774]},"properties":{"id":"ny-north-tonawanda-2024","jurisdiction":"North Tonawanda","state":"New York","state_abbrev":"NY","jurisdiction_type":"City","enacted_status":"extended","date_enacted_iso":"2024-07-16","current_end_date_iso":"","date_enacted_uncertainty":"exact","duration_days":730,"duration_kind":"fixed_days","sectors":["data_center","cryptocurrency_mining"],"trigger_categories":["regulatory_gap","grid_energy","noise"],"date_enacted":"Original moratorium: Local Law 2024-2, adopted by the Common Council on 2024-07-16 (a two-year moratorium on cryptocurrency mining and data processing centers, set to expire 2026-07-16). Extension: a 2026 local law extending the moratorium for an additional 12 months from its new effective date, adopted before the July 16, 2026 expiration.","duration":"Original term: two years (2024-07-16 to 2026-07-16) under Local Law 2024-2. 2026 extension: an additional twelve (12) months from the extension's effective date.","trigger":"Regulatory gap: the city's November 18, 2025 Comprehensive Plan update was completed but zoning amendments and recommendations specific to cryptocurrency mining/data processing centers were not yet finalized, prompting an extension rather than letting the original moratorium lapse."}},{"type":"Feature","geometry":{"type":"Point","coordinates":[-74.193982,43.017525]},"properties":{"id":"ny-perth-2026","jurisdiction":"Perth","state":"New York","state_abbrev":"NY","jurisdiction_type":"Town","enacted_status":"active","date_enacted_iso":"2026-06-04","current_end_date_iso":"","date_enacted_uncertainty":"exact","duration_days":365,"duration_kind":"fixed_days","sectors":["data_center"],"trigger_categories":["regulatory_gap","grid_energy"],"date_enacted":"2026-06-04, Town Board, per the Rockefeller Institute of Government's tracking blog and Leader Herald (dailygazette.com) headline coverage","duration":"One year","trigger":"General, preemptive townwide pause; Town Supervisor Greg Fagan cited concerns over energy usage and a desire to maintain local control, ahead of possible state legislative action."}},{"type":"Feature","geometry":{"type":"Point","coordinates":[-78.878383,43.020679]},"properties":{"id":"ny-tonawanda-2026","jurisdiction":"Tonawanda","state":"New York","state_abbrev":"NY","jurisdiction_type":"Town","enacted_status":"active","date_enacted_iso":"2026-08-03","current_end_date_iso":"","date_enacted_uncertainty":"exact","duration_days":365,"duration_kind":"fixed_days","sectors":["data_center"],"trigger_categories":["specific_project","environmental","noise","grid_energy","property_values"],"date_enacted":"2026-08-03, Town Board, unanimous vote, following an August 3, 2026 public hearing","duration":"One year","trigger":"Specific project: a proposed 300 MW, ~500,000-square-foot, ~$2 billion data center by Riverview Innovation & Technology Campus at the former Tonawanda Coke Corp. industrial site on River Road, which drew sustained resident opposition over environmental, noise, and utility-cost concerns (the site is near the former Love Canal-adjacent area of concern residents cited)."}},{"type":"Feature","geometry":{"type":"Point","coordinates":[-72.915383,40.779265]},"properties":{"id":"ny-town-of-brookhaven-2026","jurisdiction":"Town of Brookhaven","state":"New York","state_abbrev":"NY","jurisdiction_type":"Town","enacted_status":"active","date_enacted_iso":"2026-07-16","current_end_date_iso":"2027-12-31","date_enacted_uncertainty":"exact","duration_days":545,"duration_kind":"fixed_days","sectors":["data_center"],"trigger_categories":["regulatory_gap","infrastructure_capacity"],"date_enacted":"2026-07-16 (Town Board, unanimous, following a public hearing)","duration":"18 months","trigger":"Pause on all new data-center applications to allow the planning department to develop comprehensive zoning rules on location, design, operation, infrastructure, energy and water use, noise, visual effects, environmental sustainability, public safety, and efficiency"}},{"type":"Feature","geometry":{"type":"Point","coordinates":[-73.774762,42.863037]},"properties":{"id":"ny-town-of-clifton-park-2026","jurisdiction":"Town of Clifton Park","state":"New York","state_abbrev":"NY","jurisdiction_type":"Town","enacted_status":"active","date_enacted_iso":"2026-07-07","current_end_date_iso":"","date_enacted_uncertainty":"exact","duration_days":365,"duration_kind":"fixed_days","sectors":["data_center"],"trigger_categories":["regulatory_gap"],"date_enacted":"2026-07-07","duration":"12 months","trigger":"Moratorium on the siting, acceptance, review, and approval of applications for a 'Data Storage Center' within the town"}},{"type":"Feature","geometry":{"type":"Point","coordinates":[-76.297666,42.490618]},"properties":{"id":"ny-dryden-2024","jurisdiction":"Town of Dryden (Tompkins County)","state":"New York","state_abbrev":"NY","jurisdiction_type":"Town","enacted_status":"replaced","date_enacted_iso":"2024-07-31","current_end_date_iso":"","date_enacted_uncertainty":"exact","duration_days":600,"duration_kind":"fixed_days","sectors":["data_center","cryptocurrency_mining"],"trigger_categories":["specific_project","regulatory_gap","environmental","grid_energy","land_use_compatibility"],"date_enacted":"2024-07-31","duration":"18 months as initially adopted under Local Law No. 2 of 2024 (2024-07-31 to approximately 2026-01-31); extended to 20 months (through approximately 2026-03-31) by Local Law No. 1 of 2026, which the signed, clerk-filed Local Law Filing shows was duly passed by the Town Board on 2026-01-15 and certified/filed with the NY Department of State on 2026-01-19 (ecode360 filing LF2566760); the extended moratorium was in turn superseded, before its extended term expired, by permanent zoning Local Law No. 2 of 2026, adopted 2026-02-19.","trigger":"Proposed commercial cryptocurrency/data-processing use in Freeville area, regulatory gap, and stated concern for natural, historic, cultural, and electrical resources"}},{"type":"Feature","geometry":{"type":"Point","coordinates":[-73.795621,41.553331]},"properties":{"id":"ny-town-of-east-fishkill-2026","jurisdiction":"Town of East Fishkill","state":"New York","state_abbrev":"NY","jurisdiction_type":"Town","enacted_status":"active","date_enacted_iso":"2026-06-25","current_end_date_iso":"2029-07-01","date_enacted_uncertainty":"exact","duration_days":null,"duration_kind":"until_date","sectors":["data_center"],"trigger_categories":["specific_project","grid_energy"],"date_enacted":"2026-06-25 (Town Board, unanimous, following a public hearing and a rally outside Town Hall)","duration":"Until 2029-07-01, for data centers over 20 MW","trigger":"Opposition to a possible 1,000 MW project associated with Treetop Development; the supervisor said no formal application had been filed with the town"}},{"type":"Feature","geometry":{"type":"Point","coordinates":[-74.897222,41.529722]},"properties":{"id":"ny-town-of-highland-2026","jurisdiction":"Town of Highland","state":"New York","state_abbrev":"NY","jurisdiction_type":"Town","enacted_status":"active","date_enacted_iso":"2026-06-09","current_end_date_iso":"","date_enacted_uncertainty":"exact","duration_days":365,"duration_kind":"fixed_days","sectors":["data_center"],"trigger_categories":["regulatory_gap"],"date_enacted":"2026-06-09 (Town Board, unanimous vote, at the same June 9, 2026 public hearing held at the Town of Highland Senior & Community Center); notice of enactment (Local Law No. 1 of 2026) was subsequently published by the town on 2026-06-18.","duration":"12 months, extendable up to 24 months while zoning and potential impacts are studied","trigger":"Pause on approval, permitting, and construction of large-scale data centers while zoning and impacts are studied"}},{"type":"Feature","geometry":{"type":"Point","coordinates":[-76.485621,42.485138]},"properties":{"id":"ny-lansing-2025","jurisdiction":"Town of Lansing (Tompkins County) - proposed, not enacted","state":"New York","state_abbrev":"NY","jurisdiction_type":"Town","enacted_status":"rescinded","date_enacted_iso":"","current_end_date_iso":"","date_enacted_uncertainty":"unverified","duration_days":365,"duration_kind":"fixed_days","sectors":["data_center"],"trigger_categories":["specific_project","regulatory_gap","land_use_compatibility","legal_or_litigation"],"date_enacted":"Not enacted. Public hearing held 2025-09-24; the Town Board's resolution withdrawing the proposed moratorium (Local Law #7 of 2025) is confirmed on the November 19, 2025 Town Board meeting agenda (Item 4, Motions and Resolutions: \"Resolution Withdrawing Proposed Moratorium (Local Law #7 of 2025)\").","duration":"Proposed 365 days","trigger":"Town zoning rewrite and EPOD planning process, plus local concern about large commercial and industrial projects including the TeraWulf Cayuga Data Campus"}},{"type":"Feature","geometry":{"type":"Point","coordinates":[-79.035878,43.172555]},"properties":{"id":"ny-lewiston-2026","jurisdiction":"Town of Lewiston (Niagara County) - proposed, public hearing held","state":"New York","state_abbrev":"NY","jurisdiction_type":"Town","enacted_status":"active","date_enacted_iso":"2026-04-13","current_end_date_iso":"2027-10-13","date_enacted_uncertainty":"exact","duration_days":548,"duration_kind":"fixed_days","sectors":["data_center","cryptocurrency_mining"],"trigger_categories":["regulatory_gap"],"date_enacted":"Adopted 2026-04-13 by the Town Board (5-0 vote) at its regular work session, immediately following a public hearing that evening, alongside a related zoning-code amendment (Local Law No. 2 of 2026); filed as Local Law No. 3 of 2026 in the Town's official 2026 Local Laws register.","duration":"Eighteen (18) months from the effective date of adoption (the 'Moratorium Period'), extendable by Town Board resolution for additional periods not to exceed six months each.","trigger":"General/preemptive moratorium. The enacted law's legislative findings (Section 3) cite electrical and wastewater infrastructure capacity, fire safety, the absence of a zoning framework for these uses in the Town Code, and a pending Comprehensive Plan update -- no specific project or applicant is named anywhere in the enacted text."}},{"type":"Feature","geometry":{"type":"Point","coordinates":[-76.459104,43.206457]},"properties":{"id":"ny-lysander-2026","jurisdiction":"Town of Lysander (Onondaga County) - drafting authorized","state":"New York","state_abbrev":"NY","jurisdiction_type":"Town","enacted_status":"active","date_enacted_iso":"2026-05-07","current_end_date_iso":"2026-11-07","date_enacted_uncertainty":"exact","duration_days":180,"duration_kind":"fixed_days","sectors":["data_center"],"trigger_categories":["specific_project","land_use_compatibility"],"date_enacted":"2026-05-07 (Town Board, unanimous vote, following a public hearing at Lysander Town Hall attended by more than 350 residents). The Town Supervisor's official 'Data Center Moratorium Updates' notice states: '5/7/2026 - Public Hearing on Local Law #4 ... Moratorium passed. Expires 11/7/26.'","duration":"Six (6) months, per Local Law #4 of 2026, 'Six-Month Moratorium on Data Storage Centers.'","trigger":"Proposed ~300 MW data center by Ranalli Super DC, LLC (a company controlled by James Ranalli of United Auto Supply) on roughly 120-124 acres of vacant industrial land at the corner of Hencle Boulevard and Oswego Road in Lysander. The developer had spent nearly $1 million on grid-interconnection engineering studies and requested a NYISO transmission connection; roughly 2,600 residents signed a petition urging the Town to adopt a moratorium."}},{"type":"Feature","geometry":{"type":"Point","coordinates":[-75.074444,42.472222]},"properties":{"id":"ny-oneonta-2026","jurisdiction":"Town of Oneonta (Otsego County) - proposed, pending","state":"New York","state_abbrev":"NY","jurisdiction_type":"Town","enacted_status":"active","date_enacted_iso":"2026-05-15","current_end_date_iso":"","date_enacted_uncertainty":"exact","duration_days":365,"duration_kind":"fixed_days","sectors":["data_center","cryptocurrency_mining"],"trigger_categories":["specific_project","land_use_compatibility","agricultural_preservation"],"date_enacted":"Adopted 2026-05-15 by a unanimous Town Board vote.","duration":"Proposed 1 year","trigger":"Eco-Yotta Inc. proposal associated with 357 County Road 9 and requested rezoning of about 150 acres of farmland, plus resident opposition"}},{"type":"Feature","geometry":{"type":"Point","coordinates":[-76.176731,43.10229]},"properties":{"id":"ny-town-of-salina-2026","jurisdiction":"Town of Salina","state":"New York","state_abbrev":"NY","jurisdiction_type":"Town","enacted_status":"active","date_enacted_iso":"2026-05-27","current_end_date_iso":"","date_enacted_uncertainty":"exact","duration_days":365,"duration_kind":"fixed_days","sectors":["data_center","cryptocurrency_mining"],"trigger_categories":["regulatory_gap"],"date_enacted":"2026-05-27 (Town Board adoption, following public hearing at which no one spoke in opposition)","duration":"12 months","trigger":"Moratorium on commercial cryptocurrency mining operations and data processing centers, including AI processing and large-scale data computing, storage, and processing facilities"}},{"type":"Feature","geometry":{"type":"Point","coordinates":[-73.6,41.4]},"properties":{"id":"ny-town-of-southeast-2026","jurisdiction":"Town of Southeast","state":"New York","state_abbrev":"NY","jurisdiction_type":"Town","enacted_status":"active","date_enacted_iso":"2026-05-21","current_end_date_iso":"","date_enacted_uncertainty":"exact","duration_days":180,"duration_kind":"fixed_days","sectors":["data_center"],"trigger_categories":["grid_energy","regulatory_gap"],"date_enacted":"2026-05-21 (Town Board adoption, following the May 7 public hearing)","duration":"Six months","trigger":"Pause on acceptance or further review of building permit and site plan applications for electronic data storage facilities drawing significant electricity from public utilities"}},{"type":"Feature","geometry":{"type":"Point","coordinates":[-77.264144,42.222851]},"properties":{"id":"ny-town-of-thurston-2026","jurisdiction":"Town of Thurston","state":"New York","state_abbrev":"NY","jurisdiction_type":"Town","enacted_status":"active","date_enacted_iso":"2026-05-20","current_end_date_iso":"","date_enacted_uncertainty":"exact","duration_days":730,"duration_kind":"fixed_days","sectors":["data_center","cryptocurrency_mining"],"trigger_categories":["regulatory_gap"],"date_enacted":"2026-05-20 (Town Board, 5-0 roll-call vote, after public hearing)","duration":"Two years","trigger":"Moratorium on commercial cryptocurrency mining operations and data processing centers; stops acceptance of applications and issuance of permits during the pause"}},{"type":"Feature","geometry":{"type":"Point","coordinates":[-76.301932,43.113882]},"properties":{"id":"ny-town-of-van-buren-2026","jurisdiction":"Town of Van Buren","state":"New York","state_abbrev":"NY","jurisdiction_type":"Town","enacted_status":"active","date_enacted_iso":"2026-06-03","current_end_date_iso":"","date_enacted_uncertainty":"exact","duration_days":365,"duration_kind":"fixed_days","sectors":["data_center","cryptocurrency_mining"],"trigger_categories":["regulatory_gap"],"date_enacted":"2026-06-03 (Town Board, unanimous)","duration":"12 months","trigger":"Moratorium on the development or construction of commercial cryptocurrency mining operations, data mining, data processing centers, and data storage facilities, townwide"}},{"type":"Feature","geometry":{"type":"Point","coordinates":[-79.39925,36.070268]},"properties":{"id":"nc-alamance-county-2026","jurisdiction":"Alamance County","state":"North Carolina","state_abbrev":"NC","jurisdiction_type":"County","enacted_status":"active","date_enacted_iso":"2026-08-17","current_end_date_iso":"","date_enacted_uncertainty":"exact","duration_days":365,"duration_kind":"fixed_days","sectors":["data_center"],"trigger_categories":["regulatory_gap","water","grid_energy"],"date_enacted":"2026-08-17, Board of Commissioners unanimous adoption of a one-year moratorium after a public hearing (county attorney's draft had proposed six months, through 2027-02-17; the board lengthened it to a year)","duration":"One year (to about 2027-08-17), per the motion as amended","trigger":"County ordinances do not address data centers; residents urged a longer pause"}},{"type":"Feature","geometry":{"type":"Point","coordinates":[-76.892752,35.469331]},"properties":{"id":"nc-beaufort-county-undated","jurisdiction":"Beaufort County","state":"North Carolina","state_abbrev":"NC","jurisdiction_type":"County","enacted_status":"pending","date_enacted_iso":"","current_end_date_iso":"","date_enacted_uncertainty":"unverified","duration_days":null,"duration_kind":"unknown","sectors":["data_center"],"trigger_categories":["water","grid_energy","agricultural_preservation"],"date_enacted":"Proposed; public hearing and vote on a one-year moratorium resolution postponed from 2026-09-14 to the 2026-10-05 Board of Commissioners meeting","duration":"Proposed one year","trigger":"Resident concerns about water, energy and farmland"}},{"type":"Feature","geometry":{"type":"Point","coordinates":[-82.52556,35.629222]},"properties":{"id":"nc-buncombe-county-2023","jurisdiction":"Buncombe County (cryptocurrency mining; data-center-adjacent)","state":"North Carolina","state_abbrev":"NC","jurisdiction_type":"County","enacted_status":"replaced","date_enacted_iso":"2023-05-02","current_end_date_iso":"","date_enacted_uncertainty":"exact","duration_days":365,"duration_kind":"fixed_days","sectors":["cryptocurrency_mining"],"trigger_categories":["regulatory_gap","grid_energy","environmental","noise"],"date_enacted":"2023-05-02 effective; extended 2024-05-07 by Ordinance 24-05-09","duration":"Original 1 year; extended to 2025-04-30 or earlier adoption of text amendment","trigger":"Cryptocurrency mining server farms; county cited electricity use, greenhouse gas emissions, pollution, e-waste, noise, and lack of standards."}},{"type":"Feature","geometry":{"type":"Point","coordinates":[-76.115061,36.310625]},"properties":{"id":"nc-camden-county-2026","jurisdiction":"Camden County","state":"North Carolina","state_abbrev":"NC","jurisdiction_type":"County","enacted_status":"active","date_enacted_iso":"2026-08-03","current_end_date_iso":"","date_enacted_uncertainty":"exact","duration_days":153,"duration_kind":"fixed_days","sectors":["data_center","cryptocurrency_mining"],"trigger_categories":["regulatory_gap","legal_or_litigation","water","noise"],"date_enacted":"2026-08-03, Board of Commissioners vote after a public hearing; effective 2026-08-03","duration":"About five months: effective 2026-08-03, ends 2027-01-03 unless UDO amendments are approved first","trigger":"UDO has no definitions or standards for data centers, data processing or crypto mining, leaving the county little basis to deny a proposal"}},{"type":"Feature","geometry":{"type":"Point","coordinates":[-80.843083,35.227209]},"properties":{"id":"nc-charlotte-2026","jurisdiction":"Charlotte","state":"North Carolina","state_abbrev":"NC","jurisdiction_type":"City","enacted_status":"active","date_enacted_iso":"2026-06-08","current_end_date_iso":"2026-11-05","date_enacted_uncertainty":"exact","duration_days":150,"duration_kind":"fixed_days","sectors":["data_center"],"trigger_categories":["specific_project","property_values","noise","grid_energy","land_use_compatibility"],"date_enacted":"2026-06-08, unanimous City Council vote","duration":"150 days, through November 5, 2026","trigger":"Public concern over electricity rates, water consumption, noise, and neighborhood impacts tied to a proposed American Towers data center in east Charlotte; a May 26, 2026 public hearing drew 50-plus speakers"}},{"type":"Feature","geometry":{"type":"Point","coordinates":[-79.253304,35.715132]},"properties":{"id":"nc-chatham-county-2026","jurisdiction":"Chatham County","state":"North Carolina","state_abbrev":"NC","jurisdiction_type":"County","enacted_status":"active","date_enacted_iso":"2026-02-11","current_end_date_iso":"2027-02-11","date_enacted_uncertainty":"exact","duration_days":365,"duration_kind":"fixed_days","sectors":["data_center","cryptocurrency_mining"],"trigger_categories":["specific_project","regulatory_gap","water","grid_energy","environmental","noise","legal_or_litigation"],"date_enacted":"2026-02-11","duration":"12 months, to 2027-02-11, or earlier if new zoning regulations are adopted","trigger":"Potential large-scale data center interest at Triangle Innovation Point West in Moncure; county findings cite water and electricity use, greenhouse gas emissions, pollution, e-waste, noise, and unaddressed zoning categories."}},{"type":"Feature","geometry":{"type":"Point","coordinates":[-84.088618,35.118415]},"properties":{"id":"nc-cherokee-county-2023","jurisdiction":"Cherokee County (high-impact facilities; cryptocurrency mining; data-center-adjacent)","state":"North Carolina","state_abbrev":"NC","jurisdiction_type":"County","enacted_status":"expired","date_enacted_iso":"2023-10-02","current_end_date_iso":"","date_enacted_uncertainty":"exact","duration_days":365,"duration_kind":"fixed_days","sectors":["cryptocurrency_mining"],"trigger_categories":["regulatory_gap","noise","grid_energy"],"date_enacted":"2023-10-02 (signed by Chairman Cal Stiles, Cherokee County Board of Commissioners; \"On this the 2nd day of October, 2023\" per OCR of the High Impact Facility Moratorium PDF).","duration":"1 year from date of adoption, \"or until such time as the Cherokee County Board of Commissioners enacts a high-impact land use ordinance,\" per Section 3 of the ordinance (OCR-confirmed).","trigger":"Existing cryptocurrency mining noise and electricity concerns in the Murphy/Marble area."}},{"type":"Feature","geometry":{"type":"Point","coordinates":[-82.588013,35.608348]},"properties":{"id":"nc-city-of-asheville-2026","jurisdiction":"City of Asheville","state":"North Carolina","state_abbrev":"NC","jurisdiction_type":"City","enacted_status":"active","date_enacted_iso":"2026-06-23","current_end_date_iso":"","date_enacted_uncertainty":"exact","duration_days":365,"duration_kind":"fixed_days","sectors":["data_center"],"trigger_categories":["regulatory_gap"],"date_enacted":"2026-06-23, City Council approval following public hearing","duration":"One year (June 23, 2026 through June 22, 2027, or earlier if new data center zoning regulations are adopted)","trigger":""}},{"type":"Feature","geometry":{"type":"Point","coordinates":[-78.067268,34.03135]},"properties":{"id":"nc-city-of-boiling-spring-lakes-2026","jurisdiction":"City of Boiling Spring Lakes","state":"North Carolina","state_abbrev":"NC","jurisdiction_type":"City","enacted_status":"active","date_enacted_iso":"2026-06-02","current_end_date_iso":"","date_enacted_uncertainty":"exact","duration_days":365,"duration_kind":"fixed_days","sectors":["data_center","cryptocurrency_mining"],"trigger_categories":["regulatory_gap"],"date_enacted":"2026-06-02, Board of Commissioners adoption","duration":"12 months (June 2, 2026 through June 2, 2027, or until adoption of new zoning regulations, whichever occurs first)","trigger":""}},{"type":"Feature","geometry":{"type":"Point","coordinates":[-82.706189,35.259339]},"properties":{"id":"nc-brevard-2026","jurisdiction":"City of Brevard","state":"North Carolina","state_abbrev":"NC","jurisdiction_type":"City","enacted_status":"replaced","date_enacted_iso":"2026-03-16","current_end_date_iso":"","date_enacted_uncertainty":"exact","duration_days":90,"duration_kind":"fixed_days","sectors":["data_center"],"trigger_categories":["regulatory_gap","infrastructure_capacity","noise","land_use_compatibility"],"date_enacted":"2026-03-16 (City Council Regular Meeting per agenda item J(4) \"Proposed Moratorium on Data Centers and Similar High-Intensity Land Uses\")","duration":"90 days, City Manager Wilson Hooper presented end date of \"running through July 2[, 2026]\" per Hendersonville Times-News reporting; March 16 + 90 days = June 14, but city's planned 90-day window ran past that to July 2 (Council's adopted end-date prevails over arithmetic).","trigger":"Past documented data center inquiries; lack of land-use standards for high-resource, noisy, large-format facilities."}},{"type":"Feature","geometry":{"type":"Point","coordinates":[-79.791646,36.076592]},"properties":{"id":"nc-city-of-greensboro-2026","jurisdiction":"City of Greensboro","state":"North Carolina","state_abbrev":"NC","jurisdiction_type":"City","enacted_status":"active","date_enacted_iso":"2026-08-18","current_end_date_iso":"","date_enacted_uncertainty":"exact","duration_days":180,"duration_kind":"fixed_days","sectors":["data_center"],"trigger_categories":["water","grid_energy","environmental","regulatory_gap"],"date_enacted":"2026-08-18, City Council 8-0 vote (Mayor Pro Tem Denise Turner Roth recused) after an Aug. 17 public hearing; term lengthened from a proposed 120 days to 180 days","duration":"180 days, until 2027-02-14","trigger":"Public concern over water, grid and environmental impacts of large data centers; council had rejected a moratorium 5-4 in July; questions about the Gateway Research Park 'Dream Center' AI project"}},{"type":"Feature","geometry":{"type":"Point","coordinates":[-82.460953,35.318728]},"properties":{"id":"nc-city-of-hendersonville-undated","jurisdiction":"City of Hendersonville","state":"North Carolina","state_abbrev":"NC","jurisdiction_type":"City","enacted_status":"active","date_enacted_iso":"2026-09-03","current_end_date_iso":"2027-09-03","date_enacted_uncertainty":"exact","duration_days":365,"duration_kind":"fixed_days","sectors":["data_center"],"trigger_categories":["infrastructure_capacity","noise","water","grid_energy"],"date_enacted":"2026-09-03, City Council adoption (reported unanimous) of Ordinance #O-26-29 after the legislative hearing (agenda item 'Data and Hyperscale Data Center Moratorium')","duration":"12 months from adoption (to about 2027-09-03) unless ended earlier by adoption of zoning text amendments","trigger":"Concerns about high water and electricity consumption and noise from data centers."}},{"type":"Feature","geometry":{"type":"Point","coordinates":[-81.340015,35.245484]},"properties":{"id":"nc-kings-mountain-2026","jurisdiction":"City of Kings Mountain","state":"North Carolina","state_abbrev":"NC","jurisdiction_type":"City","enacted_status":"extended","date_enacted_iso":"2026-02-24","current_end_date_iso":"2027-08-25","date_enacted_uncertainty":"exact","duration_days":547,"duration_kind":"fixed_days","sectors":["data_center"],"trigger_categories":["regulatory_gap","infrastructure_capacity","noise","grid_energy","land_use_compatibility"],"date_enacted":"2026-02-24","duration":"Originally 182 days (2026-02-24 to 2026-08-25); extended on 2026-08-25 for an additional twelve months, to about 2027-08-25, unless ended earlier by council","trigger":"Numerous inquiries from developers; UDO written in 2021 did not define data centers or set standards for location, buffering, lighting, noise, utility usage, or on-site generation."}},{"type":"Feature","geometry":{"type":"Point","coordinates":[-80.607958,36.498706]},"properties":{"id":"nc-city-of-mount-airy-2026","jurisdiction":"City of Mount Airy","state":"North Carolina","state_abbrev":"NC","jurisdiction_type":"City","enacted_status":"extended","date_enacted_iso":"2026-07-16","current_end_date_iso":"2026-12-13","date_enacted_uncertainty":"exact","duration_days":150,"duration_kind":"fixed_days","sectors":["data_center","cryptocurrency_mining"],"trigger_categories":["regulatory_gap"],"date_enacted":"2026-07-16, Board of Commissioners unanimous adoption of Ordinance No. 2027-002 following legislative hearing with no speakers","duration":"60 days (2026-07-16 through 2026-09-14), extended 2026-09-03 by ninety days from 2026-09-14, through 2026-12-13","trigger":""}},{"type":"Feature","geometry":{"type":"Point","coordinates":[-78.639747,35.777663]},"properties":{"id":"nc-city-of-raleigh-undated","jurisdiction":"City of Raleigh","state":"North Carolina","state_abbrev":"NC","jurisdiction_type":"City","enacted_status":"pending","date_enacted_iso":"","current_end_date_iso":"","date_enacted_uncertainty":"unverified","duration_days":null,"duration_kind":"unknown","sectors":["data_center"],"trigger_categories":["specific_project","regulatory_gap"],"date_enacted":"Proposed; on 2026-09-15 City Council directed the city attorney to draft a six-month moratorium, with council discussion and a possible vote at the 2026-10-06 meeting","duration":"Proposed six months","trigger":"Resident calls for a pause after a withdrawn RadiusDC annexation request for a data center in Southeast Raleigh"}},{"type":"Feature","geometry":{"type":"Point","coordinates":[-78.018553,33.919776]},"properties":{"id":"nc-city-of-southport-2026","jurisdiction":"City of Southport","state":"North Carolina","state_abbrev":"NC","jurisdiction_type":"City","enacted_status":"active","date_enacted_iso":"2026-09-10","current_end_date_iso":"","date_enacted_uncertainty":"exact","duration_days":456,"duration_kind":"fixed_days","sectors":["data_center"],"trigger_categories":["regulatory_gap"],"date_enacted":"2026-09-10, Board of Aldermen unanimous adoption (motion by Mayor Pro Tem Karen Mosteller) after a legislative hearing set in August","duration":"15 months (to about 2027-12-10)","trigger":"Unified development ordinance has no data center regulations (districts, setbacks, other standards)"}},{"type":"Feature","geometry":{"type":"Point","coordinates":[-80.887357,35.782768]},"properties":{"id":"nc-city-of-statesville-2026","jurisdiction":"City of Statesville","state":"North Carolina","state_abbrev":"NC","jurisdiction_type":"City","enacted_status":"active","date_enacted_iso":"2026-09-14","current_end_date_iso":"","date_enacted_uncertainty":"exact","duration_days":180,"duration_kind":"fixed_days","sectors":["data_center"],"trigger_categories":["regulatory_gap","land_use_compatibility"],"date_enacted":"2026-09-14, City Council unanimous approval on second reading (first reading advanced in August, lengthened from a proposed 150 days to 180 days)","duration":"180 days from 2026-09-14 (to about 2027-03-13)","trigger":"Rapid data center growth; residents opposed new facilities; does not affect the approved $1 billion Compass Datacenters campus on Stamey Farm Road"}},{"type":"Feature","geometry":{"type":"Point","coordinates":[-78.703148,34.321734]},"properties":{"id":"nc-city-of-whiteville-2026","jurisdiction":"City of Whiteville","state":"North Carolina","state_abbrev":"NC","jurisdiction_type":"City","enacted_status":"active","date_enacted_iso":"2026-08-25","current_end_date_iso":"","date_enacted_uncertainty":"exact","duration_days":365,"duration_kind":"fixed_days","sectors":["data_center","cryptocurrency_mining"],"trigger_categories":["regulatory_gap","land_use_compatibility","environmental"],"date_enacted":"2026-08-25, City Council vote","duration":"12 months: 2026-08-25 until 2027-08-25 or earlier adoption of a zoning text amendment","trigger":"Proactive study of impacts on local resources and public health; no active proposals"}},{"type":"Feature","geometry":{"type":"Point","coordinates":[-77.911524,35.724172]},"properties":{"id":"nc-city-of-wilson-2026","jurisdiction":"City of Wilson","state":"North Carolina","state_abbrev":"NC","jurisdiction_type":"City","enacted_status":"active","date_enacted_iso":"2026-05-21","current_end_date_iso":"2027-05-21","date_enacted_uncertainty":"exact","duration_days":365,"duration_kind":"fixed_days","sectors":["data_center","cryptocurrency_mining","battery_storage"],"trigger_categories":["regulatory_gap"],"date_enacted":"2026-05-21, City Council unanimous adoption","duration":"One year","trigger":"Pause intended to allow development of zoning standards"}},{"type":"Feature","geometry":{"type":"Point","coordinates":[-83.732451,35.057265]},"properties":{"id":"nc-clay-county-2026","jurisdiction":"Clay County (permanent restriction after earlier crypto moratorium)","state":"North Carolina","state_abbrev":"NC","jurisdiction_type":"County","enacted_status":"active","date_enacted_iso":"2026-01-08","current_end_date_iso":"","date_enacted_uncertainty":"exact","duration_days":null,"duration_kind":"indefinite","sectors":["data_center","cryptocurrency_mining"],"trigger_categories":["infrastructure_capacity","grid_energy","water","noise","environmental","land_use_compatibility"],"date_enacted":"2026-01-08, confirmed by the signed county ordinance (Ordinance No. 01.08.2026), hosted directly on Clay County's own website; related cryptocurrency prohibition effective 2022-08-04.","duration":"Indefinite prohibition, not a temporary moratorium","trigger":"Rural character, infrastructure limits, high energy and water demands, noise, and environmental concerns."}},{"type":"Feature","geometry":{"type":"Point","coordinates":[-78.839426,35.046172]},"properties":{"id":"nc-cumberland-county-2026","jurisdiction":"Cumberland County","state":"North Carolina","state_abbrev":"NC","jurisdiction_type":"County","enacted_status":"active","date_enacted_iso":"2026-06-15","current_end_date_iso":"2026-12-15","date_enacted_uncertainty":"exact","duration_days":180,"duration_kind":"fixed_days","sectors":["data_center","cryptocurrency_mining"],"trigger_categories":["regulatory_gap"],"date_enacted":"2026-06-15, Board of Commissioners 7-0 adoption","duration":"6 months, through December 15, 2026 unless rescinded sooner","trigger":""}},{"type":"Feature","geometry":{"type":"Point","coordinates":[-80.546495,35.937515]},"properties":{"id":"nc-davie-county-2026","jurisdiction":"Davie County","state":"North Carolina","state_abbrev":"NC","jurisdiction_type":"County","enacted_status":"active","date_enacted_iso":"2026-07-06","current_end_date_iso":"2027-07-05","date_enacted_uncertainty":"exact","duration_days":365,"duration_kind":"fixed_days","sectors":["data_center"],"trigger_categories":["regulatory_gap","environmental","water"],"date_enacted":"2026-07-06, County Commissioners unanimous approval","duration":"One year: commences 2026-07-06 and expires no later than 2027-07-05","trigger":"Residents spoke for nearly two hours about environmental, water, and public health concerns"}},{"type":"Feature","geometry":{"type":"Point","coordinates":[-78.901805,35.996653]},"properties":{"id":"nc-durham-2026","jurisdiction":"Durham","state":"North Carolina","state_abbrev":"NC","jurisdiction_type":"City","enacted_status":"extended","date_enacted_iso":"2026-05-04","current_end_date_iso":"2027-05-03","date_enacted_uncertainty":"exact","duration_days":364,"duration_kind":"fixed_days","sectors":["data_center","cryptocurrency_mining"],"trigger_categories":["regulatory_gap","specific_project"],"date_enacted":"2026-05-04, City Council adoption (6-0, Council Member Cook absent) of the initial moratorium ordinance (PR #19257) after a public hearing; extended 2026-06-15 by Ordinance #16683 (7-0), a 10-month extension totaling 12 months","duration":"Initially 60 days (adopted 2026-05-04); extended 2026-06-15 by 10 months for a total 12-month moratorium running until 2027-05-03","trigger":"Councilmember Nate Baker initially proposed a 2-year ban, but the City Attorney noted North Carolina's UDO procedures effectively cap such moratoria at 12 months, so the Council settled on 60 days as a first step"}},{"type":"Feature","geometry":{"type":"Point","coordinates":[-78.875158,36.018132]},"properties":{"id":"nc-durham-county-2026","jurisdiction":"Durham County","state":"North Carolina","state_abbrev":"NC","jurisdiction_type":"County","enacted_status":"active","date_enacted_iso":"2026-08-24","current_end_date_iso":"2027-05-18","date_enacted_uncertainty":"exact","duration_days":267,"duration_kind":"fixed_days","sectors":["data_center","cryptocurrency_mining"],"trigger_categories":["regulatory_gap","specific_project"],"date_enacted":"2026-08-24, Board of County Commissioners 4-1 adoption (Vice Chair Nida Allam opposed) after a legislative hearing. The 2026-06-22 meeting adopted only a UDO text amendment easing future moratoria, not the moratorium itself.","duration":"About nine months: begins 2026-08-25 and lasts until 2027-05-18 or earlier adoption of UDO standards for covered uses","trigger":"Data-center development pressure in the county; commissioners cited a desire to study impacts and get ahead of the industry's growth"}},{"type":"Feature","geometry":{"type":"Point","coordinates":[-83.232369,35.516179]},"properties":{"id":"nc-eastern-band-of-cherokee-indians-tribal-and-trust-lands-2026","jurisdiction":"Eastern Band of Cherokee Indians (tribal and trust lands)","state":"North Carolina","state_abbrev":"NC","jurisdiction_type":"Tribal","enacted_status":"active","date_enacted_iso":"2026-05-07","current_end_date_iso":"","date_enacted_uncertainty":"exact","duration_days":null,"duration_kind":"indefinite","sectors":["data_center"],"trigger_categories":["regulatory_gap"],"date_enacted":"2026-05-07, Tribal Council (Dinilawigi) passage of Ordinance No. 158(2026), 94 weighted votes for, Rep. Smoker absent; approved by the Principal Chief (approval box checked on the executed ordinance posted in the Municode ordinance bank; approval date not legible)","duration":"Indefinite","trigger":""}},{"type":"Feature","geometry":{"type":"Point","coordinates":[-77.59717,35.921384]},"properties":{"id":"nc-edgecombe-county-2026","jurisdiction":"Edgecombe County","state":"North Carolina","state_abbrev":"NC","jurisdiction_type":"County","enacted_status":"active","date_enacted_iso":"2026-08-03","current_end_date_iso":"","date_enacted_uncertainty":"exact","duration_days":731,"duration_kind":"fixed_days","sectors":["data_center"],"trigger_categories":["specific_project","regulatory_gap","environmental"],"date_enacted":"2026-08-03, Board of Commissioners 5-0 vote (Boswell and Webb absent) after a public hearing","duration":"Two years, until 2028-08-03","trigger":"Proposed Energy Storage Solutions data center near Kingsboro (special use permit denied; developer withdrew); county wants rules before new proposals"}},{"type":"Feature","geometry":{"type":"Point","coordinates":[-76.694413,36.441251]},"properties":{"id":"nc-gates-county-2025","jurisdiction":"Gates County","state":"North Carolina","state_abbrev":"NC","jurisdiction_type":"County","enacted_status":"active","date_enacted_iso":"2025-12-17","current_end_date_iso":"","date_enacted_uncertainty":"exact","duration_days":365,"duration_kind":"fixed_days","sectors":["data_center"],"trigger_categories":["regulatory_gap","infrastructure_capacity","noise","water","grid_energy","environmental","land_use_compatibility","agricultural_preservation"],"date_enacted":"2025-12-17, confirmed by the signed, dated ordinance now posted on the county website at the same URL that previously held only a blank-field draft.","duration":"1 year","trigger":"Developer inquiries in northeast North Carolina; county findings cite energy use, utility strain, noise, water use, hazardous materials, e-waste, and rural/agricultural land compatibility."}},{"type":"Feature","geometry":{"type":"Point","coordinates":[-79.788852,36.087569]},"properties":{"id":"nc-guilford-county-undated","jurisdiction":"Guilford County","state":"North Carolina","state_abbrev":"NC","jurisdiction_type":"County","enacted_status":"pending","date_enacted_iso":"","current_end_date_iso":"","date_enacted_uncertainty":"unverified","duration_days":null,"duration_kind":"unknown","sectors":["data_center"],"trigger_categories":["regulatory_gap","grid_energy"],"date_enacted":"Proposed; on 2026-09-17 the Board of Commissioners voted unanimously to schedule an Oct. 15, 2026 legislative public hearing on a moratorium of up to 180 days","duration":"Proposed up to 180 days","trigger":"Growing data center controversy; county deciding how to regulate large, power-hungry facilities"}},{"type":"Feature","geometry":{"type":"Point","coordinates":[-77.66834,36.249406]},"properties":{"id":"nc-halifax-county-undated","jurisdiction":"Halifax County","state":"North Carolina","state_abbrev":"NC","jurisdiction_type":"County","enacted_status":"pending","date_enacted_iso":"","current_end_date_iso":"","date_enacted_uncertainty":"unverified","duration_days":null,"duration_kind":"unknown","sectors":["data_center"],"trigger_categories":["regulatory_gap","specific_project"],"date_enacted":"Proposed; on 2026-09-08 the Board of Commissioners voted 5-1 to schedule an Oct. 19, 2026 legislative hearing on a data center moratorium","duration":"Not yet set","trigger":"Zoning ordinance does not regulate data centers; Quiet Data Centers Halifax 88 MW AI project at the county-owned 301 Industrial Site near Enfield"}},{"type":"Feature","geometry":{"type":"Point","coordinates":[-78.862496,35.388093]},"properties":{"id":"nc-harnett-county-2026","jurisdiction":"Harnett County","state":"North Carolina","state_abbrev":"NC","jurisdiction_type":"County","enacted_status":"active","date_enacted_iso":"2026-05-04","current_end_date_iso":"2027-05-04","date_enacted_uncertainty":"exact","duration_days":365,"duration_kind":"fixed_days","sectors":["data_center","cryptocurrency_mining"],"trigger_categories":["regulatory_gap","specific_project"],"date_enacted":"2026-05-04, Board of Commissioners adoption of Ordinance 2026-17 after a nearly two-hour public hearing","duration":"One year","trigger":"A pending data-center proposal in the county prompted commissioners to pause new applications while they study how to regulate the industry"}},{"type":"Feature","geometry":{"type":"Point","coordinates":[-82.466392,35.338906]},"properties":{"id":"nc-henderson-county-2023","jurisdiction":"Henderson County (cryptocurrency mining; data-center-adjacent)","state":"North Carolina","state_abbrev":"NC","jurisdiction_type":"County","enacted_status":"replaced","date_enacted_iso":"2023-05-01","current_end_date_iso":"","date_enacted_uncertainty":"exact","duration_days":60,"duration_kind":"fixed_days","sectors":["cryptocurrency_mining"],"trigger_categories":["regulatory_gap","noise","grid_energy","land_use_compatibility"],"date_enacted":"2023-05-01","duration":"60 days","trigger":"Noise, energy demand, and community impact concerns; need for code amendments."}},{"type":"Feature","geometry":{"type":"Point","coordinates":[-83.138806,35.296239]},"properties":{"id":"nc-jackson-county-2026","jurisdiction":"Jackson County","state":"North Carolina","state_abbrev":"NC","jurisdiction_type":"County","enacted_status":"active","date_enacted_iso":"2026-08-18","current_end_date_iso":"","date_enacted_uncertainty":"exact","duration_days":365,"duration_kind":"fixed_days","sectors":["data_center"],"trigger_categories":["regulatory_gap","land_use_compatibility"],"date_enacted":"2026-08-18, Board of Commissioners unanimous approval of a one-year data center moratorium ordinance","duration":"One year, through 2027-08-18; commissioners may end it early by majority vote","trigger":"UDO lacks a data center definition; county wants to study benefits and impacts before a proposal arrives and avoid nonconformity problems"}},{"type":"Feature","geometry":{"type":"Point","coordinates":[-82.693106,35.848203]},"properties":{"id":"nc-madison-county-2023","jurisdiction":"Madison County (cryptocurrency mining; data-center-adjacent)","state":"North Carolina","state_abbrev":"NC","jurisdiction_type":"County","enacted_status":"expired","date_enacted_iso":"2023-06-13","current_end_date_iso":"","date_enacted_uncertainty":"exact","duration_days":365,"duration_kind":"fixed_days","sectors":["data_center","cryptocurrency_mining"],"trigger_categories":["regulatory_gap","infrastructure_capacity","environmental","grid_energy","other"],"date_enacted":"2023-06-13 (Board of Commissioners adoption per OCR-extracted county press release dated 2023-06-16)","duration":"12 months (\"limited moratorium\" on data processing facility land uses, including data processing centers and crypto mining operations supporting blockchain, cryptocurrency mining, weather modeling, genome sequencing, and similar workloads)","trigger":"Growing prevalence of data processing/crypto mining facilities; need to study infrastructure, energy, environmental, and economic impacts before regulating."}},{"type":"Feature","geometry":{"type":"Point","coordinates":[-82.048217,35.660887]},"properties":{"id":"nc-mcdowell-county-2026-2","jurisdiction":"McDowell County","state":"North Carolina","state_abbrev":"NC","jurisdiction_type":"County","enacted_status":"active","date_enacted_iso":"2026-08-31","current_end_date_iso":"","date_enacted_uncertainty":"exact","duration_days":181,"duration_kind":"fixed_days","sectors":["data_center"],"trigger_categories":["water","grid_energy","noise","environmental","regulatory_gap"],"date_enacted":"2026-08-31, Board of Commissioners unanimous approval at a special meeting after a public hearing","duration":"Six months (to about 2027-02-28); staff had suggested up to 12 months","trigger":"Water consumption, grid demand, noise, air pollution and health concerns; county wants development standards before any project"}},{"type":"Feature","geometry":{"type":"Point","coordinates":[-82.048217,35.660887]},"properties":{"id":"nc-mcdowell-county-2026","jurisdiction":"McDowell County (cryptocurrency mining; data-center-adjacent)","state":"North Carolina","state_abbrev":"NC","jurisdiction_type":"County","enacted_status":"replaced","date_enacted_iso":"2023-05-15","current_end_date_iso":"","date_enacted_uncertainty":"exact","duration_days":null,"duration_kind":"until_event","sectors":["cryptocurrency_mining"],"trigger_categories":["noise","environmental","grid_energy"],"date_enacted":"May 15, 2023, per McDowell County Board of Commissioners' own posted meeting minutes: a two-month cryptocurrency-mining moratorium was moved by Vice-Chairman Walker, seconded by Commissioner Ellis, and passed 4-0. Replacement prohibition adopted 2024-01-08.","duration":"Two months as adopted (approximately mid-July 2023), per the confirmed minutes; superseded by a permanent cryptocurrency-mining prohibition effective 2024-01-08. No record was found of a formal extension bridging the roughly five-month gap between the moratorium's own two-month term and the January 2024 permanent ordinance; that gap remains unresolved.","trigger":"Cryptocurrency mine noise, natural resources, and electric grid concerns."}},{"type":"Feature","geometry":{"type":"Point","coordinates":[-77.975531,35.992983]},"properties":{"id":"nc-nash-county-2026","jurisdiction":"Nash County","state":"North Carolina","state_abbrev":"NC","jurisdiction_type":"County","enacted_status":"active","date_enacted_iso":"2026-09-08","current_end_date_iso":"","date_enacted_uncertainty":"exact","duration_days":295,"duration_kind":"fixed_days","sectors":["data_center","cryptocurrency_mining"],"trigger_categories":["grid_energy","water","noise","environmental","land_use_compatibility","regulatory_gap"],"date_enacted":"2026-09-08, Board of Commissioners unanimous adoption after a public hearing (hearing set by resolution 2026-08-03)","duration":"Until 2027-06-30 or earlier adoption of new zoning regulations","trigger":"Electricity demand, water use, noise, environmental effects, e-waste and land-use compatibility; zoning lacks standards"}},{"type":"Feature","geometry":{"type":"Point","coordinates":[-77.364223,36.416808]},"properties":{"id":"nc-northampton-county-2026","jurisdiction":"Northampton County","state":"North Carolina","state_abbrev":"NC","jurisdiction_type":"County","enacted_status":"active","date_enacted_iso":"2026-05-04","current_end_date_iso":"","date_enacted_uncertainty":"exact","duration_days":976,"duration_kind":"fixed_days","sectors":["data_center","cryptocurrency_mining"],"trigger_categories":["regulatory_gap"],"date_enacted":"2026-05-04, Board of Commissioners unanimous adoption","duration":"32 months, effective through January 4, 2029","trigger":"Residents petitioned (about 300 signatures) for a longer pause than the initially proposed 12 months; county committed to forming an advisory committee"}},{"type":"Feature","geometry":{"type":"Point","coordinates":[-79.117268,36.06051]},"properties":{"id":"nc-orange-county-2026","jurisdiction":"Orange County","state":"North Carolina","state_abbrev":"NC","jurisdiction_type":"County","enacted_status":"active","date_enacted_iso":"2026-04-21","current_end_date_iso":"","date_enacted_uncertainty":"exact","duration_days":365,"duration_kind":"fixed_days","sectors":["data_center","cryptocurrency_mining"],"trigger_categories":["regulatory_gap","infrastructure_capacity","environmental","water","grid_energy","land_use_compatibility"],"date_enacted":"2026-04-21","duration":"1 year","trigger":"March 2026 board direction and staff study of electricity demand, water usage, land-use compatibility, environmental impacts, resident utility costs, and water quality."}},{"type":"Feature","geometry":{"type":"Point","coordinates":[-76.214962,36.228079]},"properties":{"id":"nc-pasquotank-county-2026","jurisdiction":"Pasquotank County","state":"North Carolina","state_abbrev":"NC","jurisdiction_type":"County","enacted_status":"active","date_enacted_iso":"2026-05-18","current_end_date_iso":"","date_enacted_uncertainty":"exact","duration_days":364,"duration_kind":"fixed_days","sectors":["data_center","cryptocurrency_mining"],"trigger_categories":["regulatory_gap"],"date_enacted":"2026-05-18, Board of Commissioners unanimous adoption, effective May 18, 2026 through May 17, 2027, or until earlier zoning amendments take effect","duration":"12 months (May 18, 2026 through May 17, 2027, or until earlier zoning amendments take effect)","trigger":""}},{"type":"Feature","geometry":{"type":"Point","coordinates":[-76.214962,36.228079]},"properties":{"id":"nc-pasquotank-county-solar-2026","jurisdiction":"Pasquotank County (solar)","state":"North Carolina","state_abbrev":"NC","jurisdiction_type":"County","enacted_status":"active","date_enacted_iso":"2026-07-20","current_end_date_iso":"","date_enacted_uncertainty":"exact","duration_days":365,"duration_kind":"fixed_days","sectors":["solar"],"trigger_categories":["land_use_compatibility","agricultural_preservation","regulatory_gap"],"date_enacted":"2026-07-20, Board of Commissioners vote to implement a 12-month moratorium on new solar farm construction","duration":"12 months (to about 2027-07-20)","trigger":"Commissioners want to reduce the maximum solar farm acreage (currently 15,000 acres) and update UDO solar standards"}},{"type":"Feature","geometry":{"type":"Point","coordinates":[-80.517175,35.631595]},"properties":{"id":"nc-rowan-county-2026","jurisdiction":"Rowan County","state":"North Carolina","state_abbrev":"NC","jurisdiction_type":"County","enacted_status":"active","date_enacted_iso":"2026-04-20","current_end_date_iso":"","date_enacted_uncertainty":"exact","duration_days":365,"duration_kind":"fixed_days","sectors":["data_center"],"trigger_categories":["specific_project","regulatory_gap","land_use_compatibility"],"date_enacted":"2026-04-20 (Monday). Rowan County's CivicClerk portal (rowancountync.portal.civicclerk.com) shows a Board of Commissioners Regular Meeting on \"Monday Apr 20, 2026 6:00 PM EDT\" with the agenda packet posted April 21, 2026 at 8:32 AM \u2014 consistent with the Legislative Hearing Notice's announcement of the April 20 hearing and inconsistent with the .md's prior reading of WBTV. WBTV's article is dated 2026-04-21 (publication date, not meeting date) and the WBTV text does not in fact say \"Tuesday April 21\"; it just reports the unanimous vote without naming a day.","duration":"1 year","trigger":"Public concern over data center siting (notably the Long Ferry Road project on land owned by an unnamed data-center developer) and need to study land-use standards."}},{"type":"Feature","geometry":{"type":"Point","coordinates":[-80.701375,36.413558]},"properties":{"id":"nc-surry-county-2026","jurisdiction":"Surry County","state":"North Carolina","state_abbrev":"NC","jurisdiction_type":"County","enacted_status":"extended","date_enacted_iso":"2026-06-01","current_end_date_iso":"2028-07-20","date_enacted_uncertainty":"exact","duration_days":780,"duration_kind":"fixed_days","sectors":["data_center"],"trigger_categories":["regulatory_gap","grid_energy","water","noise"],"date_enacted":"2026-06-01, Board of Commissioners unanimous adoption of a 60-day moratorium on data center development requests (per June 1, 2026 minutes); extended 2026-07-20 by ordinance through and including 2028-07-20","duration":"Initially 60 days (from 2026-06-01); extended 2026-07-20 through and including midnight 2028-07-20 unless earlier terminated or modified","trigger":"County had no pending data center application, but officials said existing regulations did not address energy, water, and noise impacts"}},{"type":"Feature","geometry":{"type":"Point","coordinates":[-83.466275,35.45819]},"properties":{"id":"nc-swain-county-2026","jurisdiction":"Swain County","state":"North Carolina","state_abbrev":"NC","jurisdiction_type":"County","enacted_status":"active","date_enacted_iso":"2026-04-21","current_end_date_iso":"","date_enacted_uncertainty":"exact","duration_days":365,"duration_kind":"fixed_days","sectors":["data_center"],"trigger_categories":["regulatory_gap","environmental","noise","water","grid_energy","land_use_compatibility"],"date_enacted":"2026-04-21 (commissioners unanimously passed at regular session per BPR; follows March 31, 2026 public hearing)","duration":"12 months","trigger":"March 31 public meeting with roughly 140 residents and 34 speakers; concerns included water use, energy use, noise, visual impacts, fisheries, and mountain watershed effects."}},{"type":"Feature","geometry":{"type":"Point","coordinates":[-78.829565,35.728214]},"properties":{"id":"nc-apex-2026","jurisdiction":"Town of Apex","state":"North Carolina","state_abbrev":"NC","jurisdiction_type":"Town","enacted_status":"active","date_enacted_iso":"2026-04-14","current_end_date_iso":"","date_enacted_uncertainty":"exact","duration_days":365,"duration_kind":"fixed_days","sectors":["data_center"],"trigger_categories":["specific_project","regulatory_gap","water","grid_energy","noise","land_use_compatibility","infrastructure_capacity"],"date_enacted":"2026-04-14 (Town Council unanimous, per IndyWeek; adoption following published public hearing under \u00a7\u00a7 160D-107 and 160D-601, notice published March 25\u2013April 14, 2026)","duration":"12 months, ending 2027-04-27 per IndyWeek; the ordinance is town-wide including extraterritorial jurisdiction","trigger":"Resident opposition to a proposed data center, followed by developer withdrawal; town cited water consumption, energy demand, backup generation, noise, land-use compatibility, transportation, and lack of UDO standards."}},{"type":"Feature","geometry":{"type":"Point","coordinates":[-78.115104,35.778958]},"properties":{"id":"nc-town-of-bailey-2026","jurisdiction":"Town of Bailey","state":"North Carolina","state_abbrev":"NC","jurisdiction_type":"Town","enacted_status":"active","date_enacted_iso":"2026-05-18","current_end_date_iso":"","date_enacted_uncertainty":"exact","duration_days":300,"duration_kind":"fixed_days","sectors":["data_center"],"trigger_categories":["regulatory_gap"],"date_enacted":"2026-05-18, Board of Commissioners 3-1 vote","duration":"10 months","trigger":"Dissenting commissioner argued the definition was too broad"}},{"type":"Feature","geometry":{"type":"Point","coordinates":[-81.653784,36.208387]},"properties":{"id":"nc-boone-2026","jurisdiction":"Town of Boone","state":"North Carolina","state_abbrev":"NC","jurisdiction_type":"Town","enacted_status":"active","date_enacted_iso":"2026-03-23","current_end_date_iso":"","date_enacted_uncertainty":"exact","duration_days":365,"duration_kind":"fixed_days","sectors":["data_center"],"trigger_categories":["infrastructure_capacity","water","environmental","land_use_compatibility"],"date_enacted":"2026-03-23 (Town Council unanimous 5-0 vote, per WataugaOnline and WHQR)","duration":"1 year","trigger":"Public concern over infrastructure strain, water resources, environmental effects, and local fit; nearly 100 residents reportedly attended the meeting."}},{"type":"Feature","geometry":{"type":"Point","coordinates":[-82.837356,35.532884]},"properties":{"id":"nc-canton-2026","jurisdiction":"Town of Canton","state":"North Carolina","state_abbrev":"NC","jurisdiction_type":"Town","enacted_status":"active","date_enacted_iso":"2026-02-11","current_end_date_iso":"","date_enacted_uncertainty":"exact","duration_days":365,"duration_kind":"fixed_days","sectors":["data_center","cryptocurrency_mining"],"trigger_categories":["specific_project","regulatory_gap","environmental","noise","water","grid_energy","land_use_compatibility"],"date_enacted":"2026-02-11 (Board of Aldermen unanimous adoption following public hearing same evening, per WFAE)","duration":"12 months","trigger":"Inquiries about converting the former paper mill site to a data center, cryptocurrency mining facility, or server farm; local and environmental comments cited water, energy, noise, heat, air emissions, few permanent jobs, and future reuse of the mill site."}},{"type":"Feature","geometry":{"type":"Point","coordinates":[-78.807449,35.79719]},"properties":{"id":"nc-town-of-cary-2026","jurisdiction":"Town of Cary","state":"North Carolina","state_abbrev":"NC","jurisdiction_type":"Town","enacted_status":"active","date_enacted_iso":"2026-08-27","current_end_date_iso":"","date_enacted_uncertainty":"exact","duration_days":549,"duration_kind":"fixed_days","sectors":["data_center","cryptocurrency_mining"],"trigger_categories":["regulatory_gap","grid_energy","water","noise","environmental"],"date_enacted":"2026-08-27, Town Council unanimous adoption of an ordinance establishing a temporary 18-month moratorium after a public hearing","duration":"18 months (to about 2028-02-27); staff schedule targets a Council decision on a permanent ordinance in February 2028","trigger":"Cary's Land Development Ordinance does not define data centers; concerns about electricity demand, cooling water, generator and cooling noise, stormwater, tree canopy and air quality"}},{"type":"Feature","geometry":{"type":"Point","coordinates":[-82.910691,35.533438]},"properties":{"id":"nc-clyde-2026","jurisdiction":"Town of Clyde","state":"North Carolina","state_abbrev":"NC","jurisdiction_type":"Town","enacted_status":"active","date_enacted_iso":"2026-04-16","current_end_date_iso":"","date_enacted_uncertainty":"exact","duration_days":365,"duration_kind":"fixed_days","sectors":["data_center"],"trigger_categories":["regulatory_gap","water","grid_energy","noise","legal_or_litigation"],"date_enacted":"2026-04-16 (public hearing followed by adoption per Smoky Mountain News reporting; Mayor Jim Trantham, Mayor Pro Tem Frank Lay)","duration":"12 months","trigger":"Regional western North Carolina data center concerns; speakers cited water consumption, electrical demand and Duke rate increases, noise, weak local jobs/tax-base benefits; preemption fears specifically referenced by Lay."}},{"type":"Feature","geometry":{"type":"Point","coordinates":[-78.60529,34.629337]},"properties":{"id":"nc-town-of-elizabethtown-undated","jurisdiction":"Town of Elizabethtown","state":"North Carolina","state_abbrev":"NC","jurisdiction_type":"Town","enacted_status":"pending","date_enacted_iso":"","current_end_date_iso":"","date_enacted_uncertainty":"unverified","duration_days":null,"duration_kind":"unknown","sectors":["data_center"],"trigger_categories":["infrastructure_capacity","regulatory_gap"],"date_enacted":"Proposed; legislative hearing and consideration of a one-year moratorium ordinance held 2026-06-15; outcome not located","duration":"Proposed one year","trigger":"Evaluate infrastructure capacity, land-use impacts and regulatory needs"}},{"type":"Feature","geometry":{"type":"Point","coordinates":[-77.58525,35.595438]},"properties":{"id":"nc-town-of-farmville-2026","jurisdiction":"Town of Farmville","state":"North Carolina","state_abbrev":"NC","jurisdiction_type":"Town","enacted_status":"active","date_enacted_iso":"2026-08-03","current_end_date_iso":"","date_enacted_uncertainty":"exact","duration_days":365,"duration_kind":"fixed_days","sectors":["data_center"],"trigger_categories":["specific_project","regulatory_gap"],"date_enacted":"2026-08-03, Board of Commissioners unanimous approval of a 12-month moratorium after a public hearing","duration":"12 months (to about 2027-08-03)","trigger":"Residents opposed a potential data center concept presented by East Energy Renewables; town lacks standards for such uses"}},{"type":"Feature","geometry":{"type":"Point","coordinates":[-78.278723,36.10286]},"properties":{"id":"nc-town-of-franklin-2026","jurisdiction":"Town of Franklin","state":"North Carolina","state_abbrev":"NC","jurisdiction_type":"Town","enacted_status":"active","date_enacted_iso":"2026-07-06","current_end_date_iso":"","date_enacted_uncertainty":"exact","duration_days":365,"duration_kind":"fixed_days","sectors":["data_center"],"trigger_categories":["regulatory_gap"],"date_enacted":"2026-07-06, Town Council unanimous adoption of Ordinance No. 2026-002 following public hearing","duration":"12 months from adoption unless ended earlier or lawfully extended","trigger":""}},{"type":"Feature","geometry":{"type":"Point","coordinates":[-78.614171,35.711264]},"properties":{"id":"nc-town-of-garner-2026","jurisdiction":"Town of Garner","state":"North Carolina","state_abbrev":"NC","jurisdiction_type":"Town","enacted_status":"active","date_enacted_iso":"2026-05-19","current_end_date_iso":"","date_enacted_uncertainty":"exact","duration_days":364,"duration_kind":"fixed_days","sectors":["data_center","cryptocurrency_mining"],"trigger_categories":["regulatory_gap","infrastructure_capacity"],"date_enacted":"2026-05-19, Town Council unanimous adoption of Ordinance No. (2026) 5383","duration":"12 months: begins 2026-05-19 and lasts until 2027-05-18 or earlier approval of UDO amendments","trigger":"UDO does not define data centers, data processing facilities or cryptocurrency mining; town needs time to study impacts and draft standards"}},{"type":"Feature","geometry":{"type":"Point","coordinates":[-83.196817,35.052591]},"properties":{"id":"nc-town-of-highlands-2026","jurisdiction":"Town of Highlands","state":"North Carolina","state_abbrev":"NC","jurisdiction_type":"Town","enacted_status":"active","date_enacted_iso":"2026-08-20","current_end_date_iso":"","date_enacted_uncertainty":"exact","duration_days":365,"duration_kind":"fixed_days","sectors":["data_center","cryptocurrency_mining"],"trigger_categories":["regulatory_gap","land_use_compatibility"],"date_enacted":"2026-08-20, Town Board approval of a temporary data center moratorium ordinance after a public hearing","duration":"12 months per the statewide tracker (to about 2027-08-20)","trigger":"Town wants zoning to prevent high-impact computing uses; follows Macon County's data center ordinance changes"}},{"type":"Feature","geometry":{"type":"Point","coordinates":[-81.422794,35.71391]},"properties":{"id":"nc-town-of-hildebran-2026","jurisdiction":"Town of Hildebran","state":"North Carolina","state_abbrev":"NC","jurisdiction_type":"Town","enacted_status":"active","date_enacted_iso":"2026-08-24","current_end_date_iso":"","date_enacted_uncertainty":"exact","duration_days":365,"duration_kind":"fixed_days","sectors":["data_center"],"trigger_categories":["specific_project","grid_energy","environmental"],"date_enacted":"2026-08-24, Town Council unanimous vote","duration":"12 months (to about 2027-08-24)","trigger":"DigiPower X plans an AI data center campus (about 75 MW in 2029 and 75 MW in 2030) on ~40 acres near a switchyard; residents petitioned for a pause"}},{"type":"Feature","geometry":{"type":"Point","coordinates":[-79.099396,36.075382]},"properties":{"id":"nc-town-of-hillsborough-2026","jurisdiction":"Town of Hillsborough","state":"North Carolina","state_abbrev":"NC","jurisdiction_type":"Town","enacted_status":"extended","date_enacted_iso":"2026-05-27","current_end_date_iso":"2027-05-27","date_enacted_uncertainty":"exact","duration_days":365,"duration_kind":"fixed_days","sectors":["data_center","cryptocurrency_mining"],"trigger_categories":["regulatory_gap","infrastructure_capacity"],"date_enacted":"2026-05-27, Board of Commissioners 4-0 adoption of Ordinance 20260527-5.A (initial 60-day term, May 28-July 27, 2026); extended 2026-06-22 by subsequent Board action to run through May 27, 2027, or until earlier adoption of new zoning and utility-extension regulations","duration":"Initially 60 days (May 28-July 27, 2026); extended June 22, 2026 to run through May 27, 2027 (total term approximately one year from initial adoption)","trigger":""}},{"type":"Feature","geometry":{"type":"Point","coordinates":[-78.833622,35.651266]},"properties":{"id":"nc-town-of-holly-springs-2026","jurisdiction":"Town of Holly Springs","state":"North Carolina","state_abbrev":"NC","jurisdiction_type":"Town","enacted_status":"active","date_enacted_iso":"2026-06-16","current_end_date_iso":"2027-06-16","date_enacted_uncertainty":"exact","duration_days":365,"duration_kind":"fixed_days","sectors":["data_center","cryptocurrency_mining"],"trigger_categories":["regulatory_gap","water","grid_energy","noise","infrastructure_capacity"],"date_enacted":"2026-06-16, Town Council vote","duration":"Up to 12 months: begins 2026-06-17 and lasts until 2027-06-16 or earlier adoption of UDO amendments","trigger":"Town said it would study water, energy, traffic, noise, appropriate locations, and possible UDO amendments"}},{"type":"Feature","geometry":{"type":"Point","coordinates":[-82.829032,35.892325]},"properties":{"id":"nc-town-of-hot-springs-2026","jurisdiction":"Town of Hot Springs","state":"North Carolina","state_abbrev":"NC","jurisdiction_type":"Town","enacted_status":"active","date_enacted_iso":"2026-07-13","current_end_date_iso":"","date_enacted_uncertainty":"exact","duration_days":365,"duration_kind":"fixed_days","sectors":["data_center","cryptocurrency_mining"],"trigger_categories":["regulatory_gap","land_use_compatibility"],"date_enacted":"2026-07-13, Town Board unanimous approval of a one-year moratorium on the Planning Board's recommendation","duration":"One year (to about 2027-07-13)","trigger":"Resident concern that the zoning ordinance (updated Nov. 2025) lists data centers and crypto mining as special uses in the M-Industrial district"}},{"type":"Feature","geometry":{"type":"Point","coordinates":[-79.966986,36.41236]},"properties":{"id":"nc-town-of-mayodan-2026","jurisdiction":"Town of Mayodan","state":"North Carolina","state_abbrev":"NC","jurisdiction_type":"Town","enacted_status":"replaced","date_enacted_iso":"2026-05-11","current_end_date_iso":"","date_enacted_uncertainty":"exact","duration_days":60,"duration_kind":"fixed_days","sectors":["data_center","cryptocurrency_mining","solar"],"trigger_categories":["regulatory_gap","land_use_compatibility","noise","infrastructure_capacity"],"date_enacted":"2026-05-11, Town Council unanimous (5-0) adoption, after a public hearing, of two ordinances establishing temporary moratoria on development approvals for data centers and other high-impact facilities and for solar energy systems","duration":"60 days from adoption (to about 2026-07-10) unless repealed or extended; ended early when permanent text amendments were adopted 2026-06-08","trigger":"Zoning ordinance had no definitions or standards for data centers, AI processing, cryptocurrency mining or large-scale solar; a 1-million-square-foot data center was under construction in a neighboring town"}},{"type":"Feature","geometry":{"type":"Point","coordinates":[-77.965541,35.974598]},"properties":{"id":"nc-town-of-nashville-2026","jurisdiction":"Town of Nashville","state":"North Carolina","state_abbrev":"NC","jurisdiction_type":"Town","enacted_status":"active","date_enacted_iso":"2026-08-04","current_end_date_iso":"","date_enacted_uncertainty":"exact","duration_days":365,"duration_kind":"fixed_days","sectors":["data_center","cryptocurrency_mining"],"trigger_categories":["regulatory_gap","grid_energy","water","land_use_compatibility"],"date_enacted":"2026-08-04, Town Council adoption of Ordinance 2026-23 after a public hearing (hearing set July 22; moratorium runs from July 23)","duration":"12 months: begins 2026-07-23 and lasts until 2027-07-23 or earlier approval of new zoning regulations","trigger":"Chapter 18 land use regulations do not define data centers or crypto mining; concerns about electrical demand, water use and land-use compatibility"}},{"type":"Feature","geometry":{"type":"Point","coordinates":[-76.859106,34.78655]},"properties":{"id":"nc-town-of-newport-2026","jurisdiction":"Town of Newport","state":"North Carolina","state_abbrev":"NC","jurisdiction_type":"Town","enacted_status":"active","date_enacted_iso":"2026-09","current_end_date_iso":"","date_enacted_uncertainty":"month_only","duration_days":365,"duration_kind":"fixed_days","sectors":["data_center","cryptocurrency_mining"],"trigger_categories":["regulatory_gap"],"date_enacted":"September 2026 (reported 2026-09-16), Town Council approval of a temporary moratorium; exact meeting date not located","duration":"At least one year","trigger":"UDO does not address data centers; comprehensive UDO rewrite under way"}},{"type":"Feature","geometry":{"type":"Point","coordinates":[-78.111935,35.945154]},"properties":{"id":"nc-town-of-spring-hope-2026","jurisdiction":"Town of Spring Hope","state":"North Carolina","state_abbrev":"NC","jurisdiction_type":"Town","enacted_status":"active","date_enacted_iso":"2026-05-04","current_end_date_iso":"","date_enacted_uncertainty":"exact","duration_days":365,"duration_kind":"fixed_days","sectors":["data_center"],"trigger_categories":["regulatory_gap"],"date_enacted":"2026-05-04, Board of Commissioners unanimous adoption of Resolution 2026-01","duration":"One year (12 months)","trigger":""}},{"type":"Feature","geometry":{"type":"Point","coordinates":[-80.773925,34.946391]},"properties":{"id":"nc-town-of-waxhaw-2026","jurisdiction":"Town of Waxhaw","state":"North Carolina","state_abbrev":"NC","jurisdiction_type":"Town","enacted_status":"active","date_enacted_iso":"2026-08-11","current_end_date_iso":"","date_enacted_uncertainty":"exact","duration_days":364,"duration_kind":"fixed_days","sectors":["data_center","cryptocurrency_mining"],"trigger_categories":["regulatory_gap"],"date_enacted":"2026-08-11, Board of Commissioners unanimous adoption of Ordinance ORD2026014 after a public hearing","duration":"12 months: commences 2026-08-11 and expires no later than 2027-08-10, or earlier by Board action","trigger":"Land development code does not address data centers; proactive pause (no proposals pending) to study and draft amendments"}},{"type":"Feature","geometry":{"type":"Point","coordinates":[-78.369721,35.780987]},"properties":{"id":"nc-wendell-2026","jurisdiction":"Town of Wendell","state":"North Carolina","state_abbrev":"NC","jurisdiction_type":"Town","enacted_status":"active","date_enacted_iso":"2026-04-13","current_end_date_iso":"2026-12-31","date_enacted_uncertainty":"exact","duration_days":null,"duration_kind":"until_date","sectors":["data_center","cryptocurrency_mining"],"trigger_categories":["regulatory_gap"],"date_enacted":"2026-04-13 (Wendell Town Board meeting; YouTube livestream title \"Wendell Board Meeting - April 13th 2026\"; Wendell town FAQ scheduled the public hearing for April 13, 2026 at 7 PM; AOL/N&O reporting confirms duration \"through the end of the year\")","duration":"Through 2026-12-31 (per AOL/N&O via Wendell planning director Bryan Coates)","trigger":"UDO lacked definitions for data centers and cryptocurrency mining; town wanted clearer development standards before applications."}},{"type":"Feature","geometry":{"type":"Point","coordinates":[-77.71261,36.105566]},"properties":{"id":"nc-town-of-whitakers-undated","jurisdiction":"Town of Whitakers","state":"North Carolina","state_abbrev":"NC","jurisdiction_type":"Town","enacted_status":"active","date_enacted_iso":"","current_end_date_iso":"","date_enacted_uncertainty":"unverified","duration_days":null,"duration_kind":"unknown","sectors":["data_center"],"trigger_categories":["regulatory_gap"],"date_enacted":"Date not located; reported in September 2026 as having instituted a data center moratorium","duration":"Unknown","trigger":"Regional Nash/Edgecombe effort to study data center impacts"}},{"type":"Feature","geometry":{"type":"Point","coordinates":[-82.582072,35.633444]},"properties":{"id":"nc-town-of-woodfin-2026","jurisdiction":"Town of Woodfin","state":"North Carolina","state_abbrev":"NC","jurisdiction_type":"Town","enacted_status":"active","date_enacted_iso":"2026-05-19","current_end_date_iso":"","date_enacted_uncertainty":"exact","duration_days":365,"duration_kind":"fixed_days","sectors":["data_center"],"trigger_categories":["regulatory_gap"],"date_enacted":"2026-05-19, Board of Commissioners 5-0 adoption of Ordinance 2026-04","duration":"12 months","trigger":""}},{"type":"Feature","geometry":{"type":"Point","coordinates":[-78.414095,36.374742]},"properties":{"id":"nc-vance-county-2026","jurisdiction":"Vance County","state":"North Carolina","state_abbrev":"NC","jurisdiction_type":"County","enacted_status":"active","date_enacted_iso":"2026-09-14","current_end_date_iso":"","date_enacted_uncertainty":"exact","duration_days":60,"duration_kind":"fixed_days","sectors":["data_center"],"trigger_categories":["specific_project","regulatory_gap","water","grid_energy"],"date_enacted":"2026-09-14, Board of Commissioners 5-2 vote (Kelly and Perry opposed) after public hearings; effective on adoption","duration":"60 days: terminates 2026-11-13 or upon adoption of an amendment to the zoning ordinance's data center requirements","trigger":"Natelli Holdings filed a preliminary plan for a 900 MW, 12-building data center campus on ~530 acres along U.S. 158 while the county revises its UDO data center rules"}},{"type":"Feature","geometry":{"type":"Point","coordinates":[-78.105212,36.390169]},"properties":{"id":"nc-warren-county-2026","jurisdiction":"Warren County","state":"North Carolina","state_abbrev":"NC","jurisdiction_type":"County","enacted_status":"active","date_enacted_iso":"2026-08-19","current_end_date_iso":"","date_enacted_uncertainty":"exact","duration_days":365,"duration_kind":"fixed_days","sectors":["data_center"],"trigger_categories":["regulatory_gap","water","environmental"],"date_enacted":"2026-08-19, Board of Commissioners approval at its work session after a public hearing","duration":"12 months (to about 2027-08-19)","trigger":"County targeted for its water and land and lacks a data center ordinance"}},{"type":"Feature","geometry":{"type":"Point","coordinates":[-81.686381,36.222811]},"properties":{"id":"nc-watauga-county-2026","jurisdiction":"Watauga County","state":"North Carolina","state_abbrev":"NC","jurisdiction_type":"County","enacted_status":"active","date_enacted_iso":"2026-04-21","current_end_date_iso":"2027-04-21","date_enacted_uncertainty":"unverified","duration_days":365,"duration_kind":"fixed_days","sectors":["data_center"],"trigger_categories":["regulatory_gap","infrastructure_capacity","water","grid_energy"],"date_enacted":"2026-04-21, Board of Commissioners meeting; Board voted unanimously to adopt a one-year countywide data center moratorium at this meeting (Watauga Democrat).","duration":"One year (adopted 2026-04-21; to about 2027-04-21)","trigger":"Regional data center concern after March 23 Boone action; Director Walker testified small data centers can consume 1\u201310 MW (700\u20137,000 homes) and large facilities use 1.5 million gallons of water per day, with Watauga lacking the power capacity to absorb such load."}},{"type":"Feature","geometry":{"type":"Point","coordinates":[-80.67623,36.149711]},"properties":{"id":"nc-yadkin-county-2026","jurisdiction":"Yadkin County","state":"North Carolina","state_abbrev":"NC","jurisdiction_type":"County","enacted_status":"active","date_enacted_iso":"2026-08-17","current_end_date_iso":"","date_enacted_uncertainty":"exact","duration_days":731,"duration_kind":"fixed_days","sectors":["data_center"],"trigger_categories":["water","grid_energy","agricultural_preservation","land_use_compatibility"],"date_enacted":"2026-08-17, Board of Commissioners 5-0 adoption after a public hearing; Commissioner Cliff Collins moved to lengthen the proposed 12-month term to two years","duration":"Two years (to about 2028-08-17); unincorporated areas only","trigger":"Concern over water use, energy demand, farmland and rural character; WhiteFiber announced a potential Yadkinville data center project"}},{"type":"Feature","geometry":{"type":"Point","coordinates":[-98.067885,46.931049]},"properties":{"id":"nd-barnes-county-2026","jurisdiction":"Barnes County","state":"North Dakota","state_abbrev":"ND","jurisdiction_type":"County","enacted_status":"active","date_enacted_iso":"2026-05-19","current_end_date_iso":"","date_enacted_uncertainty":"exact","duration_days":180,"duration_kind":"fixed_days","sectors":["data_center"],"trigger_categories":["regulatory_gap","specific_project"],"date_enacted":"2026-05-19, Barnes County Commission (Valley City, ND), motion by Pete Paulson, seconded by Mike Schwehr, passed 5-0.","duration":"Six months from adoption (to approximately 2026-11-19).","trigger":"Preemptive: no data center project was formally pending, but the board acted on rumor of a possible project in southern Barnes County to allow time to draft zoning/ordinance regulations before any application could be filed. Several citizens asked the board to extend the pause to a full year, but the motion that passed and was recorded was for six months."}},{"type":"Feature","geometry":{"type":"Point","coordinates":[-102.611235,47.30612]},"properties":{"id":"nd-dunn-county-2026","jurisdiction":"Dunn County","state":"North Dakota","state_abbrev":"ND","jurisdiction_type":"County","enacted_status":"active","date_enacted_iso":"2026-03-18","current_end_date_iso":"","date_enacted_uncertainty":"exact","duration_days":365,"duration_kind":"fixed_days","sectors":["data_center","solar","battery_storage"],"trigger_categories":["regulatory_gap"],"date_enacted":"2026-03-18","duration":"12 months","trigger":"Need for county staff to draft permitting ordinances for data centers, solar energy, and battery facilities."}},{"type":"Feature","geometry":{"type":"Point","coordinates":[-97.115475,46.927287]},"properties":{"id":"nd-harmony-township-undated","jurisdiction":"Harmony Township","state":"North Dakota","state_abbrev":"ND","jurisdiction_type":"Township","enacted_status":"pending","date_enacted_iso":"","current_end_date_iso":"","date_enacted_uncertainty":"unverified","duration_days":null,"duration_kind":"unknown","sectors":["data_center","battery_storage","solar","wind","general"],"trigger_categories":["specific_project","regulatory_gap","noise","property_values","legal_or_litigation","agricultural_preservation"],"date_enacted":"","duration":"Proposed two-year zoning moratorium on all industrial-scale development, including solar, wind, data centers, battery storage systems, electric transmission lines and gas-fired electrical generation facilities, to allow the township to update its zoning ordinances; not yet adopted","trigger":"Geronimo Power (through affiliated LLCs including CCDC LLC) has purchase agreements for roughly 2,072 acres in Harmony Township and 934 acres in neighboring Durbin Township, and is pursuing a data center and a 200-MW battery energy storage system in the township in addition to an already-under-construction 200-MW solar facility (Harmony Solar); residents raised concerns about tonal noise, property values, water use, road traffic, organic-farming impacts, and inadequate study of impacts, and about a conflict of interest (a former township board chair who did not recuse himself from 2025-2026 zoning-ordinance votes had a pending land-purchase agreement with a Geronimo Power affiliate)"}},{"type":"Feature","geometry":{"type":"Point","coordinates":[-99.424341,46.109794]},"properties":{"id":"nd-mcintosh-county-2025","jurisdiction":"McIntosh County","state":"North Dakota","state_abbrev":"ND","jurisdiction_type":"County","enacted_status":"extended","date_enacted_iso":"2025-07","current_end_date_iso":"","date_enacted_uncertainty":"month_only","duration_days":null,"duration_kind":"unknown","sectors":["wind","solar"],"trigger_categories":["infrastructure_capacity","regulatory_gap"],"date_enacted":"First enacted in July 2025 (exact date not confirmed in sources reviewed); extended by County Commissioner vote on 2026-06-01","duration":"A moratorium on the use of county-maintained roads for the transport and delivery of equipment and materials associated with wind turbine, solar panel, and related infrastructure construction; originally a 12-month term from its July 2025 enactment, extended by commissioner vote on 2026-06-01 (the length of the extension was not specified in the source reviewed)","trigger":"Commissioners raised concerns about the impact of large-scale wind and solar construction traffic on county-maintained roads and bridges (heavy loads, vehicles exceeding weight restrictions) after TransAlta announced and then dropped plans for a wind farm in the county; the county wanted road-use agreements and oversight in place before any wind or solar developer (including Orsted, whose Badger Wind Farm spans McIntosh and Logan counties) could use county roads for construction"}},{"type":"Feature","geometry":{"type":"Point","coordinates":[-101.865003,47.334766]},"properties":{"id":"nd-mercer-county-2026","jurisdiction":"Mercer County","state":"North Dakota","state_abbrev":"ND","jurisdiction_type":"County","enacted_status":"active","date_enacted_iso":"2026-03-03","current_end_date_iso":"","date_enacted_uncertainty":"exact","duration_days":365,"duration_kind":"fixed_days","sectors":["data_center","cryptocurrency_mining"],"trigger_categories":["specific_project","regulatory_gap","land_use_compatibility","grid_energy"],"date_enacted":"2026-03-03","duration":"1 year","trigger":"Proposed River Run Energy Center and associated data center activity; Michael Berg, Wes Klein, and ND State Rep. Bill Tveit and other residents asked the Board to put a moratorium in place \"until zoning ordinances and public policy were better established to ensure that local control could be maintained.\""}},{"type":"Feature","geometry":{"type":"Point","coordinates":[-101.164454,46.724473]},"properties":{"id":"nd-morton-county-2024","jurisdiction":"Morton County","state":"North Dakota","state_abbrev":"ND","jurisdiction_type":"County","enacted_status":"replaced","date_enacted_iso":"2024-09-12","current_end_date_iso":"","date_enacted_uncertainty":"exact","duration_days":null,"duration_kind":"until_event","sectors":["data_center","cryptocurrency_mining"],"trigger_categories":["regulatory_gap","land_use_compatibility","other"],"date_enacted":"2024-09-12","duration":"Ran until siting and performance standards for data centers and cryptocurrency mining facilities were developed and adopted. The County Commission adopted a Data Center Standards section of the Morton County Land Use Code on 2026-09-10, satisfying that condition, per the county's own website.","trigger":"County findings cited Williams County impacts, lack of local standards, and need to protect health, safety, and welfare while drafting data center and cryptocurrency mining standards."}},{"type":"Feature","geometry":{"type":"Point","coordinates":[-101.352449,47.107771]},"properties":{"id":"nd-oliver-county-2024-p1","jurisdiction":"Oliver County (Phase 1)","state":"North Dakota","state_abbrev":"ND","jurisdiction_type":"County","enacted_status":"rescinded","date_enacted_iso":"2024-12-12","current_end_date_iso":"","date_enacted_uncertainty":"exact","duration_days":null,"duration_kind":"until_event","sectors":["data_center","cryptocurrency_mining","solar"],"trigger_categories":["regulatory_gap"],"date_enacted":"2024-12-12","duration":"Until land use code amendments were developed and adopted","trigger":"County findings said data center and cryptocurrency mining uses were nascent locally and lacked established siting and performance standards."}},{"type":"Feature","geometry":{"type":"Point","coordinates":[-101.352449,47.107771]},"properties":{"id":"nd-oliver-county-2025-p2","jurisdiction":"Oliver County (Phase 2)","state":"North Dakota","state_abbrev":"ND","jurisdiction_type":"County","enacted_status":"expired","date_enacted_iso":"2025-05-06","current_end_date_iso":"","date_enacted_uncertainty":"exact","duration_days":90,"duration_kind":"fixed_days","sectors":["data_center"],"trigger_categories":["regulatory_gap"],"date_enacted":"2025-05-06","duration":"90 days","trigger":"Commission minutes reported that Planning and Zoning requested reinstatement to allow more time for ordinance drafting; Matt Wilkins, P&Z board member, stated the moratoriums would let the board pause without legal-ramification concerns while drafting."}},{"type":"Feature","geometry":{"type":"Point","coordinates":[-101.352449,47.107771]},"properties":{"id":"nd-oliver-county-2026-p3","jurisdiction":"Oliver County (Phase 3)","state":"North Dakota","state_abbrev":"ND","jurisdiction_type":"County","enacted_status":"rescinded","date_enacted_iso":"2026-03-13","current_end_date_iso":"","date_enacted_uncertainty":"exact","duration_days":180,"duration_kind":"fixed_days","sectors":["data_center"],"trigger_categories":["regulatory_gap","land_use_compatibility"],"date_enacted":"2026-03-13","duration":"180 days, with option to extend","trigger":"County minutes said ordinances needed to be written; KFYR reported commissioners wanted more study time after a five-hour meeting with comments for and against data centers."}},{"type":"Feature","geometry":{"type":"Point","coordinates":[-103.495839,48.362986]},"properties":{"id":"nd-williams-county-2023","jurisdiction":"Williams County","state":"North Dakota","state_abbrev":"ND","jurisdiction_type":"County","enacted_status":"replaced","date_enacted_iso":"2023-06-20","current_end_date_iso":"","date_enacted_uncertainty":"exact","duration_days":180,"duration_kind":"fixed_days","sectors":["data_center"],"trigger_categories":["regulatory_gap","water","grid_energy","noise","infrastructure_capacity"],"date_enacted":"2023-06-20","duration":"6 months, then extended to 2024-02-22","trigger":"Existing code did not specifically regulate data centers; the permanent ordinance cites large water and electricity use, continuous sound, low-frequency noise, and off-site health impacts."}},{"type":"Feature","geometry":{"type":"Point","coordinates":[-83.50517,38.839894]},"properties":{"id":"oh-ada-2026","jurisdiction":"Ada","state":"Ohio","state_abbrev":"OH","jurisdiction_type":"Village","enacted_status":"extended","date_enacted_iso":"2026-04-07","current_end_date_iso":"","date_enacted_uncertainty":"exact","duration_days":null,"duration_kind":"until_date","sectors":["data_center","cryptocurrency_mining"],"trigger_categories":["regulatory_gap","infrastructure_capacity"],"date_enacted":"2026-04-07 (Village Council adopted Resolution 2026-101, amended from 12 to 6 months, 5-0; per approved minutes). Extended 2026-09-01 by Resolution 2026-109 (6-0) for an additional 12 months.","duration":"Originally six months (to Oct. 7, 2026); extended by an additional twelve months from the effective date of Resolution 2026-109 (emergency, adopted Sept. 1, 2026)","trigger":"Precautionary: residents' concerns; no inquiries received; village infrastructure cannot supply large data centers; time to write zoning."}},{"type":"Feature","geometry":{"type":"Point","coordinates":[-81.105931,40.915336]},"properties":{"id":"oh-alliance-2026","jurisdiction":"Alliance","state":"Ohio","state_abbrev":"OH","jurisdiction_type":"City","enacted_status":"active","date_enacted_iso":"2026-07-06","current_end_date_iso":"","date_enacted_uncertainty":"exact","duration_days":548,"duration_kind":"fixed_days","sectors":["data_center"],"trigger_categories":["regulatory_gap","grid_energy","water","noise","specific_project"],"date_enacted":"2026-07-06 (City Council meeting)","duration":"18 months (not to exceed)","trigger":"Councilwoman Sheila Cherry pushed for the pause to protect residents, separate facts from rumors, and to amend related I-2 industrial-district restrictions to include conditional uses; comes after Mayor Andy Grove revealed at least one company had expressed interest in bringing a data center to the city, and follows separate mid-June 2026 legislation restricting future data centers to I-2 industrial zones."}},{"type":"Feature","geometry":{"type":"Point","coordinates":[-82.222377,41.397822]},"properties":{"id":"oh-amherst-undated","jurisdiction":"Amherst","state":"Ohio","state_abbrev":"OH","jurisdiction_type":"City","enacted_status":"pending","date_enacted_iso":"","current_end_date_iso":"","date_enacted_uncertainty":"unverified","duration_days":null,"duration_kind":"until_date","sectors":["data_center"],"trigger_categories":["specific_project","regulatory_gap"],"date_enacted":"Pending: Building and Lands Committee unanimously recommended the moratorium legislation to full City Council on 2026-09-22; next council meeting 2026-09-28","duration":"As written: until June 30, 2027 with an automatic six-month extension (council members discussed removing the automatic extension)","trigger":"Opposition to a proposed 45-megawatt data center at the Nordson property, which needed a zoning variance (BZA hearing, late July 2026); industrial zoning code review underway."}},{"type":"Feature","geometry":{"type":"Point","coordinates":[-84.306547,41.521133]},"properties":{"id":"oh-archbold-2026","jurisdiction":"Archbold","state":"Ohio","state_abbrev":"OH","jurisdiction_type":"Village","enacted_status":"extended","date_enacted_iso":"2026-04-06","current_end_date_iso":"2027-04-06","date_enacted_uncertainty":"exact","duration_days":180,"duration_kind":"fixed_days","sectors":["data_center"],"trigger_categories":["land_use_compatibility"],"date_enacted":"2026-04-06 (emergency ordinance); Council had initially tabled a broader proposal on 2026-02-16 following resident pushback and legal hesitation from the Village Law Director and County Farm Bureau, then adopted a narrower six-month moratorium on 2026-04-06","duration":"6 months (Resolution 2026-16, 2026-04-06), extended six months by Resolution 2026-27 (emergency, 2026-08-17) to 2027-04-06","trigger":"Resident concern over land off County Road C and possible data center industrialization"}},{"type":"Feature","geometry":{"type":"Point","coordinates":[-80.761328,41.877733]},"properties":{"id":"oh-ashtabula-township-2026","jurisdiction":"Ashtabula Township","state":"Ohio","state_abbrev":"OH","jurisdiction_type":"Township","enacted_status":"active","date_enacted_iso":"2026-06-10","current_end_date_iso":"","date_enacted_uncertainty":"exact","duration_days":365,"duration_kind":"fixed_days","sectors":["data_center"],"trigger_categories":["regulatory_gap","infrastructure_capacity"],"date_enacted":"2026-06-10 (Board of Trustees Wednesday meeting, per Star Beacon story of Friday 2026-06-12; date inferred from 'at a Wednesday meeting')","duration":"12 months","trigger":"The Growth Partnership for Ashtabula County lists Ashtabula Township as a candidate data center area (Risberg pipeline extension, fiber, water, grid). Trustees want time to study it."}},{"type":"Feature","geometry":{"type":"Point","coordinates":[-82.060956,39.357562]},"properties":{"id":"oh-athens-2026","jurisdiction":"Athens","state":"Ohio","state_abbrev":"OH","jurisdiction_type":"City","enacted_status":"active","date_enacted_iso":"2026-08-03","current_end_date_iso":"","date_enacted_uncertainty":"exact","duration_days":365,"duration_kind":"fixed_days","sectors":["data_center"],"trigger_categories":["specific_project","regulatory_gap","grid_energy","water","environmental"],"date_enacted":"2026-08-03 (City Council regular session; rules suspended and Ordinance 0-70-26 unanimously adopted as emergency, per Athens County Independent and WOUB)","duration":"One year; the mayor and/or service-safety director may extend it one more year","trigger":"A New York developer (Saadia Holding LLC) is eyeing about 300 acres in Athens and Dover townships across U.S. 33 from Athens High School. The city has no data center zoning standards. Energy, water and air-quality concerns were raised."}},{"type":"Feature","geometry":{"type":"Point","coordinates":[-82.124563,39.318434]},"properties":{"id":"oh-athens-township-athens-county-2026","jurisdiction":"Athens Township (Athens County)","state":"Ohio","state_abbrev":"OH","jurisdiction_type":"Township","enacted_status":"active","date_enacted_iso":"2026-08-01","current_end_date_iso":"","date_enacted_uncertainty":"exact","duration_days":365,"duration_kind":"fixed_days","sectors":["data_center"],"trigger_categories":["specific_project","regulatory_gap","grid_energy","water","noise","land_use_compatibility"],"date_enacted":"2026-08-01 (Board of Trustees special session, Saturday; Resolution 08-01-2026 adopted unanimously)","duration":"12 months from the effective date, unless repealed earlier or superseded by zoning amendments","trigger":"A New York developer is considering about 300 acres on U.S. 33 across from Athens High School, in Athens and Dover townships. The zoning code does not address data centers."}},{"type":"Feature","geometry":{"type":"Point","coordinates":[-81.345386,41.317555]},"properties":{"id":"oh-aurora-2026","jurisdiction":"Aurora","state":"Ohio","state_abbrev":"OH","jurisdiction_type":"City","enacted_status":"active","date_enacted_iso":"2026-06-30","current_end_date_iso":"","date_enacted_uncertainty":"exact","duration_days":365,"duration_kind":"fixed_days","sectors":["data_center"],"trigger_categories":["regulatory_gap"],"date_enacted":"2026-06-30 (City Council, Ordinance 2026-117, rules suspended and adopted 6-0 as an emergency; per official minutes)","duration":"Twelve months from the effective date, or until code amendments are enacted or council revokes it, whichever comes first.","trigger":"Precaution: the zoning code does not permit data centers, but the administration wanted time for a zoning-code consultant to review whether more rules are needed; regional Portage County data center controversy."}},{"type":"Feature","geometry":{"type":"Point","coordinates":[-82.03506,41.451651]},"properties":{"id":"oh-avon-2026","jurisdiction":"Avon","state":"Ohio","state_abbrev":"OH","jurisdiction_type":"City","enacted_status":"active","date_enacted_iso":"2026-04-14","current_end_date_iso":"2027-04-14","date_enacted_uncertainty":"exact","duration_days":null,"duration_kind":"until_date","sectors":["data_center"],"trigger_categories":["regulatory_gap"],"date_enacted":"Passed by Council 2026-04-13; approved by Mayor Bryan K. Jensen 2026-04-14 (emergency measure, effective immediately upon mayoral approval); Section 1 sets the moratorium through April 14, 2027.","duration":"Through 2027-04-14, extendable up to 6 months by Council","trigger":"Increased interest in data centers and need to study state codes, local ordinances, and regulatory controls"}},{"type":"Feature","geometry":{"type":"Point","coordinates":[-82.01859,41.510033]},"properties":{"id":"oh-avon-lake-2026","jurisdiction":"Avon Lake","state":"Ohio","state_abbrev":"OH","jurisdiction_type":"City","enacted_status":"active","date_enacted_iso":"2026-06-22","current_end_date_iso":"","date_enacted_uncertainty":"exact","duration_days":365,"duration_kind":"fixed_days","sectors":["data_center"],"trigger_categories":["regulatory_gap","land_use_compatibility"],"date_enacted":"2026-06-22 (City Council regular meeting, Monday; per Medina Gazette/Chronicle-Telegram report of 2026-06-26)","duration":"One year, up to June 22, 2027; council may shorten","trigger":"The zoning code has no data center definition, so a facility would fall under general industrial use. The council president cited aggressive data center developers entering Ohio communities, and the legislature had not acted."}},{"type":"Feature","geometry":{"type":"Point","coordinates":[-81.605122,41.012833]},"properties":{"id":"oh-barberton-2025","jurisdiction":"Barberton","state":"Ohio","state_abbrev":"OH","jurisdiction_type":"City","enacted_status":"active","date_enacted_iso":"2025-11-10","current_end_date_iso":"","date_enacted_uncertainty":"exact","duration_days":null,"duration_kind":"indefinite","sectors":["data_center"],"trigger_categories":["regulatory_gap","land_use_compatibility"],"date_enacted":"2025-11-10 (City Council, emergency; per 'Passed November 10, 2025' on the legislation and Akron.com report)","duration":"Indefinite (no end date); on 2026-04-13 data centers were also added to the city's 'various businesses' moratorium, which lasts until adoption of the new Barberton zoning code","trigger":"Response to Norton's data center controversy (Quantum HPC 'Project Triton'); council said Barberton has little open land and data centers do not contribute to economic development; wanted time to add data center rules after the new development code is adopted."}},{"type":"Feature","geometry":{"type":"Point","coordinates":[-80.742184,41.308307]},"properties":{"id":"oh-bazetta-township-2026","jurisdiction":"Bazetta Township","state":"Ohio","state_abbrev":"OH","jurisdiction_type":"Township","enacted_status":"active","date_enacted_iso":"2026-05-12","current_end_date_iso":"","date_enacted_uncertainty":"exact","duration_days":180,"duration_kind":"fixed_days","sectors":["data_center"],"trigger_categories":["regulatory_gap"],"date_enacted":"2026-05-12 (Board of Trustees regular meeting, 3-0; per signed minutes, Resolution 085-26)","duration":"180 days","trigger":"Preemptive: no data center applications yet, but the zoning commission needs time to write data center regulations into the township zoning code."}},{"type":"Feature","geometry":{"type":"Point","coordinates":[-82.840981,41.274207]},"properties":{"id":"oh-bellevue-2026","jurisdiction":"Bellevue","state":"Ohio","state_abbrev":"OH","jurisdiction_type":"City","enacted_status":"active","date_enacted_iso":"2026-06-08","current_end_date_iso":"","date_enacted_uncertainty":"exact","duration_days":365,"duration_kind":"fixed_days","sectors":["data_center"],"trigger_categories":["regulatory_gap"],"date_enacted":"2026-06-08 (City Council, 6-1 after suspending rules 7-0; emergency; per 6/8/26 council minutes)","duration":"Twelve (12) months from the effective date","trigger":"Time for city administration and council to review federal codes, Ohio statutes and the city's codified ordinances relative to data centers."}},{"type":"Feature","geometry":{"type":"Point","coordinates":[-81.854303,41.366161]},"properties":{"id":"oh-berea-2026","jurisdiction":"Berea","state":"Ohio","state_abbrev":"OH","jurisdiction_type":"City","enacted_status":"active","date_enacted_iso":"2026-06-15","current_end_date_iso":"","date_enacted_uncertainty":"exact","duration_days":365,"duration_kind":"fixed_days","sectors":["data_center"],"trigger_categories":["infrastructure_capacity","environmental","land_use_compatibility"],"date_enacted":"2026-06-15 (emergency measure)","duration":"Up to 1 year","trigger":"Study of infrastructure, utilities, environmental effects, resident concerns, and long-term planning implications of data centers"}},{"type":"Feature","geometry":{"type":"Point","coordinates":[-83.988821,39.293117]},"properties":{"id":"oh-blanchester-2026","jurisdiction":"Blanchester","state":"Ohio","state_abbrev":"OH","jurisdiction_type":"Village","enacted_status":"active","date_enacted_iso":"2026-03-12","current_end_date_iso":"","date_enacted_uncertainty":"exact","duration_days":731,"duration_kind":"fixed_days","sectors":["data_center"],"trigger_categories":[],"date_enacted":"2026-03-12","duration":"24 months (2 years) from the effective date, per Ordinance 2026.007 Section 1","trigger":"General council concern that the village electric grid could not support a data center's power needs, plus unresolved questions about energy sourcing raised at a council-attended data-center webinar; no specific project or applicant was pending."}},{"type":"Feature","geometry":{"type":"Point","coordinates":[-80.664981,41.02445]},"properties":{"id":"oh-boardman-township-2026","jurisdiction":"Boardman Township","state":"Ohio","state_abbrev":"OH","jurisdiction_type":"Township","enacted_status":"active","date_enacted_iso":"2026-04-28","current_end_date_iso":"","date_enacted_uncertainty":"exact","duration_days":365,"duration_kind":"fixed_days","sectors":["data_center"],"trigger_categories":["regulatory_gap","noise","grid_energy","water","land_use_compatibility"],"date_enacted":"2026-04-28 (Board of Trustees vote, unanimous; per WKBN 2026-05-20)","duration":"One year.","trigger":"Preemptive; resident opposition and regional wave of Mahoning Valley moratoria; no application filed."}},{"type":"Feature","geometry":{"type":"Point","coordinates":[-81.513171,41.264778]},"properties":{"id":"oh-boston-heights-2025","jurisdiction":"Boston Heights","state":"Ohio","state_abbrev":"OH","jurisdiction_type":"Village","enacted_status":"active","date_enacted_iso":"2025-11-12","current_end_date_iso":"","date_enacted_uncertainty":"exact","duration_days":365,"duration_kind":"fixed_days","sectors":["data_center"],"trigger_categories":["regulatory_gap"],"date_enacted":"2025-11-12 (Village Council, 6-0 after suspending three-reading rule; emergency; per signed 11/12/2025 council minutes)","duration":"12 months","trigger":"Regional data center proposals in Summit County (Norton) prompting time to develop regulations."}},{"type":"Feature","geometry":{"type":"Point","coordinates":[-80.975916,41.236238]},"properties":{"id":"oh-braceville-township-2026","jurisdiction":"Braceville Township","state":"Ohio","state_abbrev":"OH","jurisdiction_type":"Township","enacted_status":"active","date_enacted_iso":"2026-06-02","current_end_date_iso":"2026-11-29","date_enacted_uncertainty":"exact","duration_days":180,"duration_kind":"fixed_days","sectors":["data_center"],"trigger_categories":["noise","grid_energy","water","regulatory_gap"],"date_enacted":"2026-06-02 (immediately effective)","duration":"6 months","trigger":"Concerns about noise, electric, and water impacts, and coordination with county model zoning work"}},{"type":"Feature","geometry":{"type":"Point","coordinates":[-84.631038,41.659877]},"properties":{"id":"oh-bridgewater-township-williams-county-2026","jurisdiction":"Bridgewater Township (Williams County)","state":"Ohio","state_abbrev":"OH","jurisdiction_type":"Township","enacted_status":"active","date_enacted_iso":"2026-09","current_end_date_iso":"","date_enacted_uncertainty":"month_only","duration_days":365,"duration_kind":"fixed_days","sectors":["data_center"],"trigger_categories":["other"],"date_enacted":"2026-09 (reported by The Village Reporter on 2026-09-17; exact vote date not available, article paywalled)","duration":"12 months","trigger":"Not reported (article paywalled); regional Williams County activity (Pioneer, Northwest Township moratoria)."}},{"type":"Feature","geometry":{"type":"Point","coordinates":[-81.346902,41.099005]},"properties":{"id":"oh-brimfield-township-2026","jurisdiction":"Brimfield Township","state":"Ohio","state_abbrev":"OH","jurisdiction_type":"Township","enacted_status":"active","date_enacted_iso":"2026-04-20","current_end_date_iso":"","date_enacted_uncertainty":"exact","duration_days":180,"duration_kind":"fixed_days","sectors":["data_center"],"trigger_categories":["regulatory_gap","infrastructure_capacity","grid_energy"],"date_enacted":"2026-04-20 (Board of Trustees regular meeting, Motion #2026-177 adopting resolution, 3-0; per official minutes)","duration":"Six (6) months.","trigger":"Need to study data center impacts on health, safety, utilities and infrastructure and to add a data center section to the zoning code."}},{"type":"Feature","geometry":{"type":"Point","coordinates":[-81.685127,41.313943]},"properties":{"id":"oh-broadview-heights-2026","jurisdiction":"Broadview Heights","state":"Ohio","state_abbrev":"OH","jurisdiction_type":"City","enacted_status":"active","date_enacted_iso":"2026-06-22","current_end_date_iso":"","date_enacted_uncertainty":"exact","duration_days":180,"duration_kind":"fixed_days","sectors":["data_center","cryptocurrency_mining"],"trigger_categories":["regulatory_gap","grid_energy","infrastructure_capacity"],"date_enacted":"2026-06-22 (City Council meeting; resolution approved, per Scriptype/Sun News coverage of the June 22 meeting and cleveland.com)","duration":"6 months","trigger":"Proactive. Council wants attorneys to review zoning for utility and infrastructure safeguards before any proposal arrives; concerns about utility costs."}},{"type":"Feature","geometry":{"type":"Point","coordinates":[-81.740556,41.439754]},"properties":{"id":"oh-brooklyn-2026","jurisdiction":"Brooklyn","state":"Ohio","state_abbrev":"OH","jurisdiction_type":"City","enacted_status":"active","date_enacted_iso":"2026-06","current_end_date_iso":"","date_enacted_uncertainty":"month_only","duration_days":180,"duration_kind":"fixed_days","sectors":["data_center"],"trigger_categories":["regulatory_gap","grid_energy","water"],"date_enacted":"2026-06 (City Council passage reported 'recently' in cleveland.com story of 2026-06-18; exact vote date not found; OCJ map lists June 2026)","duration":"180 days","trigger":"Precautionary: mayor cited power and water use and state tax incentives drawing data centers to Ohio; city wanted time to write zoning rules. No project pending."}},{"type":"Feature","geometry":{"type":"Point","coordinates":[-82.482564,39.933473]},"properties":{"id":"oh-buckeye-lake-2026","jurisdiction":"Buckeye Lake","state":"Ohio","state_abbrev":"OH","jurisdiction_type":"Village","enacted_status":"active","date_enacted_iso":"2026-07-27","current_end_date_iso":"","date_enacted_uncertainty":"exact","duration_days":365,"duration_kind":"fixed_days","sectors":["data_center"],"trigger_categories":["regulatory_gap","land_use_compatibility"],"date_enacted":"2026-07-27 (Village Council meeting; rules suspended and Resolution 2026-13 adopted 7-0; emergency; per minutes and the signed resolution)","duration":"One (1) year","trigger":"Data centers being built in areas around the village (Licking County), and parcels in the village that may attract them. Council needs time to judge whether they are appropriate."}},{"type":"Feature","geometry":{"type":"Point","coordinates":[-82.975465,40.808391]},"properties":{"id":"oh-bucyrus-2026","jurisdiction":"Bucyrus","state":"Ohio","state_abbrev":"OH","jurisdiction_type":"City","enacted_status":"active","date_enacted_iso":"2026-05-04","current_end_date_iso":"","date_enacted_uncertainty":"exact","duration_days":730,"duration_kind":"fixed_days","sectors":["data_center"],"trigger_categories":["grid_energy","water","infrastructure_capacity","noise","regulatory_gap"],"date_enacted":"2026-05-04 (City Council; Ordinance 28-2026 given first reading, then rules suspended and passed as emergency on 2nd/3rd reading, 7-0 roll call, per the approved 2026-05-04 minutes; ordinance text 'Passed this 4th day of May, 2026')","duration":"Two years, renewable","trigger":"Concerns about electric grid burden and rates, water supply, the sewer and wastewater load and corrosive discharge, and noise from data centers."}},{"type":"Feature","geometry":{"type":"Point","coordinates":[-84.59369,39.423304]},"properties":{"id":"oh-butler-county-2026","jurisdiction":"Butler County","state":"Ohio","state_abbrev":"OH","jurisdiction_type":"County","enacted_status":"active","date_enacted_iso":"2026-06-16","current_end_date_iso":"","date_enacted_uncertainty":"exact","duration_days":180,"duration_kind":"fixed_days","sectors":["data_center"],"trigger_categories":["land_use_compatibility","regulatory_gap"],"date_enacted":"2026-06-16","duration":"6 months, immediately effective","trigger":"County-initiated pause on data center applications and permits in county-zoned townships pending policy development"}},{"type":"Feature","geometry":{"type":"Point","coordinates":[-81.337936,40.758124]},"properties":{"id":"oh-canton-township-2026","jurisdiction":"Canton Township","state":"Ohio","state_abbrev":"OH","jurisdiction_type":"Township","enacted_status":"active","date_enacted_iso":"2026-04-09","current_end_date_iso":"","date_enacted_uncertainty":"exact","duration_days":365,"duration_kind":"fixed_days","sectors":["data_center"],"trigger_categories":["noise","grid_energy","water","infrastructure_capacity","land_use_compatibility","specific_project"],"date_enacted":"2026-04-09","duration":"12 months","trigger":"Resident concerns over noise, electricity and water consumption, wastewater, aesthetics, and nearby projects"}},{"type":"Feature","geometry":{"type":"Point","coordinates":[-81.085653,40.57284]},"properties":{"id":"oh-carrollton-2026","jurisdiction":"Carrollton","state":"Ohio","state_abbrev":"OH","jurisdiction_type":"Village","enacted_status":"active","date_enacted_iso":"2026-05-27","current_end_date_iso":"","date_enacted_uncertainty":"exact","duration_days":null,"duration_kind":"indefinite","sectors":["data_center"],"trigger_categories":["water","grid_energy","environmental","infrastructure_capacity"],"date_enacted":"2026-05-27 (Village Council third reading and passage of Ordinance No. 2026-10; readings 2026-04-27, 2026-05-11, 2026-05-27)","duration":"Indefinite (no end date or term stated)","trigger":"Council found data centers would strain the village water supply and utilities, raise rates, have environmental impacts and add little to employment, conflicting with long-term planning goals."}},{"type":"Feature","geometry":{"type":"Point","coordinates":[-82.982402,39.33312]},"properties":{"id":"oh-chillicothe-2026","jurisdiction":"Chillicothe","state":"Ohio","state_abbrev":"OH","jurisdiction_type":"City","enacted_status":"rescinded","date_enacted_iso":"2026-08-24","current_end_date_iso":"","date_enacted_uncertainty":"exact","duration_days":60,"duration_kind":"fixed_days","sectors":["data_center"],"trigger_categories":["specific_project","regulatory_gap"],"date_enacted":"2026-08-24 (City Council, Ordinance 44-26 passed unanimously as emergency legislation after suspending the three-reading rule; per council minutes as reported by Scioto Valley Guardian and Scioto Post)","duration":"60 days (approvals suspended until October 23, 2026)","trigger":"Resident opposition to a proposed data center / high-performance computing campus (Aligned / Alignment Engine) at the former paper mill site announced July 2, 2026."}},{"type":"Feature","geometry":{"type":"Point","coordinates":[-84.51246,39.101454]},"properties":{"id":"oh-cincinnati-2026","jurisdiction":"Cincinnati","state":"Ohio","state_abbrev":"OH","jurisdiction_type":"City","enacted_status":"extended","date_enacted_iso":"2026-02","current_end_date_iso":"2027-02-11","date_enacted_uncertainty":"month_only","duration_days":null,"duration_kind":"until_date","sectors":["data_center"],"trigger_categories":["regulatory_gap","land_use_compatibility","water","infrastructure_capacity"],"date_enacted":"2026-02-11 (IDCO No. 89 effective date, per city planning page); extended 2026-04-01 for 9 months to 2027-02-11","duration":"Through February 11, 2027 (the original Interim Development Control Overlay District No. 89 was effective 2026-02-11 for 3 months, expiring 2026-05-11; City Council approved a 9-month extension on 2026-04-01 following the City Planning Commission's 2026-03-06 recommendation, moving the expiration to 2027-02-11)","trigger":"No data center classification in zoning code and need to study impacts on more than 22,000 parcels"}},{"type":"Feature","geometry":{"type":"Point","coordinates":[-80.573471,41.156812]},"properties":{"id":"oh-city-of-hubbard-2026","jurisdiction":"City of Hubbard","state":"Ohio","state_abbrev":"OH","jurisdiction_type":"City","enacted_status":"active","date_enacted_iso":"2026-06-01","current_end_date_iso":"2027-06-01","date_enacted_uncertainty":"exact","duration_days":365,"duration_kind":"fixed_days","sectors":["data_center"],"trigger_categories":["specific_project","other"],"date_enacted":"2026-06-01 (emergency ordinance)","duration":"12 months","trigger":"Resident opposition to a possible data center project referred to as 'Project Milo' and criticism of an economic-development nondisclosure agreement; more than 200 residents attended the May 18 meeting where the emergency legislation was requested"}},{"type":"Feature","geometry":{"type":"Point","coordinates":[-84.025491,39.93617]},"properties":{"id":"oh-new-carlisle-2026","jurisdiction":"City of New Carlisle","state":"Ohio","state_abbrev":"OH","jurisdiction_type":"City","enacted_status":"active","date_enacted_iso":"2026-02-17","current_end_date_iso":"","date_enacted_uncertainty":"exact","duration_days":365,"duration_kind":"fixed_days","sectors":["data_center"],"trigger_categories":["regulatory_gap","infrastructure_capacity","environmental","water","grid_energy","land_use_compatibility"],"date_enacted":"2026-02-17","duration":"12 months from 2026-03-04 effective date","trigger":"Lack of zoning classifications for data centers; energy, water, utility, environmental, neighborhood, and long-term planning concerns"}},{"type":"Feature","geometry":{"type":"Point","coordinates":[-81.647407,41.025457]},"properties":{"id":"oh-norton-2025","jurisdiction":"City of Norton","state":"Ohio","state_abbrev":"OH","jurisdiction_type":"City","enacted_status":"replaced","date_enacted_iso":"2025-12-01","current_end_date_iso":"2026-08-28","date_enacted_uncertainty":"exact","duration_days":180,"duration_kind":"fixed_days","sectors":["data_center"],"trigger_categories":["specific_project","regulatory_gap"],"date_enacted":"2025-12-01","duration":"180 days (Ord. 108-2025, 2025-12-01 to 2026-05-30), followed by a 90-day extension under Ord. 55-2026 (adopted 2026-05-18), running through approximately mid-to-late August 2026","trigger":"Data center applications and need to review planning and zoning code"}},{"type":"Feature","geometry":{"type":"Point","coordinates":[-83.724877,41.502101]},"properties":{"id":"oh-waterville-2025","jurisdiction":"City of Waterville","state":"Ohio","state_abbrev":"OH","jurisdiction_type":"City","enacted_status":"expired","date_enacted_iso":"2025-12-08","current_end_date_iso":"","date_enacted_uncertainty":"exact","duration_days":180,"duration_kind":"fixed_days","sectors":["data_center"],"trigger_categories":["regulatory_gap","land_use_compatibility"],"date_enacted":"2025-12-08","duration":"182 days (6 months); amended down from an originally proposed 12 months (365 days) at the same meeting before adoption","trigger":"Community concern and desire to study impacts after prior zoning allowed data centers in M-1 manufacturing districts"}},{"type":"Feature","geometry":{"type":"Point","coordinates":[-82.330873,40.274586]},"properties":{"id":"oh-clay-township-montgomery-county-2026","jurisdiction":"Clay Township (Montgomery County)","state":"Ohio","state_abbrev":"OH","jurisdiction_type":"Township","enacted_status":"active","date_enacted_iso":"2026-04-07","current_end_date_iso":"","date_enacted_uncertainty":"exact","duration_days":365,"duration_kind":"fixed_days","sectors":["data_center"],"trigger_categories":["regulatory_gap","grid_energy","water","environmental","infrastructure_capacity"],"date_enacted":"2026-04-07 (Board of Trustees regular meeting, Resolution 2026-016, roll call all yes; per official minutes)","duration":"Twelve (12) months; may be extended before expiry.","trigger":"Zoning resolution lacks data center (NAICS 518) regulations; concerns over land use, electrical demand, water, transportation and public safety."}},{"type":"Feature","geometry":{"type":"Point","coordinates":[-84.360502,39.86311]},"properties":{"id":"oh-clayton-2026","jurisdiction":"Clayton","state":"Ohio","state_abbrev":"OH","jurisdiction_type":"City","enacted_status":"active","date_enacted_iso":"2026-07-16","current_end_date_iso":"","date_enacted_uncertainty":"exact","duration_days":365,"duration_kind":"fixed_days","sectors":["data_center","cryptocurrency_mining"],"trigger_categories":["regulatory_gap"],"date_enacted":"2026-07-16 (City Council, Resolution No. R-07-26-46 adopted; per signed resolution)","duration":"365 days; expires July 16, 2027 unless earlier revoked.","trigger":"Data centers undefined in Clayton code and could be processed as warehouse uses; concern heightened by the Piqua data center controversy."}},{"type":"Feature","geometry":{"type":"Point","coordinates":[-82.782958,39.602661]},"properties":{"id":"oh-clearcreek-township-warren-county-2026","jurisdiction":"Clearcreek Township (Warren County)","state":"Ohio","state_abbrev":"OH","jurisdiction_type":"Township","enacted_status":"active","date_enacted_iso":"2026-07-27","current_end_date_iso":"","date_enacted_uncertainty":"exact","duration_days":365,"duration_kind":"fixed_days","sectors":["data_center"],"trigger_categories":["regulatory_gap","infrastructure_capacity"],"date_enacted":"2026-07-27 (trustees' unanimous resolution; per WDTN and Dayton Daily News)","duration":"One year","trigger":"Preemptive: need for further study and concerns about infrastructure impacts; no developer had approached the township."}},{"type":"Feature","geometry":{"type":"Point","coordinates":[-81.693677,41.499657]},"properties":{"id":"oh-cleveland-2026","jurisdiction":"Cleveland","state":"Ohio","state_abbrev":"OH","jurisdiction_type":"City","enacted_status":"active","date_enacted_iso":"2026-07-15","current_end_date_iso":"","date_enacted_uncertainty":"exact","duration_days":93,"duration_kind":"fixed_days","sectors":["data_center"],"trigger_categories":["infrastructure_capacity","water","grid_energy","regulatory_gap","other"],"date_enacted":"2026-07-15 (Ordinance 556-2026 passed by full Council, 14-1). Councilmember Charles Slife's original 2026-04-28 proposal called for a one-year pause; the Utilities Committee (chaired by Brian Kazy) reduced it to three months before the full Council vote.","duration":"3 months (through approximately 2026-10-16), extendable by Council for an additional 3 months; reduced from the originally proposed 1 year","trigger":"Water and power use, outages, low permanent job creation, and zoning/infrastructure review"}},{"type":"Feature","geometry":{"type":"Point","coordinates":[-83.844579,39.425987]},"properties":{"id":"oh-clinton-2026","jurisdiction":"Clinton","state":"Ohio","state_abbrev":"OH","jurisdiction_type":"Village","enacted_status":"active","date_enacted_iso":"2026-06-16","current_end_date_iso":"","date_enacted_uncertainty":"exact","duration_days":180,"duration_kind":"fixed_days","sectors":["data_center"],"trigger_categories":["regulatory_gap"],"date_enacted":"2026-06-16 (Village Council, 4-2 on adoption after a 4-2 motion to waive the three-reading rule; emergency; per 6/16/26 council minutes)","duration":"Six months, renewable","trigger":"Resident request for quick action on data centers so council and legal department can develop permanent regulations."}},{"type":"Feature","geometry":{"type":"Point","coordinates":[-83.05713,39.768396]},"properties":{"id":"oh-commercial-point-2026","jurisdiction":"Commercial Point","state":"Ohio","state_abbrev":"OH","jurisdiction_type":"Village","enacted_status":"active","date_enacted_iso":"2026-05-04","current_end_date_iso":"","date_enacted_uncertainty":"exact","duration_days":548,"duration_kind":"fixed_days","sectors":["data_center"],"trigger_categories":["specific_project","noise","grid_energy","water","land_use_compatibility"],"date_enacted":"2026-05-04 (Village Council, Ordinance 2026-09 passed on third reading 5-1 as an emergency; per Circleville Herald)","duration":"18 months.","trigger":"K-Nova II, LLC's 'Project Cosmos' major site plan (end user Amazon Data Services) filed April 1, 2026 on land zoned exclusively for data centers; resident opposition over noise, grid strain and water."}},{"type":"Feature","geometry":{"type":"Point","coordinates":[-80.725243,41.330137]},"properties":{"id":"oh-cortland-2026","jurisdiction":"Cortland","state":"Ohio","state_abbrev":"OH","jurisdiction_type":"City","enacted_status":"active","date_enacted_iso":"2026-06-01","current_end_date_iso":"2027-06-01","date_enacted_uncertainty":"exact","duration_days":365,"duration_kind":"fixed_days","sectors":["data_center"],"trigger_categories":["regulatory_gap"],"date_enacted":"2026-06-01 (emergency passage)","duration":"12 months","trigger":"Desire to review the planning and zoning code before permitting data centers"}},{"type":"Feature","geometry":{"type":"Point","coordinates":[-84.508483,41.320306]},"properties":{"id":"oh-defiance-undated","jurisdiction":"Defiance","state":"Ohio","state_abbrev":"OH","jurisdiction_type":"City","enacted_status":"active","date_enacted_iso":"2026-09-01","current_end_date_iso":"2027-02-28","date_enacted_uncertainty":"exact","duration_days":180,"duration_kind":"fixed_days","sectors":["data_center"],"trigger_categories":["regulatory_gap"],"date_enacted":"2026-09-01 (City Council vote, emergency ordinance; signed by Mayor Mike McCann the same night, effective immediately; per Crescent-News)","duration":"Six months (amended down from the originally drafted 12 months)","trigger":"City officials began researching data center zoning gaps in February 2026; no pending data center applications were reported, but a nearby property proposed for annexation (west of the Menards store) drew organized resident opposition."}},{"type":"Feature","geometry":{"type":"Point","coordinates":[-81.437899,41.649034]},"properties":{"id":"oh-eastlake-2025","jurisdiction":"Eastlake","state":"Ohio","state_abbrev":"OH","jurisdiction_type":"City","enacted_status":"active","date_enacted_iso":"2025-11-25","current_end_date_iso":"","date_enacted_uncertainty":"exact","duration_days":1825,"duration_kind":"fixed_days","sectors":["data_center"],"trigger_categories":["noise","water","environmental","grid_energy","regulatory_gap"],"date_enacted":"2025-11-25 (City Council regular meeting; rules suspended, adopted by unanimous roll call as Resolution No. 2025-103, emergency; per council minutes)","duration":"Five (5) years","trigger":"Preemptive, based on regional concerns about data center noise and low-frequency sound, chemically treated cooling water discharged near Lake Erie, and power demand."}},{"type":"Feature","geometry":{"type":"Point","coordinates":[-80.857529,41.025004]},"properties":{"id":"oh-ellsworth-township-2026","jurisdiction":"Ellsworth Township","state":"Ohio","state_abbrev":"OH","jurisdiction_type":"Township","enacted_status":"active","date_enacted_iso":"2026-06-10","current_end_date_iso":"","date_enacted_uncertainty":"exact","duration_days":365,"duration_kind":"fixed_days","sectors":["data_center"],"trigger_categories":["regulatory_gap"],"date_enacted":"2026-06-10 (trustees passed and enacted, per township zoning inspector quoted by WFMJ 2026-06-16)","duration":"One year, with option to renew.","trigger":"Preemptive; to review township zoning as it pertains to data centers; no applications received."}},{"type":"Feature","geometry":{"type":"Point","coordinates":[-84.019386,39.8209]},"properties":{"id":"oh-fairborn-2026","jurisdiction":"Fairborn","state":"Ohio","state_abbrev":"OH","jurisdiction_type":"City","enacted_status":"active","date_enacted_iso":"2026-08-17","current_end_date_iso":"","date_enacted_uncertainty":"exact","duration_days":365,"duration_kind":"fixed_days","sectors":["data_center","general"],"trigger_categories":["regulatory_gap","water","noise","land_use_compatibility"],"date_enacted":"2026-08-17 (City Council vote at Monday business meeting; per Fairborn Daily Herald and a council-meeting social post)","duration":"12 months (may end sooner)","trigger":"Limited remaining commercial/industrial land; water consumption and noise from data centers; review of zoning standards."}},{"type":"Feature","geometry":{"type":"Point","coordinates":[-80.688976,40.856705]},"properties":{"id":"oh-fairfield-township-butler-county-2026","jurisdiction":"Fairfield Township (Butler County)","state":"Ohio","state_abbrev":"OH","jurisdiction_type":"Township","enacted_status":"active","date_enacted_iso":"2026-09-08","current_end_date_iso":"","date_enacted_uncertainty":"exact","duration_days":180,"duration_kind":"fixed_days","sectors":["data_center"],"trigger_categories":["regulatory_gap","infrastructure_capacity","environmental"],"date_enacted":"2026-09-08 (Board of Trustees regular meeting; Resolution No. 26-85 on agenda, approved unanimously per Journal-News)","duration":"6 months","trigger":"Proactive. No data center inquiries, but regional activity (the Amazon Web Services data center near Trenton, other Butler County moratoriums). The township wants to study impacts on infrastructure, utilities and environmental resources and to draft regulations."}},{"type":"Feature","geometry":{"type":"Point","coordinates":[-83.440112,39.583989]},"properties":{"id":"oh-fayette-county-2026","jurisdiction":"Fayette County","state":"Ohio","state_abbrev":"OH","jurisdiction_type":"County","enacted_status":"active","date_enacted_iso":"2026-09-21","current_end_date_iso":"","date_enacted_uncertainty":"exact","duration_days":null,"duration_kind":"until_date","sectors":["data_center"],"trigger_categories":["regulatory_gap","land_use_compatibility","agricultural_preservation"],"date_enacted":"2026-09-21 (Board of County Commissioners vote on motion by Commissioner Donnie Fleak, seconded by Chairman Jim Garland; Commissioner Tony Anderson absent; resolution drafted by Prosecutor Jess Weade and signed by two commissioners the same afternoon; per Record-Herald)","duration":"Through June 1, 2027 (eight months and 10 days); commissioners may modify, rescind or extend it earlier","trigger":"Resolutions from the seven county-zoned townships supporting a moratorium and resident objections; county preparing a comprehensive Land Use Plan expected mid-2027"}},{"type":"Feature","geometry":{"type":"Point","coordinates":[-83.650398,41.041387]},"properties":{"id":"oh-findlay-2026","jurisdiction":"Findlay","state":"Ohio","state_abbrev":"OH","jurisdiction_type":"City","enacted_status":"active","date_enacted_iso":"2026-04-21","current_end_date_iso":"","date_enacted_uncertainty":"exact","duration_days":365,"duration_kind":"fixed_days","sectors":["data_center"],"trigger_categories":["infrastructure_capacity","water","grid_energy"],"date_enacted":"2026-04-21","duration":"12 months","trigger":"Public concern over power demand, water use, infrastructure strain, and possible data center interest in/near Hancock County"}},{"type":"Feature","geometry":{"type":"Point","coordinates":[-81.145433,41.239301]},"properties":{"id":"oh-freedom-township-portage-county-2026","jurisdiction":"Freedom Township (Portage County)","state":"Ohio","state_abbrev":"OH","jurisdiction_type":"Township","enacted_status":"active","date_enacted_iso":"2026-03-19","current_end_date_iso":"","date_enacted_uncertainty":"exact","duration_days":365,"duration_kind":"fixed_days","sectors":["data_center"],"trigger_categories":["regulatory_gap","water","infrastructure_capacity"],"date_enacted":"2026-03-19 (Board of Trustees regular meeting, motion for a one-year moratorium, 3-0 roll call; minutes number the motion 03.18.26.04)","duration":"One (1) year.","trigger":"Regional Planning advised townships cannot deny data centers outright but can set zoning conditions; concerns over limited infrastructure and water-table impacts."}},{"type":"Feature","geometry":{"type":"Point","coordinates":[-81.145433,41.239301]},"properties":{"id":"oh-freedom-township-wood-county-2026","jurisdiction":"Freedom Township (Wood County)","state":"Ohio","state_abbrev":"OH","jurisdiction_type":"Township","enacted_status":"active","date_enacted_iso":"2026-01","current_end_date_iso":"","date_enacted_uncertainty":"month_only","duration_days":null,"duration_kind":"unknown","sectors":["data_center"],"trigger_categories":["regulatory_gap","other"],"date_enacted":"2026-01 (trustees adopted a moratorium in January 2026, per fiscal officer Julie Getz quoted by BG Independent News); exact date not found","duration":"Not reported (temporary moratorium; term not stated in the only available source)","trigger":"Trustees wanted time to research the impacts of data centers and gather resident input amid concern over the Meta data center in Middleton Township."}},{"type":"Feature","geometry":{"type":"Point","coordinates":[-81.096486,41.284222]},"properties":{"id":"oh-garrettsville-2026","jurisdiction":"Garrettsville","state":"Ohio","state_abbrev":"OH","jurisdiction_type":"Village","enacted_status":"active","date_enacted_iso":"2026-08-12","current_end_date_iso":"","date_enacted_uncertainty":"exact","duration_days":365,"duration_kind":"fixed_days","sectors":["data_center"],"trigger_categories":["regulatory_gap","grid_energy","water","noise","land_use_compatibility","environmental"],"date_enacted":"2026-08-12 (Village Council, third reading after public hearing, unanimous; emergency ordinance; per approved 8/12/26 council minutes and village 'Passed Legislation' notice)","duration":"12 months, unless council first amends village ordinances to regulate data centers or revokes the moratorium; council may extend","trigger":"Preemptive pause while the village reviews zoning; council cited that current zoning may not address energy and water use, land use, building quality, aesthetics, lighting, noise, location and environmental impacts, amid a wave of Portage County moratoriums (Ravenna, Streetsboro, Shalersville, Windham) and large AI data center proposals."}},{"type":"Feature","geometry":{"type":"Point","coordinates":[-80.947621,41.805254]},"properties":{"id":"oh-geneva-2026","jurisdiction":"Geneva","state":"Ohio","state_abbrev":"OH","jurisdiction_type":"City","enacted_status":"active","date_enacted_iso":"2026-06-08","current_end_date_iso":"","date_enacted_uncertainty":"exact","duration_days":365,"duration_kind":"fixed_days","sectors":["data_center"],"trigger_categories":["regulatory_gap","water","noise"],"date_enacted":"2026-06-08 (City Council Monday meeting; second reading, then passed 6-1 as an emergency, per Star Beacon 2026-06-10)","duration":"12 months","trigger":"Preemptive. There were concerns about statewide data center growth and a possible project in nearby Perry, and no data center zoning. Water, noise and health concerns were raised."}},{"type":"Feature","geometry":{"type":"Point","coordinates":[-80.700941,41.154038]},"properties":{"id":"oh-girard-undated","jurisdiction":"Girard","state":"Ohio","state_abbrev":"OH","jurisdiction_type":"City","enacted_status":"active","date_enacted_iso":"2026-07-13","current_end_date_iso":"2027-07-13","date_enacted_uncertainty":"exact","duration_days":365,"duration_kind":"fixed_days","sectors":["data_center"],"trigger_categories":["water","noise","regulatory_gap"],"date_enacted":"2026-07-13 (third and final reading, emergency ordinance; effective upon Mayor Mark Zuppo's signature; per WFMJ and Tribune Chronicle)","duration":"12 months","trigger":"Councilwoman Lily Martuccio cited unknown effects of data centers on communities, including water contamination and noise complaints reported elsewhere"}},{"type":"Feature","geometry":{"type":"Point","coordinates":[-82.054589,41.272552]},"properties":{"id":"oh-grafton-2026","jurisdiction":"Grafton","state":"Ohio","state_abbrev":"OH","jurisdiction_type":"Village","enacted_status":"active","date_enacted_iso":"2026-05-19","current_end_date_iso":"2031-05-18","date_enacted_uncertainty":"exact","duration_days":1825,"duration_kind":"fixed_days","sectors":["data_center"],"trigger_categories":["other","regulatory_gap"],"date_enacted":"2026-05-19 (emergency ordinance)","duration":"Five years, per Spectrum News reporting; the adopted ordinance number and full text were not located on the village's official ordinance page during this review [VERIFY]","trigger":"Community opposition reflected in village polling and the mayor's recommendation for a pause on data center development"}},{"type":"Feature","geometry":{"type":"Point","coordinates":[-84.653621,39.164809]},"properties":{"id":"oh-green-township-harrison-county-2026","jurisdiction":"Green Township (Harrison County)","state":"Ohio","state_abbrev":"OH","jurisdiction_type":"Township","enacted_status":"active","date_enacted_iso":"2026-07-14","current_end_date_iso":"","date_enacted_uncertainty":"exact","duration_days":365,"duration_kind":"fixed_days","sectors":["data_center","general"],"trigger_categories":["specific_project","regulatory_gap","land_use_compatibility","noise","water"],"date_enacted":"2026-07-14 (Board of Trustees meeting, Tuesday night; per WTOV9 report dated 2026-07-14)","duration":"12 months, effective immediately; could be extended","trigger":"Resident opposition to data center development; a company bought ~300 acres in the township in 2024 for a proposed data center. Township has no zoning and is creating a zoning commission."}},{"type":"Feature","geometry":{"type":"Point","coordinates":[-83.092964,39.881452]},"properties":{"id":"oh-grove-city-2026","jurisdiction":"Grove City","state":"Ohio","state_abbrev":"OH","jurisdiction_type":"City","enacted_status":"active","date_enacted_iso":"2026-06-01","current_end_date_iso":"","date_enacted_uncertainty":"exact","duration_days":365,"duration_kind":"fixed_days","sectors":["data_center"],"trigger_categories":["regulatory_gap","infrastructure_capacity","specific_project"],"date_enacted":"2026-06-01 (emergency measure)","duration":"12 months","trigger":"Resident concern following reports of an in-development Stream Data Centers project near Rensch Road/Harrisburg Pike, though the city attorney said no application had been filed; council sought time for policy review, infrastructure analysis, and public engagement"}},{"type":"Feature","geometry":{"type":"Point","coordinates":[-82.957033,39.854671]},"properties":{"id":"oh-hamilton-township-warren-county-2026","jurisdiction":"Hamilton Township (Warren County)","state":"Ohio","state_abbrev":"OH","jurisdiction_type":"Township","enacted_status":"active","date_enacted_iso":"2026-05-20","current_end_date_iso":"","date_enacted_uncertainty":"exact","duration_days":365,"duration_kind":"fixed_days","sectors":["data_center"],"trigger_categories":["regulatory_gap","grid_energy","water","noise","land_use_compatibility"],"date_enacted":"2026-05-20 (Board of Trustees regular session; Resolution 26-0520B adopted as emergency, effective on passage; per certified resolution)","duration":"Twelve months from the effective date, expiring May 20, 2027","trigger":"Large-scale data centers raise concerns about grid reliability, rising electricity prices, water and utility availability, noise, aesthetics and safety; township needs time to consider zoning text amendments."}},{"type":"Feature","geometry":{"type":"Point","coordinates":[-83.707608,41.211597]},"properties":{"id":"oh-henry-township-wood-county-2026","jurisdiction":"Henry Township (Wood County)","state":"Ohio","state_abbrev":"OH","jurisdiction_type":"Township","enacted_status":"active","date_enacted_iso":"2026","current_end_date_iso":"","date_enacted_uncertainty":"year_only","duration_days":null,"duration_kind":"unknown","sectors":["data_center"],"trigger_categories":["regulatory_gap"],"date_enacted":"On or before 2026-03-13 (fiscal officer Matt Davis told BG Independent News the township adopted a moratorium); exact date not found","duration":"Not reported (temporary moratorium; term not stated in the only available source)","trigger":"Trustees wanted time to evaluate data centers before one was proposed."}},{"type":"Feature","geometry":{"type":"Point","coordinates":[-80.740701,41.239682]},"properties":{"id":"oh-howland-township-2026","jurisdiction":"Howland Township","state":"Ohio","state_abbrev":"OH","jurisdiction_type":"Township","enacted_status":"active","date_enacted_iso":"2026-06-10","current_end_date_iso":"2026-12-07","date_enacted_uncertainty":"exact","duration_days":180,"duration_kind":"fixed_days","sectors":["data_center"],"trigger_categories":["land_use_compatibility","regulatory_gap"],"date_enacted":"2026-06-10","duration":"6 months, renewable for another 6 months, and reasonably extendable to complete the study and adopt amendments","trigger":"Desire to study data center impacts before approving zoning certificates, conditional use permits, variances, rezonings, and other approvals"}},{"type":"Feature","geometry":{"type":"Point","coordinates":[-80.600491,41.168852]},"properties":{"id":"oh-hubbard-township-2026","jurisdiction":"Hubbard Township","state":"Ohio","state_abbrev":"OH","jurisdiction_type":"Township","enacted_status":"active","date_enacted_iso":"2026-02-10","current_end_date_iso":"2027-02-10","date_enacted_uncertainty":"exact","duration_days":365,"duration_kind":"fixed_days","sectors":["data_center"],"trigger_categories":["regulatory_gap","land_use_compatibility"],"date_enacted":"2026-02-10 (Tuesday vote per Vindicator reporting; trustees voted 2-1 with Trustee Monica Baker abstaining)","duration":"12 months","trigger":"Desire to act before permit filings and allow zoning commission and public engagement"}},{"type":"Feature","geometry":{"type":"Point","coordinates":[-81.440667,41.240056]},"properties":{"id":"oh-hudson-2026","jurisdiction":"Hudson","state":"Ohio","state_abbrev":"OH","jurisdiction_type":"City","enacted_status":"active","date_enacted_iso":"2026-07-14","current_end_date_iso":"","date_enacted_uncertainty":"exact","duration_days":180,"duration_kind":"fixed_days","sectors":["data_center"],"trigger_categories":["regulatory_gap","grid_energy","water","infrastructure_capacity","noise"],"date_enacted":"2026-07-14 (City Council, unanimous on the consent agenda; per cleveland.com and 111things council recap)","duration":"Six months; may be extended another six months","trigger":"Preemptive: give staff time to study impacts on the electric grid, water and sewer, telecommunications, noise and tax revenue and recommend zoning standards before any project is proposed."}},{"type":"Feature","geometry":{"type":"Point","coordinates":[-82.608904,39.013187]},"properties":{"id":"oh-jackson-2026","jurisdiction":"Jackson","state":"Ohio","state_abbrev":"OH","jurisdiction_type":"City","enacted_status":"active","date_enacted_iso":"2026-07-13","current_end_date_iso":"","date_enacted_uncertainty":"exact","duration_days":365,"duration_kind":"fixed_days","sectors":["data_center"],"trigger_categories":["regulatory_gap","grid_energy","infrastructure_capacity"],"date_enacted":"2026-07-13 (City Council regular session; rules suspended and Resolution 19-2026 adopted 6-0, Foster absent; per council minutes)","duration":"Twelve (12) months from the effective date, extendable by majority vote of council","trigger":"Early interest from the data center industry reported by the mayor, plus unconfirmed reports of a data center in nearby Scioto Township. Utility-rate impacts."}},{"type":"Feature","geometry":{"type":"Point","coordinates":[-84.757238,40.223031]},"properties":{"id":"oh-jackson-township-clermont-county-2026","jurisdiction":"Jackson Township (Clermont County)","state":"Ohio","state_abbrev":"OH","jurisdiction_type":"Township","enacted_status":"active","date_enacted_iso":"2026-03-02","current_end_date_iso":"","date_enacted_uncertainty":"exact","duration_days":365,"duration_kind":"fixed_days","sectors":["data_center"],"trigger_categories":["regulatory_gap","land_use_compatibility"],"date_enacted":"2026-03-02 (Board of Trustees meeting; per the township's official Facebook announcement)","duration":"12 months","trigger":"Preemptive review of potential impacts of data center development and planning for how or if the use fits the community; regional Clermont County data center activity."}},{"type":"Feature","geometry":{"type":"Point","coordinates":[-84.048173,39.137764]},"properties":{"id":"oh-jackson-township-franklin-county-2026","jurisdiction":"Jackson Township (Franklin County)","state":"Ohio","state_abbrev":"OH","jurisdiction_type":"Township","enacted_status":"active","date_enacted_iso":"2026-05-12","current_end_date_iso":"","date_enacted_uncertainty":"exact","duration_days":365,"duration_kind":"fixed_days","sectors":["data_center"],"trigger_categories":["specific_project","land_use_compatibility"],"date_enacted":"2026-05-12, Board of Trustees regular meeting","duration":"Reported as one year (10TV, 614NOW); the official agenda item text itself does not state a duration","trigger":"Resident opposition to a proposed data center project; neighboring Grove City (a separate city government) subsequently passed its own one-year moratorium in June 2026"}},{"type":"Feature","geometry":{"type":"Point","coordinates":[-80.784762,40.379294]},"properties":{"id":"oh-jefferson-2026","jurisdiction":"Jefferson","state":"Ohio","state_abbrev":"OH","jurisdiction_type":"Village","enacted_status":"active","date_enacted_iso":"2026-08-17","current_end_date_iso":"","date_enacted_uncertainty":"exact","duration_days":365,"duration_kind":"fixed_days","sectors":["data_center"],"trigger_categories":["regulatory_gap","grid_energy","water"],"date_enacted":"2026-08-17 (Village Council regular meeting; rules suspended and ordinance adopted as emergency, per Gazette News and Star Beacon)","duration":"Not to exceed 12 months unless council terminates or extends it","trigger":"Precautionary. Data centers are not a permitted principal use, but the village wanted time to review its code (including possible annexation of outside land), citing power grid strain, electric rates and water use."}},{"type":"Feature","geometry":{"type":"Point","coordinates":[-83.235946,40.152644]},"properties":{"id":"oh-jerome-township-2025","jurisdiction":"Jerome Township","state":"Ohio","state_abbrev":"OH","jurisdiction_type":"Township","enacted_status":"replaced","date_enacted_iso":"2025-09-03","current_end_date_iso":"2026-05-31","date_enacted_uncertainty":"exact","duration_days":270,"duration_kind":"fixed_days","sectors":["data_center"],"trigger_categories":["noise","land_use_compatibility","regulatory_gap"],"date_enacted":"2025-09-03","duration":"9 months","trigger":"Citizen concerns about noise, lighting, buffering, construction impacts, and performance standards"}},{"type":"Feature","geometry":{"type":"Point","coordinates":[-81.357805,41.151311]},"properties":{"id":"oh-kent-2026","jurisdiction":"Kent","state":"Ohio","state_abbrev":"OH","jurisdiction_type":"City","enacted_status":"active","date_enacted_iso":"2026-04-15","current_end_date_iso":"","date_enacted_uncertainty":"exact","duration_days":365,"duration_kind":"fixed_days","sectors":["data_center"],"trigger_categories":["regulatory_gap","infrastructure_capacity","environmental","water","grid_energy","land_use_compatibility"],"date_enacted":"2026-04-15","duration":"Not to exceed 1 year","trigger":"Energy, water, infrastructure capacity, environmental, resident, and planning concerns"}},{"type":"Feature","geometry":{"type":"Point","coordinates":[-83.49,41.58]},"properties":{"id":"oh-lake-township-2026","jurisdiction":"Lake Township","state":"Ohio","state_abbrev":"OH","jurisdiction_type":"Township","enacted_status":"active","date_enacted_iso":"2026-03-03","current_end_date_iso":"","date_enacted_uncertainty":"exact","duration_days":365,"duration_kind":"fixed_days","sectors":["data_center"],"trigger_categories":["specific_project","land_use_compatibility"],"date_enacted":"2026-03-03","duration":"12 months","trigger":"Facebook post linking a Tracy Road/Latcha Road property listing as a potential data center site"}},{"type":"Feature","geometry":{"type":"Point","coordinates":[-83.471868,41.558345]},"properties":{"id":"oh-lake-township-stark-county-2026","jurisdiction":"Lake Township (Stark County)","state":"Ohio","state_abbrev":"OH","jurisdiction_type":"Township","enacted_status":"active","date_enacted_iso":"2026-04-27","current_end_date_iso":"","date_enacted_uncertainty":"exact","duration_days":180,"duration_kind":"fixed_days","sectors":["data_center"],"trigger_categories":["regulatory_gap","infrastructure_capacity"],"date_enacted":"2026-04-27 (Board of Lake Township Trustees regular session; Resolution 26-177, roll call 3-0; per official minutes)","duration":"Six (6) months","trigger":"Data centers controversial in Ohio; need to study impacts on health, safety, utilities and infrastructure; letters from residents/Randolph Zoning Commission about data center regulations."}},{"type":"Feature","geometry":{"type":"Point","coordinates":[-83.922995,40.484772]},"properties":{"id":"oh-lakeview-2026","jurisdiction":"Lakeview","state":"Ohio","state_abbrev":"OH","jurisdiction_type":"Village","enacted_status":"active","date_enacted_iso":"2026-05-04","current_end_date_iso":"","date_enacted_uncertainty":"exact","duration_days":365,"duration_kind":"fixed_days","sectors":["data_center"],"trigger_categories":["regulatory_gap"],"date_enacted":"2026-05-04 (Village Council regular meeting; Resolution No. 2026-07 passed unanimously; per council minutes and Peak of Ohio)","duration":"Twelve months","trigger":"Preemptive: regional data center activity in Logan County; zoning officer beginning LUC-recommended zoning updates."}},{"type":"Feature","geometry":{"type":"Point","coordinates":[-84.409735,39.400949]},"properties":{"id":"oh-liberty-township-wood-county-2026","jurisdiction":"Liberty Township (Wood County)","state":"Ohio","state_abbrev":"OH","jurisdiction_type":"Township","enacted_status":"active","date_enacted_iso":"2026","current_end_date_iso":"","date_enacted_uncertainty":"year_only","duration_days":null,"duration_kind":"unknown","sectors":["data_center"],"trigger_categories":["infrastructure_capacity","agricultural_preservation"],"date_enacted":"On or before 2026-03-13 (listed by BG Independent News among Wood County townships whose trustees approved temporary moratoriums); exact date not found","duration":"Not reported (temporary moratorium; term not stated in the only available source)","trigger":"Preemptive: trustee Rod Lucas (also Wood County Township Association president) said the rural township lacks infrastructure for large data centers."}},{"type":"Feature","geometry":{"type":"Point","coordinates":[-84.105006,40.739978]},"properties":{"id":"oh-lima-2026","jurisdiction":"Lima","state":"Ohio","state_abbrev":"OH","jurisdiction_type":"City","enacted_status":"active","date_enacted_iso":"2026-09-14","current_end_date_iso":"","date_enacted_uncertainty":"exact","duration_days":548,"duration_kind":"fixed_days","sectors":["data_center"],"trigger_categories":["regulatory_gap","water","grid_energy","infrastructure_capacity"],"date_enacted":"2026-09-14 (City Council regular meeting; Ordinance 198-26 passed 6 yes, 1 abstention, per Lima News and the council agenda)","duration":"18 months, or until council adopts data center standards if sooner","trigger":"Rapid growth of data center interest in Ohio. Lima's zoning code predates data centers, and demand for city water from outside developments (the city already supplies water to Google's American Township data center) prompted the pause."}},{"type":"Feature","geometry":{"type":"Point","coordinates":[-80.689316,40.683417]},"properties":{"id":"oh-madison-township-lake-county-2026","jurisdiction":"Madison Township (Lake County)","state":"Ohio","state_abbrev":"OH","jurisdiction_type":"Township","enacted_status":"active","date_enacted_iso":"2026-05-28","current_end_date_iso":"","date_enacted_uncertainty":"exact","duration_days":365,"duration_kind":"fixed_days","sectors":["data_center"],"trigger_categories":["regulatory_gap","land_use_compatibility","other"],"date_enacted":"2026-05-28 (Board of Trustees regular meeting; Resolution #26-074 approved 3-0; per signed minutes)","duration":"Twelve (12) months","trigger":"Regional opposition to the Province Group hyperscale data center proposed in nearby Perry Village. Trustees said the cons outweigh the pros."}},{"type":"Feature","geometry":{"type":"Point","coordinates":[-81.52316,40.796512]},"properties":{"id":"oh-massillon-2026","jurisdiction":"Massillon","state":"Ohio","state_abbrev":"OH","jurisdiction_type":"City","enacted_status":"replaced","date_enacted_iso":"2026-04-06","current_end_date_iso":"2026-08-14","date_enacted_uncertainty":"exact","duration_days":180,"duration_kind":"fixed_days","sectors":["data_center"],"trigger_categories":["specific_project","land_use_compatibility"],"date_enacted":"2026-04-06","duration":"180 days","trigger":"Stark County data center concern"}},{"type":"Feature","geometry":{"type":"Point","coordinates":[-83.653824,41.562829]},"properties":{"id":"oh-maumee-2026","jurisdiction":"Maumee","state":"Ohio","state_abbrev":"OH","jurisdiction_type":"City","enacted_status":"active","date_enacted_iso":"2026-02-02","current_end_date_iso":"2027-02-02","date_enacted_uncertainty":"exact","duration_days":365,"duration_kind":"fixed_days","sectors":["data_center"],"trigger_categories":["specific_project","land_use_compatibility"],"date_enacted":"2026-02-02","duration":"12 months","trigger":"Data center siting concern near Fallen Timbers and regional concern over large facilities"}},{"type":"Feature","geometry":{"type":"Point","coordinates":[-81.443927,41.559544]},"properties":{"id":"oh-mayfield-village-2026","jurisdiction":"Mayfield Village","state":"Ohio","state_abbrev":"OH","jurisdiction_type":"Village","enacted_status":"active","date_enacted_iso":"2026-06-22","current_end_date_iso":"","date_enacted_uncertainty":"exact","duration_days":365,"duration_kind":"fixed_days","sectors":["data_center"],"trigger_categories":["regulatory_gap","environmental","noise","land_use_compatibility"],"date_enacted":"2026-06-22 (Village Council vote 5-1 at June 22 meeting, emergency ordinance on first reading per agenda and News-Herald)","duration":"12 months from the effective date","trigger":"Growing national/local interest in data centers; village wants time to review pending studies and financial, safety, environmental and land-use impacts (noise, acreage, 'rapid deployment' tent data centers). Data centers not currently permitted in any district."}},{"type":"Feature","geometry":{"type":"Point","coordinates":[-80.724245,41.163669]},"properties":{"id":"oh-mcdonald-2026","jurisdiction":"McDonald","state":"Ohio","state_abbrev":"OH","jurisdiction_type":"Village","enacted_status":"active","date_enacted_iso":"2026-09-16","current_end_date_iso":"","date_enacted_uncertainty":"exact","duration_days":365,"duration_kind":"fixed_days","sectors":["data_center"],"trigger_categories":["specific_project","regulatory_gap"],"date_enacted":"2026-09-16 (village council special meeting, emergency ordinance, 5-0; per WKBN/Tribune Chronicle/WFMJ)","duration":"12 months (maximum), terminable earlier by council","trigger":"Oppidan proposal to build 8-12 data center buildings on the 360-acre former McDonald Steel site; strong resident opposition; village wants zoning in place for the mill property."}},{"type":"Feature","geometry":{"type":"Point","coordinates":[-84.286608,39.642836]},"properties":{"id":"oh-miamisburg-2026","jurisdiction":"Miamisburg","state":"Ohio","state_abbrev":"OH","jurisdiction_type":"City","enacted_status":"active","date_enacted_iso":"2026-09-01","current_end_date_iso":"","date_enacted_uncertainty":"exact","duration_days":270,"duration_kind":"fixed_days","sectors":["data_center"],"trigger_categories":["specific_project","regulatory_gap"],"date_enacted":"2026-09-01 (City Council vote 6-0; per City of Miamisburg announcement 2026-09-02)","duration":"Nine months.","trigger":"Community concern over a potential large-scale data center at the former DP&L Hutchings Power Station site (owned by Frontier Industrial Corp.) being marketed to developers; city lacks development regulations for data centers."}},{"type":"Feature","geometry":{"type":"Point","coordinates":[-81.812912,41.36144]},"properties":{"id":"oh-middleburg-heights-2026","jurisdiction":"Middleburg Heights","state":"Ohio","state_abbrev":"OH","jurisdiction_type":"City","enacted_status":"active","date_enacted_iso":"2026-06-23","current_end_date_iso":"","date_enacted_uncertainty":"exact","duration_days":365,"duration_kind":"fixed_days","sectors":["data_center"],"trigger_categories":["regulatory_gap"],"date_enacted":"2026-06-23 (City Council passage date shown on city's posting of Ordinance 2026-42; delivered 2026-06-18; emergency)","duration":"Twelve months from the effective date","trigger":"Increased interest in data centers in Ohio municipalities; city needs time to review state codes and local ordinances and draft regulations."}},{"type":"Feature","geometry":{"type":"Point","coordinates":[-81.073516,41.463817]},"properties":{"id":"oh-middlefield-2026","jurisdiction":"Middlefield","state":"Ohio","state_abbrev":"OH","jurisdiction_type":"Village","enacted_status":"active","date_enacted_iso":"2026-07-09","current_end_date_iso":"","date_enacted_uncertainty":"exact","duration_days":365,"duration_kind":"fixed_days","sectors":["data_center"],"trigger_categories":["water","grid_energy","regulatory_gap"],"date_enacted":"2026-07-09 (Village Council passed Ordinance 26-136 on third reading, 6-0, after a public hearing; per approved July 9 minutes and published legal notice)","duration":"Twelve months","trigger":"Concern about strain on water and power; state legislation (HB 646) stalled."}},{"type":"Feature","geometry":{"type":"Point","coordinates":[-83.737378,41.559601]},"properties":{"id":"oh-monclova-township-2026","jurisdiction":"Monclova Township","state":"Ohio","state_abbrev":"OH","jurisdiction_type":"Township","enacted_status":"active","date_enacted_iso":"2026-02-17","current_end_date_iso":"","date_enacted_uncertainty":"exact","duration_days":365,"duration_kind":"fixed_days","sectors":["data_center"],"trigger_categories":["specific_project","regulatory_gap","land_use_compatibility"],"date_enacted":"2026-02-17","duration":"12 months","trigger":"Resident concern over a 200-acre Black Road site, annexation risk to Maumee, and need to retain local zoning control"}},{"type":"Feature","geometry":{"type":"Point","coordinates":[-82.709762,40.161043]},"properties":{"id":"oh-monroe-township-adams-county-2026","jurisdiction":"Monroe Township (Adams County)","state":"Ohio","state_abbrev":"OH","jurisdiction_type":"Township","enacted_status":"active","date_enacted_iso":"2026-03","current_end_date_iso":"","date_enacted_uncertainty":"month_only","duration_days":365,"duration_kind":"fixed_days","sectors":["data_center","general"],"trigger_categories":["specific_project","regulatory_gap","grid_energy","water"],"date_enacted":"2026-03 (first week of March; Board of Trustees unanimous vote reported by Food & Water Watch on 2026-03-09 as 'last week'; exact meeting date and resolution number not found)","duration":"12 months","trigger":"Amazon Web Services exploring a large data center on former power-plant land (Killen/J.M. Stuart station area) in Adams County; residents organizing against it; Monroe trustees also moved to establish township zoning."}},{"type":"Feature","geometry":{"type":"Point","coordinates":[-82.696293,41.24422]},"properties":{"id":"oh-monroeville-2026","jurisdiction":"Monroeville","state":"Ohio","state_abbrev":"OH","jurisdiction_type":"Village","enacted_status":"active","date_enacted_iso":"2026-02-24","current_end_date_iso":"","date_enacted_uncertainty":"exact","duration_days":365,"duration_kind":"fixed_days","sectors":["data_center"],"trigger_categories":["specific_project","grid_energy","water","noise","regulatory_gap","legal_or_litigation"],"date_enacted":"2026-02-24 (special council meeting; unanimous vote on emergency Resolution 2026-01; per the village's special meeting agenda and Norwalk Reflector report)","duration":"Twelve (12) months from the effective date (emergency, effective immediately)","trigger":"Roughly $1.3M in unpaid electric bills from the Gray Matter cryptocurrency mining operation in the Fort Monroe industrial park (now in receivership), plus Decimal Digital's purchase of ~50 acres for a proposed AI data center. Concerns about electric rates, water, noise."}},{"type":"Feature","geometry":{"type":"Point","coordinates":[-82.236061,40.857623]},"properties":{"id":"oh-montgomery-township-2026","jurisdiction":"Montgomery Township","state":"Ohio","state_abbrev":"OH","jurisdiction_type":"Township","enacted_status":"active","date_enacted_iso":"2026-06-17","current_end_date_iso":"2028-06-16","date_enacted_uncertainty":"exact","duration_days":730,"duration_kind":"fixed_days","sectors":["data_center"],"trigger_categories":["regulatory_gap","other"],"date_enacted":"2026-06-17 (trustee vote); reporting indicated trustees would sign the approved resolution on 2026-07-01, but no executed copy or July 1 minutes were located [VERIFY]","duration":"2 years from the effective date unless repealed, extended, or replaced","trigger":"Trustee-initiated study of data center construction impacts and possible future regulation"}},{"type":"Feature","geometry":{"type":"Point","coordinates":[-84.761,39.348165]},"properties":{"id":"oh-morgan-township-butler-county-2026","jurisdiction":"Morgan Township (Butler County)","state":"Ohio","state_abbrev":"OH","jurisdiction_type":"Township","enacted_status":"active","date_enacted_iso":"2026-03","current_end_date_iso":"","date_enacted_uncertainty":"month_only","duration_days":365,"duration_kind":"fixed_days","sectors":["data_center"],"trigger_categories":["regulatory_gap","grid_energy","water"],"date_enacted":"2026-03 (per OCJ map, 'Trustees approved one-year moratorium' in March 2026; Journal-News on 2026-05-11 confirms a moratorium was 'enacted earlier this year'; exact date and resolution number not found)","duration":"One year (per OCJ map)","trigger":"Regulatory gap. The township is drafting data center zoning (water and megawatt caps, no taxpayer-funded grid upgrades) amid regional data center pressure in Butler County."}},{"type":"Feature","geometry":{"type":"Point","coordinates":[-82.827401,40.549227]},"properties":{"id":"oh-mount-gilead-2026","jurisdiction":"Mount Gilead","state":"Ohio","state_abbrev":"OH","jurisdiction_type":"Village","enacted_status":"active","date_enacted_iso":"2026-08-17","current_end_date_iso":"","date_enacted_uncertainty":"exact","duration_days":365,"duration_kind":"fixed_days","sectors":["data_center"],"trigger_categories":["regulatory_gap"],"date_enacted":"2026-08-17 (Village Council, Ordinance 2027 passed on final reading, 5 ayes; per official minutes)","duration":"Not to exceed one year.","trigger":"Preemptive amid Morrow County data center opposition; village is also updating its zoning code (2026 zoning code update RFQ)."}},{"type":"Feature","geometry":{"type":"Point","coordinates":[-83.919652,39.027566]},"properties":{"id":"oh-mount-orab-2026","jurisdiction":"Mount Orab","state":"Ohio","state_abbrev":"OH","jurisdiction_type":"Village","enacted_status":"extended","date_enacted_iso":"2026-03-03","current_end_date_iso":"","date_enacted_uncertainty":"exact","duration_days":180,"duration_kind":"fixed_days","sectors":["data_center"],"trigger_categories":["specific_project","land_use_compatibility","legal_or_litigation"],"date_enacted":"2026-03-03 (confirmed via WLWT 2026-04 reporting: \"On March 3, village leaders voted to impose a six-month moratorium on data center projects\")","duration":"180 days","trigger":"Resident backlash over a roughly 1,200-acre mega-site data center proposal (DB STU LLC; State Route 32 site valued $43M+) and nondisclosure agreements signed by elected officials"}},{"type":"Feature","geometry":{"type":"Point","coordinates":[-83.111886,39.692701]},"properties":{"id":"oh-muhlenberg-township-pickaway-county-2026","jurisdiction":"Muhlenberg Township (Pickaway County)","state":"Ohio","state_abbrev":"OH","jurisdiction_type":"Township","enacted_status":"active","date_enacted_iso":"2026-02-02","current_end_date_iso":"","date_enacted_uncertainty":"exact","duration_days":365,"duration_kind":"fixed_days","sectors":["data_center"],"trigger_categories":["specific_project","regulatory_gap","water","environmental"],"date_enacted":"2026-02-02 (Board of Trustees regular Monday meeting, Resolution 2026-10, unanimous; per Circleville Herald 2026-02-06)","duration":"12 months; trustee said it runs out February 3, 2027.","trigger":"Pacifico Energy requested a zoning change application to build a data center and gas power plant on London Road; petition of 700+ residents; concerns about wells, Big Darby Creek and wildlife area."}},{"type":"Feature","geometry":{"type":"Point","coordinates":[-81.565937,40.952693]},"properties":{"id":"oh-new-franklin-2026","jurisdiction":"New Franklin","state":"Ohio","state_abbrev":"OH","jurisdiction_type":"City","enacted_status":"active","date_enacted_iso":"2026-05-20","current_end_date_iso":"","date_enacted_uncertainty":"exact","duration_days":180,"duration_kind":"fixed_days","sectors":["data_center"],"trigger_categories":["regulatory_gap","grid_energy","water","land_use_compatibility"],"date_enacted":"2026-05-20 (City Council, 6-1 after unanimous waiver of three readings; effective immediately; per council minutes and Akron.com)","duration":"6 months","trigger":"Concerns over data centers' electricity and water use and fit with the community; data centers are a conditional use in the new land-use code and the city has little suitable land."}},{"type":"Feature","geometry":{"type":"Point","coordinates":[-80.978147,41.18839]},"properties":{"id":"oh-newton-falls-2026","jurisdiction":"Newton Falls","state":"Ohio","state_abbrev":"OH","jurisdiction_type":"Village","enacted_status":"active","date_enacted_iso":"2026-09-02","current_end_date_iso":"","date_enacted_uncertainty":"exact","duration_days":365,"duration_kind":"fixed_days","sectors":["data_center"],"trigger_categories":["regulatory_gap","infrastructure_capacity"],"date_enacted":"2026-09-02 (council vote 4-0, emergency reading; per WFMJ story dated 2026-09-02 and Tribune Chronicle 2026-09-04 'Wednesday')","duration":"12 months","trigger":"Preemptive planning: village not prepared for a large data center; zoning code lacks data center standards; council cited Lordstown's experience. No project pending."}},{"type":"Feature","geometry":{"type":"Point","coordinates":[-80.76538,41.180835]},"properties":{"id":"oh-niles-2026","jurisdiction":"Niles","state":"Ohio","state_abbrev":"OH","jurisdiction_type":"City","enacted_status":"active","date_enacted_iso":"2026-05-20","current_end_date_iso":"","date_enacted_uncertainty":"exact","duration_days":180,"duration_kind":"fixed_days","sectors":["data_center"],"trigger_categories":["specific_project","regulatory_gap","land_use_compatibility","noise"],"date_enacted":"2026-05-20 (city council vote, unanimous, emergency; per WKBN/WFMJ 2026-05-20 and Tribune Chronicle 2026-05-21)","duration":"180 days (six months)","trigger":"Bitdeer (Whitetail Creek LLC) proposal for a data center at 1047 Belmont Ave. (former Ohio Edison plant) with a request to annex Weathersfield Township land into Niles; city zoning had no data center regulations."}},{"type":"Feature","geometry":{"type":"Point","coordinates":[-81.1259,41.799611]},"properties":{"id":"oh-north-perry-2026","jurisdiction":"North Perry","state":"Ohio","state_abbrev":"OH","jurisdiction_type":"Village","enacted_status":"active","date_enacted_iso":"2026-06-04","current_end_date_iso":"","date_enacted_uncertainty":"exact","duration_days":365,"duration_kind":"fixed_days","sectors":["data_center"],"trigger_categories":["regulatory_gap","infrastructure_capacity","environmental","land_use_compatibility"],"date_enacted":"2026-06-04 (Village Council meeting; unanimous vote on moratorium resolution; per News-Herald)","duration":"12 months","trigger":"No data center zoning regulations; other area communities adopting moratoriums; opposition to the Province Group data center proposed in neighboring Perry Village."}},{"type":"Feature","geometry":{"type":"Point","coordinates":[-82.019032,41.389491]},"properties":{"id":"oh-north-ridgeville-2026","jurisdiction":"North Ridgeville","state":"Ohio","state_abbrev":"OH","jurisdiction_type":"City","enacted_status":"active","date_enacted_iso":"2026-05-18","current_end_date_iso":"","date_enacted_uncertainty":"exact","duration_days":365,"duration_kind":"fixed_days","sectors":["data_center","cryptocurrency_mining"],"trigger_categories":["regulatory_gap","water","infrastructure_capacity","environmental"],"date_enacted":"2026-05-18 (City Council; unanimous vote on emergency Ordinance No. 2026-57; per cleveland.com and Hoodline)","duration":"Up to 12 months","trigger":"Preemptive. National growth of AI/cloud data centers. Demand on water and wastewater systems: the city-owned wastewater plant could need major upgrades. Wanted to block applications before regulations exist."}},{"type":"Feature","geometry":{"type":"Point","coordinates":[-81.724574,41.313664]},"properties":{"id":"oh-north-royalton-2026","jurisdiction":"North Royalton","state":"Ohio","state_abbrev":"OH","jurisdiction_type":"City","enacted_status":"active","date_enacted_iso":"2026-07-21","current_end_date_iso":"","date_enacted_uncertainty":"exact","duration_days":365,"duration_kind":"fixed_days","sectors":["data_center"],"trigger_categories":["regulatory_gap","grid_energy"],"date_enacted":"2026-07-21 (third reading and passage, 7-0; first reading July 7, 2026; per signed Ordinance 26-118)","duration":"One year from the effective date","trigger":"Zoning code does not address data centers (high electrical demand, continuous operation, cooling); also wants to classify similar high-intensity computing uses such as cryptocurrency mining."}},{"type":"Feature","geometry":{"type":"Point","coordinates":[-81.529105,41.29971]},"properties":{"id":"oh-northfield-center-township-2026","jurisdiction":"Northfield Center Township","state":"Ohio","state_abbrev":"OH","jurisdiction_type":"Township","enacted_status":"active","date_enacted_iso":"2026-09-08","current_end_date_iso":"","date_enacted_uncertainty":"exact","duration_days":365,"duration_kind":"fixed_days","sectors":["data_center"],"trigger_categories":["regulatory_gap"],"date_enacted":"2026-09-08 (Board of Trustees regular meeting; Resolution 26/09-08 B on the agenda; approval reported by Nordonia Hills News)","duration":"12 months","trigger":"Township zoning has no rules on where data centers may locate; time to study regulations adopted elsewhere. Zoning Commission had recommended a 24-month moratorium in June 2026; counsel advised a shorter term."}},{"type":"Feature","geometry":{"type":"Point","coordinates":[-84.74761,41.659066]},"properties":{"id":"oh-northwest-township-williams-county-2026","jurisdiction":"Northwest Township (Williams County)","state":"Ohio","state_abbrev":"OH","jurisdiction_type":"Township","enacted_status":"active","date_enacted_iso":"2026-09","current_end_date_iso":"","date_enacted_uncertainty":"month_only","duration_days":365,"duration_kind":"fixed_days","sectors":["data_center"],"trigger_categories":["other"],"date_enacted":"2026-09 (Northwest Township, Williams County trustees approved a data center moratorium; Village Reporter story dated 2026-09-10; exact meeting date not visible, story paywalled)","duration":"One year, with option to renew every year (per OCJ map)","trigger":"Not established from accessible sources (regional data center proposals in Williams County, e.g., Pioneer)."}},{"type":"Feature","geometry":{"type":"Point","coordinates":[-82.590166,40.759542]},"properties":{"id":"oh-ontario-2026","jurisdiction":"Ontario","state":"Ohio","state_abbrev":"OH","jurisdiction_type":"City","enacted_status":"active","date_enacted_iso":"2026-05-06","current_end_date_iso":"","date_enacted_uncertainty":"exact","duration_days":180,"duration_kind":"fixed_days","sectors":["data_center"],"trigger_categories":["regulatory_gap","grid_energy","environmental"],"date_enacted":"2026-05-06 (City Council, 7-0 after suspending three readings; emergency; per 5/6/26 council minutes)","duration":"Six (6) months","trigger":"Preemptive measure after a data center controversy in a neighboring community (Mansfield) and developer approaches to property owners; officials want to see findings of the state data center study commission (HB 646)."}},{"type":"Feature","geometry":{"type":"Point","coordinates":[-81.211275,41.740611]},"properties":{"id":"oh-painesville-township-2026","jurisdiction":"Painesville Township","state":"Ohio","state_abbrev":"OH","jurisdiction_type":"Township","enacted_status":"active","date_enacted_iso":"2026-05-12","current_end_date_iso":"","date_enacted_uncertainty":"exact","duration_days":365,"duration_kind":"fixed_days","sectors":["data_center"],"trigger_categories":["regulatory_gap","land_use_compatibility","infrastructure_capacity","grid_energy","water","noise","property_values"],"date_enacted":"2026-05-12 (Board of Trustees regular meeting; Resolution 2026-057 added to agenda and adopted 3-0; per trustee minutes)","duration":"Twelve (12) months","trigger":"Preemptive. The zoning resolution does not define or regulate data centers. Concerns about land-use compatibility, electric and water demand, noise, heat and few jobs. The Perry Village data center proposal nearby."}},{"type":"Feature","geometry":{"type":"Point","coordinates":[-81.050779,41.166658]},"properties":{"id":"oh-paris-township-union-county-2026","jurisdiction":"Paris Township (Union County)","state":"Ohio","state_abbrev":"OH","jurisdiction_type":"Township","enacted_status":"active","date_enacted_iso":"2026-02","current_end_date_iso":"","date_enacted_uncertainty":"month_only","duration_days":365,"duration_kind":"fixed_days","sectors":["data_center"],"trigger_categories":["regulatory_gap"],"date_enacted":"2026-02 (reported as adopted in Marysville Matters newsletter of 2026-02-06; exact trustee vote date not found; OCJ map lists February 2026)","duration":"One year","trigger":"Data center development pressure around Marysville/Union County (e.g., neighboring Jerome Township); township sought time to regulate."}},{"type":"Feature","geometry":{"type":"Point","coordinates":[-82.204437,39.637029]},"properties":{"id":"oh-perry-undated","jurisdiction":"Perry","state":"Ohio","state_abbrev":"OH","jurisdiction_type":"Village","enacted_status":"pending","date_enacted_iso":"","current_end_date_iso":"","date_enacted_uncertainty":"unverified","duration_days":365,"duration_kind":"fixed_days","sectors":["data_center"],"trigger_categories":["specific_project","regulatory_gap","infrastructure_capacity","grid_energy","water","environmental"],"date_enacted":"Pending: Ordinance No. 2026-13 had its first reading 2026-08-13 (read, not voted) and was on the 2026-09-10 agenda for second reading; no adoption record found as of 2026-09-23","duration":"One (1) year from the effective date (as drafted); emergency clause, effective on passage and mayoral approval","trigger":"The Province Group hyperscale data center proposal at the village-owned Champion Farm. The village refused a tax abatement (July 2026) and the acting mayor cited Ohio's changed stance on data centers. Infrastructure, power, water and environmental review."}},{"type":"Feature","geometry":{"type":"Point","coordinates":[-80.857491,40.900392]},"properties":{"id":"oh-perry-township-lake-county-2026","jurisdiction":"Perry Township (Lake County)","state":"Ohio","state_abbrev":"OH","jurisdiction_type":"Township","enacted_status":"active","date_enacted_iso":"2026-07-28","current_end_date_iso":"","date_enacted_uncertainty":"exact","duration_days":365,"duration_kind":"fixed_days","sectors":["data_center"],"trigger_categories":["specific_project","regulatory_gap"],"date_enacted":"2026-07-28 (Board of Trustees; Resolution 2026-30 per the township's 2026 resolution index)","duration":"One year (per News-Herald report of township records)","trigger":"Proposed data center on the former Champion Farm property (parcels owned by the township, Perry Village and the Perry JEDD); regional Lake County moratoria."}},{"type":"Feature","geometry":{"type":"Point","coordinates":[-84.26261,39.020225]},"properties":{"id":"oh-pierce-township-2026","jurisdiction":"Pierce Township","state":"Ohio","state_abbrev":"OH","jurisdiction_type":"Township","enacted_status":"extended","date_enacted_iso":"2026-02-11","current_end_date_iso":"2027-05-31","date_enacted_uncertainty":"exact","duration_days":240,"duration_kind":"fixed_days","sectors":["data_center"],"trigger_categories":["regulatory_gap","infrastructure_capacity","noise","land_use_compatibility","property_values"],"date_enacted":"2026-02-11","duration":"8 months","trigger":"Zoning resolution did not define or regulate data center uses; concerns over compatibility, infrastructure demand, utility use, noise, scale, and property impacts"}},{"type":"Feature","geometry":{"type":"Point","coordinates":[-84.553014,41.680054]},"properties":{"id":"oh-pioneer-2026","jurisdiction":"Pioneer","state":"Ohio","state_abbrev":"OH","jurisdiction_type":"Village","enacted_status":"active","date_enacted_iso":"2026-09-14","current_end_date_iso":"","date_enacted_uncertainty":"exact","duration_days":180,"duration_kind":"fixed_days","sectors":["data_center"],"trigger_categories":["specific_project","grid_energy","noise"],"date_enacted":"2026-09-14 (village council regular meeting, 6-0 vote; per The Village Reporter and Bryan Times)","duration":"Six months (180 days), can be ended early by council","trigger":"Cervenka Development Partners plan to buy the former AquaBounty Technologies property and build a 20 MW data center; concerns over energy use and noise/health."}},{"type":"Feature","geometry":{"type":"Point","coordinates":[-83.266968,40.107882]},"properties":{"id":"oh-plain-city-undated","jurisdiction":"Plain City","state":"Ohio","state_abbrev":"OH","jurisdiction_type":"Village","enacted_status":"active","date_enacted_iso":"2026-08-10","current_end_date_iso":"2027-08-10","date_enacted_uncertainty":"exact","duration_days":365,"duration_kind":"fixed_days","sectors":["data_center"],"trigger_categories":["regulatory_gap"],"date_enacted":"2026-08-10 (Village Council vote on second reading, unanimous, Ordinance 37-2026; per Columbus Dispatch and Marysville Journal-Tribune)","duration":"One year; council may extend or remove by legislation","trigger":"Council-directed preparation of moratorium legislation on new data center applications"}},{"type":"Feature","geometry":{"type":"Point","coordinates":[-81.37,40.83]},"properties":{"id":"oh-plain-township-2026","jurisdiction":"Plain Township","state":"Ohio","state_abbrev":"OH","jurisdiction_type":"Township","enacted_status":"active","date_enacted_iso":"2026-03-24","current_end_date_iso":"","date_enacted_uncertainty":"exact","duration_days":365,"duration_kind":"fixed_days","sectors":["data_center"],"trigger_categories":["specific_project"],"date_enacted":"2026-03-24","duration":"12 months","trigger":"Stark County data center concern"}},{"type":"Feature","geometry":{"type":"Point","coordinates":[-82.792566,40.090364]},"properties":{"id":"oh-plain-township-wood-county-2026","jurisdiction":"Plain Township (Wood County)","state":"Ohio","state_abbrev":"OH","jurisdiction_type":"Township","enacted_status":"active","date_enacted_iso":"2026-03","current_end_date_iso":"","date_enacted_uncertainty":"month_only","duration_days":null,"duration_kind":"unknown","sectors":["data_center"],"trigger_categories":["other"],"date_enacted":"2026-03 (week of 2026-03-09; BG Independent News on 2026-03-13 reported Plain Township adopted a moratorium 'this week'); exact date not found","duration":"Not reported (temporary moratorium; term not stated in the only available source)","trigger":"Residents voiced concerns in February 2026 (per trustee Jim Rossow)."}},{"type":"Feature","geometry":{"type":"Point","coordinates":[-83.184622,39.866929]},"properties":{"id":"oh-pleasant-township-franklin-county-2026","jurisdiction":"Pleasant Township (Franklin County)","state":"Ohio","state_abbrev":"OH","jurisdiction_type":"Township","enacted_status":"active","date_enacted_iso":"2026-02-24","current_end_date_iso":"","date_enacted_uncertainty":"exact","duration_days":null,"duration_kind":"unknown","sectors":["data_center"],"trigger_categories":["specific_project"],"date_enacted":"2026-02-24 (Board of Trustees, Resolution 11 at the February 24 meeting; per township meeting-highlights document and petition citing minutes; Columbus Dispatch reports a 2-1 vote in February)","duration":"No time limit stated in the resolution per Columbus Dispatch; OCJ map lists one year (to February 2027)","trigger":"Stream Data Centers / Headwaters proposal for a 300+ acre data center campus between Rensch and Beatty roads spanning Grove City, Jackson Township and Pleasant Township, with possible annexation to Grove City."}},{"type":"Feature","geometry":{"type":"Point","coordinates":[-83.726796,41.124532]},"properties":{"id":"oh-portage-township-wood-county-2026","jurisdiction":"Portage Township (Wood County)","state":"Ohio","state_abbrev":"OH","jurisdiction_type":"Township","enacted_status":"active","date_enacted_iso":"2026-03","current_end_date_iso":"","date_enacted_uncertainty":"month_only","duration_days":null,"duration_kind":"unknown","sectors":["data_center"],"trigger_categories":["specific_project"],"date_enacted":"2026-03 (week of 2026-03-09; BG Independent News on 2026-03-13 reported Portage Township adopted a moratorium 'this week'); exact date not found","duration":"Not reported (temporary moratorium; term not stated in the only available source)","trigger":"Township was approached about a possible site for a data center or wind farm."}},{"type":"Feature","geometry":{"type":"Point","coordinates":[-83.19411,39.935178]},"properties":{"id":"oh-prairie-township-franklin-county-2026","jurisdiction":"Prairie Township (Franklin County)","state":"Ohio","state_abbrev":"OH","jurisdiction_type":"Township","enacted_status":"active","date_enacted_iso":"2026-04-15","current_end_date_iso":"","date_enacted_uncertainty":"exact","duration_days":null,"duration_kind":"until_date","sectors":["data_center"],"trigger_categories":["specific_project","grid_energy","water","noise","land_use_compatibility","environmental"],"date_enacted":"2026-04-15 (Board of Trustees adopted Resolution 18-26; effective immediately)","duration":"Six months, until 11:59 p.m. October 15, 2026","trigger":"Karis Critical CMH LLC evaluating 127 acres in Prairie and Brown townships (Big Darby watershed) for a data center; strain on land, power and water; noise; pending HB 646."}},{"type":"Feature","geometry":{"type":"Point","coordinates":[-84.192426,39.324878]},"properties":{"id":"oh-providence-township-2026","jurisdiction":"Providence Township","state":"Ohio","state_abbrev":"OH","jurisdiction_type":"Township","enacted_status":"active","date_enacted_iso":"2026-04-15","current_end_date_iso":"","date_enacted_uncertainty":"exact","duration_days":365,"duration_kind":"fixed_days","sectors":["data_center"],"trigger_categories":["regulatory_gap","land_use_compatibility"],"date_enacted":"2026-04-15","duration":"12 months","trigger":"Residents' concern about potential east-side township data center siting and lack of zoning language"}},{"type":"Feature","geometry":{"type":"Point","coordinates":[-81.242047,41.157557]},"properties":{"id":"oh-ravenna-2026","jurisdiction":"Ravenna","state":"Ohio","state_abbrev":"OH","jurisdiction_type":"City","enacted_status":"active","date_enacted_iso":"2026-04-20","current_end_date_iso":"","date_enacted_uncertainty":"exact","duration_days":365,"duration_kind":"fixed_days","sectors":["data_center","cryptocurrency_mining"],"trigger_categories":["specific_project","regulatory_gap"],"date_enacted":"2026-04-20","duration":"12 months","trigger":"Property owner interest in a data center at a former GE manufacturing site and gap in zoning code"}},{"type":"Feature","geometry":{"type":"Point","coordinates":[-81.638178,41.239777]},"properties":{"id":"oh-richfield-2026","jurisdiction":"Richfield","state":"Ohio","state_abbrev":"OH","jurisdiction_type":"Village","enacted_status":"extended","date_enacted_iso":"2026-03-03","current_end_date_iso":"","date_enacted_uncertainty":"exact","duration_days":180,"duration_kind":"fixed_days","sectors":["data_center"],"trigger_categories":["regulatory_gap","grid_energy","water","noise","infrastructure_capacity"],"date_enacted":"2026-03-03 (Village Council, readings suspended; Ordinance 18-2026, 180 days); extended 2026-09-03 at a special meeting by Ordinance 74-2026 (additional 180 days, emergency)","duration":"180 days (2026-03-03 to about 2026-08-30), plus an additional 180-day moratorium enacted 2026-09-03 (to about 2027-03-02)","trigger":"Data centers' large buildings, high electricity and water use and noise; village wants resources and infrastructure in place and new rules folded into its first full zoning code rewrite since 2010."}},{"type":"Feature","geometry":{"type":"Point","coordinates":[-81.607248,41.240403]},"properties":{"id":"oh-richfield-township-2026","jurisdiction":"Richfield Township","state":"Ohio","state_abbrev":"OH","jurisdiction_type":"Township","enacted_status":"active","date_enacted_iso":"2026-02-17","current_end_date_iso":"","date_enacted_uncertainty":"exact","duration_days":365,"duration_kind":"fixed_days","sectors":["data_center"],"trigger_categories":["specific_project","land_use_compatibility"],"date_enacted":"2026-02-17","duration":"12 months","trigger":"Anthony Wayne area data center concern"}},{"type":"Feature","geometry":{"type":"Point","coordinates":[-81.781175,40.972364]},"properties":{"id":"oh-rittman-2026","jurisdiction":"Rittman","state":"Ohio","state_abbrev":"OH","jurisdiction_type":"City","enacted_status":"active","date_enacted_iso":"2026-04-13","current_end_date_iso":"","date_enacted_uncertainty":"exact","duration_days":180,"duration_kind":"fixed_days","sectors":["data_center"],"trigger_categories":["regulatory_gap","infrastructure_capacity"],"date_enacted":"2026-04-13 (city council adopted Ordinance No. 8519 on third reading, all yeas; per approved minutes of the 2026-04-13 meeting)","duration":"180 days; council may rescind earlier","trigger":"Planning and Zoning Code needs review and updating to ensure proper development and that the city has processes, resources and infrastructure for data center demand."}},{"type":"Feature","geometry":{"type":"Point","coordinates":[-83.188294,40.293982]},"properties":{"id":"oh-scioto-township-2026","jurisdiction":"Scioto Township","state":"Ohio","state_abbrev":"OH","jurisdiction_type":"Township","enacted_status":"active","date_enacted_iso":"2026-03-05","current_end_date_iso":"","date_enacted_uncertainty":"exact","duration_days":365,"duration_kind":"fixed_days","sectors":["data_center"],"trigger_categories":["regulatory_gap","land_use_compatibility"],"date_enacted":"2026-03-05 (Thursday trustee meeting per Scioto Post; Trustee Wasmus introduced 2 weeks earlier; debate over 6 vs 12 months ended in 12-month vote)","duration":"12 months (Trustee Wolfe's 6-month proposal rejected)","trigger":"Rapid AI/data center expansion and township zoning concerns; current zoning code has \"little to no language\" addressing such facilities"}},{"type":"Feature","geometry":{"type":"Point","coordinates":[-81.245655,41.237839]},"properties":{"id":"oh-shalersville-township-2025","jurisdiction":"Shalersville Township","state":"Ohio","state_abbrev":"OH","jurisdiction_type":"Township","enacted_status":"extended","date_enacted_iso":"2025-11","current_end_date_iso":"","date_enacted_uncertainty":"month_only","duration_days":180,"duration_kind":"fixed_days","sectors":["data_center"],"trigger_categories":["specific_project","regulatory_gap","noise","water","grid_energy","fire_safety"],"date_enacted":"2025-11 (Board of Trustees; exact vote date not found; per trustee chairman's account reported by Weekly Villager, June 2026); extended six months in early April 2026 (Record-Courier)","duration":"Six months (Nov 2025 to about May 2026), extended by six months in April 2026 to early November 2026; trustees said Aug. 18, 2026 they would extend another six months if needed","trigger":"Proposed 257-acre data center campus by Geis Construction and Bitdeer near Beck Road/SR 44 north of the Ohio Turnpike; trustees wanted time to write conditional-use standards for lights, noise, landscaping, building size, utilities, water and fire suppression."}},{"type":"Feature","geometry":{"type":"Point","coordinates":[-82.211537,39.604791]},"properties":{"id":"oh-shawnee-township-2026","jurisdiction":"Shawnee Township","state":"Ohio","state_abbrev":"OH","jurisdiction_type":"Township","enacted_status":"active","date_enacted_iso":"2026-04-13","current_end_date_iso":"","date_enacted_uncertainty":"exact","duration_days":540,"duration_kind":"fixed_days","sectors":["data_center","battery_storage","solar"],"trigger_categories":["regulatory_gap","land_use_compatibility"],"date_enacted":"2026-04-13","duration":"18 months","trigger":"Zoning board recommendation and resident concern over data centers, battery energy storage systems, and solar energy fields"}},{"type":"Feature","geometry":{"type":"Point","coordinates":[-82.986849,39.718396]},"properties":{"id":"oh-south-bloomfield-2025","jurisdiction":"South Bloomfield","state":"Ohio","state_abbrev":"OH","jurisdiction_type":"Village","enacted_status":"replaced","date_enacted_iso":"2025-12-15","current_end_date_iso":"","date_enacted_uncertainty":"unverified","duration_days":180,"duration_kind":"fixed_days","sectors":["data_center"],"trigger_categories":["regulatory_gap","land_use_compatibility","other"],"date_enacted":"2025-12-15","duration":"180 days","trigger":"Pickaway County data center interest, health concerns, unanswered questions, and zoning-code review"}},{"type":"Feature","geometry":{"type":"Point","coordinates":[-82.58627,38.41786]},"properties":{"id":"oh-south-point-2026","jurisdiction":"South Point","state":"Ohio","state_abbrev":"OH","jurisdiction_type":"Village","enacted_status":"active","date_enacted_iso":"2026-05-12","current_end_date_iso":"","date_enacted_uncertainty":"exact","duration_days":180,"duration_kind":"fixed_days","sectors":["data_center"],"trigger_categories":["specific_project","regulatory_gap","other"],"date_enacted":"2026-05-12 (Village Council regular May meeting, third reading, 4-2 vote; per Ironton Tribune report of Sunday 2026-05-17 saying 'passed on Tuesday')","duration":"Six months","trigger":"A presentation by a consultant for StrataX, a renewable-powered 'micro' data center developer interested in a site in the village industrial park (fly-ash field). Council wanted time to study legal, fiscal and health issues and revenue capture."}},{"type":"Feature","geometry":{"type":"Point","coordinates":[-83.79,41.535]},"properties":{"id":"oh-spencer-township-2026","jurisdiction":"Spencer Township","state":"Ohio","state_abbrev":"OH","jurisdiction_type":"Township","enacted_status":"active","date_enacted_iso":"2026-03-05","current_end_date_iso":"","date_enacted_uncertainty":"exact","duration_days":365,"duration_kind":"fixed_days","sectors":["data_center"],"trigger_categories":["specific_project"],"date_enacted":"2026-03-05","duration":"12 months","trigger":"Anthony Wayne area data center concern"}},{"type":"Feature","geometry":{"type":"Point","coordinates":[-83.658924,38.693876]},"properties":{"id":"oh-sprigg-township-2026","jurisdiction":"Sprigg Township","state":"Ohio","state_abbrev":"OH","jurisdiction_type":"Township","enacted_status":"active","date_enacted_iso":"2026-03-02","current_end_date_iso":"","date_enacted_uncertainty":"exact","duration_days":365,"duration_kind":"fixed_days","sectors":["data_center"],"trigger_categories":["specific_project","land_use_compatibility"],"date_enacted":"2026-03-02","duration":"12 months voluntary moratorium","trigger":"Proposed data center activity around the former Stuart power plant in Adams County"}},{"type":"Feature","geometry":{"type":"Point","coordinates":[-83.810138,39.923405]},"properties":{"id":"oh-springfield-2026","jurisdiction":"Springfield","state":"Ohio","state_abbrev":"OH","jurisdiction_type":"City","enacted_status":"active","date_enacted_iso":"2026-07-14","current_end_date_iso":"","date_enacted_uncertainty":"exact","duration_days":180,"duration_kind":"fixed_days","sectors":["data_center"],"trigger_categories":["regulatory_gap"],"date_enacted":"2026-07-14 (second reading, 5-0)","duration":"6 months","trigger":"City study of 'High-Density Computing Facilities' as a land use before permitting is resumed"}},{"type":"Feature","geometry":{"type":"Point","coordinates":[-84.498557,39.167001]},"properties":{"id":"oh-st-bernard-undated","jurisdiction":"St. Bernard","state":"Ohio","state_abbrev":"OH","jurisdiction_type":"City","enacted_status":"pending","date_enacted_iso":"","current_end_date_iso":"","date_enacted_uncertainty":"unverified","duration_days":365,"duration_kind":"fixed_days","sectors":["data_center"],"trigger_categories":["specific_project","regulatory_gap"],"date_enacted":"Pending: 12-month moratorium legislation before council, vote possible Thursday 2026-09-24 (per WVXU 2026-09-23)","duration":"12 months (proposed)","trigger":"CAI Investments proposal to convert part of the former St. Bernard Soap Company / P&G Ivorydale plant into a 150,000 sq ft, 24 MW data center; no data center regulations in the code."}},{"type":"Feature","geometry":{"type":"Point","coordinates":[-80.575488,40.692031]},"properties":{"id":"oh-st-clair-township-butler-county-2026","jurisdiction":"St. Clair Township (Butler County)","state":"Ohio","state_abbrev":"OH","jurisdiction_type":"Township","enacted_status":"active","date_enacted_iso":"2026-05-05","current_end_date_iso":"","date_enacted_uncertainty":"exact","duration_days":365,"duration_kind":"fixed_days","sectors":["data_center"],"trigger_categories":["specific_project","regulatory_gap"],"date_enacted":"2026-05-05 (Board of Trustees; yearlong moratorium resolution, per Journal-News 2026-05-11)","duration":"12 months","trigger":"The City of Trenton moved to annex about 600 acres of St. Clair and Madison township land for a second data center (later tied to Amazon Web Services). The trustees also cited the need to update the zoning resolution and a planned state data center study commission."}},{"type":"Feature","geometry":{"type":"Point","coordinates":[-84.389396,40.54227]},"properties":{"id":"oh-st-marys-2026","jurisdiction":"St. Marys","state":"Ohio","state_abbrev":"OH","jurisdiction_type":"City","enacted_status":"active","date_enacted_iso":"2026-06-22","current_end_date_iso":"","date_enacted_uncertainty":"exact","duration_days":365,"duration_kind":"fixed_days","sectors":["data_center"],"trigger_categories":["regulatory_gap","other"],"date_enacted":"2026-06-22 (passed with one abstention)","duration":"12 months","trigger":"Resident Dakota Humphries raised environmental, utility, infrastructure, privacy, and economic concerns at a May 11 meeting; city officials said no developer had contacted the city"}},{"type":"Feature","geometry":{"type":"Point","coordinates":[-81.345941,41.239223]},"properties":{"id":"oh-streetsboro-2026","jurisdiction":"Streetsboro","state":"Ohio","state_abbrev":"OH","jurisdiction_type":"City","enacted_status":"active","date_enacted_iso":"2026-04-27","current_end_date_iso":"","date_enacted_uncertainty":"exact","duration_days":365,"duration_kind":"fixed_days","sectors":["data_center","cryptocurrency_mining"],"trigger_categories":["regulatory_gap","land_use_compatibility"],"date_enacted":"2026-04-27 (City Council, 6-0, emergency; per approved minutes of the 4/27/26 regular meeting)","duration":"One year; may be extended at council's discretion","trigger":"Preemptive pause (Planning Commission recommendation of April 14, 2026) to update the zoning code amid Portage County data center proposals; mayor has said he envisions a permanent ban."}},{"type":"Feature","geometry":{"type":"Point","coordinates":[-82.859067,40.242562]},"properties":{"id":"oh-sunbury-2026","jurisdiction":"Sunbury","state":"Ohio","state_abbrev":"OH","jurisdiction_type":"City","enacted_status":"active","date_enacted_iso":"2026-04-15","current_end_date_iso":"","date_enacted_uncertainty":"exact","duration_days":null,"duration_kind":"until_date","sectors":["data_center"],"trigger_categories":["specific_project","property_values","noise","grid_energy","environmental","water"],"date_enacted":"2026-04-15 (City Council unanimous vote on first reading with rules suspended; Resolution 2026.12)","duration":"Through January 31, 2027, extendable by majority vote","trigger":"Resident opposition to a planned Amazon Web Services data center (~$2 billion) at Sunbury's Business and Technology Park; concerns over property values, noise, health, grid, environment and water."}},{"type":"Feature","geometry":{"type":"Point","coordinates":[-83.940839,41.537719]},"properties":{"id":"oh-swancreek-township-fulton-county-2026","jurisdiction":"Swancreek Township (Fulton County)","state":"Ohio","state_abbrev":"OH","jurisdiction_type":"Township","enacted_status":"active","date_enacted_iso":"2026-05","current_end_date_iso":"","date_enacted_uncertainty":"month_only","duration_days":null,"duration_kind":"until_date","sectors":["data_center","solar"],"trigger_categories":["regulatory_gap","grid_energy","infrastructure_capacity"],"date_enacted":"2026-05 (Board of Trustees vote at the early-May meeting; moratorium effective May 5, 2026 per The Village Reporter)","duration":"Six months, effective May 5 and expiring Nov. 5, 2026","trigger":"Zoning Commission chair sought time to draft data center and solar regulations; trustee worried the local grid and infrastructure could not handle a data center."}},{"type":"Feature","geometry":{"type":"Point","coordinates":[-81.441799,41.101462]},"properties":{"id":"oh-tallmadge-2026","jurisdiction":"Tallmadge","state":"Ohio","state_abbrev":"OH","jurisdiction_type":"City","enacted_status":"active","date_enacted_iso":"2026-04-13","current_end_date_iso":"","date_enacted_uncertainty":"unverified","duration_days":180,"duration_kind":"fixed_days","sectors":["data_center"],"trigger_categories":["regulatory_gap","water","grid_energy","land_use_compatibility","environmental","noise"],"date_enacted":"2026-04-13","duration":"6 months or until code changes/revocation","trigger":"Current zoning code may not address energy and water consumption, land use, building quality, aesthetics, lighting, noise, location, and environmental effects"}},{"type":"Feature","geometry":{"type":"Point","coordinates":[-83.177954,41.114485]},"properties":{"id":"oh-tiffin-2026","jurisdiction":"Tiffin","state":"Ohio","state_abbrev":"OH","jurisdiction_type":"City","enacted_status":"active","date_enacted_iso":"2026-04-20","current_end_date_iso":"","date_enacted_uncertainty":"exact","duration_days":365,"duration_kind":"fixed_days","sectors":["data_center"],"trigger_categories":["regulatory_gap","legal_or_litigation"],"date_enacted":"2026-04-20 (third reading waived; passed 6-0 on third reading, declared emergency by second 6-0 vote per tiffinohio.net)","duration":"Up to 12 months; clock stops early if zoning review completes earlier","trigger":"Desire to craft zoning rules or consider prohibition while Ohio lawmakers consider statewide regulation; Law Director Zach Fowler walked council through proposal in March; City Administrator Nick Dutro framed purpose"}},{"type":"Feature","geometry":{"type":"Point","coordinates":[-82.801498,40.241033]},"properties":{"id":"oh-trenton-township-delaware-county-2026","jurisdiction":"Trenton Township (Delaware County)","state":"Ohio","state_abbrev":"OH","jurisdiction_type":"Township","enacted_status":"active","date_enacted_iso":"2026-04-01","current_end_date_iso":"","date_enacted_uncertainty":"exact","duration_days":365,"duration_kind":"fixed_days","sectors":["data_center"],"trigger_categories":["noise","water","grid_energy","regulatory_gap","specific_project"],"date_enacted":"2026-04-01 (Board of Trustees unanimous vote at April 1 meeting; per Delaware Gazette quoting the resolution)","duration":"12 months from the date of adoption","trigger":"Noise, water use and grid strain; zoning resolution does not define data centers; neighboring Sunbury's rezoning of 330 acres for a data center (AWS)."}},{"type":"Feature","geometry":{"type":"Point","coordinates":[-81.440113,41.312555]},"properties":{"id":"oh-twinsburg-2026","jurisdiction":"Twinsburg","state":"Ohio","state_abbrev":"OH","jurisdiction_type":"City","enacted_status":"active","date_enacted_iso":"2026-04-14","current_end_date_iso":"","date_enacted_uncertainty":"exact","duration_days":365,"duration_kind":"fixed_days","sectors":["data_center"],"trigger_categories":["regulatory_gap","grid_energy","environmental","water","infrastructure_capacity"],"date_enacted":"2026-04-14 (City Council, unanimous, rules suspended, adopted as emergency; per approved 4/14/26 council minutes)","duration":"Not to exceed twelve (12) months","trigger":"Resident concern over rumored data center activity (energy demand, environmental effects incl. pollinators, water, wastewater capacity); time to study and set zoning regulations."}},{"type":"Feature","geometry":{"type":"Point","coordinates":[-83.281309,40.827278]},"properties":{"id":"oh-upper-sandusky-2026","jurisdiction":"Upper Sandusky","state":"Ohio","state_abbrev":"OH","jurisdiction_type":"City","enacted_status":"active","date_enacted_iso":"2026-07","current_end_date_iso":"","date_enacted_uncertainty":"month_only","duration_days":180,"duration_kind":"fixed_days","sectors":["data_center"],"trigger_categories":["specific_project","regulatory_gap","infrastructure_capacity","water"],"date_enacted":"2026-07 (city council approved six-month moratorium in July 2026 per the city's 2026-08-25 press release; Daily Chief Union reported passage on 2026-07-08, so likely at the 2026-07-06 meeting; OCJ map says August 2026)","duration":"Six months","trigger":"Proposal (Smartland Energy) for a ~$600M data center north of the city with a 150 MW natural gas power plant; city reviewing rules for 'high resource demand' development."}},{"type":"Feature","geometry":{"type":"Point","coordinates":[-83.75243,40.108391]},"properties":{"id":"oh-urbana-2026","jurisdiction":"Urbana","state":"Ohio","state_abbrev":"OH","jurisdiction_type":"City","enacted_status":"active","date_enacted_iso":"2026-03-03","current_end_date_iso":"","date_enacted_uncertainty":"exact","duration_days":365,"duration_kind":"fixed_days","sectors":["data_center"],"trigger_categories":["specific_project","water","environmental","regulatory_gap"],"date_enacted":"2026-03-03 (City Council Tuesday meeting; 6-1 vote on an emergency 12-month moratorium, per WYSO 2026-03-04)","duration":"12 months","trigger":"Thor Equities' proposed $1B 'Urbana Technology Hub' data center (with CyrusOne) near Ohio 55 and U.S. 68, close to the Cedar Bog Nature Preserve aquifer. There was strong resident opposition."}},{"type":"Feature","geometry":{"type":"Point","coordinates":[-84.198831,39.890612]},"properties":{"id":"oh-vandalia-2026","jurisdiction":"Vandalia","state":"Ohio","state_abbrev":"OH","jurisdiction_type":"City","enacted_status":"active","date_enacted_iso":"2026-04-20","current_end_date_iso":"","date_enacted_uncertainty":"exact","duration_days":365,"duration_kind":"fixed_days","sectors":["data_center"],"trigger_categories":["regulatory_gap"],"date_enacted":"2026-04-20 (City Council, Resolution 26-R-27, added to agenda and approved 6-0; per official minutes)","duration":"One year (365 days) per council discussion recorded in minutes.","trigger":"Council wants time for staff and Planning Commission to develop zoning regulations for data centers; part of a package with discount-store and gas-station moratoria."}},{"type":"Feature","geometry":{"type":"Point","coordinates":[-82.364607,41.421989]},"properties":{"id":"oh-vermilion-2026","jurisdiction":"Vermilion","state":"Ohio","state_abbrev":"OH","jurisdiction_type":"City","enacted_status":"active","date_enacted_iso":"2026-04-20","current_end_date_iso":"2027-03-23","date_enacted_uncertainty":"exact","duration_days":null,"duration_kind":"until_date","sectors":["data_center"],"trigger_categories":["regulatory_gap","other"],"date_enacted":"2026-04-20 (council adoption of emergency Ordinance 2026-17, introduced 2026-03-23, per cleveland.com review of city records); effective on mayoral approval; runs through 2027-03-23","duration":"Through 2027-03-23","trigger":"Need for administration, Planning Commission, and Council to review Ohio statutes, regulations, and local ordinances"}},{"type":"Feature","geometry":{"type":"Point","coordinates":[-82.401349,41.388535]},"properties":{"id":"oh-vermilion-township-erie-county-2026","jurisdiction":"Vermilion Township (Erie County)","state":"Ohio","state_abbrev":"OH","jurisdiction_type":"Township","enacted_status":"active","date_enacted_iso":"2026-03-04","current_end_date_iso":"","date_enacted_uncertainty":"exact","duration_days":365,"duration_kind":"fixed_days","sectors":["data_center"],"trigger_categories":["regulatory_gap","noise","water","grid_energy","infrastructure_capacity","land_use_compatibility"],"date_enacted":"2026-03-04 (Board of Trustees regular meeting; Resolution 2026-06 adopted 3-0, Baughman, Rowe & Sexton; per official minutes)","duration":"Not to exceed twelve (12) months from passage; ends earlier on repeal or on the effective date of zoning text amendments satisfying the moratorium's goals","trigger":"Preemptive: concerns over health impacts, noise, water consumption, utility cost increases, land-use transformation and infrastructure capacity; a data center under construction in nearby Perkins Township and regional pushback; no specific local proposal."}},{"type":"Feature","geometry":{"type":"Point","coordinates":[-80.664388,41.239466]},"properties":{"id":"oh-vienna-township-2026","jurisdiction":"Vienna Township","state":"Ohio","state_abbrev":"OH","jurisdiction_type":"Township","enacted_status":"extended","date_enacted_iso":"2026-02-17","current_end_date_iso":"","date_enacted_uncertainty":"exact","duration_days":180,"duration_kind":"fixed_days","sectors":["data_center"],"trigger_categories":["regulatory_gap","infrastructure_capacity"],"date_enacted":"2026-02-17 (trustee vote 2-1 on 180-day moratorium resolution, per Trustee Haddle quoted by Tribune Chronicle 2026-08-04); extended 60 days on 2026-08-03 (Monday meeting)","duration":"180 days (to 2026-08-16), extended 60 days to 2026-10-16","trigger":"Preemptive: allow zoning commission to draft data center regulations; followed Hubbard Township's moratorium."}},{"type":"Feature","geometry":{"type":"Point","coordinates":[-82.952958,39.715619]},"properties":{"id":"oh-ashville-2025","jurisdiction":"Village of Ashville","state":"Ohio","state_abbrev":"OH","jurisdiction_type":"Village","enacted_status":"extended","date_enacted_iso":"2025-12-22","current_end_date_iso":"2027-01-02","date_enacted_uncertainty":"unverified","duration_days":180,"duration_kind":"fixed_days","sectors":["data_center"],"trigger_categories":["specific_project","regulatory_gap","infrastructure_capacity","land_use_compatibility"],"date_enacted":"2025-12-22","duration":"180 days (Ord. 2025-13, originally recorded 2025-12-22 to 2026-06-20), followed by a second 180-day moratorium under Ordinance 2026-14 (adopted 2026-07-06), through approximately 2027-01-02","trigger":"Proposed EdgeConneX project, resident opposition, infrastructure and zoning capacity concerns"}},{"type":"Feature","geometry":{"type":"Point","coordinates":[-80.857431,41.165976]},"properties":{"id":"oh-lordstown-2026","jurisdiction":"Village of Lordstown","state":"Ohio","state_abbrev":"OH","jurisdiction_type":"Village","enacted_status":"extended","date_enacted_iso":"2026-01-05","current_end_date_iso":"2027-01-01","date_enacted_uncertainty":"exact","duration_days":180,"duration_kind":"fixed_days","sectors":["data_center"],"trigger_categories":["specific_project","infrastructure_capacity","environmental","water","grid_energy","land_use_compatibility"],"date_enacted":"2026-01-05; extension adopted 2026-06-15 (emergency, after public hearing), effective 2026-07-05","duration":"180 days (Ord. 1-2026, effective 2026-01-05 through 2026-07-04), extended a further 180 days by a second emergency ordinance passed mid-June 2026, effective 2026-07-05 through approximately 2027-01-02","trigger":"Electric load, water demand, infrastructure capacity, environmental impacts, and long-term land use planning"}},{"type":"Feature","geometry":{"type":"Point","coordinates":[-80.857431,41.165976]},"properties":{"id":"oh-village-of-lordstown-2026","jurisdiction":"Village of Lordstown","state":"Ohio","state_abbrev":"OH","jurisdiction_type":"Village","enacted_status":"active","date_enacted_iso":"2026-07-06","current_end_date_iso":"","date_enacted_uncertainty":"exact","duration_days":180,"duration_kind":"fixed_days","sectors":["battery_storage"],"trigger_categories":["regulatory_gap","fire_safety","environmental"],"date_enacted":"2026-07-06 (passed in Council as an emergency ordinance, per the signed Ordinance No. 38-2026; first reading 2026-06-01, public hearing 2026-06-15)","duration":"Not to exceed 180 days from passage","trigger":"BESS fire and toxic-emission risks to first responders and residents; village wants time to review codes before any BESS applicant (none known), alongside its data center moratorium"}},{"type":"Feature","geometry":{"type":"Point","coordinates":[-84.180897,39.420398]},"properties":{"id":"oh-warren-2026","jurisdiction":"Warren","state":"Ohio","state_abbrev":"OH","jurisdiction_type":"City","enacted_status":"active","date_enacted_iso":"2026-09-09","current_end_date_iso":"","date_enacted_uncertainty":"exact","duration_days":365,"duration_kind":"fixed_days","sectors":["data_center"],"trigger_categories":["regulatory_gap","noise","environmental","infrastructure_capacity","grid_energy","water"],"date_enacted":"2026-09-09 (city council vote 8-0; per WFMJ 2026-09-09 and Tribune Chronicle 2026-09-10 'Wednesday')","duration":"One year from the ordinance's effective date unless extended, repealed or replaced","trigger":"Council concerns over noise, strain on local utilities and the environment; existing zoning not designed for large-scale data centers; follows other Trumbull County moratoria. Originally introduced in May as a push toward an outright ban."}},{"type":"Feature","geometry":{"type":"Point","coordinates":[-83.133733,40.113149]},"properties":{"id":"oh-washington-township-2025","jurisdiction":"Washington Township","state":"Ohio","state_abbrev":"OH","jurisdiction_type":"Township","enacted_status":"extended","date_enacted_iso":"2025-12-09","current_end_date_iso":"2026-09-05","date_enacted_uncertainty":"exact","duration_days":90,"duration_kind":"fixed_days","sectors":["data_center"],"trigger_categories":["regulatory_gap","infrastructure_capacity","water","grid_energy","fire_safety","noise","land_use_compatibility"],"date_enacted":"2025-12-09","duration":"90 days initial (2025-12-09 to 2026-03-09), then extended six months to 2026-09-05 by Resolution #2026.02.10.005, adopted unanimously (roll call, all present voting Aye) at the February 10, 2026 trustee meeting.","trigger":"Resident and trustee concerns over grid strain, water use, fire safety, noise, and compatibility with residential land use"}},{"type":"Feature","geometry":{"type":"Point","coordinates":[-83.133733,40.113149]},"properties":{"id":"oh-washington-township-logan-county-2026","jurisdiction":"Washington Township (Logan County)","state":"Ohio","state_abbrev":"OH","jurisdiction_type":"Township","enacted_status":"active","date_enacted_iso":"2026-07","current_end_date_iso":"","date_enacted_uncertainty":"range","duration_days":365,"duration_kind":"fixed_days","sectors":["data_center"],"trigger_categories":["regulatory_gap"],"date_enacted":"July or August 2026 (per Ohio Capital Journal map; trustees meet the 2nd Monday, i.e., 2026-07-13 or 2026-08-10); the underlying document (Google Drive) could not be read","duration":"One year (per OCJ map)","trigger":"Not established. The OCJ map also lists a proposed zoning amendment defining data centers with no permitted use (an effective ban)."}},{"type":"Feature","geometry":{"type":"Point","coordinates":[-83.133733,40.113149]},"properties":{"id":"oh-washington-township-montgomery-county-2026","jurisdiction":"Washington Township (Montgomery County)","state":"Ohio","state_abbrev":"OH","jurisdiction_type":"Township","enacted_status":"active","date_enacted_iso":"2026-04-20","current_end_date_iso":"","date_enacted_uncertainty":"exact","duration_days":360,"duration_kind":"fixed_days","sectors":["data_center"],"trigger_categories":["regulatory_gap","grid_energy","noise","infrastructure_capacity"],"date_enacted":"2026-04-20 (Board of Trustees, Monday evening meeting, unanimous resolution; per WKEF/Dayton 24/7 Now 2026-04-21 and Dayton Daily News 2026-04-21)","duration":"360 days, effective immediately.","trigger":"Preemptive; resident concerns about utility demand, noise, aesthetics, safety and infrastructure; no application pending."}},{"type":"Feature","geometry":{"type":"Point","coordinates":[-83.133733,40.113149]},"properties":{"id":"oh-washington-township-pickaway-county-2026","jurisdiction":"Washington Township (Pickaway County)","state":"Ohio","state_abbrev":"OH","jurisdiction_type":"Township","enacted_status":"active","date_enacted_iso":"2026-06","current_end_date_iso":"","date_enacted_uncertainty":"month_only","duration_days":null,"duration_kind":"until_date","sectors":["data_center"],"trigger_categories":["other"],"date_enacted":"2026-06 (trustees; per OCJ map, citing a Public Notices Ohio legal notice that could not be read)","duration":"Until July 2027 (per OCJ map).","trigger":"Unknown; Pickaway County has several data center fights (Commercial Point, Muhlenberg, Ashville, Scioto Township)."}},{"type":"Feature","geometry":{"type":"Point","coordinates":[-83.133733,40.113149]},"properties":{"id":"oh-washington-township-stark-county-2026","jurisdiction":"Washington Township (Stark County)","state":"Ohio","state_abbrev":"OH","jurisdiction_type":"Township","enacted_status":"active","date_enacted_iso":"2026-04-06","current_end_date_iso":"","date_enacted_uncertainty":"exact","duration_days":365,"duration_kind":"fixed_days","sectors":["data_center"],"trigger_categories":["regulatory_gap"],"date_enacted":"2026-04-06 (Board of Trustees, 2-0 with Trustee Wallace absent; per township minutes and Canton Repository meeting highlights)","duration":"Twelve (12) months","trigger":"Resident questions about data centers; trustees want to add a dedicated data center section to the township zoning code."}},{"type":"Feature","geometry":{"type":"Point","coordinates":[-83.72,41.5]},"properties":{"id":"oh-waterville-township-2025","jurisdiction":"Waterville Township","state":"Ohio","state_abbrev":"OH","jurisdiction_type":"Township","enacted_status":"active","date_enacted_iso":"2025-12-17","current_end_date_iso":"","date_enacted_uncertainty":"exact","duration_days":365,"duration_kind":"fixed_days","sectors":["data_center"],"trigger_categories":["regulatory_gap","land_use_compatibility","agricultural_preservation"],"date_enacted":"2025-12-17","duration":"12 months","trigger":"Potential data center interest and need to study conditions for agriculturally zoned land"}},{"type":"Feature","geometry":{"type":"Point","coordinates":[-84.086601,39.529782]},"properties":{"id":"oh-waynesville-2026","jurisdiction":"Waynesville","state":"Ohio","state_abbrev":"OH","jurisdiction_type":"Village","enacted_status":"active","date_enacted_iso":"2026-05-18","current_end_date_iso":"","date_enacted_uncertainty":"exact","duration_days":null,"duration_kind":"unknown","sectors":["data_center"],"trigger_categories":["regulatory_gap"],"date_enacted":"2026-05-18 (village council adopted Ordinance No. 2026-020 as an emergency, 7 yeas, after waiving readings; per approved council minutes)","duration":"Temporary; OCJ map reports a 180-day moratorium expiring Oct. 31 (term not stated in minutes; ordinance text not found)","trigger":"Allow the village to research data centers and see what the State of Ohio task force determines; review whether zoning code needs updating."}},{"type":"Feature","geometry":{"type":"Point","coordinates":[-80.77195,41.168815]},"properties":{"id":"oh-weathersfield-township-2026","jurisdiction":"Weathersfield Township","state":"Ohio","state_abbrev":"OH","jurisdiction_type":"Township","enacted_status":"extended","date_enacted_iso":"2026-04-30","current_end_date_iso":"","date_enacted_uncertainty":"exact","duration_days":180,"duration_kind":"fixed_days","sectors":["data_center"],"trigger_categories":["specific_project","regulatory_gap","grid_energy","water","noise","infrastructure_capacity","environmental"],"date_enacted":"2026-04-30 (trustees' special meeting, 3-0 resolution, effective that day; per WKBN 2026-04-30 and Tribune Chronicle May 2026); extended six months in September 2026","duration":"Six months (to about late October 2026), extended six more months into April 2027","trigger":"Bitdeer (Whitetail Creek LLC) plan for a data center on Belmont Avenue at the former Ohio Edison plant and petition to annex three township parcels into Niles; concerns over grid, utility costs, water, sewer, noise, traffic."}},{"type":"Feature","geometry":{"type":"Point","coordinates":[-82.217568,41.168587]},"properties":{"id":"oh-wellington-2026","jurisdiction":"Wellington","state":"Ohio","state_abbrev":"OH","jurisdiction_type":"Village","enacted_status":"active","date_enacted_iso":"2026-03-16","current_end_date_iso":"","date_enacted_uncertainty":"exact","duration_days":365,"duration_kind":"fixed_days","sectors":["data_center"],"trigger_categories":["regulatory_gap","land_use_compatibility","property_values"],"date_enacted":"2026-03-16 (Village Council vote, Monday evening, unanimous; Ordinance 2026-07, expedited passage requested by council president; per News 5 Cleveland 2026-03-17 and cleveland.com 2026-03-20)","duration":"One year, with an option to extend for one additional year.","trigger":"Preemptive; prompted by data center and mega-site controversies in nearby Lorain County communities (New Russia Township mega site, Brownhelm Township land purchases); no Wellington project proposed."}},{"type":"Feature","geometry":{"type":"Point","coordinates":[-81.917917,41.455323]},"properties":{"id":"oh-westlake-2026","jurisdiction":"Westlake","state":"Ohio","state_abbrev":"OH","jurisdiction_type":"City","enacted_status":"active","date_enacted_iso":"2026-09-03","current_end_date_iso":"","date_enacted_uncertainty":"exact","duration_days":180,"duration_kind":"fixed_days","sectors":["data_center"],"trigger_categories":["regulatory_gap"],"date_enacted":"2026-09-03 (City Council unanimous vote at Sept. 3 meeting, emergency ordinance; per cleveland.com)","duration":"Six months from effective date (or until code amendments or repeal, whichever first); up to two 90-day extensions","trigger":"Zoning code does not address data centers directly; precautionary review though data centers are not a permitted use."}},{"type":"Feature","geometry":{"type":"Point","coordinates":[-83.812832,41.363773]},"properties":{"id":"oh-weston-township-wood-county-2026","jurisdiction":"Weston Township (Wood County)","state":"Ohio","state_abbrev":"OH","jurisdiction_type":"Township","enacted_status":"active","date_enacted_iso":"2026","current_end_date_iso":"","date_enacted_uncertainty":"year_only","duration_days":null,"duration_kind":"unknown","sectors":["data_center"],"trigger_categories":["other"],"date_enacted":"On or before 2026-03-13 (trustee Randy Tolles told BG Independent News the township adopted a moratorium); exact date not found","duration":"Not reported (temporary moratorium; term not stated in the only available source)","trigger":"Trustees do not want data centers coming to the township."}},{"type":"Feature","geometry":{"type":"Point","coordinates":[-81.453449,41.605327]},"properties":{"id":"oh-wickliffe-2026","jurisdiction":"Wickliffe","state":"Ohio","state_abbrev":"OH","jurisdiction_type":"City","enacted_status":"active","date_enacted_iso":"2026-06-22","current_end_date_iso":"","date_enacted_uncertainty":"exact","duration_days":365,"duration_kind":"fixed_days","sectors":["data_center"],"trigger_categories":["regulatory_gap","land_use_compatibility"],"date_enacted":"2026-06-22 (City Council meeting; rules suspended and Ordinance 2026-39 adopted 6-1, Jaworski dissenting; emergency; per council minutes and certified ordinance)","duration":"Twelve (12) months from the effective date, or until code amendments are enacted or council revokes it, whichever first","trigger":"The mayor wanted to be proactive before any hyperscale data center approach, following Painesville Township and Eastlake. Needs code review."}},{"type":"Feature","geometry":{"type":"Point","coordinates":[-84.052989,39.054231]},"properties":{"id":"oh-williamsburg-2026","jurisdiction":"Williamsburg","state":"Ohio","state_abbrev":"OH","jurisdiction_type":"Village","enacted_status":"active","date_enacted_iso":"2026-03-12","current_end_date_iso":"","date_enacted_uncertainty":"exact","duration_days":365,"duration_kind":"fixed_days","sectors":["data_center"],"trigger_categories":["regulatory_gap","environmental"],"date_enacted":"2026-03-12, Village Council, signed by Mayor James Weaver","duration":"One year from effective date","trigger":"Council desired time to study the economic and environmental impacts of data centers on the Village and its residents and to develop siting/operation regulations"}},{"type":"Feature","geometry":{"type":"Point","coordinates":[-84.066131,39.039299]},"properties":{"id":"oh-williamsburg-township-2026","jurisdiction":"Williamsburg Township","state":"Ohio","state_abbrev":"OH","jurisdiction_type":"Township","enacted_status":"extended","date_enacted_iso":"2026-01-26","current_end_date_iso":"","date_enacted_uncertainty":"exact","duration_days":null,"duration_kind":"until_date","sectors":["data_center"],"trigger_categories":["regulatory_gap"],"date_enacted":"2026-01-26 (Board of Trustees Resolution No. 2026-04, six-month moratorium); extended 2026-07-13 by Resolution No. 2026-17 to 12 months, ending 11:59 p.m. 2027-01-25 (per 2026-07-13 minutes)","duration":"Originally six months; extended to 12 months, until 11:59 p.m. January 25, 2027","trigger":"The township lacks data center zoning language; the township attorney is drafting it."}},{"type":"Feature","geometry":{"type":"Point","coordinates":[-81.406501,41.63977]},"properties":{"id":"oh-willoughby-2026","jurisdiction":"Willoughby","state":"Ohio","state_abbrev":"OH","jurisdiction_type":"City","enacted_status":"active","date_enacted_iso":"2026-07-14","current_end_date_iso":"","date_enacted_uncertainty":"exact","duration_days":365,"duration_kind":"fixed_days","sectors":["data_center"],"trigger_categories":["regulatory_gap","infrastructure_capacity","water","grid_energy","environmental","land_use_compatibility"],"date_enacted":"2026-07-14 (City Council regular meeting; Resolution No. 2026-98 passed, emergency; per the city's legal notice of legislation passed July 14, 2026)","duration":"One (1) year from passage; council may extend up to six (6) months or lift early","trigger":"Preemptive. One large parcel (Riverside Commons, in litigation for more than 20 years) could host a data center, with major power and water infrastructure nearby. The city is waiting on state data center study results."}},{"type":"Feature","geometry":{"type":"Point","coordinates":[-81.078065,41.237084]},"properties":{"id":"oh-windham-township-portage-county-2026","jurisdiction":"Windham Township (Portage County)","state":"Ohio","state_abbrev":"OH","jurisdiction_type":"Township","enacted_status":"active","date_enacted_iso":"2026-05","current_end_date_iso":"","date_enacted_uncertainty":"month_only","duration_days":null,"duration_kind":"unknown","sectors":["data_center"],"trigger_categories":["regulatory_gap"],"date_enacted":"2026-05 (trustees' regular meeting 'last Thursday' before the Weekly Villager's 2026-05-15 story, likely 2026-05-07; unanimous motion by Trustee Rich Gano)","duration":"Not reported","trigger":"Township zoning has no language to prohibit data centers; pending Portage County Regional Planning Commission review of a proposed AI data center zoning amendment; county-wide data center proposals."}},{"type":"Feature","geometry":{"type":"Point","coordinates":[-83.929653,39.684782]},"properties":{"id":"oh-xenia-2026","jurisdiction":"Xenia","state":"Ohio","state_abbrev":"OH","jurisdiction_type":"City","enacted_status":"active","date_enacted_iso":"2026-06-25","current_end_date_iso":"","date_enacted_uncertainty":"exact","duration_days":365,"duration_kind":"fixed_days","sectors":["data_center"],"trigger_categories":["regulatory_gap","grid_energy","water","noise"],"date_enacted":"2026-06-25 (City Council passage after public hearing; introduced June 11; ordinance effective July 25, 2026 per Xenia Gazette)","duration":"One year","trigger":"Precautionary: nearby Wilmington and Urbana fights; concerns about electric rates, water, noise and heat; zoning code does not address data centers. City had been approached before but grid could not support one."}},{"type":"Feature","geometry":{"type":"Point","coordinates":[-83.892523,39.804543]},"properties":{"id":"oh-yellow-springs-2026","jurisdiction":"Yellow Springs","state":"Ohio","state_abbrev":"OH","jurisdiction_type":"Village","enacted_status":"active","date_enacted_iso":"2026-05-18","current_end_date_iso":"","date_enacted_uncertainty":"exact","duration_days":365,"duration_kind":"fixed_days","sectors":["data_center"],"trigger_categories":["grid_energy","regulatory_gap"],"date_enacted":"2026-05-18 (emergency reading)","duration":"12 months, expiring 2027-05-18","trigger":"Pause on zoning permits/approvals for new data centers with aggregate monthly demand or peak load above 2 MW, and for expansions of existing facilities crossing that threshold; council narrowed the proposal at a May 4 work session before adopting it May 18"}},{"type":"Feature","geometry":{"type":"Point","coordinates":[-95.790819,36.052599]},"properties":{"id":"ok-broken-arrow-2026","jurisdiction":"Broken Arrow","state":"Oklahoma","state_abbrev":"OK","jurisdiction_type":"City","enacted_status":"active","date_enacted_iso":"2026-06-15","current_end_date_iso":"","date_enacted_uncertainty":"exact","duration_days":null,"duration_kind":"until_date","sectors":["data_center"],"trigger_categories":["regulatory_gap"],"date_enacted":"2026-06-15, City Council enactment with emergency clause","duration":"Until the earlier of December 31, 2026, or adoption of permanent regulations, with a possible extension totaling no more than six additional months","trigger":"Development of permanent data center regulations"}},{"type":"Feature","geometry":{"type":"Point","coordinates":[-95.52055,34.024623]},"properties":{"id":"ok-choctaw-2026","jurisdiction":"Choctaw","state":"Oklahoma","state_abbrev":"OK","jurisdiction_type":"City","enacted_status":"active","date_enacted_iso":"2026-07-21","current_end_date_iso":"","date_enacted_uncertainty":"exact","duration_days":365,"duration_kind":"fixed_days","sectors":["data_center"],"trigger_categories":["regulatory_gap","land_use_compatibility"],"date_enacted":"2026-07-21, Choctaw City Council, 6-1 vote (Councilman Cody Brewer dissenting on principle, not disagreement); accompanying emergency clause passed 6-1 (Councilman Brent Pendergraft dissenting)","duration":"12 months from the July 21, 2026 adoption date","trigger":"Preemptive pause; no data center had submitted plans to build in Choctaw at adoption. Council discussed drafting an outright ban on data centers but opted for a one-year pause to evaluate possible further restrictions instead."}},{"type":"Feature","geometry":{"type":"Point","coordinates":[-97.464904,35.657137]},"properties":{"id":"ok-edmond-2026","jurisdiction":"Edmond","state":"Oklahoma","state_abbrev":"OK","jurisdiction_type":"City","enacted_status":"active","date_enacted_iso":"2026-06-08","current_end_date_iso":"","date_enacted_uncertainty":"exact","duration_days":null,"duration_kind":"until_date","sectors":["data_center"],"trigger_categories":["regulatory_gap","infrastructure_capacity","grid_energy","water"],"date_enacted":"2026-06-08 (Monday), Edmond City Council, unanimous vote, adopted with an emergency clause making it effective immediately.","duration":"Runs through 2026-12-31; staff to report back to council at the 2, 3, and 5-month marks.","trigger":"No pending data center proposal in the city at time of adoption; preemptive pause to allow study of water, electricity, and infrastructure impacts and to draft permanent zoning rules."}},{"type":"Feature","geometry":{"type":"Point","coordinates":[-97.194141,35.659609]},"properties":{"id":"ok-luther-2026","jurisdiction":"Luther","state":"Oklahoma","state_abbrev":"OK","jurisdiction_type":"Town","enacted_status":"active","date_enacted_iso":"2026-06-17","current_end_date_iso":"","date_enacted_uncertainty":"exact","duration_days":null,"duration_kind":"until_date","sectors":["data_center"],"trigger_categories":["specific_project"],"date_enacted":"2026-06-17, Board of Trustees enactment (emergency), meeting relocated outdoors to accommodate attendance","duration":"New data center rezoning and Specific Use Permit applications paused through December 31, 2026, per the published ordinance text","trigger":"Opposition to the pending BLE Landholdings data center proposal"}},{"type":"Feature","geometry":{"type":"Point","coordinates":[-97.439482,35.222572]},"properties":{"id":"ok-norman-2026","jurisdiction":"Norman","state":"Oklahoma","state_abbrev":"OK","jurisdiction_type":"City","enacted_status":"active","date_enacted_iso":"2026-06-23","current_end_date_iso":"","date_enacted_uncertainty":"exact","duration_days":null,"duration_kind":"until_date","sectors":["data_center"],"trigger_categories":["water"],"date_enacted":"2026-06-23, City Council unanimous enactment, emergency provision effective upon adoption and publication","duration":"Through June 9, 2027, or earlier adoption of data center zoning regulations","trigger":"Water consumption concerns from evaporative-cooling data centers"}},{"type":"Feature","geometry":{"type":"Point","coordinates":[-97.517054,35.472989]},"properties":{"id":"ok-oklahoma-city-2026","jurisdiction":"Oklahoma City","state":"Oklahoma","state_abbrev":"OK","jurisdiction_type":"City","enacted_status":"active","date_enacted_iso":"2026-04-21","current_end_date_iso":"","date_enacted_uncertainty":"exact","duration_days":null,"duration_kind":"until_date","sectors":["data_center"],"trigger_categories":["specific_project","regulatory_gap","infrastructure_capacity","water","grid_energy","noise","land_use_compatibility"],"date_enacted":"2026-04-21","duration":"Until 2026-12-31, or earlier if data center zoning amendments are adopted","trigger":"First large data center rezoning requests; no specific zoning use unit or regulations for data centers; concerns about water, electricity, noise, infrastructure, and other public impacts"}},{"type":"Feature","geometry":{"type":"Point","coordinates":[-96.340121,36.66334]},"properties":{"id":"ok-pawhuska-2026","jurisdiction":"Pawhuska","state":"Oklahoma","state_abbrev":"OK","jurisdiction_type":"City","enacted_status":"active","date_enacted_iso":"2026-04-14","current_end_date_iso":"","date_enacted_uncertainty":"exact","duration_days":null,"duration_kind":"until_date","sectors":["data_center"],"trigger_categories":["specific_project","infrastructure_capacity","water","land_use_compatibility","property_values"],"date_enacted":"2026-04-14","duration":"Until 2026-12-31, or earlier if data center regulations are adopted","trigger":"Proposed conversion of an abandoned warehouse near Indian Camp Elementary School into an 8-10 MW AI data center; utility capacity, water, school proximity, property values, and community-impact concerns"}},{"type":"Feature","geometry":{"type":"Point","coordinates":[-96.4925,35.1556]},"properties":{"id":"ok-seminole-nation-of-oklahoma-2026","jurisdiction":"Seminole Nation of Oklahoma","state":"Oklahoma","state_abbrev":"OK","jurisdiction_type":"Tribal","enacted_status":"active","date_enacted_iso":"2026-03-07","current_end_date_iso":"","date_enacted_uncertainty":"exact","duration_days":null,"duration_kind":"indefinite","sectors":["data_center"],"trigger_categories":["specific_project","environmental","water","land_use_compatibility","other"],"date_enacted":"2026-03-07","duration":"Indefinite by design, not merely undisclosed. Per KGOU reporting (June 25, 2026), the resolution's author, Rev. Chebon Kernell, originally drafted a ban on data-center discussions/inquiries/development, but 'that proposal turned into an indefinite moratorium at the suggestion of another council member.' The resolution's own phrase 'the moratorium period' (as quoted by Native News Online) therefore refers to an open-ended condition rather than a fixed numeric term that simply has not been published. The full resolution text remains unposted on sno-nsn.gov.","trigger":"Startup approach seeking an NDA and letter of intent to develop a data center on Seminole lands; environmental, water, sovereignty, and community-health concerns"}},{"type":"Feature","geometry":{"type":"Point","coordinates":[-96.9253,35.327293]},"properties":{"id":"ok-shawnee-2026","jurisdiction":"Shawnee","state":"Oklahoma","state_abbrev":"OK","jurisdiction_type":"City","enacted_status":"active","date_enacted_iso":"2026-08-17","current_end_date_iso":"","date_enacted_uncertainty":"exact","duration_days":null,"duration_kind":"until_date","sectors":["data_center"],"trigger_categories":["regulatory_gap","infrastructure_capacity","grid_energy","water"],"date_enacted":"2026-08-17 (Monday), Shawnee City Commission, unanimous 7-0 vote; resolution sponsored by Commissioner Chris Odneal","duration":"From adoption through December 31, 2027","trigger":"Preemptive pause to allow city staff to study how large-scale data centers might strain local power and water systems, and to update city regulations, before accepting new proposals; city staff had initially estimated a 90-day study period would suffice, but Commissioners opted for a longer runway through the end of 2027. Discussions ahead of the vote also touched on land-use questions involving the Citizen Potawatomi Nation, whose tribal headquarters are in Shawnee."}},{"type":"Feature","geometry":{"type":"Point","coordinates":[-95.992752,36.156312]},"properties":{"id":"ok-tulsa-2026","jurisdiction":"Tulsa","state":"Oklahoma","state_abbrev":"OK","jurisdiction_type":"City","enacted_status":"active","date_enacted_iso":"2026-03-25","current_end_date_iso":"","date_enacted_uncertainty":"exact","duration_days":null,"duration_kind":"until_date","sectors":["data_center"],"trigger_categories":["regulatory_gap","land_use_compatibility"],"date_enacted":"2026-03-25 (unanimous Council vote; reported by Oklahoma Energy Today and Tulsa Flyer; ordinance text included emergency clause requiring immediate effectiveness, so adoption and effective dates coincide)","duration":"Through 2026-12-31, or earlier if data center zoning amendments are adopted","trigger":"Re-evaluation of Tulsa's 2024 classification of data centers as low-impact manufacturing and industry; concern that large-scale data centers may have off-site impacts"}},{"type":"Feature","geometry":{"type":"Point","coordinates":[-122.989425,45.515246]},"properties":{"id":"or-city-of-hillsboro-2026","jurisdiction":"City of Hillsboro","state":"Oregon","state_abbrev":"OR","jurisdiction_type":"City","enacted_status":"active","date_enacted_iso":"2026-07-27","current_end_date_iso":"","date_enacted_uncertainty":"exact","duration_days":120,"duration_kind":"fixed_days","sectors":["data_center","battery_storage"],"trigger_categories":["regulatory_gap","land_use_compatibility"],"date_enacted":"2026-07-27 (City Council adopted signed Resolution No. 2932 at a special meeting, effective immediately)","duration":"120 days unless extended or repealed, with mandatory council review before expiration","trigger":"City sought time to study data center and battery storage impacts and develop code amendments; contemporaneous coverage described Hillsboro as the first Oregon city to adopt a data center land-use moratorium"}},{"type":"Feature","geometry":{"type":"Point","coordinates":[-122.230504,45.160882]},"properties":{"id":"or-clackamas-county-undated","jurisdiction":"Clackamas County","state":"Oregon","state_abbrev":"OR","jurisdiction_type":"County","enacted_status":"pending","date_enacted_iso":"","current_end_date_iso":"","date_enacted_uncertainty":"unverified","duration_days":null,"duration_kind":"unknown","sectors":["data_center"],"trigger_categories":["regulatory_gap","grid_energy","water"],"date_enacted":"","duration":"Proposed countywide moratorium on new data centers, intended by its sponsor (Commissioner Diana Helm) to last until the Oregon Legislature takes up the issue in its 2027 session. The Board of Commissioners voted unanimously on approximately 2026-08-04/08-05 to begin the formal process for a moratorium; Oregon law requires 45 days' notice to the Department of Land Conservation and Development before a public hearing on the proposed moratorium can be held. As of a September 15, 2026 news report, Clackamas County was still described as merely 'considering' a moratorium (alongside Salem, which adopted its own that month); no report of a final Board vote to adopt the moratorium was found as of 2026-09-23.","trigger":"Commissioner Diana Helm reversed an earlier position welcoming data centers, citing conversations with people in the AI/data-center industry who recommended the county not allow them; commissioners cited a desire to act proactively (no land-use application for a new data center had been filed in the county, which has only one existing data center, operated by Siemens in Wilsonville) and cited Hillsboro's and Salem's moratoria as models."}},{"type":"Feature","geometry":{"type":"Point","coordinates":[-120.383948,44.146029]},"properties":{"id":"or-crook-county-undated","jurisdiction":"Crook County","state":"Oregon","state_abbrev":"OR","jurisdiction_type":"County","enacted_status":"pending","date_enacted_iso":"","current_end_date_iso":"","date_enacted_uncertainty":"unverified","duration_days":null,"duration_kind":"unknown","sectors":["solar"],"trigger_categories":["land_use_compatibility","environmental","agricultural_preservation"],"date_enacted":"","duration":"Proposed temporary moratorium on new commercial solar farm development (term not specified in captured sources). The Board of County Commissioners voted 2-1 (date not precisely established in captured sources, reported in late June 2026) to hold public meetings and prepare documents for a potential moratorium; officials said 'the ordinance could begin to take shape' by summer 2026. No report of a final adoption vote was found as of 2026-09-23.","trigger":"Community concern over the pace and scale of new utility-scale solar development clustered along George Millican Road (south of Highway 126 near the Prineville Airport), including impacts on wildlife migration."}},{"type":"Feature","geometry":{"type":"Point","coordinates":[-123.033121,44.939157]},"properties":{"id":"or-salem-2026","jurisdiction":"Salem","state":"Oregon","state_abbrev":"OR","jurisdiction_type":"City","enacted_status":"active","date_enacted_iso":"2026-09-21","current_end_date_iso":"","date_enacted_uncertainty":"exact","duration_days":120,"duration_kind":"fixed_days","sectors":["data_center"],"trigger_categories":["specific_project","water","grid_energy","infrastructure_capacity","regulatory_gap"],"date_enacted":"2026-09-21 (City Council unanimous vote at a special session)","duration":"120 days from adoption (2026-09-21 to 2027-01-19); Oregon law allows extensions of up to 300 additional days with additional findings.","trigger":"specific_project"}},{"type":"Feature","geometry":{"type":"Point","coordinates":[-122.855373,45.143731]},"properties":{"id":"or-woodburn-2026","jurisdiction":"Woodburn","state":"Oregon","state_abbrev":"OR","jurisdiction_type":"City","enacted_status":"active","date_enacted_iso":"2026-09-14","current_end_date_iso":"","date_enacted_uncertainty":"exact","duration_days":120,"duration_kind":"fixed_days","sectors":["data_center"],"trigger_categories":["specific_project","regulatory_gap","grid_energy","water"],"date_enacted":"2026-09-14 (City Council unanimous 6-0 vote)","duration":"120 days from adoption (2026-09-14 to 2027-01-12); the City Manager stated the council could extend it to up to six months total.","trigger":"specific_project"}},{"type":"Feature","geometry":{"type":"Point","coordinates":[-78.74679,40.302547]},"properties":{"id":"pa-adams-township-butler-county-2026","jurisdiction":"Adams Township (Butler County)","state":"Pennsylvania","state_abbrev":"PA","jurisdiction_type":"Township","enacted_status":"active","date_enacted_iso":"2026-07-13","current_end_date_iso":"","date_enacted_uncertainty":"exact","duration_days":180,"duration_kind":"fixed_days","sectors":["data_center","solar","general"],"trigger_categories":["regulatory_gap"],"date_enacted":"2026-07-13, Adams Township Board of Supervisors, unanimous resolution formalizing a June 22, 2026 motion to establish the moratorium (Butler County)","duration":"180 days from the July 13, 2026 resolution (following the June 22, 2026 motion) to draft a curative amendment addressing six business types not covered by current zoning: data centers, power generation plants, large-scale and accessory solar power systems, last-mile fulfillment centers, micro-warehouses, and dispensaries.","trigger":"Regulatory gap: current zoning ordinance does not address data centers, power generation plants, large-scale/accessory solar, last-mile fulfillment centers, micro-warehouses, or dispensaries, allowing any of them to be built anywhere in the township. Board Chairman Russell Ford emphasized the action was preemptive, not prompted by any pending application."}},{"type":"Feature","geometry":{"type":"Point","coordinates":[-74.951279,40.104555]},"properties":{"id":"pa-bensalem-township-2026","jurisdiction":"Bensalem Township","state":"Pennsylvania","state_abbrev":"PA","jurisdiction_type":"Township","enacted_status":"active","date_enacted_iso":"2026-06-08","current_end_date_iso":"","date_enacted_uncertainty":"exact","duration_days":180,"duration_kind":"fixed_days","sectors":["data_center","solar","wind"],"trigger_categories":["regulatory_gap"],"date_enacted":"Township Council adopted a curative-amendment resolution by a 5-0 vote on 2026-06-08.","duration":"180-day municipal curative-amendment period after declaring portions of the zoning ordinance substantively invalid as to data centers, solar energy, and wind energy. Official minutes describe the protected period as a 180-day moratorium.","trigger":"Zoning ordinance lacked provisions for data centers, solar energy, and wind energy."}},{"type":"Feature","geometry":{"type":"Point","coordinates":[-79.07947,41.160435]},"properties":{"id":"pa-brookville-borough-2026","jurisdiction":"Brookville Borough","state":"Pennsylvania","state_abbrev":"PA","jurisdiction_type":"Other","enacted_status":"active","date_enacted_iso":"2026-06-16","current_end_date_iso":"","date_enacted_uncertainty":"unverified","duration_days":180,"duration_kind":"fixed_days","sectors":["data_center"],"trigger_categories":["regulatory_gap","water"],"date_enacted":"Borough Council reportedly voted unanimously on 2026-06-16 for a 180-day moratorium.","duration":"180-day moratorium on data center development; also bars data centers from using borough water during the pause.","trigger":"Water-resource concerns tied to potential nearby data center projects; no formal application was pending."}},{"type":"Feature","geometry":{"type":"Point","coordinates":[-80.339635,40.159146]},"properties":{"id":"pa-buffalo-township-2026","jurisdiction":"Buffalo Township","state":"Pennsylvania","state_abbrev":"PA","jurisdiction_type":"Township","enacted_status":"active","date_enacted_iso":"2026-08-12","current_end_date_iso":"","date_enacted_uncertainty":"exact","duration_days":180,"duration_kind":"fixed_days","sectors":["data_center"],"trigger_categories":["regulatory_gap"],"date_enacted":"2026-08-12, Buffalo Township Board of Supervisors, regular meeting vote creating a municipal curative amendment (Butler County)","duration":"180 days from adoption to draft and adopt zoning standards for data centers; effectively bars new data-center project proposals during that window by preempting a landowner-initiated curative amendment.","trigger":"Regulatory gap: township zoning ordinance does not address data centers; adopted proactively -- following similar action in other Butler County townships (Adams, Center, Lancaster) -- specifically to prevent a developer from forcing the issue via a landowner curative amendment."}},{"type":"Feature","geometry":{"type":"Point","coordinates":[-79.941861,40.851834]},"properties":{"id":"pa-butler-township-2026","jurisdiction":"Butler Township","state":"Pennsylvania","state_abbrev":"PA","jurisdiction_type":"Township","enacted_status":"active","date_enacted_iso":"2026-05-12","current_end_date_iso":"","date_enacted_uncertainty":"exact","duration_days":180,"duration_kind":"fixed_days","sectors":["data_center"],"trigger_categories":["regulatory_gap"],"date_enacted":"Board of Supervisors adopted Resolution No. 05122026 on 2026-05-12.","duration":"Declares the township zoning ordinance substantively invalid for not defining or regulating data centers, triggering a 180-day municipal curative-amendment period during which new data center applications are paused from vesting under the prior ordinance.","trigger":"Zoning ordinance did not define or regulate data centers."}},{"type":"Feature","geometry":{"type":"Point","coordinates":[-80.286775,40.664007]},"properties":{"id":"pa-center-township-2026","jurisdiction":"Center Township","state":"Pennsylvania","state_abbrev":"PA","jurisdiction_type":"Township","enacted_status":"active","date_enacted_iso":"2026-06-10","current_end_date_iso":"","date_enacted_uncertainty":"unverified","duration_days":180,"duration_kind":"fixed_days","sectors":["data_center","general"],"trigger_categories":["regulatory_gap"],"date_enacted":"Board of Supervisors voted unanimously at its regular meeting on Wednesday, 2026-06-10, to approve a curative amendment. Confirmed directly by the Butler Eagle's meeting report, which quotes Supervisors Phil Wulff, Don Pringle, and Mark Lauer on the record from that meeting.","duration":"180-day pause halting data center and power-generation-plant-system development while the township prepares zoning standards.","trigger":"No data center development request had been received; adopted proactively."}},{"type":"Feature","geometry":{"type":"Point","coordinates":[-79.830911,40.707294]},"properties":{"id":"pa-clinton-township-wayne-county-2026","jurisdiction":"Clinton Township (Wayne County)","state":"Pennsylvania","state_abbrev":"PA","jurisdiction_type":"Township","enacted_status":"active","date_enacted_iso":"2026-04-30","current_end_date_iso":"","date_enacted_uncertainty":"exact","duration_days":180,"duration_kind":"fixed_days","sectors":["data_center"],"trigger_categories":["specific_project","regulatory_gap","water","environmental"],"date_enacted":"2026-04-30, Clinton Township Board of Supervisors vote to put a six-month moratorium in place while reviewing a draft data-center ordinance (Wayne County); exact duration in calendar days not confirmed in sources reviewed.","duration":"Approximately six months (treated here as 180 days) from the April 30, 2026 vote, to allow the township and Wayne County Planning Commissions to review a draft data-center/SALDO ordinance before adoption.","trigger":"Specific project combined with a regulatory gap: the moratorium was adopted the same day Linde Corporation submitted a proposal for a data center and gas-fired power plants on a 758-acre former mining parcel near Browndale, on land identified as containing one of only two 'exceptional value waters' streams in Wayne County (Roger's Creek, tributary to the Lackawanna/Susquehanna); the township had already been drafting data-center standards since a December 2025 board request."}},{"type":"Feature","geometry":{"type":"Point","coordinates":[-76.797508,40.056018]},"properties":{"id":"pa-conewago-township-york-county-2026","jurisdiction":"Conewago Township (York County)","state":"Pennsylvania","state_abbrev":"PA","jurisdiction_type":"Township","enacted_status":"active","date_enacted_iso":"2026-07-07","current_end_date_iso":"","date_enacted_uncertainty":"exact","duration_days":180,"duration_kind":"fixed_days","sectors":["data_center"],"trigger_categories":["regulatory_gap"],"date_enacted":"2026-07-07, Conewago Township Board of Supervisors, unanimous vote adopting Resolution 2026-13 (York County)","duration":"180-day moratorium on all data center applications, per the township's own presentation materials.","trigger":"Regulatory gap: zoning ordinance did not address data centers; a draft data-center ordinance and zoning overlay map, developed with township counsel (Eckert Seamans) and engineering consultant (CS Davidson), was presented to the public at a July 23, 2026 special joint meeting of the Board of Supervisors and Planning Commission."}},{"type":"Feature","geometry":{"type":"Point","coordinates":[-75.996113,41.0959]},"properties":{"id":"pa-dorrance-township-2025","jurisdiction":"Dorrance Township","state":"Pennsylvania","state_abbrev":"PA","jurisdiction_type":"Township","enacted_status":"replaced","date_enacted_iso":"2025-08-11","current_end_date_iso":"","date_enacted_uncertainty":"exact","duration_days":180,"duration_kind":"fixed_days","sectors":["data_center"],"trigger_categories":["regulatory_gap","land_use_compatibility"],"date_enacted":"2025-08-11, Dorrance Township Board of Supervisors, unanimous vote (Luzerne County)","duration":"Up to 180 days from Aug. 11, 2025 to amend the zoning ordinance; the process concluded early when the township adopted a permanent zoning amendment on 2025-09-22 (about six weeks later).","trigger":"Regulatory gap combined with public pressure: zoning ordinance was silent on data centers; adopted after more than 100 residents packed a planning commission meeting following rumors that a data center was planned for the township, though officials said no proposal had been received."}},{"type":"Feature","geometry":{"type":"Point","coordinates":[-75.103128,40.301161]},"properties":{"id":"pa-doylestown-township-2026","jurisdiction":"Doylestown Township","state":"Pennsylvania","state_abbrev":"PA","jurisdiction_type":"Township","enacted_status":"active","date_enacted_iso":"2026-06-16","current_end_date_iso":"","date_enacted_uncertainty":"exact","duration_days":180,"duration_kind":"fixed_days","sectors":["data_center"],"trigger_categories":["regulatory_gap"],"date_enacted":"2026-06-16, Doylestown Township Board of Supervisors vote (Bucks County)","duration":"180 days (six months) from June 16, 2026 to adopt new data-center zoning rules; during that time no data-center application may be submitted or reviewed in the township.","trigger":"Regulatory gap: zoning ordinance does not identify or regulate data centers as a permitted use; adopted proactively as part of a broader wave of Bucks County municipalities (following neighboring Falls Township's contested Amazon data center) acting to define and regulate the use before an application arrives."}},{"type":"Feature","geometry":{"type":"Point","coordinates":[-75.551194,40.045985]},"properties":{"id":"pa-east-whiteland-township-2026","jurisdiction":"East Whiteland Township","state":"Pennsylvania","state_abbrev":"PA","jurisdiction_type":"Township","enacted_status":"active","date_enacted_iso":"2026-03","current_end_date_iso":"","date_enacted_uncertainty":"month_only","duration_days":180,"duration_kind":"fixed_days","sectors":["data_center"],"trigger_categories":["regulatory_gap","specific_project","land_use_compatibility"],"date_enacted":"2026-03, East Whiteland Township Board of Supervisors vote to initiate a municipal curative amendment (Chester County); exact day not confirmed in sources reviewed","duration":"180 days from the March 2026 vote to draft and adopt a data-center zoning ordinance ('Data Center Ordinance'); a public hearing to consider its adoption was set for Sept. 24, 2026.","trigger":"Regulatory gap combined with a specific, highly contested project: developer Green Fig's proposal (later expanded to 1.7 million sq ft) for a data center on Swedesford Road, which drew sustained community opposition; the township already had an earlier, separately approved 2024 data-center plan on the same site."}},{"type":"Feature","geometry":{"type":"Point","coordinates":[-74.79213,40.174068]},"properties":{"id":"pa-falls-township-2026","jurisdiction":"Falls Township","state":"Pennsylvania","state_abbrev":"PA","jurisdiction_type":"Township","enacted_status":"active","date_enacted_iso":"2026-07-27","current_end_date_iso":"","date_enacted_uncertainty":"exact","duration_days":180,"duration_kind":"fixed_days","sectors":["data_center"],"trigger_categories":["regulatory_gap","specific_project","land_use_compatibility"],"date_enacted":"2026-07-27, Falls Township Board of Supervisors vote (Bucks County)","duration":"180 days from July 27, 2026 for the township to review and potentially amend Chapter 209 of its zoning ordinance regarding data centers.","trigger":"Regulatory gap combined with sustained public opposition to the already-approved Amazon Web Services data center (a 2-million-square-foot, 10-building campus under construction at the former U.S. Steel/Keystone Trade Center site); residents demanded clearer definitions of 'data center' and infrastructure/utility standards for future proposals."}},{"type":"Feature","geometry":{"type":"Point","coordinates":[-77.581404,40.857255]},"properties":{"id":"pa-gregg-township-union-county-2026","jurisdiction":"Gregg Township (Union County)","state":"Pennsylvania","state_abbrev":"PA","jurisdiction_type":"Township","enacted_status":"active","date_enacted_iso":"2026-08-20","current_end_date_iso":"","date_enacted_uncertainty":"exact","duration_days":180,"duration_kind":"fixed_days","sectors":["data_center"],"trigger_categories":["regulatory_gap","specific_project","legal_or_litigation"],"date_enacted":"2026-08-20, Gregg Township Board of Supervisors, special meeting, unanimous adoption of Resolution 2026-03","duration":"Not to exceed 180 days, or until earlier terminated by the Board of Supervisors; bars new data center or 'technical development' applications while a curative amendment to the zoning ordinance is completed. Excludes the pending PNK Group application, which continues to be processed separately.","trigger":"Curative-amendment process to add data-center zoning standards, prompted by PNK Group's pending application for a large data-center campus at Great Stream Commons and the absence of applicable standards in the township's zoning ordinance."}},{"type":"Feature","geometry":{"type":"Point","coordinates":[-76.060069,40.957193]},"properties":{"id":"pa-hazle-township-2026","jurisdiction":"Hazle Township","state":"Pennsylvania","state_abbrev":"PA","jurisdiction_type":"Township","enacted_status":"active","date_enacted_iso":"2026-06-08","current_end_date_iso":"","date_enacted_uncertainty":"exact","duration_days":180,"duration_kind":"fixed_days","sectors":["data_center"],"trigger_categories":["specific_project","regulatory_gap","land_use_compatibility"],"date_enacted":"2026-06-08, Hazle Township (Luzerne County) Board of Supervisors, unanimous vote adopting a curative amendment.","duration":"180 days from adoption (to approximately 2026-12-05).","trigger":"Followed sustained community opposition (\"Project Hazelnot\") to NorthPoint Development's proposed ~1,300-acre, 15-building \"Project Hazelnut\" data-center campus with substation, which the township had already rejected in November 2025 and which a Luzerne County judge ruled against in spring 2026."}},{"type":"Feature","geometry":{"type":"Point","coordinates":[-76.098349,39.785278]},"properties":{"id":"pa-little-britain-township-2026","jurisdiction":"Little Britain Township","state":"Pennsylvania","state_abbrev":"PA","jurisdiction_type":"Township","enacted_status":"active","date_enacted_iso":"2026-07-14","current_end_date_iso":"","date_enacted_uncertainty":"exact","duration_days":180,"duration_kind":"fixed_days","sectors":["data_center"],"trigger_categories":["regulatory_gap"],"date_enacted":"2026-07-14, Little Britain Township Board of Supervisors, unanimous vote adopting the formal moratorium resolution (Lancaster County); preceded by a June 9, 2026 preliminary vote to move forward with the same moratorium concept.","duration":"180 days from the July 14, 2026 resolution, preventing submission of any applications for data centers, their ancillary structures, or energy generation, while the township develops a zoning ordinance.","trigger":"Regulatory gap: the township has no ordinance specifically addressing data centers; adopted proactively while the board develops a new ordinance modeled on those of nearby townships."}},{"type":"Feature","geometry":{"type":"Point","coordinates":[-77.022035,41.347269]},"properties":{"id":"pa-lycoming-county-2026","jurisdiction":"Lycoming County","state":"Pennsylvania","state_abbrev":"PA","jurisdiction_type":"County","enacted_status":"active","date_enacted_iso":"2026-06-18","current_end_date_iso":"","date_enacted_uncertainty":"unverified","duration_days":180,"duration_kind":"fixed_days","sectors":["data_center"],"trigger_categories":["regulatory_gap"],"date_enacted":"County commissioners reportedly approved a curative-amendment resolution on 2026-06-18.","duration":"180-day municipal curative-amendment period after declaring the county zoning ordinance substantially invalid for lacking appropriate regulation of data centers and related uses; affects municipalities participating in the county zoning partnership.","trigger":"County zoning ordinance lacked appropriate regulation of data centers and related uses."}},{"type":"Feature","geometry":{"type":"Point","coordinates":[-76.661582,41.028953]},"properties":{"id":"pa-montour-county-2025","jurisdiction":"Montour County","state":"Pennsylvania","state_abbrev":"PA","jurisdiction_type":"County","enacted_status":"replaced","date_enacted_iso":"2025-11-18","current_end_date_iso":"","date_enacted_uncertainty":"exact","duration_days":180,"duration_kind":"fixed_days","sectors":["data_center"],"trigger_categories":["regulatory_gap","land_use_compatibility"],"date_enacted":"2025-11-18","duration":"180 days, expiring about 2026-05-17 unless extended or superseded","trigger":"Concern over potential data centers or similar large-scale digital/technology facilities; county needed time for Planning Commission ad-hoc committee ordinance work"}},{"type":"Feature","geometry":{"type":"Point","coordinates":[-74.775231,40.210132]},"properties":{"id":"pa-morrisville-borough-2026","jurisdiction":"Morrisville Borough","state":"Pennsylvania","state_abbrev":"PA","jurisdiction_type":"Other","enacted_status":"active","date_enacted_iso":"2026-07-21","current_end_date_iso":"","date_enacted_uncertainty":"exact","duration_days":180,"duration_kind":"fixed_days","sectors":["data_center"],"trigger_categories":["regulatory_gap"],"date_enacted":"2026-07-21, Morrisville Borough Council, vote to adopt the curative amendment (Bucks County)","duration":"180-day waiting period from July 21, 2026 to review land-use impacts and adopt updated data-center zoning regulations.","trigger":"Regulatory gap, adopted in the same week as neighboring Falls Township's similar action amid broader Bucks County concern over data-center energy consumption, noise, and water usage."}},{"type":"Feature","geometry":{"type":"Point","coordinates":[-76.438788,40.795382]},"properties":{"id":"pa-mount-carmel-township-2026","jurisdiction":"Mount Carmel Township","state":"Pennsylvania","state_abbrev":"PA","jurisdiction_type":"Township","enacted_status":"active","date_enacted_iso":"2026-05-18","current_end_date_iso":"","date_enacted_uncertainty":"exact","duration_days":180,"duration_kind":"fixed_days","sectors":["data_center"],"trigger_categories":["regulatory_gap","land_use_compatibility"],"date_enacted":"2026-05-18, Mount Carmel Township Board of Supervisors, unanimous vote (Northumberland County)","duration":"180 days from May 18, 2026 to complete a municipal curative amendment ('Zoning Amendment') addressing data centers.","trigger":"Regulatory gap combined with sustained community opposition: hundreds of residents packed public meetings (including a May 13, 2026 hearing) opposing data-center development in the township; officials say they cannot outright ban the use but are working to limit and define it through zoning."}},{"type":"Feature","geometry":{"type":"Point","coordinates":[-76.799141,41.254033]},"properties":{"id":"pa-muncy-township-2026","jurisdiction":"Muncy Township","state":"Pennsylvania","state_abbrev":"PA","jurisdiction_type":"Township","enacted_status":"active","date_enacted_iso":"2026-04-28","current_end_date_iso":"","date_enacted_uncertainty":"exact","duration_days":270,"duration_kind":"fixed_days","sectors":["data_center"],"trigger_categories":["regulatory_gap"],"date_enacted":"Board of Supervisors approved a temporary moratorium at an April 28, 2026 special meeting; reported by the Sun-Gazette on 2026-05-01.","duration":"Nine months, or until the township adopts zoning regulations addressing data centers, whichever occurs first. Bars acceptance or review of listed municipal applications for data centers, data center campuses, high-intensity data processing facilities, and substantially similar uses during that period.","trigger":"Lack of existing zoning provisions addressing data centers."}},{"type":"Feature","geometry":{"type":"Point","coordinates":[-76.613588,41.852774]},"properties":{"id":"pa-smithfield-township-2026","jurisdiction":"Smithfield Township","state":"Pennsylvania","state_abbrev":"PA","jurisdiction_type":"Township","enacted_status":"replaced","date_enacted_iso":"2026-05-06","current_end_date_iso":"","date_enacted_uncertainty":"exact","duration_days":180,"duration_kind":"fixed_days","sectors":["data_center"],"trigger_categories":["regulatory_gap"],"date_enacted":"2026-05-06, Smithfield Township Board of Supervisors, adoption of Resolution No. 621 (Monroe County)","duration":"Up to 180 days from May 6, 2026 (statutory ceiling Nov. 2, 2026) to adopt curative zoning amendments for data centers, data center accessory uses, and disaster recovery facilities; the process concluded early when the Board adopted the resulting curative amendment on 2026-08-12.","trigger":"Regulatory gap: zoning ordinance did not specifically address data centers; adopted proactively to develop tailored standards and a dedicated zoning district."}},{"type":"Feature","geometry":{"type":"Point","coordinates":[-79.672013,40.547035]},"properties":{"id":"pa-upper-burrell-township-2026","jurisdiction":"Upper Burrell Township","state":"Pennsylvania","state_abbrev":"PA","jurisdiction_type":"Township","enacted_status":"active","date_enacted_iso":"2026-05","current_end_date_iso":"","date_enacted_uncertainty":"month_only","duration_days":180,"duration_kind":"fixed_days","sectors":["data_center"],"trigger_categories":["specific_project","infrastructure_capacity","noise","environmental","grid_energy"],"date_enacted":"2026-05, Upper Burrell Township Board of Supervisors (Westmoreland County); exact day not confirmed in sources reviewed","duration":"180 days; does not apply to building permits already granted to TECfusions for work on its existing 'Building J' (already operational), and did not prevent the township from later approving a land development plan (Aug. 5, 2026) for further electrical/mechanical upgrades to that building. Ends 2026-11-02.","trigger":"Public pressure over TECfusions' 'Keystone Connect' hyperscale data-center campus (up to 1,400 acres, potentially up to 3 gigawatts, at the former Alcoa/Arconic Technical Center); residents sought more transparency and regulation before further development."}},{"type":"Feature","geometry":{"type":"Point","coordinates":[-75.13406,40.249274]},"properties":{"id":"pa-warrington-township-2026","jurisdiction":"Warrington Township","state":"Pennsylvania","state_abbrev":"PA","jurisdiction_type":"Township","enacted_status":"active","date_enacted_iso":"2026-05-13","current_end_date_iso":"","date_enacted_uncertainty":"range","duration_days":null,"duration_kind":"until_event","sectors":["data_center"],"trigger_categories":["regulatory_gap"],"date_enacted":"Board of Supervisors adopted Resolution 2026-09 on 2026-05-13, formally ratifying an administrative pause the township says began with a March 11, 2026 motion.","duration":"Pause on applications for data center-related uses while the township prepares tailored zoning standards and pursues a municipal curative amendment. No explicit day count for the pause was located.","trigger":"Township preparing tailored zoning standards for data centers."}},{"type":"Feature","geometry":{"type":"Point","coordinates":[-76.204146,40.784102]},"properties":{"id":"pa-west-mahanoy-township-2026","jurisdiction":"West Mahanoy Township","state":"Pennsylvania","state_abbrev":"PA","jurisdiction_type":"Township","enacted_status":"active","date_enacted_iso":"2026-09-15","current_end_date_iso":"","date_enacted_uncertainty":"exact","duration_days":180,"duration_kind":"fixed_days","sectors":["data_center","solar"],"trigger_categories":["regulatory_gap"],"date_enacted":"2026-09-15, West Mahanoy Township Board of Supervisors, unanimous vote (Schuylkill County)","duration":"180 days. Per the adopted resolution's text, the township 'shall not be required to entertain or consider any landowner's curative amendment or proposals for a data center use or solar farm' during that period.","trigger":"Regulatory gap: the zoning ordinance does not explicitly permit or provide standards for data centers or solar farms ('we don't have the protections in place'); adopted proactively, with no application pending, amid data-center and warehouse-development activity in neighboring Butler and Kline townships."}},{"type":"Feature","geometry":{"type":"Point","coordinates":[-75.624316,40.024285]},"properties":{"id":"pa-west-whiteland-township-2026","jurisdiction":"West Whiteland Township","state":"Pennsylvania","state_abbrev":"PA","jurisdiction_type":"Township","enacted_status":"active","date_enacted_iso":"2026-05","current_end_date_iso":"","date_enacted_uncertainty":"month_only","duration_days":180,"duration_kind":"fixed_days","sectors":["data_center"],"trigger_categories":["regulatory_gap"],"date_enacted":"2026-05, West Whiteland Township Board of Supervisors vote to invoke a municipal curative amendment (Chester County); exact day not confirmed, reported to the Planning Commission as already invoked on 2026-05-05","duration":"180 days from adoption to adopt corrective zoning amendments addressing data centers.","trigger":"Regulatory gap: zoning ordinance did not address data centers; adopted proactively, with no application pending, following neighboring East Whiteland Township's contested Green Fig data-center dispute."}},{"type":"Feature","geometry":{"type":"Point","coordinates":[-77.00111,41.241156]},"properties":{"id":"pa-williamsport-2026","jurisdiction":"Williamsport","state":"Pennsylvania","state_abbrev":"PA","jurisdiction_type":"City","enacted_status":"active","date_enacted_iso":"2026-07-09","current_end_date_iso":"","date_enacted_uncertainty":"exact","duration_days":180,"duration_kind":"fixed_days","sectors":["data_center"],"trigger_categories":["regulatory_gap"],"date_enacted":"2026-07-09, Williamsport City Council, 6-0 vote adopting Resolution #10088 (Lycoming County)","duration":"180 days from adoption to enact a curative amendment under 53 P.S. Section 10609.2, with a follow-up resolution required within 30 days making specific findings of invalidity. Councilman Milliken characterized it as effectively 'hitting pause' on data-center development even though the resolution does not describe itself as a 'pause.'","trigger":"Regulatory gap: 1998 zoning ordinance does not account for data centers or their accessory uses; adopted proactively, following similar curative-amendment action by Lycoming County and several county townships, to close the loophole that would otherwise let a developer file a landowner curative amendment and force approval of a data center anywhere in the city."}},{"type":"Feature","geometry":{"type":"Point","coordinates":[-71.827291,41.3776]},"properties":{"id":"ri-westerly-2026","jurisdiction":"Westerly","state":"Rhode Island","state_abbrev":"RI","jurisdiction_type":"Town","enacted_status":"active","date_enacted_iso":"2026-07-27","current_end_date_iso":"","date_enacted_uncertainty":"exact","duration_days":365,"duration_kind":"fixed_days","sectors":["data_center"],"trigger_categories":["regulatory_gap","land_use_compatibility","water","grid_energy"],"date_enacted":"2026-07-27 (Town Council public hearing and approval by voice vote at its regular meeting)","duration":"One year upon passage, or as otherwise provided by the Town Council by ordinance; effective immediately upon passage","trigger":"Town's ordinances and zoning regulations are silent on data centers; officials anticipate data center applications given the town's undeveloped land near water bodies and wanted time to draft siting/zoning rules before any application could vest"}},{"type":"Feature","geometry":{"type":"Point","coordinates":[-82.652962,34.525833]},"properties":{"id":"sc-anderson-county-2026","jurisdiction":"Anderson County","state":"South Carolina","state_abbrev":"SC","jurisdiction_type":"County","enacted_status":"active","date_enacted_iso":"2026-08-18","current_end_date_iso":"","date_enacted_uncertainty":"exact","duration_days":180,"duration_kind":"fixed_days","sectors":["data_center"],"trigger_categories":["regulatory_gap","infrastructure_capacity","grid_energy"],"date_enacted":"August 18, 2026 (County Council third reading, per county's own Aug. 18, 2026 agenda packet and Fox Carolina/WYFF4/WSPA coverage of the unanimous-report vote; first reading was a special called meeting June 29, 2026)","duration":"Six months","trigger":"County has no regulatory framework or zoning structure for data centers; concern over strain on the electric power grid, water supply, and local infrastructure from inadequately regulated development of multiple data centers."}},{"type":"Feature","geometry":{"type":"Point","coordinates":[-81.154507,34.68599]},"properties":{"id":"sc-chester-county-2026","jurisdiction":"Chester County","state":"South Carolina","state_abbrev":"SC","jurisdiction_type":"County","enacted_status":"active","date_enacted_iso":"2026-07-20","current_end_date_iso":"","date_enacted_uncertainty":"exact","duration_days":180,"duration_kind":"fixed_days","sectors":["data_center"],"trigger_categories":["grid_energy","environmental","property_values","infrastructure_capacity"],"date_enacted":"July 20, 2026 (County Council unanimous approval, per WSOC-TV, following a June 15, 2026 first reading)","duration":"Six months","trigger":"Pause to allow the county to develop rules and guidelines, with public educational meetings planned to begin in August 2026; first-reading materials cited electric-grid and utility capacity, economic, environmental, and community effects."}},{"type":"Feature","geometry":{"type":"Point","coordinates":[-80.141784,34.650058]},"properties":{"id":"sc-chesterfield-county-2026","jurisdiction":"Chesterfield County","state":"South Carolina","state_abbrev":"SC","jurisdiction_type":"County","enacted_status":"active","date_enacted_iso":"2026-06-01","current_end_date_iso":"","date_enacted_uncertainty":"exact","duration_days":null,"duration_kind":"until_date","sectors":["data_center","cryptocurrency_mining"],"trigger_categories":["regulatory_gap","land_use_compatibility"],"date_enacted":"June 1, 2026 (County Council third reading and public hearing, adopting Ordinance 25-26-23)","duration":"Until January 1, 2028, or until the county adopts regulations for data center/data processing/cryptocurrency mining uses, whichever occurs first","trigger":"Immediately stops acceptance, review, or action on zoning approvals, construction permits, site plans, and other county approvals for data centers, data processing facilities, cryptocurrency mining operations, and related uses in unincorporated Chesterfield County; followed an emergency moratorium adopted April 6, 2026."}},{"type":"Feature","geometry":{"type":"Point","coordinates":[-80.2277,33.665346]},"properties":{"id":"sc-clarendon-county-2026","jurisdiction":"Clarendon County","state":"South Carolina","state_abbrev":"SC","jurisdiction_type":"County","enacted_status":"active","date_enacted_iso":"2026-09-14","current_end_date_iso":"","date_enacted_uncertainty":"exact","duration_days":180,"duration_kind":"fixed_days","sectors":["data_center","battery_storage"],"trigger_categories":["regulatory_gap","specific_project","land_use_compatibility","noise"],"date_enacted":"September 14, 2026 (County Council third and final reading and public hearing, per WIS; second reading was at an Aug. 24, 2026 special called meeting, first reading Aug. 10, 2026)","duration":"Six months","trigger":"County's Unified Development Code does not specifically define data centers or battery energy storage systems; council sought to close a loophole after learning of a proposed \"Project 59\" data center in the county industrial park, and to give time to set standards for setbacks, buffers, noise, lighting, and emergency access."}},{"type":"Feature","geometry":{"type":"Point","coordinates":[-80.677114,32.862073]},"properties":{"id":"sc-colleton-county-2026","jurisdiction":"Colleton County","state":"South Carolina","state_abbrev":"SC","jurisdiction_type":"County","enacted_status":"replaced","date_enacted_iso":"2026-07-06","current_end_date_iso":"","date_enacted_uncertainty":"exact","duration_days":180,"duration_kind":"fixed_days","sectors":["data_center","battery_storage"],"trigger_categories":["regulatory_gap","land_use_compatibility"],"date_enacted":"July 6, 2026 (County Council third reading and enactment of Ordinance 26-O-04, effective immediately)","duration":"Six months","trigger":"Pauses consideration of special exceptions, conditional uses, and other land-use approvals for data centers while county staff and the Planning Commission study appropriate locations/conditions and prepare comprehensive-plan and code amendments; also holds received-but-unconsidered applications in abeyance."}},{"type":"Feature","geometry":{"type":"Point","coordinates":[-81.113123,34.40918]},"properties":{"id":"sc-fairfield-county-2026","jurisdiction":"Fairfield County","state":"South Carolina","state_abbrev":"SC","jurisdiction_type":"County","enacted_status":"active","date_enacted_iso":"2026-09-14","current_end_date_iso":"","date_enacted_uncertainty":"exact","duration_days":365,"duration_kind":"fixed_days","sectors":["data_center"],"trigger_categories":["regulatory_gap","grid_energy","water","infrastructure_capacity"],"date_enacted":"September 14, 2026 (County Council final vote approving Ordinance 856, per WLTX; first reading was at a July 20, 2026 special called meeting)","duration":"Twelve months","trigger":"Inquiries regarding data center development; county lacks a regulatory framework or zoning ordinance structure sufficient to manage the industry's scale and impact."}},{"type":"Feature","geometry":{"type":"Point","coordinates":[-82.112882,34.148981]},"properties":{"id":"sc-greenwood-county-2026","jurisdiction":"Greenwood County","state":"South Carolina","state_abbrev":"SC","jurisdiction_type":"County","enacted_status":"active","date_enacted_iso":"2026-07-21","current_end_date_iso":"","date_enacted_uncertainty":"exact","duration_days":365,"duration_kind":"fixed_days","sectors":["data_center"],"trigger_categories":["property_values","regulatory_gap"],"date_enacted":"July 21, 2026 (County Council 4-3 approval of third and final reading of Ordinance 2026-25)","duration":"One year","trigger":"Pause on new data center approvals following citizen concerns; sponsored by Councilmembers Mark Allison, Cathy Miller, and Dayne Pruitt; twenty-four people registered for public comment on third reading."}},{"type":"Feature","geometry":{"type":"Point","coordinates":[-80.56699,34.33344]},"properties":{"id":"sc-kershaw-county-2026","jurisdiction":"Kershaw County","state":"South Carolina","state_abbrev":"SC","jurisdiction_type":"County","enacted_status":"active","date_enacted_iso":"2026-09-22","current_end_date_iso":"","date_enacted_uncertainty":"range","duration_days":365,"duration_kind":"fixed_days","sectors":["data_center","cryptocurrency_mining"],"trigger_categories":["regulatory_gap","other"],"date_enacted":"On or about September 22, 2026 (County Council third and final reading, per WIS reporting published Sept. 23, 2026; first and second readings passed Aug. 25 and Sept. 8, 2026, respectively)","duration":"One year","trigger":"Growing public interest and discussion about the potential impact of data centers on the community; residents raised AI/technology growth concerns during the public hearing."}},{"type":"Feature","geometry":{"type":"Point","coordinates":[-81.994404,34.464645]},"properties":{"id":"sc-laurens-county-2026","jurisdiction":"Laurens County","state":"South Carolina","state_abbrev":"SC","jurisdiction_type":"County","enacted_status":"active","date_enacted_iso":"2026-09-14","current_end_date_iso":"","date_enacted_uncertainty":"exact","duration_days":365,"duration_kind":"fixed_days","sectors":["data_center"],"trigger_categories":["regulatory_gap","grid_energy","water","environmental"],"date_enacted":"September 14, 2026 (County Council third and final reading, 6-0 vote, per Fox Carolina/WYFF4)","duration":"One year","trigger":"County is unzoned; council wants time for public input, planning, and expert testimony before deciding how and where data centers should be regulated."}},{"type":"Feature","geometry":{"type":"Point","coordinates":[-81.583009,34.326688]},"properties":{"id":"sc-newberry-county-2026","jurisdiction":"Newberry County","state":"South Carolina","state_abbrev":"SC","jurisdiction_type":"County","enacted_status":"active","date_enacted_iso":"2026-06-05","current_end_date_iso":"","date_enacted_uncertainty":"range","duration_days":365,"duration_kind":"fixed_days","sectors":["data_center"],"trigger_categories":["specific_project","land_use_compatibility","property_values"],"date_enacted":"An initial pause was put in effect around 2026-06-02/06-03 following resident concerns (WIS News 10, 2026-06-03) and the council's rejection of a data center deal (WLTX, 2026-06-07); WRDW reported the county 'passes 1-year data center moratorium' on 2026-06-05. The council then 'unanimously confirmed' the year-long moratorium on 2026-07-16 (WIS News 10; FOX Carolina).","duration":"One year","trigger":"Resident opposition to a proposed AI data center development and the council's rejection of an associated data center deal"}},{"type":"Feature","geometry":{"type":"Point","coordinates":[-80.778429,33.405494]},"properties":{"id":"sc-orangeburg-county-2026","jurisdiction":"Orangeburg County","state":"South Carolina","state_abbrev":"SC","jurisdiction_type":"County","enacted_status":"active","date_enacted_iso":"2026-09-08","current_end_date_iso":"","date_enacted_uncertainty":"exact","duration_days":365,"duration_kind":"fixed_days","sectors":["data_center","cryptocurrency_mining"],"trigger_categories":["regulatory_gap","environmental","other"],"date_enacted":"September 8, 2026 (County Council third reading and public hearing, per the county's own official Sept. 8, 2026 agenda; first reading was at a July 23, 2026 special called meeting)","duration":"One year","trigger":"Concerns over data center impacts on residents raised at town halls in July/August 2026; county sought time to study and develop rules before further data center development."}},{"type":"Feature","geometry":{"type":"Point","coordinates":[-81.995595,34.937029]},"properties":{"id":"sc-spartanburg-county-2026","jurisdiction":"Spartanburg County","state":"South Carolina","state_abbrev":"SC","jurisdiction_type":"County","enacted_status":"active","date_enacted_iso":"2026-09-21","current_end_date_iso":"","date_enacted_uncertainty":"exact","duration_days":365,"duration_kind":"fixed_days","sectors":["data_center"],"trigger_categories":["grid_energy","water","environmental","specific_project","regulatory_gap"],"date_enacted":"September 21, 2026 (County Council third and final reading, 5-1 vote, per Post and Courier and Fox Carolina; first reading occurred in late June 2026)","duration":"One year (12 months)","trigger":"Public outcry over power grid strain, water resources, and air quality; moratorium was first proposed in response to the Lightstone Group's proposed data center on Jones Road (a 60-megawatt facility on a former industrial site)."}},{"type":"Feature","geometry":{"type":"Point","coordinates":[-80.323703,33.899883]},"properties":{"id":"sc-sumter-county-2026","jurisdiction":"Sumter County","state":"South Carolina","state_abbrev":"SC","jurisdiction_type":"County","enacted_status":"pending","date_enacted_iso":"2026-06-23","current_end_date_iso":"","date_enacted_uncertainty":"range","duration_days":null,"duration_kind":"unknown","sectors":["data_center","battery_storage","solar"],"trigger_categories":["regulatory_gap","specific_project","land_use_compatibility"],"date_enacted":"An emergency 60-day moratorium (Ordinance 26-1049) covering solar, BESS, and data centers was approved and took effect immediately at the June 23, 2026 County Council meeting. Companion 180-day moratorium ordinances tailored to each use (Solar: Ordinance 26-1050; BESS: Ordinance 26-1051; Data Centers: Ordinance 26-1052) received second reading, with no public hearing held, at a July 21, 2026 special called meeting. No source reviewed confirmed a third-reading/final-adoption date for 26-1050/1051/1052.","duration":"60 days (Ordinance 26-1049, emergency, effective immediately June 23, 2026); a further 180 days is proposed for each of the three companion ordinances (26-1050 solar, 26-1051 BESS, 26-1052 data centers) but final adoption was not confirmed","trigger":"County has no zoning provisions for battery energy storage systems or data centers; follows public opposition to, and council's rejection of, a proposed 1,700-acre solar farm."}},{"type":"Feature","geometry":{"type":"Point","coordinates":[-81.165541,34.960329]},"properties":{"id":"sc-york-county-2026","jurisdiction":"York County","state":"South Carolina","state_abbrev":"SC","jurisdiction_type":"County","enacted_status":"active","date_enacted_iso":"2026-07-13","current_end_date_iso":"","date_enacted_uncertainty":"exact","duration_days":270,"duration_kind":"fixed_days","sectors":["data_center"],"trigger_categories":["grid_energy","water","noise","environmental","infrastructure_capacity","property_values"],"date_enacted":"July 13, 2026 (County Council third reading and public hearing, effective immediately in unincorporated York County)","duration":"Nine months","trigger":"Restricts special-exception and conditional-use approvals, site-plan acceptance, and other land-use/development approvals for data centers in unincorporated York County while the county studies utility, water, noise, pollution, infrastructure, and nearby-property impacts."}},{"type":"Feature","geometry":{"type":"Point","coordinates":[-98.487813,45.464981]},"properties":{"id":"sd-aberdeen-2026","jurisdiction":"Aberdeen","state":"South Dakota","state_abbrev":"SD","jurisdiction_type":"City","enacted_status":"active","date_enacted_iso":"2026-07-20","current_end_date_iso":"","date_enacted_uncertainty":"exact","duration_days":null,"duration_kind":"until_date","sectors":["data_center"],"trigger_categories":["regulatory_gap","land_use_compatibility"],"date_enacted":"2026-07-20 (City Council first reading and passage, 7-0)","duration":"From adoption (immediate effect) through a fixed sunset of November 18, 2026, or the effective date of a zoning ordinance amendment addressing data centers, whichever occurs first","trigger":"City's current zoning/building regulations and staff may not adequately address data centers; council found officials 'hampered' in assessing permit applications, creating unpredictability and risk of stranded investment pending a comprehensive study"}},{"type":"Feature","geometry":{"type":"Point","coordinates":[-102.785467,43.995575]},"properties":{"id":"sd-pennington-county-2024","jurisdiction":"Pennington County","state":"South Dakota","state_abbrev":"SD","jurisdiction_type":"County","enacted_status":"active","date_enacted_iso":"2024-11-19","current_end_date_iso":"","date_enacted_uncertainty":"exact","duration_days":null,"duration_kind":"until_date","sectors":["wind","solar"],"trigger_categories":["specific_project","regulatory_gap","land_use_compatibility","agricultural_preservation"],"date_enacted":"2024-11-19 (Board of Commissioners unanimous vote); effective 2024-12-12; extended one additional year by unanimous vote on 2025-10-21","duration":"One year from its December 12, 2024 effective date; extended unanimously on October 21, 2025 through November 18, 2026","trigger":"More than 450 citizens petitioned for a moratorium after the Planning and Zoning Commission approved conditional-use permits (2024-10-28) for the Cheyenne River Ranch Wind and Solar Farm near New Underwood"}},{"type":"Feature","geometry":{"type":"Point","coordinates":[-97.136978,43.325638]},"properties":{"id":"sd-turner-county-2025","jurisdiction":"Turner County","state":"South Dakota","state_abbrev":"SD","jurisdiction_type":"County","enacted_status":"active","date_enacted_iso":"2025-08","current_end_date_iso":"","date_enacted_uncertainty":"month_only","duration_days":null,"duration_kind":"unknown","sectors":["wind","solar"],"trigger_categories":["specific_project","regulatory_gap","land_use_compatibility"],"date_enacted":"On or about late August 2025 (news report dated 2025-08-27/28, 'Turner Co. OKs Wind Farm Pause'); exact Commission vote date not independently located in an archived primary source","duration":"Originally reported as a one-year moratorium on wind energy projects; county Board of Adjustment minutes from September and October 2025 describe a 'Moratorium on Solar and Wind Energy Systems' ordinance adopted by the County Commission, and a public-notice aggregator (not independently verified against an archived primary source) indicated a hearing was set for 2026-08-25 to consider extending a 'temporary moratorium on utility-scale alternative energy systems' county-wide.","trigger":"Proposed Swan Lake Wind Project (NextEra Energy Resources; up to 97 GE turbines, approximately 248 MW) spanning Turner and Yankton counties; county sought time to study and regulate before the project could proceed"}},{"type":"Feature","geometry":{"type":"Point","coordinates":[-97.396756,43.011525]},"properties":{"id":"sd-yankton-county-2026","jurisdiction":"Yankton County","state":"South Dakota","state_abbrev":"SD","jurisdiction_type":"County","enacted_status":"active","date_enacted_iso":"2026-07-21","current_end_date_iso":"","date_enacted_uncertainty":"exact","duration_days":180,"duration_kind":"fixed_days","sectors":["data_center","cryptocurrency_mining"],"trigger_categories":["regulatory_gap","land_use_compatibility"],"date_enacted":"2026-07-21 (County Commission adopted the moratorium 5-0, recorded as Action 26248C)","duration":"Six months from adoption (approximately to 2027-01-21); the commission packet draft had proposed 12 months, but the adopted motion changed the term to six months","trigger":"Concern about incoming data center and Bitcoin mining facility proposals; commission wants time to draft permanent siting standards"}},{"type":"Feature","geometry":{"type":"Point","coordinates":[-84.184994,36.106323]},"properties":{"id":"tn-anderson-county-2026","jurisdiction":"Anderson County","state":"Tennessee","state_abbrev":"TN","jurisdiction_type":"County","enacted_status":"active","date_enacted_iso":"2026-06-15","current_end_date_iso":"","date_enacted_uncertainty":"exact","duration_days":730,"duration_kind":"fixed_days","sectors":["data_center","cryptocurrency_mining","battery_storage"],"trigger_categories":["regulatory_gap"],"date_enacted":"2026-06-15, County Commission unanimous approval following a public hearing","duration":"Two years","trigger":"Hearing on proposed data center, cryptocurrency, and battery-storage zoning safeguards"}},{"type":"Feature","geometry":{"type":"Point","coordinates":[-83.931447,35.671972]},"properties":{"id":"tn-blount-county-undated","jurisdiction":"Blount County","state":"Tennessee","state_abbrev":"TN","jurisdiction_type":"County","enacted_status":"pending","date_enacted_iso":"","current_end_date_iso":"","date_enacted_uncertainty":"unverified","duration_days":365,"duration_kind":"fixed_days","sectors":["data_center","cryptocurrency_mining"],"trigger_categories":["regulatory_gap","land_use_compatibility"],"date_enacted":"Pending: Blount County Planning Commission voted 9-0 at its July 2026 meeting to recommend a 12-month moratorium; the County Commission must adopt a resolution for it to take effect","duration":"12 months (recommended)","trigger":"Time to draft zoning amendments after the County Commission's June 18 resolution requesting restrictive data center rules; a 5,000-foot buffer would leave no eligible sites"}},{"type":"Feature","geometry":{"type":"Point","coordinates":[-82.188521,36.594503]},"properties":{"id":"tn-bristol-2025","jurisdiction":"Bristol","state":"Tennessee","state_abbrev":"TN","jurisdiction_type":"City","enacted_status":"active","date_enacted_iso":"2025-10-24","current_end_date_iso":"","date_enacted_uncertainty":"unverified","duration_days":730,"duration_kind":"fixed_days","sectors":["data_center","cryptocurrency_mining"],"trigger_categories":["regulatory_gap","infrastructure_capacity","water","grid_energy","land_use_compatibility"],"date_enacted":"Second and final reading of Ordinance 25-20 was adopted by the Bristol City Council on October 7, 2025, per the Council's own meeting agenda; first reading passed unanimously September 9, 2025. The ordinance's effective date, per the Planning Commission staff memo dated 2026-03-19, is October 24, 2025 (17 days after adoption, consistent with standard publication timing).","duration":"Two years; expires 2027-10-24 unless extended or replaced","trigger":"City planning records state Bristol's zoning ordinance was not equipped to handle data centers, including bitcoin mining and broader data mining; officials cited TVA, utility, water, wastewater, and siting questions."}},{"type":"Feature","geometry":{"type":"Point","coordinates":[-82.119477,36.284081]},"properties":{"id":"tn-carter-county-2026","jurisdiction":"Carter County","state":"Tennessee","state_abbrev":"TN","jurisdiction_type":"County","enacted_status":"active","date_enacted_iso":"2026-08-17","current_end_date_iso":"","date_enacted_uncertainty":"exact","duration_days":365,"duration_kind":"fixed_days","sectors":["data_center","cryptocurrency_mining"],"trigger_categories":["regulatory_gap","environmental","land_use_compatibility"],"date_enacted":"2026-08-17, Carter County Commission August meeting, motion by Commissioner Keith Range, seconded by Angie Manning, passed 20-1","duration":"One year","trigger":"Residents urged a pause to study environmental and community impacts; county tourism and outdoor resources cited; a planned public hearing on data center regulations was pulled back to the Planning Commission"}},{"type":"Feature","geometry":{"type":"Point","coordinates":[-86.999166,36.551433]},"properties":{"id":"tn-cedar-hill-2026","jurisdiction":"Cedar Hill","state":"Tennessee","state_abbrev":"TN","jurisdiction_type":"Town","enacted_status":"active","date_enacted_iso":"2026-06-01","current_end_date_iso":"","date_enacted_uncertainty":"exact","duration_days":730,"duration_kind":"fixed_days","sectors":["data_center","cryptocurrency_mining"],"trigger_categories":["agricultural_preservation","land_use_compatibility"],"date_enacted":"2026-06-01 (WSMV: 'Cedar Hill imposes two-year moratorium on data centers'), confirmed 2026-06-03 by News Channel 5 Nashville","duration":"Two years","trigger":"Rural preservation concerns amid data center and cryptocurrency mining development pressure in Robertson County"}},{"type":"Feature","geometry":{"type":"Point","coordinates":[-84.757502,35.285841]},"properties":{"id":"tn-charleston-2026","jurisdiction":"Charleston","state":"Tennessee","state_abbrev":"TN","jurisdiction_type":"City","enacted_status":"active","date_enacted_iso":"2026-09-08","current_end_date_iso":"","date_enacted_uncertainty":"exact","duration_days":365,"duration_kind":"fixed_days","sectors":["data_center","cryptocurrency_mining"],"trigger_categories":["specific_project","regulatory_gap","grid_energy","water","noise"],"date_enacted":"2026-09-08, Charleston City Commission unanimous approval on second reading (motion Vice Mayor Faye Callaway, second Matt Wiley), on recommendation of the Charleston Municipal Planning Commission","duration":"12 months from passage","trigger":"Proposed power station and possible data center near Charleston in unincorporated Bradley County; no city data center regulations"}},{"type":"Feature","geometry":{"type":"Point","coordinates":[-84.131863,36.103413]},"properties":{"id":"tn-clinton-2026","jurisdiction":"Clinton","state":"Tennessee","state_abbrev":"TN","jurisdiction_type":"City","enacted_status":"active","date_enacted_iso":"2026-06-22","current_end_date_iso":"","date_enacted_uncertainty":"exact","duration_days":180,"duration_kind":"fixed_days","sectors":["data_center"],"trigger_categories":["regulatory_gap"],"date_enacted":"2026-06-22, City Council unanimous approval","duration":"6 months","trigger":"While staff and the Planning Commission develop zoning definitions and regulations"}},{"type":"Feature","geometry":{"type":"Point","coordinates":[-83.103978,35.946709]},"properties":{"id":"tn-cocke-county-2026","jurisdiction":"Cocke County","state":"Tennessee","state_abbrev":"TN","jurisdiction_type":"County","enacted_status":"active","date_enacted_iso":"2026-06-15","current_end_date_iso":"","date_enacted_uncertainty":"exact","duration_days":null,"duration_kind":"until_date","sectors":["data_center","battery_storage","cryptocurrency_mining"],"trigger_categories":["fire_safety","noise","grid_energy","water","regulatory_gap"],"date_enacted":"2026-06-15, Cocke County Legislative Body, agenda amended to adopt the Planning Commission-recommended moratorium resolution presented by the county attorney (roll call; eight of 14 commissioners present)","duration":"One year, through June 30, 2027","trigger":"Fire risk of large lithium battery storage sites; noise; power and water demand; few jobs"}},{"type":"Feature","geometry":{"type":"Point","coordinates":[-86.069633,35.490611]},"properties":{"id":"tn-coffee-county-2026","jurisdiction":"Coffee County","state":"Tennessee","state_abbrev":"TN","jurisdiction_type":"County","enacted_status":"active","date_enacted_iso":"2026-06-09","current_end_date_iso":"","date_enacted_uncertainty":"exact","duration_days":365,"duration_kind":"fixed_days","sectors":["data_center"],"trigger_categories":["regulatory_gap"],"date_enacted":"2026-06-09, County Legislative Body adoption of Resolution 2026-12, 13-0 with five members absent","duration":"One year","trigger":"Followed a May 26 Planning Commission 7-0 motion urging a one-year pause after Mayor Hunt had discussed a 180-day pause"}},{"type":"Feature","geometry":{"type":"Point","coordinates":[-85.027484,35.949684]},"properties":{"id":"tn-crossville-undated","jurisdiction":"Crossville","state":"Tennessee","state_abbrev":"TN","jurisdiction_type":"City","enacted_status":"active","date_enacted_iso":"2026-08-11","current_end_date_iso":"2028-08-11","date_enacted_uncertainty":"exact","duration_days":730,"duration_kind":"fixed_days","sectors":["data_center"],"trigger_categories":["regulatory_gap","environmental","infrastructure_capacity","noise","water"],"date_enacted":"Third and final reading of Ordinance 26-0286 adopted 2026-08-11 on the Crossville City Council consent agenda (first reading 2026-07-14; second reading approved at the late-July meeting).","duration":"24 months from adoption (through about 2028-08-11)","trigger":"Residents commented on environmental, infrastructure, noise, and water-supply concerns"}},{"type":"Feature","geometry":{"type":"Point","coordinates":[-84.974819,35.953805]},"properties":{"id":"tn-cumberland-county-2026","jurisdiction":"Cumberland County","state":"Tennessee","state_abbrev":"TN","jurisdiction_type":"County","enacted_status":"active","date_enacted_iso":"2026-06-15","current_end_date_iso":"","date_enacted_uncertainty":"exact","duration_days":730,"duration_kind":"fixed_days","sectors":["data_center"],"trigger_categories":["regulatory_gap"],"date_enacted":"2026-06-15, County Commission unanimous adoption of Resolution 06-2026-31, after first adopting companion Resolution 06-2026-30 invoking County Powers Act authority","duration":"Two years","trigger":""}},{"type":"Feature","geometry":{"type":"Point","coordinates":[-87.348059,36.145933]},"properties":{"id":"tn-dickson-county-2026","jurisdiction":"Dickson County","state":"Tennessee","state_abbrev":"TN","jurisdiction_type":"County","enacted_status":"active","date_enacted_iso":"2026-07-20","current_end_date_iso":"","date_enacted_uncertainty":"exact","duration_days":180,"duration_kind":"fixed_days","sectors":["data_center"],"trigger_categories":["regulatory_gap","water","land_use_compatibility"],"date_enacted":"2026-07-20, Dickson County Commission regular meeting (Commissioner Rusty Grove absent); item added to the agenda at the work session (motion Danny Williams, second Cindi Gray)","duration":"Six months","trigger":"Time to study impacts and develop zoning; rural character, water and wastewater concerns"}},{"type":"Feature","geometry":{"type":"Point","coordinates":[-86.44759,36.388303]},"properties":{"id":"tn-gallatin-undated","jurisdiction":"Gallatin","state":"Tennessee","state_abbrev":"TN","jurisdiction_type":"City","enacted_status":"pending","date_enacted_iso":"","current_end_date_iso":"","date_enacted_uncertainty":"unverified","duration_days":180,"duration_kind":"fixed_days","sectors":["data_center"],"trigger_categories":["regulatory_gap","noise","infrastructure_capacity"],"date_enacted":"Pending: passed first reading 2026-09-15 after being shortened from 12 to six months (Mayor Paige Brown broke the tie on the amendment); second reading scheduled for the next council meeting. Planning Commission recommended a 12-month moratorium 2026-08-24.","duration":"Six months (as amended on first reading)","trigger":"Few regulations on data centers; noise and utility impact concerns near the existing Meta campus"}},{"type":"Feature","geometry":{"type":"Point","coordinates":[-85.710661,35.369789]},"properties":{"id":"tn-grundy-county-2026","jurisdiction":"Grundy County","state":"Tennessee","state_abbrev":"TN","jurisdiction_type":"County","enacted_status":"active","date_enacted_iso":"2026-05-18","current_end_date_iso":"","date_enacted_uncertainty":"exact","duration_days":731,"duration_kind":"fixed_days","sectors":["data_center","cryptocurrency_mining"],"trigger_categories":["regulatory_gap"],"date_enacted":"2026-05-18, County Commission unanimous adoption of the \"Data Mining Moratorium\"","duration":"Two years (May 18, 2026 through May 18, 2028)","trigger":""}},{"type":"Feature","geometry":{"type":"Point","coordinates":[-83.267995,36.206807]},"properties":{"id":"tn-hamblen-county-undated","jurisdiction":"Hamblen County","state":"Tennessee","state_abbrev":"TN","jurisdiction_type":"County","enacted_status":"pending","date_enacted_iso":"","current_end_date_iso":"","date_enacted_uncertainty":"unverified","duration_days":365,"duration_kind":"fixed_days","sectors":["data_center","cryptocurrency_mining"],"trigger_categories":["regulatory_gap","grid_energy","water","noise","fire_safety","land_use_compatibility"],"date_enacted":"Pending: Hamblen County Regional Planning Commission voted 2026-07-06 for a one-year moratorium ordinance; the ordinance takes effect only on adoption by the County Commission, which was not confirmed","duration":"One year (per county announcement); ordinance text states no term","trigger":"Electrical, water, noise, emissions, fire-safety, and land-use compatibility impacts of high-intensity computing"}},{"type":"Feature","geometry":{"type":"Point","coordinates":[-82.95689,36.429878]},"properties":{"id":"tn-hawkins-county-2025","jurisdiction":"Hawkins County","state":"Tennessee","state_abbrev":"TN","jurisdiction_type":"County","enacted_status":"active","date_enacted_iso":"2025-09-22","current_end_date_iso":"","date_enacted_uncertainty":"exact","duration_days":null,"duration_kind":"indefinite","sectors":["data_center","cryptocurrency_mining"],"trigger_categories":["specific_project","noise","land_use_compatibility","legal_or_litigation"],"date_enacted":"2025-09-22","duration":"Indefinite categorical ban, not a temporary moratorium","trigger":"ExoticRidge Crypto Company proposed an off-grid bitcoin mining facility in Bulls Gap; residents and commissioners raised concerns about cryptocurrency mining and data center impacts."}},{"type":"Feature","geometry":{"type":"Point","coordinates":[-82.352903,36.316767]},"properties":{"id":"tn-johnson-city-2025","jurisdiction":"Johnson City","state":"Tennessee","state_abbrev":"TN","jurisdiction_type":"City","enacted_status":"extended","date_enacted_iso":"2025-06-05","current_end_date_iso":"2026-12-03","date_enacted_uncertainty":"exact","duration_days":null,"duration_kind":"until_date","sectors":["data_center","cryptocurrency_mining"],"trigger_categories":["regulatory_gap","infrastructure_capacity","environmental","noise","land_use_compatibility","grid_energy","other"],"date_enacted":"2025-06-05","duration":"12 months from 2025-06-05, extended on 2026-05-21 by unanimous City Commission vote to 2026-12-03","trigger":"Proposed data center and cryptocurrency-mining uses exposed a code gap for heavy industrial uses, noise, vibration, pollution, utility, traffic, neighborhood, and public-health impacts."}},{"type":"Feature","geometry":{"type":"Point","coordinates":[-82.473409,36.294493]},"properties":{"id":"tn-jonesborough-2025","jurisdiction":"Jonesborough","state":"Tennessee","state_abbrev":"TN","jurisdiction_type":"Town","enacted_status":"replaced","date_enacted_iso":"2025-10-13","current_end_date_iso":"","date_enacted_uncertainty":"unverified","duration_days":730,"duration_kind":"fixed_days","sectors":["data_center","cryptocurrency_mining"],"trigger_categories":["regulatory_gap","infrastructure_capacity","environmental","land_use_compatibility"],"date_enacted":"The Board of Mayor and Aldermen adopted Ordinance No. 2025-12 on October 13, 2025, per the Jonesborough Planning Commission packet dated May 19, 2026 (Town Administrator staff report), which states the BMA \"adopted an Ordinance on October 13, 2025.\"","duration":"Two years; proposed expiration 2027-11-03 unless extended","trigger":"Need to update land-use controls for emerging technologies, evaluate land-use compatibility, infrastructure demands, environmental and neighborhood impacts, and broader policy considerations."}},{"type":"Feature","geometry":{"type":"Point","coordinates":[-87.115005,36.102004]},"properties":{"id":"tn-kingston-springs-2026","jurisdiction":"Kingston Springs","state":"Tennessee","state_abbrev":"TN","jurisdiction_type":"Town","enacted_status":"active","date_enacted_iso":"2026-08-20","current_end_date_iso":"","date_enacted_uncertainty":"exact","duration_days":365,"duration_kind":"fixed_days","sectors":["data_center"],"trigger_categories":["regulatory_gap","water","noise","infrastructure_capacity"],"date_enacted":"2026-08-20, Kingston Springs Board of Commissioners approval on second reading","duration":"12 months","trigger":"Study utility cost allocation, water conservation, infrastructure protection, noise mitigation and acoustic standards"}},{"type":"Feature","geometry":{"type":"Point","coordinates":[-83.93756,35.986]},"properties":{"id":"tn-knox-county-2026","jurisdiction":"Knox County","state":"Tennessee","state_abbrev":"TN","jurisdiction_type":"County","enacted_status":"active","date_enacted_iso":"2026-06-22","current_end_date_iso":"","date_enacted_uncertainty":"exact","duration_days":373,"duration_kind":"fixed_days","sectors":["data_center"],"trigger_categories":["regulatory_gap","grid_energy"],"date_enacted":"2026-06-22, County Commission 10-0 adoption (one member recused), effective immediately","duration":"Effective immediately through June 30, 2027","trigger":""}},{"type":"Feature","geometry":{"type":"Point","coordinates":[-83.921026,35.960395]},"properties":{"id":"tn-knoxville-2026","jurisdiction":"Knoxville","state":"Tennessee","state_abbrev":"TN","jurisdiction_type":"City","enacted_status":"active","date_enacted_iso":"2026-07-07","current_end_date_iso":"","date_enacted_uncertainty":"exact","duration_days":365,"duration_kind":"fixed_days","sectors":["data_center"],"trigger_categories":["regulatory_gap"],"date_enacted":"2026-07-07, City Council approval of an emergency ordinance","duration":"One year, until July 7, 2027, or until data center zoning amendments take effect, whichever occurs first","trigger":"Planning and city staff directed to develop zoning-code recommendations and safeguards; follows the mayor's June 8 announcement of intent to seek a one-year moratorium"}},{"type":"Feature","geometry":{"type":"Point","coordinates":[-84.119925,36.382857]},"properties":{"id":"tn-lafollette-2026","jurisdiction":"LaFollette","state":"Tennessee","state_abbrev":"TN","jurisdiction_type":"City","enacted_status":"active","date_enacted_iso":"2026-08-04","current_end_date_iso":"","date_enacted_uncertainty":"exact","duration_days":365,"duration_kind":"fixed_days","sectors":["data_center"],"trigger_categories":["regulatory_gap","grid_energy","infrastructure_capacity"],"date_enacted":"2026-08-04 (Tuesday before the 2026-08-05 report), LaFollette City Council unanimous 4-0 approval of an ordinance","duration":"One year","trigger":"Time to consult TVA and LaFollette Utilities Board on impacts"}},{"type":"Feature","geometry":{"type":"Point","coordinates":[-84.320293,35.749002]},"properties":{"id":"tn-loudon-2026","jurisdiction":"Loudon","state":"Tennessee","state_abbrev":"TN","jurisdiction_type":"City","enacted_status":"active","date_enacted_iso":"2026-08-24","current_end_date_iso":"","date_enacted_uncertainty":"exact","duration_days":365,"duration_kind":"fixed_days","sectors":["data_center"],"trigger_categories":["grid_energy","noise","property_values","regulatory_gap"],"date_enacted":"2026-08-24, Loudon City Council, 3-2 vote on a resolution (amended from 18 to 12 months) following a July Loudon Regional Planning Commission recommendation","duration":"12 months, with an optional 12-month extension","trigger":"Extraordinary electricity demand with limited economic benefit; noise, property values, quality of life; Planning Commission recommendation"}},{"type":"Feature","geometry":{"type":"Point","coordinates":[-84.320293,35.749002]},"properties":{"id":"tn-loudon-county-2026","jurisdiction":"Loudon County","state":"Tennessee","state_abbrev":"TN","jurisdiction_type":"County","enacted_status":"active","date_enacted_iso":"2026-06-29","current_end_date_iso":"","date_enacted_uncertainty":"exact","duration_days":180,"duration_kind":"fixed_days","sectors":["data_center"],"trigger_categories":["regulatory_gap"],"date_enacted":"2026-06-29, County Commission adoption, immediately effective","duration":"6 months, unless standards are adopted or the Commission extends, modifies, or rescinds it sooner","trigger":""}},{"type":"Feature","geometry":{"type":"Point","coordinates":[-87.073668,35.628599]},"properties":{"id":"tn-maury-county-2026","jurisdiction":"Maury County","state":"Tennessee","state_abbrev":"TN","jurisdiction_type":"County","enacted_status":"active","date_enacted_iso":"2026-07-20","current_end_date_iso":"","date_enacted_uncertainty":"exact","duration_days":365,"duration_kind":"fixed_days","sectors":["data_center"],"trigger_categories":["regulatory_gap","water","grid_energy","noise"],"date_enacted":"2026-07-20, Maury County Commission unanimous vote on a resolution recommended by the Regional Planning Commission","duration":"Up to 12 months, or until the county updates its zoning standards, whichever is first; may be extended","trigger":"Need to update the zoning ordinance for different types of data centers; power, water, noise concerns raised by the public"}},{"type":"Feature","geometry":{"type":"Point","coordinates":[-85.769982,35.683404]},"properties":{"id":"tn-mcminnville-2026","jurisdiction":"McMinnville","state":"Tennessee","state_abbrev":"TN","jurisdiction_type":"City","enacted_status":"active","date_enacted_iso":"2026-06-03","current_end_date_iso":"","date_enacted_uncertainty":"exact","duration_days":545,"duration_kind":"fixed_days","sectors":["data_center"],"trigger_categories":["specific_project","infrastructure_capacity","environmental","noise"],"date_enacted":"2026-06-03 (McMinnville approved an 18-month moratorium on new data centers, per WSMV)","duration":"18 months","trigger":"Proposed 'Hixson Data Center,' a 96,000-square-foot, 25-megawatt AI supercomputing facility, opposed by a resident petition that gathered nearly 3,000 signatures"}},{"type":"Feature","geometry":{"type":"Point","coordinates":[-90.051779,35.146026]},"properties":{"id":"tn-memphis-undated","jurisdiction":"Memphis","state":"Tennessee","state_abbrev":"TN","jurisdiction_type":"City","enacted_status":"pending","date_enacted_iso":"","current_end_date_iso":"","date_enacted_uncertainty":"unverified","duration_days":365,"duration_kind":"fixed_days","sectors":["data_center","cryptocurrency_mining"],"trigger_categories":["specific_project","regulatory_gap","environmental","water","noise"],"date_enacted":"Pending: passed first reading 2026-08-18 (7-0) and second reading 2026-09-01; third and final reading deferred on 2026-09-15 to the 2026-10-06 council meeting, where sponsor JB Smiley plans an amended version","duration":"12 months from effective date, or until comprehensive data center zoning is adopted or the ordinance is repealed, whichever is earlier; extendable","trigger":"Expansion of xAI/SpaceX Colossus facilities, air pollution and noise in Boxtown and Whitehaven; no data center classification in the Unified Development Code; aquifer and water concerns"}},{"type":"Feature","geometry":{"type":"Point","coordinates":[-84.629496,36.137241]},"properties":{"id":"tn-morgan-county-2026","jurisdiction":"Morgan County","state":"Tennessee","state_abbrev":"TN","jurisdiction_type":"County","enacted_status":"active","date_enacted_iso":"2026-06-12","current_end_date_iso":"","date_enacted_uncertainty":"exact","duration_days":730,"duration_kind":"fixed_days","sectors":["data_center"],"trigger_categories":["regulatory_gap","grid_energy","water"],"date_enacted":"2026-06-12, County Commission approval of a resolution","duration":"Two years","trigger":"Absence of zoning and safety standards; concerns about electricity and water demand"}},{"type":"Feature","geometry":{"type":"Point","coordinates":[-86.598194,36.216814]},"properties":{"id":"tn-nashville-davidson-county-2026","jurisdiction":"Nashville-Davidson County","state":"Tennessee","state_abbrev":"TN","jurisdiction_type":"City","enacted_status":"active","date_enacted_iso":"2026-07-24","current_end_date_iso":"2026-12-01","date_enacted_uncertainty":"exact","duration_days":null,"duration_kind":"until_date","sectors":["data_center"],"trigger_categories":["regulatory_gap","specific_project","noise","property_values"],"date_enacted":"Metro Council passed BL2026-1448 on third reading, as amended, on 2026-07-21; Mayor Freddie O'Connell approved it on 2026-07-24","duration":"Through December 1, 2026. BL2026-1448 as introduced ran until November 1, 2026 or the effective date of BL2026-1391/BL2026-1392, whichever came first; Councilmember Johnston's floor amendment on third reading (2026-07-21) extended it to run through December 1, 2026 whether or not the zoning bills took effect earlier.","trigger":"Followed a record-setting July 7 public hearing with more than 200 speakers; the proposed DC BLOX facility near the Nashville Zoo was a focal point of opposition"}},{"type":"Feature","geometry":{"type":"Point","coordinates":[-84.934726,35.612386]},"properties":{"id":"tn-rhea-county-2026","jurisdiction":"Rhea County","state":"Tennessee","state_abbrev":"TN","jurisdiction_type":"County","enacted_status":"active","date_enacted_iso":"2026-07-21","current_end_date_iso":"","date_enacted_uncertainty":"exact","duration_days":null,"duration_kind":"unknown","sectors":["data_center","cryptocurrency_mining"],"trigger_categories":["infrastructure_capacity","grid_energy","water","land_use_compatibility"],"date_enacted":"2026-07-21, Rhea County Commission unanimous vote on a resolution sponsored by District 7 Commissioner Jacob Ellis (motion Mark Cashman, second Nick Welch), effective immediately","duration":"Temporary; term not stated in coverage","trigger":"Protect power grid, water systems, roads, and emergency services; preserve rural character; Regional Planning Commission to craft performance standards"}},{"type":"Feature","geometry":{"type":"Point","coordinates":[-84.522552,35.84857]},"properties":{"id":"tn-roane-county-undated","jurisdiction":"Roane County","state":"Tennessee","state_abbrev":"TN","jurisdiction_type":"County","enacted_status":"pending","date_enacted_iso":"","current_end_date_iso":"","date_enacted_uncertainty":"unverified","duration_days":730,"duration_kind":"fixed_days","sectors":["data_center","battery_storage","cryptocurrency_mining"],"trigger_categories":["grid_energy","water","noise","fire_safety"],"date_enacted":"Pending: 2026-07-13 Roane County Commission unanimously adopted a resolution requesting a Regional Planning Commission recommendation on a two-year moratorium (amended from 180 days); the moratorium itself was not yet adopted","duration":"Two years (requested)","trigger":"Water and electricity demand, cooling-fan noise, and fire and emergency response capacity"}},{"type":"Feature","geometry":{"type":"Point","coordinates":[-83.565717,35.867293]},"properties":{"id":"tn-sevierville-undated","jurisdiction":"Sevierville","state":"Tennessee","state_abbrev":"TN","jurisdiction_type":"City","enacted_status":"pending","date_enacted_iso":"","current_end_date_iso":"","date_enacted_uncertainty":"unverified","duration_days":545,"duration_kind":"fixed_days","sectors":["data_center"],"trigger_categories":["regulatory_gap","noise","water","infrastructure_capacity"],"date_enacted":"Pending/unconfirmed final: first reading 2026-07-20; second reading 2026-08-03; a third reading was required and its outcome was not found","duration":"18 months","trigger":"Planning ordinance does not define or address data centers; noise, water, and utility cost concerns"}},{"type":"Feature","geometry":{"type":"Point","coordinates":[-86.460272,35.483406]},"properties":{"id":"tn-shelbyville-2026","jurisdiction":"Shelbyville","state":"Tennessee","state_abbrev":"TN","jurisdiction_type":"City","enacted_status":"active","date_enacted_iso":"2026-07-07","current_end_date_iso":"2027-07-08","date_enacted_uncertainty":"exact","duration_days":365,"duration_kind":"fixed_days","sectors":["data_center","cryptocurrency_mining"],"trigger_categories":["regulatory_gap"],"date_enacted":"2026-07-07, City Council vote","duration":"One year","trigger":"Planning Commission had recommended both a moratorium and amendments placing data centers in the city's I-3 use classification"}},{"type":"Feature","geometry":{"type":"Point","coordinates":[-85.814152,35.960619]},"properties":{"id":"tn-smithville-undated","jurisdiction":"Smithville","state":"Tennessee","state_abbrev":"TN","jurisdiction_type":"City","enacted_status":"active","date_enacted_iso":"2026-08-03","current_end_date_iso":"2028-02-03","date_enacted_uncertainty":"exact","duration_days":545,"duration_kind":"fixed_days","sectors":["data_center","cryptocurrency_mining"],"trigger_categories":["regulatory_gap"],"date_enacted":"Ordinance 543 adopted on second and final reading by the Smithville Board of Mayor and Aldermen at its regular meeting on 2026-08-03 (first reading 2026-07-15 at a special-called session)","duration":"18 months from final passage (through about 2028-02-03), or until permanent zoning amendments are adopted, whichever occurs first; extendable by ordinance amendment","trigger":""}},{"type":"Feature","geometry":{"type":"Point","coordinates":[-85.464134,35.925892]},"properties":{"id":"tn-sparta-2026","jurisdiction":"Sparta","state":"Tennessee","state_abbrev":"TN","jurisdiction_type":"City","enacted_status":"active","date_enacted_iso":"2026-06","current_end_date_iso":"","date_enacted_uncertainty":"month_only","duration_days":180,"duration_kind":"fixed_days","sectors":["data_center"],"trigger_categories":["regulatory_gap","infrastructure_capacity","water","grid_energy"],"date_enacted":"June 2026 (reported 2026-06-19 and 2026-06-23), Sparta Board of Mayor and Aldermen unanimous approval of Resolution 26-626 and Ordinance 26-1003; Mayor Lowery absent","duration":"180 days","trigger":"Proposed data center in nearby McMinnville; electricity, water, sewer and infrastructure demands"}},{"type":"Feature","geometry":{"type":"Point","coordinates":[-84.86078,35.692015]},"properties":{"id":"tn-spring-city-2026","jurisdiction":"Spring City","state":"Tennessee","state_abbrev":"TN","jurisdiction_type":"Town","enacted_status":"active","date_enacted_iso":"2026-07-30","current_end_date_iso":"","date_enacted_uncertainty":"exact","duration_days":730,"duration_kind":"fixed_days","sectors":["data_center","cryptocurrency_mining"],"trigger_categories":["regulatory_gap","infrastructure_capacity","water","grid_energy","noise"],"date_enacted":"Final vote 2026-07-30 after a public hearing (first vote 2026-07-16), Spring City Board of Commissioners","duration":"Two years unless ended or extended sooner","trigger":"Study of land use, water and sewer, electrical demand, traffic, emergency response, noise and environmental effects"}},{"type":"Feature","geometry":{"type":"Point","coordinates":[-82.286903,36.496667]},"properties":{"id":"tn-sullivan-county-2025","jurisdiction":"Sullivan County","state":"Tennessee","state_abbrev":"TN","jurisdiction_type":"County","enacted_status":"extended","date_enacted_iso":"2026-01","current_end_date_iso":"","date_enacted_uncertainty":"month_only","duration_days":365,"duration_kind":"fixed_days","sectors":["data_center","cryptocurrency_mining"],"trigger_categories":["regulatory_gap","infrastructure_capacity","noise","grid_energy","fire_safety","property_values","land_use_compatibility","other"],"date_enacted":"Resolution No. 2025-11-07 was introduced 2025-11-20 and carried as Old Business on the 2025-12-18 agenda; per the Kingsport Times-News (2026-06-11) and its sponsor, Commissioner Jessica Means (WJHL), the four-month moratorium was finally approved in January 2026. In April 2026 the Commission extended it to a full 12 months, ending January 2027.","duration":"Originally four months (January to May 2026); extended in April 2026 to a full 12 months, ending January 2027","trigger":"County findings cited extraordinary electrical demand, strain on local utilities, possible residential ratepayer cost increases, continuous cooling-system noise, property value and public-health impacts, limited job creation, fire hazards, lack of community benefit, and increasing private interest in locating data-mining or crypto-mining operations."}},{"type":"Feature","geometry":{"type":"Point","coordinates":[-86.133216,36.388238]},"properties":{"id":"tn-trousdale-county-undated","jurisdiction":"Trousdale County","state":"Tennessee","state_abbrev":"TN","jurisdiction_type":"County","enacted_status":"pending","date_enacted_iso":"","current_end_date_iso":"","date_enacted_uncertainty":"unverified","duration_days":365,"duration_kind":"fixed_days","sectors":["data_center"],"trigger_categories":["regulatory_gap"],"date_enacted":"Pending: Trousdale County (Hartsville/Trousdale) Planning Commission recommended a one-year moratorium at its July 2026 meeting; governing-body adoption not found","duration":"One year (recommended)","trigger":"Time to set operational guardrails for data centers with consultant Amanda Harrington"}},{"type":"Feature","geometry":{"type":"Point","coordinates":[-85.194079,35.175564]},"properties":{"id":"tn-unincorporated-hamilton-county-2026","jurisdiction":"Unincorporated Hamilton County","state":"Tennessee","state_abbrev":"TN","jurisdiction_type":"County","enacted_status":"active","date_enacted_iso":"2026-07-15","current_end_date_iso":"","date_enacted_uncertainty":"exact","duration_days":365,"duration_kind":"fixed_days","sectors":["data_center"],"trigger_categories":["regulatory_gap","grid_energy","water"],"date_enacted":"2026-07-15, County Commission approval","duration":"One year","trigger":"County Planning Department to study practices elsewhere, consult TVA, EPB, and local water providers, and gather public input; follows Mayor Wamp's June 30 proposal"}},{"type":"Feature","geometry":{"type":"Point","coordinates":[-85.779663,35.688975]},"properties":{"id":"tn-warren-county-2026","jurisdiction":"Warren County","state":"Tennessee","state_abbrev":"TN","jurisdiction_type":"County","enacted_status":"active","date_enacted_iso":"2026-06-22","current_end_date_iso":"","date_enacted_uncertainty":"exact","duration_days":365,"duration_kind":"fixed_days","sectors":["data_center"],"trigger_categories":["regulatory_gap","infrastructure_capacity","fire_safety"],"date_enacted":"2026-06-22, County Commission adoption","duration":"12 months, extendable","trigger":"Officials study code, fire, infrastructure, and utility issues"}},{"type":"Feature","geometry":{"type":"Point","coordinates":[-82.491179,36.26365]},"properties":{"id":"tn-washington-county-2026","jurisdiction":"Washington County","state":"Tennessee","state_abbrev":"TN","jurisdiction_type":"County","enacted_status":"active","date_enacted_iso":"2026-03-23","current_end_date_iso":"2027-06-30","date_enacted_uncertainty":"exact","duration_days":null,"duration_kind":"until_date","sectors":["data_center","cryptocurrency_mining"],"trigger_categories":["regulatory_gap","infrastructure_capacity","noise","grid_energy","fire_safety","property_values","other"],"date_enacted":"2026-03-23","duration":"Effective immediately through 2027-06-30, with possible extension","trigger":"Regulatory gap for data processing, data mining, and cryptocurrency mining; extraordinary electrical demand; utility strain; potential residential rate impacts; continuous cooling-system noise; property value and public-health impacts; limited jobs; fire hazards; and lack of community benefit."}},{"type":"Feature","geometry":{"type":"Point","coordinates":[-85.463095,35.92459]},"properties":{"id":"tn-white-county-2026","jurisdiction":"White County","state":"Tennessee","state_abbrev":"TN","jurisdiction_type":"County","enacted_status":"active","date_enacted_iso":"2026-07-20","current_end_date_iso":"","date_enacted_uncertainty":"exact","duration_days":null,"duration_kind":"indefinite","sectors":["data_center"],"trigger_categories":["regulatory_gap","grid_energy","water","noise","environmental"],"date_enacted":"2026-07-20, White County Commission (Full Court) adoption of a resolution banning data centers, sent up unanimously by Steering Committee B; passed against the county attorney's and County Executive's advice","duration":"Indefinite, while officials study electric, water, noise, wildlife, and land-use effects","trigger":""}},{"type":"Feature","geometry":{"type":"Point","coordinates":[-86.312,36.146666]},"properties":{"id":"tn-wilson-county-2026","jurisdiction":"Wilson County","state":"Tennessee","state_abbrev":"TN","jurisdiction_type":"County","enacted_status":"active","date_enacted_iso":"2026-07-20","current_end_date_iso":"","date_enacted_uncertainty":"exact","duration_days":180,"duration_kind":"fixed_days","sectors":["data_center","cryptocurrency_mining"],"trigger_categories":["regulatory_gap","grid_energy","water","infrastructure_capacity"],"date_enacted":"2026-07-20, Wilson County Commission unanimous adoption of a resolution (three members absent), after the Planning and Zoning Committee recommended it on 2026-06-22","duration":"Six months","trigger":"No county protections against data center development; electricity, water, grid, ratepayer and aquifer concerns"}},{"type":"Feature","geometry":{"type":"Point","coordinates":[-96.244347,29.891649]},"properties":{"id":"tx-austin-county-2026","jurisdiction":"Austin County","state":"Texas","state_abbrev":"TX","jurisdiction_type":"County","enacted_status":"active","date_enacted_iso":"2026-07-27","current_end_date_iso":"","date_enacted_uncertainty":"exact","duration_days":null,"duration_kind":"until_event","sectors":["data_center","battery_storage"],"trigger_categories":["fire_safety","environmental","regulatory_gap"],"date_enacted":"2026-07-27, Austin County Commissioners Court, unanimous vote at a Monday meeting (KWHI, published Tuesday 2026-07-28, reports the vote as taken 'Monday'), following the July 13, 2026 public hearing. The signed order itself (obtained directly from austincounty.com) confirms adoption by the full Commissioners Court (County Judge Tim Lapham and Commissioners Greg Mikel, Bobby Rinn, Leroy Cerny, and Chip Reed) but its scanned signature-page 'Date of adoption' field was not legibly OCR-able.","duration":"Until a comprehensive health and safety review is complete, per the posted draft order; no fixed term confirmed","trigger":"Comprehensive health and safety review of AI data centers and battery energy storage systems"}},{"type":"Feature","geometry":{"type":"Point","coordinates":[-97.141342,33.183879]},"properties":{"id":"tx-denton-undated","jurisdiction":"Denton","state":"Texas","state_abbrev":"TX","jurisdiction_type":"City","enacted_status":"pending","date_enacted_iso":"","current_end_date_iso":"","date_enacted_uncertainty":"unverified","duration_days":null,"duration_kind":"unknown","sectors":["data_center"],"trigger_categories":["grid_energy","infrastructure_capacity","regulatory_gap"],"date_enacted":"Not yet adopted as of 2026-09-23. City Council gave staff direction on a Tuesday (per dentonrc.com, a 4-3 vote) to proceed with a possible moratorium and stricter development-code amendments; held the first of two required public hearings on 2026-09-22 (no vote taken); a second public hearing is scheduled for 2026-10-27, with final Council consideration possible as early as 2026-12-02.","duration":"Proposed 3 months (per Councilmember Suzi Rumohr's public statement)","trigger":"grid_energy/infrastructure_capacity: Denton Municipal Electric's transmission system is reported to be operating near capacity, with roughly $300 million in proposed transmission upgrades awaiting an ERCOT response; residents also cited water and community-benefit concerns relative to the roughly $3.5 million in taxes and $9 million in electric ROI/franchise fees existing data centers generate."}},{"type":"Feature","geometry":{"type":"Point","coordinates":[-97.332746,32.753177]},"properties":{"id":"tx-fort-worth-undated","jurisdiction":"Fort Worth","state":"Texas","state_abbrev":"TX","jurisdiction_type":"City","enacted_status":"pending","date_enacted_iso":"","current_end_date_iso":"","date_enacted_uncertainty":"unverified","duration_days":null,"duration_kind":"unknown","sectors":["data_center"],"trigger_categories":["regulatory_gap","specific_project","grid_energy","noise","water"],"date_enacted":"Not yet adopted as of 2026-09-23. On 2026-08-11 the City Council voted (nearly unanimous, with one abstention/one dissent on related items) to begin the legal process toward a 90-day data center moratorium, alongside creating an 11-member Data Center & Infrastructure Commission (chaired by TCU professor Michael Slattery) and requiring state regulatory approval (per Gov. Abbott's directive) before city permits. Per the timeline city staff presented, two public hearings on the moratorium and two additional ordinance-reading hearings are still required; a Data Center & Infrastructure Commission report is due at a Nov. 3, 2026 work session.","duration":"Proposed 90 days, extendable once by an additional 90 days (to a 180-day maximum); per the city's own timeline as of August 2026, the moratorium itself would not take effect until approximately Feb. 16, 2027 (running to approximately May 17, 2027, extendable to Aug. 15, 2027), after which state law bars the city from imposing another moratorium for two years.","trigger":"regulatory_gap and specific_project concerns: sustained public pushback over multiple proposed/under-construction data centers within city limits and the ETJ (e.g., a $10 billion project within 300 feet of a resident's historic garden), a Fort Worth Zoning Commission vote against recommending an initial package of data center zoning regulations (July 2026) as rushed, and a directive from five Council members calling for a moratorium."}},{"type":"Feature","geometry":{"type":"Point","coordinates":[-97.69606,26.190754]},"properties":{"id":"tx-harlingen-2026","jurisdiction":"Harlingen","state":"Texas","state_abbrev":"TX","jurisdiction_type":"City","enacted_status":"extended","date_enacted_iso":"2026-05-20","current_end_date_iso":"2026-12-16","date_enacted_uncertainty":"exact","duration_days":180,"duration_kind":"fixed_days","sectors":["data_center"],"trigger_categories":["regulatory_gap","land_use_compatibility"],"date_enacted":"2026-05-20 (Wednesday commission meeting; ValleyCentral's own article, posted 2026-05-21 at 10:43 a.m., states the vote occurred 'During a Wednesday meeting'; May 20, 2026 was a Wednesday). Subsequently extended by an additional 60 days: first reading of the extension ordinance occurred in the commission meeting reported by KRGV on 2026-08-25 ('approved last week'), with a second/final reading approximately two weeks later (late August 2026).","duration":"Initial 120 days from 2026-05-20; City Attorney Mark Sossi described the subsequent 60-day extension (first reading reported ~2026-08-13, second/final reading ~2 weeks later) as 'the maximum extension allowed by law,' bringing the total pause to 180 days. Multiple August 2026 reports describe the extended pause as running 'through December' 2026.","trigger":"Precautionary study of potential future data center impacts and modernization of land use regulations; one source (Rio Grande Guardian) noted no data center projects were formally proposed within city limits at the time"}},{"type":"Feature","geometry":{"type":"Point","coordinates":[-97.088165,31.959508]},"properties":{"id":"tx-hill-county-2026","jurisdiction":"Hill County","state":"Texas","state_abbrev":"TX","jurisdiction_type":"County","enacted_status":"rescinded","date_enacted_iso":"2026-05-12","current_end_date_iso":"","date_enacted_uncertainty":"exact","duration_days":365,"duration_kind":"fixed_days","sectors":["data_center"],"trigger_categories":["specific_project","land_use_compatibility","infrastructure_capacity"],"date_enacted":"2026-05-12 (Hill County Commissioners Court approved a 1-year moratorium on data center construction, per KWTX)","duration":"One year (as adopted; rescinded before completing its term)","trigger":"Development pressure from multiple (reportedly up to eight) proposed data center projects in a rural North Texas county"}},{"type":"Feature","geometry":{"type":"Point","coordinates":[-101.847021,33.585568]},"properties":{"id":"tx-lubbock-undated","jurisdiction":"Lubbock","state":"Texas","state_abbrev":"TX","jurisdiction_type":"City","enacted_status":"pending","date_enacted_iso":"","current_end_date_iso":"","date_enacted_uncertainty":"unverified","duration_days":null,"duration_kind":"unknown","sectors":["data_center"],"trigger_categories":["regulatory_gap","grid_energy","water"],"date_enacted":"2026-09-23, Lubbock City Council, 5-2 vote (District 6 Councilman Tim Collins and District 4 Councilman Tim Green dissenting), adopting a resolution to begin the process toward a possible 90-day moratorium.","duration":"Proposed 90 days, with a possible optional 90-day extension (would push consideration of a large-scale data center to June 2027 if extended); an 18-month moratorium originally proposed by the citizen 'Save Lubbock' group was deemed not feasible under Texas law.","trigger":"regulatory_gap and specific_project concerns, driven by a citizen petition ('Save Lubbock' group led by Stephen Sanders); Council members cited ERCOT grid conditions and a desire to await further state-level guidance/regulation before large-scale data center development proceeds."}},{"type":"Feature","geometry":{"type":"Point","coordinates":[-113.211207,41.358606]},"properties":{"id":"ut-box-elder-county-2026","jurisdiction":"Box Elder County","state":"Utah","state_abbrev":"UT","jurisdiction_type":"County","enacted_status":"active","date_enacted_iso":"2026-06-10","current_end_date_iso":"","date_enacted_uncertainty":"exact","duration_days":180,"duration_kind":"fixed_days","sectors":["data_center"],"trigger_categories":["regulatory_gap"],"date_enacted":"County Commission unanimously adopted Ordinance 654 on 2026-06-10.","duration":"180-day temporary land-use regulation on data centers, data center power plants, and associated digital infrastructure in areas where the county retains land-use authority. Stops new land-use and business-license applications, building permits, administrative appeals, conditional use permits, subdivisions, zone changes, site plans, development agreements, and similar approvals. Applications formally determined complete before the effective date may proceed; incomplete covered applications are suspended.","trigger":"Adopted while the county develops updated data center regulations, in areas outside the Military Installation Development Authority's Stratos project area."}},{"type":"Feature","geometry":{"type":"Point","coordinates":[-111.745116,41.704298]},"properties":{"id":"ut-cache-county-2026","jurisdiction":"Cache County","state":"Utah","state_abbrev":"UT","jurisdiction_type":"County","enacted_status":"active","date_enacted_iso":"2026-06-23","current_end_date_iso":"","date_enacted_uncertainty":"exact","duration_days":180,"duration_kind":"fixed_days","sectors":["data_center"],"trigger_categories":["regulatory_gap"],"date_enacted":"County Council suspended its rules and voted 6-0 (one member absent) to adopt Ordinance 2026-32 on 2026-06-23.","duration":"Proactive 180-day moratorium on data centers and data center power plants across all zones in unincorporated Cache County, pausing covered land-use, license, permit, appeal, conditional-use, subdivision, zone-change, site-plan, development-agreement, and similar applications (applications already determined complete may continue). Directs staff and the Planning Commission to prepare permanent regulations within 150 days.","trigger":"Proactive measure; minutes state the county had received no data center inquiries and the action was not a response to a pending project."}},{"type":"Feature","geometry":{"type":"Point","coordinates":[-112.024484,41.113584]},"properties":{"id":"ut-clearfield-2026","jurisdiction":"Clearfield","state":"Utah","state_abbrev":"UT","jurisdiction_type":"City","enacted_status":"active","date_enacted_iso":"2026-09-08","current_end_date_iso":"","date_enacted_uncertainty":"exact","duration_days":180,"duration_kind":"fixed_days","sectors":["data_center"],"trigger_categories":["regulatory_gap","specific_project","water","noise","grid_energy"],"date_enacted":"2026-09-08, Clearfield City Council regular meeting, 4-0 vote (Councilmember Danielle King absent).","duration":"180 days from adoption (to approximately 2027-03-07).","trigger":"regulatory_gap; a pending zoning-determination request for a proposed data center in the Freeport Center's M-1 Manufacturing Zone (Building J8) exposed that Clearfield's code has no definition or zoning classification for 'data center,' prompting the Council to pause while it studies electrical demand, water consumption, noise, and other impacts and considers pending state legislation."}},{"type":"Feature","geometry":{"type":"Point","coordinates":[-109.66199,38.963464]},"properties":{"id":"ut-grand-county-2026","jurisdiction":"Grand County","state":"Utah","state_abbrev":"UT","jurisdiction_type":"County","enacted_status":"active","date_enacted_iso":"2026-07-07","current_end_date_iso":"","date_enacted_uncertainty":"exact","duration_days":180,"duration_kind":"fixed_days","sectors":["data_center"],"trigger_categories":["regulatory_gap","water","noise"],"date_enacted":"County Commission voted 7-0 on 2026-07-07 to adopt a temporary land use regulation, effective immediately.","duration":"180-day pause on acceptance and processing of applications for data centers, data center power plants, and associated digital infrastructure. Planning and Zoning Director Andrew Jackson said no data center application was pending and the county code lacked a data center definition and standards addressing water, power, noise, lighting, and visual impacts.","trigger":"County code lacked a data center definition and standards addressing water, power, noise, lighting, and visual impacts; no data center application was pending."}},{"type":"Feature","geometry":{"type":"Point","coordinates":[-113.286735,37.854614]},"properties":{"id":"ut-iron-county-2026","jurisdiction":"Iron County","state":"Utah","state_abbrev":"UT","jurisdiction_type":"County","enacted_status":"active","date_enacted_iso":"2026-05-26","current_end_date_iso":"","date_enacted_uncertainty":"exact","duration_days":180,"duration_kind":"fixed_days","sectors":["data_center","solar"],"trigger_categories":["regulatory_gap"],"date_enacted":"County Commission approved Ordinance 2026-13 by a 2-0 vote (Commissioner Paul Cozzens absent) on 2026-05-26.","duration":"180 days. Bars acceptance or processing of new applications for data centers, data center power plants, and solar power plants while the county develops updated regulations. Complete applications were exempt (the Pronghorn/Antelope Data Center application was identified as complete and exempt); incomplete pending applications were suspended (the BrightNight Red Butte application was placed on hold).","trigger":"Adopted while the county develops updated data center and solar power plant regulations."}},{"type":"Feature","geometry":{"type":"Point","coordinates":[-111.834914,41.731306]},"properties":{"id":"ut-logan-2026","jurisdiction":"Logan","state":"Utah","state_abbrev":"UT","jurisdiction_type":"City","enacted_status":"active","date_enacted_iso":"2026-06-30","current_end_date_iso":"","date_enacted_uncertainty":"exact","duration_days":180,"duration_kind":"fixed_days","sectors":["data_center"],"trigger_categories":["regulatory_gap"],"date_enacted":"Municipal Council voted 5-0 to adopt Ordinance 26-12 on 2026-06-30, following a public hearing; published and effective 2026-07-01.","duration":"180-day moratorium throughout Logan City: the city may not accept, process, approve, or issue an application, permit, or approval authorizing construction or development of a data center or data center power plant, and no person may begin such development. Expires after 180 days unless the council ends it earlier.","trigger":"City departments had begun work on land-development and utility-related proposals; adopted to allow further Planning Commission review and public comment."}},{"type":"Feature","geometry":{"type":"Point","coordinates":[-111.576782,39.36063]},"properties":{"id":"ut-sanpete-county-2026","jurisdiction":"Sanpete County","state":"Utah","state_abbrev":"UT","jurisdiction_type":"County","enacted_status":"active","date_enacted_iso":"2026-08-04","current_end_date_iso":"","date_enacted_uncertainty":"exact","duration_days":180,"duration_kind":"fixed_days","sectors":["data_center"],"trigger_categories":["regulatory_gap"],"date_enacted":"2026-08-04, Sanpete County Commission regular meeting, following a recommendation from the Sanpete County Planning Commission.","duration":"Six months from adoption (to approximately 2027-01-31); county officials described the moratorium as renewable 'six months at a time' as long as the county shows it is working toward permanent regulations.","trigger":"County code contains no ordinance governing data centers; commissioners wanted time to draft and adopt land-use standards before any development proposal could be submitted under existing (silent) county code."}},{"type":"Feature","geometry":{"type":"Point","coordinates":[-111.124309,38.307963]},"properties":{"id":"ut-wayne-county-2026","jurisdiction":"Wayne County","state":"Utah","state_abbrev":"UT","jurisdiction_type":"County","enacted_status":"active","date_enacted_iso":"2026-07-08","current_end_date_iso":"","date_enacted_uncertainty":"exact","duration_days":180,"duration_kind":"fixed_days","sectors":["data_center"],"trigger_categories":["regulatory_gap"],"date_enacted":"County Commission voted 3-0 to approve Resolution 2026-04 on 2026-07-08.","duration":"180-day temporary suspension on land use applications for data centers and data center power plants, applying throughout zoned and unzoned unincorporated Wayne County. Covers land use and business-license applications, building permits, administrative appeals, conditional use permits, subdivisions, zone changes, site plans, development agreements, and related approvals.","trigger":""}},{"type":"Feature","geometry":{"type":"Point","coordinates":[-72.598296,44.56155]},"properties":{"id":"vt-morristown-2026","jurisdiction":"Morristown","state":"Vermont","state_abbrev":"VT","jurisdiction_type":"Town","enacted_status":"active","date_enacted_iso":"2026-08-31","current_end_date_iso":"","date_enacted_uncertainty":"exact","duration_days":730,"duration_kind":"fixed_days","sectors":["data_center","general"],"trigger_categories":["regulatory_gap","grid_energy","water","noise"],"date_enacted":"2026-08-31 (Select Board and Village Board of Trustees joint unanimous vote, dated interim zoning bylaw)","duration":"Two years from adoption, as an interim zoning bylaw","trigger":"Town bylaws are silent on data centers and 'high-impact uses'; board wants time for the planning commission to study electric-grid, water, noise, and hazardous-waste impacts before any application is filed, prompted in part by community reaction to a separate large industrial-park/quarry proposal"}},{"type":"Feature","geometry":{"type":"Point","coordinates":[-76.24425,36.749185]},"properties":{"id":"va-city-of-chesapeake-2026","jurisdiction":"City of Chesapeake","state":"Virginia","state_abbrev":"VA","jurisdiction_type":"City","enacted_status":"active","date_enacted_iso":"2026-07-21","current_end_date_iso":"","date_enacted_uncertainty":"exact","duration_days":null,"duration_kind":"until_event","sectors":["data_center"],"trigger_categories":["regulatory_gap","land_use_compatibility"],"date_enacted":"2026-07-21 (City Council adopted Resolution 26-R-042 by a 9-0 vote)","duration":"8 months from adoption, or until City Council takes final action on comprehensive plan amendment PLN-COMP-2026-002, whichever occurs first","trigger":"Council sought to pause discretionary review of data center land-use applications while comprehensive plan amendment PLN-COMP-2026-002 is pending"}},{"type":"Feature","geometry":{"type":"Point","coordinates":[-78.278999,37.848853]},"properties":{"id":"va-fluvanna-county-2025","jurisdiction":"Fluvanna County","state":"Virginia","state_abbrev":"VA","jurisdiction_type":"County","enacted_status":"replaced","date_enacted_iso":"2025-09-17","current_end_date_iso":"","date_enacted_uncertainty":"exact","duration_days":null,"duration_kind":"until_date","sectors":["data_center"],"trigger_categories":["regulatory_gap","land_use_compatibility"],"date_enacted":"2025-09-17","duration":"Until 2026-01-31","trigger":"Data centers were by-right uses in I-1 and I-2 districts, and the Board directed staff to prepare amendments requiring special use permits."}},{"type":"Feature","geometry":{"type":"Point","coordinates":[-78.191808,38.917907]},"properties":{"id":"va-front-royal-2026","jurisdiction":"Front Royal","state":"Virginia","state_abbrev":"VA","jurisdiction_type":"Town","enacted_status":"active","date_enacted_iso":"2026-07-06","current_end_date_iso":"","date_enacted_uncertainty":"exact","duration_days":90,"duration_kind":"fixed_days","sectors":["data_center"],"trigger_categories":["regulatory_gap","land_use_compatibility"],"date_enacted":"2026-07-06, Front Royal Town Council work session, 6-0 vote (Vice Mayor Amber F. Veitenthal and Councilmembers DeDomenico-Payne, Ingram, Rappaport, Sealock, and Wood; Mayor Cockrell present but votes only to break ties), per the town's own approved council minutes.","duration":"90 days from adoption (to approximately 2026-10-04).","trigger":"The town sought to preserve the status quo while it drafts a permanent zoning text amendment to define data centers separately from 'technology' uses and prohibit data centers in all town zoning districts; no data center application had been received as of adoption."}},{"type":"Feature","geometry":{"type":"Point","coordinates":[-77.670501,39.098459]},"properties":{"id":"va-loudoun-county-2026","jurisdiction":"Loudoun County","state":"Virginia","state_abbrev":"VA","jurisdiction_type":"County","enacted_status":"active","date_enacted_iso":"2026-09-16","current_end_date_iso":"","date_enacted_uncertainty":"exact","duration_days":null,"duration_kind":"until_event","sectors":["data_center"],"trigger_categories":["regulatory_gap","grid_energy","land_use_compatibility","noise","infrastructure_capacity"],"date_enacted":"2026-09-16, Loudoun County Board of Supervisors, 7-1-1 vote (Supervisor opposed on the base pause; a separate 7-1-1 vote with Supervisor Briskman opposed approved a grid-reliability substation exception), per the Board's own press release.","duration":"Open-ended; in effect while the Board continues Phase 2 of its Data Center Standards and Locations initiative (zoning ordinance and comprehensive plan amendments), which is anticipated to be completed in 2027. County staff are to return with a formal resolution memorializing the pause at the Board's October 20, 2026 Business Meeting.","trigger":"Regulatory gap and community pressure over rapid data center growth in the county (\"Data Center Alley\"); effort led by Algonkian District Supervisor Juli Briskman, tied to the county's ongoing Phase 2 Data Center Standards and Locations initiative (begun September 2025) addressing data center/substation siting, noise, building heights, on-site power generation, and battery storage standards."}},{"type":"Feature","geometry":{"type":"Point","coordinates":[-75.976075,36.849658]},"properties":{"id":"va-virginia-beach-2026","jurisdiction":"Virginia Beach","state":"Virginia","state_abbrev":"VA","jurisdiction_type":"City","enacted_status":"active","date_enacted_iso":"2026-08-18","current_end_date_iso":"","date_enacted_uncertainty":"exact","duration_days":null,"duration_kind":"until_event","sectors":["data_center"],"trigger_categories":["regulatory_gap","water","grid_energy","noise","land_use_compatibility"],"date_enacted":"2026-08-18, Virginia Beach City Council, unanimous vote.","duration":"12 months from adoption, or until City Council takes final action on an ordinance regulating data centers, whichever occurs first (to approximately 2027-08-18).","trigger":"City zoning ordinance does not specifically define or regulate data centers; concerns raised over resource consumption (water, electricity), noise, and land-use compatibility, following an informal June 2026 Council statement opposing large-scale/hyperscale data centers."}},{"type":"Feature","geometry":{"type":"Point","coordinates":[-122.003758,47.308308]},"properties":{"id":"wa-black-diamond-2026","jurisdiction":"Black Diamond","state":"Washington","state_abbrev":"WA","jurisdiction_type":"City","enacted_status":"extended","date_enacted_iso":"2026-03-03","current_end_date_iso":"","date_enacted_uncertainty":"exact","duration_days":null,"duration_kind":"until_date","sectors":["battery_storage"],"trigger_categories":["regulatory_gap","fire_safety","specific_project","land_use_compatibility"],"date_enacted":"2026-03-03 (interim zoning controls prohibiting BESS citywide, Ordinance No. 26-1246, superseding an earlier BESS permit-application moratorium first adopted 2024-02-15 under Ordinance No. 24-1205 and renewed by Ordinance No. 25-1219 in February 2025); extended a further six months, with a small-system exception, by Ordinance No. 26-1258 (public hearing scheduled 2026-10-06)","duration":"Six months per interim-zoning-control ordinance, renewed in six-month increments","trigger":"Developer inquiries about siting a BESS facility and whether it qualifies as a 'utilities' use under BDMC Title 18; City's regulations not updated for BESS-specific fire, hazardous-chemical, noise, and wildlife-impact risks; City wants to review King County's October 2024 BESS siting code revisions first"}},{"type":"Feature","geometry":{"type":"Point","coordinates":[-122.348527,47.469918]},"properties":{"id":"wa-burien-2026","jurisdiction":"Burien","state":"Washington","state_abbrev":"WA","jurisdiction_type":"City","enacted_status":"active","date_enacted_iso":"2026-06-29","current_end_date_iso":"","date_enacted_uncertainty":"exact","duration_days":365,"duration_kind":"fixed_days","sectors":["data_center"],"trigger_categories":["regulatory_gap"],"date_enacted":"City Council adopted Ordinance 905 by a 6-0 vote on 2026-06-29, effective immediately.","duration":"One-year moratorium in all city districts on accepting, processing, or approving applications to establish, expand, or change a use to a data center with capacity exceeding 20 MVA. Preserves vested rights for complete permit applications filed before the effective date. Public hearing scheduled for 2026-07-13.","trigger":""}},{"type":"Feature","geometry":{"type":"Point","coordinates":[-120.010898,47.835765]},"properties":{"id":"wa-chelan-2018","jurisdiction":"City of Chelan","state":"Washington","state_abbrev":"WA","jurisdiction_type":"City","enacted_status":"expired","date_enacted_iso":"2018-04-24","current_end_date_iso":"","date_enacted_uncertainty":"exact","duration_days":365,"duration_kind":"fixed_days","sectors":["cryptocurrency_mining"],"trigger_categories":["regulatory_gap","grid_energy","fire_safety"],"date_enacted":"2018-04-24","duration":"12 months from passage; automatically expired April 2019 unless extended (Ordinance 2018-1538, Section 3)","trigger":"Low-cost hydropower attracted cryptocurrency mining; city findings cite high electricity use, cooling equipment, fire-safety risk, and need to study electricity-distribution impacts"}},{"type":"Feature","geometry":{"type":"Point","coordinates":[-117.579304,47.489225]},"properties":{"id":"wa-cheney-2018","jurisdiction":"City of Cheney","state":"Washington","state_abbrev":"WA","jurisdiction_type":"City","enacted_status":"expired","date_enacted_iso":"2018-04-21","current_end_date_iso":"","date_enacted_uncertainty":"exact","duration_days":180,"duration_kind":"fixed_days","sectors":["cryptocurrency_mining"],"trigger_categories":["regulatory_gap","infrastructure_capacity","grid_energy"],"date_enacted":"2018-04-21 (passed by City Council; effective immediately as a public-emergency ordinance per RCW 35A.11.090(2))","duration":"Six months, 2018-04-24 to 2018-10-24 (Ordinance X-27, Section on Term)","trigger":"City-operated Light Department faced potential new large single electric loads greater than one MW (CMC 14.08.055); city findings cited fiscal health, capital facilities, utility capacity, and the need to study effects on the electric system"}},{"type":"Feature","geometry":{"type":"Point","coordinates":[-120.293126,47.415682]},"properties":{"id":"wa-east-wenatchee-2018","jurisdiction":"City of East Wenatchee","state":"Washington","state_abbrev":"WA","jurisdiction_type":"City","enacted_status":"replaced","date_enacted_iso":"2018-03-27","current_end_date_iso":"","date_enacted_uncertainty":"exact","duration_days":180,"duration_kind":"fixed_days","sectors":["data_center","cryptocurrency_mining"],"trigger_categories":["regulatory_gap","infrastructure_capacity","grid_energy","fire_safety"],"date_enacted":"2018-03-27 (Ordinance 2018-06); extension adopted in late 2018 with public hearing set for 2018-12-11 (Ordinance 2018-21)","duration":"Initial six-month interim control (Ord. 2018-06: 2018-03-27 to 2018-09-27, per recital 2.10 of Ord. 2018-21); twelve-month extension under Ordinance 2018-21","trigger":"Rapid cryptocurrency mining growth, high continuous electric demand, fire/life-safety risk, and Douglas County PUD electric infrastructure planning concerns identified in Ordinance 2018-21 recitals"}},{"type":"Feature","geometry":{"type":"Point","coordinates":[-120.20841,47.675964]},"properties":{"id":"wa-entiat-2018","jurisdiction":"City of Entiat","state":"Washington","state_abbrev":"WA","jurisdiction_type":"City","enacted_status":"expired","date_enacted_iso":"2018","current_end_date_iso":"","date_enacted_uncertainty":"year_only","duration_days":null,"duration_kind":"unknown","sectors":["cryptocurrency_mining"],"trigger_categories":["regulatory_gap","infrastructure_capacity","grid_energy"],"date_enacted":"2018 (Ordinance 779); extension adopted via Ordinance 794 and a further extension via Ordinance 799","duration":"Initial interim control (Ord. 779) followed by extension (Ord. 794) and a further extension by Ord. 799; all three are listed as \"Expired\" in the Entiat Municipal Code ordinance table","trigger":"Regional cryptocurrency mining/high-density-load pressure tied to cheap Columbia River hydropower and Chelan County PUD capacity concerns; coordination with Chelan PUD regional response"}},{"type":"Feature","geometry":{"type":"Point","coordinates":[-119.553649,47.317639]},"properties":{"id":"wa-ephrata-2018","jurisdiction":"City of Ephrata","state":"Washington","state_abbrev":"WA","jurisdiction_type":"City","enacted_status":"replaced","date_enacted_iso":"2018-10-17","current_end_date_iso":"","date_enacted_uncertainty":"exact","duration_days":365,"duration_kind":"fixed_days","sectors":["cryptocurrency_mining"],"trigger_categories":["infrastructure_capacity","noise","regulatory_gap","land_use_compatibility","grid_energy"],"date_enacted":"2018-10-17 (Spokesman-Review reported the \"City Council voted Wednesday\" of 2018-10-17 to block new cryptocurrency operations for 12 months; vote 6-1 with Mayor Reim absent)","duration":"12 months (per Spokesman-Review: \"yearlong ban on new cryptocurrency mining\")","trigger":"Grant County PUD power-capacity uncertainty (Grant PUD received 125 service requests totaling >2,000 MW with ~75% from cryptocurrency firms), noise complaints from residents on Nob Hill Drive (\"the noise was like an ocean\"), and local concern over whether cryptocurrency mining fit the city utility and land-use framework"}},{"type":"Feature","geometry":{"type":"Point","coordinates":[-120.668298,47.601498]},"properties":{"id":"wa-leavenworth-2018","jurisdiction":"City of Leavenworth","state":"Washington","state_abbrev":"WA","jurisdiction_type":"City","enacted_status":"replaced","date_enacted_iso":"2018-03-27","current_end_date_iso":"","date_enacted_uncertainty":"exact","duration_days":365,"duration_kind":"fixed_days","sectors":["cryptocurrency_mining"],"trigger_categories":["infrastructure_capacity","grid_energy","fire_safety"],"date_enacted":"2018-03-27","duration":"12 months","trigger":"Chelan County PUD briefings on high-density-load growth, limited electrical capacity, and fire-safety risk in areas not designed for such loads"}},{"type":"Feature","geometry":{"type":"Point","coordinates":[-119.278077,47.130142]},"properties":{"id":"wa-moses-lake-2018","jurisdiction":"City of Moses Lake","state":"Washington","state_abbrev":"WA","jurisdiction_type":"City","enacted_status":"replaced","date_enacted_iso":"2018-05","current_end_date_iso":"","date_enacted_uncertainty":"month_only","duration_days":365,"duration_kind":"fixed_days","sectors":["cryptocurrency_mining"],"trigger_categories":["specific_project","regulatory_gap","fire_safety","land_use_compatibility","noise"],"date_enacted":"2018-05 (Columbia Basin Herald reported on 2018-05-28 that Moses Lake \"City Council has passed an ordinance\" \"last week\" that prohibits new operations; consistent with a May 2018 enactment date)","duration":"Up to 12 months (per Columbia Basin Herald: \"for up to 12 months and will give the city time to study the impacts\")","trigger":"City received inquiries for cryptocurrency operations; local report cited seven known operations (four unpermitted), a recent fire tied to an unpermitted Central Business District operation, residential-zone complaints, and absence of zoning-code treatment"}},{"type":"Feature","geometry":{"type":"Point","coordinates":[-122.344462,47.617708]},"properties":{"id":"wa-seattle-2026","jurisdiction":"City of Seattle","state":"Washington","state_abbrev":"WA","jurisdiction_type":"City","enacted_status":"active","date_enacted_iso":"2026-06-09","current_end_date_iso":"","date_enacted_uncertainty":"exact","duration_days":365,"duration_kind":"fixed_days","sectors":["data_center"],"trigger_categories":["specific_project","infrastructure_capacity","environmental","grid_energy"],"date_enacted":"2026-06-09 (Seattle City Council unanimous final passage of Council Bill 121214 and companion Resolution 32204, under emergency designation); signed by Mayor Katie Wilson 2026-06-11; Ordinance No. 127447","duration":"365 days from the effective date (immediate, under emergency designation), automatically expiring thereafter unless renewed for one or more additional six-month periods in accordance with RCW 36.70A.390; a public hearing is required within 60 days of adoption.","trigger":"Five proposed large-scale data centers reportedly seeking Seattle City Light service, with combined maximum demand of 369 MW (about a third of Seattle's average daily power consumption); public concern over ratepayer, environmental justice, and power-supply impacts"}},{"type":"Feature","geometry":{"type":"Point","coordinates":[-120.310349,47.42346]},"properties":{"id":"wa-wenatchee-2018","jurisdiction":"City of Wenatchee","state":"Washington","state_abbrev":"WA","jurisdiction_type":"City","enacted_status":"replaced","date_enacted_iso":"2018-02-22","current_end_date_iso":"","date_enacted_uncertainty":"exact","duration_days":180,"duration_kind":"fixed_days","sectors":["data_center","cryptocurrency_mining"],"trigger_categories":["regulatory_gap","infrastructure_capacity","grid_energy","fire_safety"],"date_enacted":"2018-02-22; extended 2019-02-14","duration":"Initial six-month interim official control under RCW 35A.63.220 and RCW 36.70A.390; extended for an additional six months by Ordinance 2019-04 (effective approximately 2019-02-23) until permanent zoning amendments were adopted","trigger":"Cryptocurrency mining/high-density-load growth, power-distribution concerns, and fire/safety concerns identified during the Chelan PUD-driven regional response"}},{"type":"Feature","geometry":{"type":"Point","coordinates":[-120.940063,47.195242]},"properties":{"id":"wa-cle-elum-2026","jurisdiction":"Cle Elum","state":"Washington","state_abbrev":"WA","jurisdiction_type":"City","enacted_status":"active","date_enacted_iso":"2026-07-31","current_end_date_iso":"","date_enacted_uncertainty":"exact","duration_days":180,"duration_kind":"fixed_days","sectors":["data_center"],"trigger_categories":["specific_project","grid_energy","water","fire_safety","noise"],"date_enacted":"2026-07-31, City Council unanimously approved an emergency six-month moratorium at a special meeting, three days after Blue Fern Development unveiled a 20 MW data center proposal","duration":"Six months","trigger":"Blue Fern Development's July 28, 2026 proposal for a roughly 100,000-sq-ft, 20 MW 'research sized' data center within a residential/commercial development near I-90; concerns over electricity, water, fire protection, noise, and local economic effects"}},{"type":"Feature","geometry":{"type":"Point","coordinates":[-122.100222,47.365779]},"properties":{"id":"wa-covington-2024","jurisdiction":"Covington","state":"Washington","state_abbrev":"WA","jurisdiction_type":"City","enacted_status":"extended","date_enacted_iso":"2024-05-14","current_end_date_iso":"","date_enacted_uncertainty":"exact","duration_days":null,"duration_kind":"until_date","sectors":["battery_storage"],"trigger_categories":["regulatory_gap","fire_safety","noise","land_use_compatibility"],"date_enacted":"2024-05-14 (original 12-month BESS moratorium, Ordinance No. 07-2024); renewed six months at a time by Ordinance No. 03-2025, No. 09-2025, and most recently No. 02-2026 (adopted 2026-04-14)","duration":"Initial 12 months, renewed in successive six-month increments; the current renewal (Ordinance No. 02-2026) was adopted 2026-04-14 concurrently with a public hearing","trigger":"BESS facilities present fire, explosion, hazardous-chemical, noise, visual, and wildlife-impact risks not addressed by the City's outdated 'Utility Facility' zoning definition (CMC 18.20.050/18.125.040); City wants to align with King County's BESS siting standards and Dept. of Ecology guidance before permitting such facilities"}},{"type":"Feature","geometry":{"type":"Point","coordinates":[-119.607536,47.765271]},"properties":{"id":"wa-douglas-county-2018","jurisdiction":"Douglas County","state":"Washington","state_abbrev":"WA","jurisdiction_type":"County","enacted_status":"replaced","date_enacted_iso":"2018-04-17","current_end_date_iso":"","date_enacted_uncertainty":"exact","duration_days":null,"duration_kind":"unknown","sectors":["cryptocurrency_mining"],"trigger_categories":["regulatory_gap","noise","fire_safety","land_use_compatibility"],"date_enacted":"2018-04-17, Board of Douglas County Commissioners approved a moratorium on the use of cargo containers to house cryptocurrency mining operations in unincorporated Douglas County (per Wenatchee World, published 2018-04-17, describing the vote as taken 'Tuesday')","duration":"Not verified from primary ordinance text; MRSC characterizes the action as a moratorium on cargo-container cryptocurrency mining operations","trigger":"The Board's primary stated concern was the aesthetics of cargo containers used to house cryptocurrency mining equipment in unincorporated areas (cargo containers were otherwise broadly allowed countywide, with only the East Wenatchee Urban Growth Area separately regulating their placement and appearance). Separately, Douglas County PUD had issued its own 3-month moratorium on electric service applications for cryptocurrency/data-mining loads, running March-May 2014 (not 2018), later replaced by a tiered rate structure and contract requirements for consumers using 1.5+ MW."}},{"type":"Feature","geometry":{"type":"Point","coordinates":[-121.985678,47.742322]},"properties":{"id":"wa-duvall-2026","jurisdiction":"Duvall","state":"Washington","state_abbrev":"WA","jurisdiction_type":"City","enacted_status":"active","date_enacted_iso":"2026-06-02","current_end_date_iso":"","date_enacted_uncertainty":"exact","duration_days":null,"duration_kind":"unknown","sectors":["battery_storage"],"trigger_categories":["regulatory_gap","fire_safety"],"date_enacted":"2026-06-02, City Council unanimous vote adopting Ordinance No. 1353 (signed 2026-06-03)","duration":"The ordinance's title recites a six-month term, but its recitals/findings state the Council 'deems it necessary...to impose a moratorium...for a period of 12 months'; the operative duration section was not fully captured in the text retrieved this pass","trigger":"City's DMC 14.06.190 'subregional utility' definition and DMC 14.62.020 permitted/conditional uses not updated for BESS technology; broader Snoqualmie Valley regional concern over BESS siting, fire, and safety risk"}},{"type":"Feature","geometry":{"type":"Point","coordinates":[-121.991637,47.204779]},"properties":{"id":"wa-enumclaw-2025","jurisdiction":"Enumclaw","state":"Washington","state_abbrev":"WA","jurisdiction_type":"City","enacted_status":"extended","date_enacted_iso":"2025-02-24","current_end_date_iso":"","date_enacted_uncertainty":"exact","duration_days":null,"duration_kind":"until_date","sectors":["battery_storage"],"trigger_categories":["fire_safety","land_use_compatibility","specific_project"],"date_enacted":"2025-02-24 (original 12-month BESS moratorium, Ordinance No. 2833); an extension ordinance under the same number had its second reading 2026-02-23, following a 2026-02-09 public hearing","duration":"Originally 12 months; an extension was under council consideration as the original term neared its ~2026-02-24 expiration","trigger":"Concern over a BESS proposed in a residential neighborhood near Matson Middle School in unincorporated King County (which Covington's City Council formally opposed in a letter); fire, health, and environmental risk concerns raised by residents"}},{"type":"Feature","geometry":{"type":"Point","coordinates":[-122.33931,47.313494]},"properties":{"id":"wa-federal-way-2026","jurisdiction":"Federal Way","state":"Washington","state_abbrev":"WA","jurisdiction_type":"City","enacted_status":"active","date_enacted_iso":"2026-07-07","current_end_date_iso":"","date_enacted_uncertainty":"exact","duration_days":365,"duration_kind":"fixed_days","sectors":["data_center"],"trigger_categories":["regulatory_gap"],"date_enacted":"City Council unanimously adopted emergency Ordinance No. 26-1048 on 2026-07-07, effective immediately.","duration":"12-month citywide moratorium barring the siting, creation, or expansion of data centers and the acceptance, processing, or approval of related land-use and building-permit applications, for facilities exceeding 1 megawatt or 4,000 square feet. Preserves vested rights. Public hearing scheduled for 2026-09-01.","trigger":""}},{"type":"Feature","geometry":{"type":"Point","coordinates":[-122.647442,47.594502]},"properties":{"id":"wa-kitsap-county-2025","jurisdiction":"Kitsap County","state":"Washington","state_abbrev":"WA","jurisdiction_type":"County","enacted_status":"extended","date_enacted_iso":"2025-06-11","current_end_date_iso":"","date_enacted_uncertainty":"exact","duration_days":null,"duration_kind":"until_date","sectors":["battery_storage"],"trigger_categories":["regulatory_gap","fire_safety","noise"],"date_enacted":"2025-06-11 (original 365-day BESS moratorium, Ordinance No. 639-2025); extended 180 days by Ordinance No. 645-2026 following a 2026-05-11 public hearing","duration":"365 days initially, plus a 180-day extension","trigger":"Increased developer requests to site BESS facilities countywide; County zoning code does not contemplate BESS development or ensure adequate protections; County wants to complete workplan studies (fire, noise, wildlife, Dept. of Ecology guidance, HB 1216/WAC 51.54A.0322 compliance) before adopting permanent regulations"}},{"type":"Feature","geometry":{"type":"Point","coordinates":[-120.58493,47.105747]},"properties":{"id":"wa-kittitas-county-2026","jurisdiction":"Kittitas County","state":"Washington","state_abbrev":"WA","jurisdiction_type":"County","enacted_status":"extended","date_enacted_iso":"2026-08-10","current_end_date_iso":"","date_enacted_uncertainty":"exact","duration_days":365,"duration_kind":"fixed_days","sectors":["data_center"],"trigger_categories":["regulatory_gap","specific_project","infrastructure_capacity","grid_energy","water","noise"],"date_enacted":"2026-08-10, Board of County Commissioners approved (2-0, one commissioner absent) an emergency six-month moratorium on data center applications by resolution; extended a further six months following a 2026-09-15 public hearing","duration":"Originally six months; extended an additional six months on/around 2026-09-15 (approximately one year total)","trigger":"Concerns stemming from Cle Elum-area (Blue Fern Development) interest in siting a data center in Upper Kittitas County; county code does not adequately define or classify data centers for land use, zoning, environmental, building, infrastructure, and permitting review"}},{"type":"Feature","geometry":{"type":"Point","coordinates":[-122.494248,48.391886]},"properties":{"id":"wa-la-conner-2026","jurisdiction":"La Conner","state":"Washington","state_abbrev":"WA","jurisdiction_type":"Town","enacted_status":"active","date_enacted_iso":"2026-07-28","current_end_date_iso":"","date_enacted_uncertainty":"exact","duration_days":180,"duration_kind":"fixed_days","sectors":["data_center"],"trigger_categories":["regulatory_gap","water","grid_energy","infrastructure_capacity"],"date_enacted":"2026-07-28, Town Council unanimous vote adopting an emergency moratorium (likely Ordinance No. 1274, per the ordinance-number tracker shown on the July 28, 2026 council agenda; the draft ordinance text itself left the number blank)","duration":"Six months minimum; by its own terms the moratorium does not terminate until the Council, following the required public hearing, adopts findings and either extends or cancels it -- termination is not presumed to occur merely because six months have elapsed","trigger":"Town lacks guidelines/policies addressing data centers' large-scale water and electricity use, which could strain public infrastructure, deplete water resources during drought, and constrain industrial growth/climate resilience; adopted following Skagit County's June 2026 moratorium"}},{"type":"Feature","geometry":{"type":"Point","coordinates":[-122.176821,48.051743]},"properties":{"id":"wa-marysville-2026","jurisdiction":"Marysville","state":"Washington","state_abbrev":"WA","jurisdiction_type":"City","enacted_status":"active","date_enacted_iso":"2026-07-13","current_end_date_iso":"","date_enacted_uncertainty":"exact","duration_days":180,"duration_kind":"fixed_days","sectors":["data_center"],"trigger_categories":["regulatory_gap","land_use_compatibility","water"],"date_enacted":"City Council unanimously adopted Ordinance No. 3381 on 2026-07-13.","duration":"Six-month pause on acceptance, processing, and approval of land-use and permit applications for facilities whose principal use is digital-data processing, storage, management, or transmission; incidental server equipment supporting another principal use is excluded. Public hearing required within 60 days.","trigger":"Study period covers siting, public safety, land-use compatibility, water and sewer planning, utility rates, and permanent code amendments."}},{"type":"Feature","geometry":{"type":"Point","coordinates":[-122.32642,48.420046]},"properties":{"id":"wa-mount-vernon-2026","jurisdiction":"Mount Vernon","state":"Washington","state_abbrev":"WA","jurisdiction_type":"City","enacted_status":"active","date_enacted_iso":"2026-08-12","current_end_date_iso":"","date_enacted_uncertainty":"exact","duration_days":180,"duration_kind":"fixed_days","sectors":["data_center"],"trigger_categories":["infrastructure_capacity","water","grid_energy","environmental"],"date_enacted":"2026-08-12, City Council vote (one dissent) for a six-month moratorium, Ordinance No. 3943","duration":"Six months","trigger":"Concerns over electricity and water demand, city capacity to accommodate large facilities, stormwater/sewer planning, and the city's location within the Skagit River 100-year floodplain"}},{"type":"Feature","geometry":{"type":"Point","coordinates":[-122.32642,48.420046]},"properties":{"id":"wa-mount-vernon-2025","jurisdiction":"Mount Vernon","state":"Washington","state_abbrev":"WA","jurisdiction_type":"City","enacted_status":"expired","date_enacted_iso":"2025-05-28","current_end_date_iso":"","date_enacted_uncertainty":"exact","duration_days":365,"duration_kind":"fixed_days","sectors":["battery_storage"],"trigger_categories":["regulatory_gap","fire_safety","noise","land_use_compatibility"],"date_enacted":"2025-05-28 (original BESS moratorium, Ordinance No. 3913); continued/ratified by Ordinance No. 3915 (adopted 2025-07-23) for a maximum of one year from Ordinance 3913's adoption","duration":"Maximum one year from adoption of Ordinance 3913 (2025-05-28), i.e., through approximately 2026-05-28, unless terminated earlier or further renewed after another public hearing","trigger":"City lacked siting criteria/safety standards/emergency-response requirements for grid-scale BESS; concern over lithium-ion fire and thermal-runaway risk, noise, and aesthetic compatibility with residential/retail zones"}},{"type":"Feature","geometry":{"type":"Point","coordinates":[-121.784889,47.495776]},"properties":{"id":"wa-north-bend-2026","jurisdiction":"North Bend","state":"Washington","state_abbrev":"WA","jurisdiction_type":"City","enacted_status":"active","date_enacted_iso":"2026-05-19","current_end_date_iso":"","date_enacted_uncertainty":"exact","duration_days":365,"duration_kind":"fixed_days","sectors":["battery_storage"],"trigger_categories":["specific_project","fire_safety","land_use_compatibility"],"date_enacted":"2026-05-19, City Council unanimous vote approving a 12-month BESS moratorium","duration":"12 months","trigger":"Opposition to Jupiter Power's proposed 130 MW BESS facility near Fisher Creek Park, within North Bend's/Snoqualmie's urban growth area (sited in unincorporated King County); Council also authorized a formal objection letter to the Washington Utilities and Transportation Commission"}},{"type":"Feature","geometry":{"type":"Point","coordinates":[-119.0921,46.230674]},"properties":{"id":"wa-pasco-undated","jurisdiction":"Pasco","state":"Washington","state_abbrev":"WA","jurisdiction_type":"City","enacted_status":"active","date_enacted_iso":"2026-07-20","current_end_date_iso":"2027-01-20","date_enacted_uncertainty":"exact","duration_days":180,"duration_kind":"fixed_days","sectors":["data_center","cryptocurrency_mining"],"trigger_categories":["regulatory_gap"],"date_enacted":"2026-07-20, City Council unanimously (6-0) adopted emergency Ordinance No. 4850","duration":"Six-month (180-day) moratorium from adoption of emergency Ordinance No. 4850 on 2026-07-20; a required public hearing was held within 60 days, on 2026-09-08, with no formal extension vote taken","trigger":""}},{"type":"Feature","geometry":{"type":"Point","coordinates":[-122.211798,47.002255]},"properties":{"id":"wa-pierce-county-2026","jurisdiction":"Pierce County","state":"Washington","state_abbrev":"WA","jurisdiction_type":"County","enacted_status":"active","date_enacted_iso":"2026-08-25","current_end_date_iso":"","date_enacted_uncertainty":"exact","duration_days":365,"duration_kind":"fixed_days","sectors":["data_center"],"trigger_categories":["regulatory_gap","infrastructure_capacity","grid_energy","water"],"date_enacted":"2026-08-25, County Council passed Emergency Ordinance No. 2026-557 by a 6-1 vote (Councilmember Dave Morell dissenting)","duration":"Up to one year from the date the County Executive signs it, unless extended or lifted by Council","trigger":"Absence of data-center-specific development standards in the Pierce County Code (data centers currently classified as Intermediate Manufacturing/Assembly under PCC 18A.33.280.E.4); concern over impacts of hyperscale facilities exceeding 10 MW"}},{"type":"Feature","geometry":{"type":"Point","coordinates":[-122.20345,47.479908]},"properties":{"id":"wa-renton-2026","jurisdiction":"Renton","state":"Washington","state_abbrev":"WA","jurisdiction_type":"City","enacted_status":"active","date_enacted_iso":"2026-08-17","current_end_date_iso":"","date_enacted_uncertainty":"exact","duration_days":365,"duration_kind":"fixed_days","sectors":["data_center"],"trigger_categories":["infrastructure_capacity","grid_energy","water","noise","land_use_compatibility"],"date_enacted":"2026-08-17, City Council unanimous vote approving a one-year moratorium (city administration had been directed to begin drafting it by a June 1, 2026 council motion)","duration":"Up to one year (365 days) from the effective date","trigger":"Community concern about AI-driven data center growth's impacts on electrical/water utility capacity, utility rates, land use, traffic, noise, air quality from backup generation, and public infrastructure; originated with Councilmember Kim-Khanh Van's June 1, 2026 motion"}},{"type":"Feature","geometry":{"type":"Point","coordinates":[-122.330062,47.603832]},"properties":{"id":"wa-seattle-2026-2","jurisdiction":"Seattle","state":"Washington","state_abbrev":"WA","jurisdiction_type":"City","enacted_status":"active","date_enacted_iso":"2026-06-09","current_end_date_iso":"2027-06-11","date_enacted_uncertainty":"exact","duration_days":365,"duration_kind":"fixed_days","sectors":["data_center"],"trigger_categories":["regulatory_gap","infrastructure_capacity"],"date_enacted":"2026-06-09, City Council adoption (Council Bill 121214 and companion Resolution 32204)","duration":"365 days from the effective date of Ordinance No. 127447 (effective 2026-06-11), automatically expiring at the end of that period unless renewed for one or more six-month periods under RCW 36.70A.390 or terminated earlier by Council","trigger":""}},{"type":"Feature","geometry":{"type":"Point","coordinates":[-121.733278,48.459609]},"properties":{"id":"wa-skagit-county-2026","jurisdiction":"Skagit County","state":"Washington","state_abbrev":"WA","jurisdiction_type":"County","enacted_status":"active","date_enacted_iso":"2026-06-01","current_end_date_iso":"","date_enacted_uncertainty":"exact","duration_days":180,"duration_kind":"fixed_days","sectors":["data_center"],"trigger_categories":["regulatory_gap","water","agricultural_preservation","grid_energy"],"date_enacted":"2026-06-01","duration":"Six months","trigger":"Concerns about protecting farmland and water resources in unincorporated Skagit County from large-scale data center development"}},{"type":"Feature","geometry":{"type":"Point","coordinates":[-121.927887,45.966211]},"properties":{"id":"wa-skamania-county-2026","jurisdiction":"Skamania County","state":"Washington","state_abbrev":"WA","jurisdiction_type":"County","enacted_status":"active","date_enacted_iso":"2026-08-18","current_end_date_iso":"","date_enacted_uncertainty":"exact","duration_days":180,"duration_kind":"fixed_days","sectors":["data_center"],"trigger_categories":["regulatory_gap","grid_energy","water","noise","infrastructure_capacity"],"date_enacted":"2026-08-18, Board of Commissioners adopted Resolution 2026-22 (unanimous), after first approving it by motion earlier in the same meeting","duration":"Six months (the default term under RCW 36.70A.390 absent a work plan for a longer period; the Board was told at adoption that the moratorium 'lasts... six months, with another hearing to continue it')","trigger":"Eight of nine public commenters at the August 18, 2026 meeting requested a pause on data center development, citing electricity/water demand, noise/light, limited county land and resources, and the view that applications 'seem to pop out of nowhere at a rapid pace'; no specific project or pending applications"}},{"type":"Feature","geometry":{"type":"Point","coordinates":[-121.730488,48.007474]},"properties":{"id":"wa-snohomish-county-2026","jurisdiction":"Snohomish County","state":"Washington","state_abbrev":"WA","jurisdiction_type":"County","enacted_status":"active","date_enacted_iso":"2026-06-24","current_end_date_iso":"","date_enacted_uncertainty":"exact","duration_days":180,"duration_kind":"fixed_days","sectors":["data_center"],"trigger_categories":["regulatory_gap"],"date_enacted":"County Council approved Emergency Ordinance 26-026 on 2026-06-24, effective immediately.","duration":"Six-month interim zoning control under RCW 36.70A.390 pausing the filing, acceptance, processing, or approval of applications to establish or expand data centers (including incidental uses) or to change a use to a data center, in all zones of unincorporated Snohomish County. Requires a public hearing within 60 days and permits six-month renewals after hearing and findings.","trigger":"Covers data centers with a total planned electrical load of at least 2 MW; adopted while the county develops permanent regulations."}},{"type":"Feature","geometry":{"type":"Point","coordinates":[-121.827093,47.528953]},"properties":{"id":"wa-snoqualmie-2026","jurisdiction":"Snoqualmie","state":"Washington","state_abbrev":"WA","jurisdiction_type":"City","enacted_status":"active","date_enacted_iso":"2026-05-26","current_end_date_iso":"","date_enacted_uncertainty":"exact","duration_days":365,"duration_kind":"fixed_days","sectors":["battery_storage"],"trigger_categories":["specific_project","fire_safety","land_use_compatibility"],"date_enacted":"2026-05-26, City Council unanimous vote adopting Ordinance No. 1322","duration":"12 months","trigger":"Jupiter Power's proposed 130 MW BESS on a 45-acre lot behind Fisher Creek Park near Snoqualmie Ridge, within Snoqualmie's urban growth area but in unincorporated King County; residents formed a nonprofit opposing the project"}},{"type":"Feature","geometry":{"type":"Point","coordinates":[-117.42351,47.657193]},"properties":{"id":"wa-spokane-2026","jurisdiction":"Spokane","state":"Washington","state_abbrev":"WA","jurisdiction_type":"City","enacted_status":"active","date_enacted_iso":"2026-06-23","current_end_date_iso":"","date_enacted_uncertainty":"exact","duration_days":365,"duration_kind":"fixed_days","sectors":["data_center"],"trigger_categories":["regulatory_gap"],"date_enacted":"2026-06-23, Ordinance C36887","duration":"One year","trigger":""}},{"type":"Feature","geometry":{"type":"Point","coordinates":[-117.407467,47.535496]},"properties":{"id":"wa-spokane-county-2026","jurisdiction":"Spokane County","state":"Washington","state_abbrev":"WA","jurisdiction_type":"County","enacted_status":"active","date_enacted_iso":"2026-08-18","current_end_date_iso":"","date_enacted_uncertainty":"exact","duration_days":null,"duration_kind":"until_date","sectors":["data_center"],"trigger_categories":["grid_energy","water","land_use_compatibility","regulatory_gap"],"date_enacted":"2026-08-18, Board of County Commissioners unanimously approved a four-month pause (stated to have the same legal effect as a moratorium) on data center building permits","duration":"Four months","trigger":"Public pressure (thousands of constituent contacts) over impacts to utility ratepayers, natural resources, and neighborhoods from data center development"}},{"type":"Feature","geometry":{"type":"Point","coordinates":[-120.071394,47.647332]},"properties":{"id":"wa-waterville-2018","jurisdiction":"Town of Waterville","state":"Washington","state_abbrev":"WA","jurisdiction_type":"Town","enacted_status":"replaced","date_enacted_iso":"2018","current_end_date_iso":"","date_enacted_uncertainty":"unverified","duration_days":null,"duration_kind":"unknown","sectors":["cryptocurrency_mining"],"trigger_categories":["specific_project","infrastructure_capacity","grid_energy"],"date_enacted":"2018 (Ordinance 792) [VERIFY: exact passage date not confirmed; Waterville Municipal Code is hosted on eCode360 (WA4837) which is JS-rendered and did not yield the ordinance table on automated fetch as of 2026-04-29]","duration":"Not verified from primary text [VERIFY: Ordinance 792 PDF not located on Waterville town website as of 2026-04-29]","trigger":"Douglas County-area cryptocurrency mining applications and utility capacity concerns; MRSC May 2018 report identified Waterville as having imposed a moratorium on accepting applications for mining operations (alongside East Wenatchee)"}},{"type":"Feature","geometry":{"type":"Point","coordinates":[-120.730253,46.413596]},"properties":{"id":"wa-yakima-county-2026","jurisdiction":"Yakima County","state":"Washington","state_abbrev":"WA","jurisdiction_type":"County","enacted_status":"active","date_enacted_iso":"2026-08-11","current_end_date_iso":"","date_enacted_uncertainty":"exact","duration_days":180,"duration_kind":"fixed_days","sectors":["data_center"],"trigger_categories":["regulatory_gap","water","grid_energy","environmental"],"date_enacted":"2026-08-11, Board of County Commissioners unanimously adopted Resolution No. 210-2026","duration":"Six months","trigger":"County code lacks data-center-specific regulations; public opposition raised at a prior work session over water, power-rate, and environmental impacts; no data centers currently in the county and no direct access to the Columbia River or lower-cost power"}},{"type":"Feature","geometry":{"type":"Point","coordinates":[-92.373246,44.966755]},"properties":{"id":"wi-baldwin-undated","jurisdiction":"Baldwin","state":"Wisconsin","state_abbrev":"WI","jurisdiction_type":"Village","enacted_status":"active","date_enacted_iso":"","current_end_date_iso":"","date_enacted_uncertainty":"unverified","duration_days":null,"duration_kind":"unknown","sectors":["data_center"],"trigger_categories":["regulatory_gap","specific_project"],"date_enacted":"Reported passed by around early June 2026, per multiple statewide roundups; exact vote date not confirmed in sources successfully archived","duration":"Approximately one year (per Village President Lance Van Damme's stated intent)","trigger":"Prompted by data center-related developments in nearby Hammond (St. Croix County); Village President Lance Van Damme said the board wanted a moratorium to give the board time to consider regulations."}},{"type":"Feature","geometry":{"type":"Point","coordinates":[-87.954302,44.463888]},"properties":{"id":"wi-bellevue-2026","jurisdiction":"Bellevue","state":"Wisconsin","state_abbrev":"WI","jurisdiction_type":"Village","enacted_status":"active","date_enacted_iso":"2026-08-12","current_end_date_iso":"","date_enacted_uncertainty":"exact","duration_days":365,"duration_kind":"fixed_days","sectors":["data_center"],"trigger_categories":["regulatory_gap","environmental","noise","water"],"date_enacted":"August 12, 2026 (Village Board unanimous vote following a public hearing that evening)","duration":"12 months (extendable up to an additional 6 months)","trigger":"No active data center proposal pending, but the village acted proactively amid concerns raised in nearby communities (Wrightstown, Manitowoc County) about environmental impact, noise, water supply, and electrical costs."}},{"type":"Feature","geometry":{"type":"Point","coordinates":[-90.99077,42.714441]},"properties":{"id":"wi-cassville-2026","jurisdiction":"Cassville","state":"Wisconsin","state_abbrev":"WI","jurisdiction_type":"Town","enacted_status":"active","date_enacted_iso":"2026-04-16","current_end_date_iso":"","date_enacted_uncertainty":"exact","duration_days":730,"duration_kind":"fixed_days","sectors":["data_center"],"trigger_categories":["specific_project","regulatory_gap","agricultural_preservation","property_values"],"date_enacted":"April 16, 2026 (town electors voted 44-0 that evening to authorize the Town Board to exercise village powers/zoning authority, and the Board adopted the data center ban ordinance the same evening)","duration":"Up to two years","trigger":"A proposed roughly $1 billion, approximately 500-acre data center campus by an undisclosed developer (drawn by the town's proximity to the Cardinal-Hickory Creek high-voltage transmission line); residents opposed the secrecy and scale of the project and mobilized to give the town board zoning authority to block it."}},{"type":"Feature","geometry":{"type":"Point","coordinates":[-91.294726,45.074058]},"properties":{"id":"wi-chippewa-county-2026","jurisdiction":"Chippewa County","state":"Wisconsin","state_abbrev":"WI","jurisdiction_type":"County","enacted_status":"active","date_enacted_iso":"2026-08-11","current_end_date_iso":"","date_enacted_uncertainty":"exact","duration_days":365,"duration_kind":"fixed_days","sectors":["data_center"],"trigger_categories":["regulatory_gap","infrastructure_capacity","water","grid_energy"],"date_enacted":"August 11, 2026 (County Board of Supervisors, first and second readings held same night, 18-0 vote)","duration":"12 months","trigger":"County has no zoning defining data centers or specific regulations for them; extensive electrical, water, and infrastructure demand concerns cited."}},{"type":"Feature","geometry":{"type":"Point","coordinates":[-89.384166,43.07469]},"properties":{"id":"wi-madison-2026","jurisdiction":"City of Madison","state":"Wisconsin","state_abbrev":"WI","jurisdiction_type":"City","enacted_status":"active","date_enacted_iso":"2026-01-24","current_end_date_iso":"","date_enacted_uncertainty":"exact","duration_days":365,"duration_kind":"fixed_days","sectors":["data_center"],"trigger_categories":["regulatory_gap","infrastructure_capacity","environmental","noise","water","grid_energy","land_use_compatibility"],"date_enacted":"2026-01-24","duration":"One year, or until earlier adoption of data center ordinance amendments","trigger":"Madison cited the absence of a data center definition or specific standards in MGO Chapter 28. The city also identified potential energy, water, emergency service, traffic, noise, air quality, fiscal, and land use impacts."}},{"type":"Feature","geometry":{"type":"Point","coordinates":[-87.984389,43.75621]},"properties":{"id":"wi-city-of-sheboygan-2026","jurisdiction":"City of Sheboygan","state":"Wisconsin","state_abbrev":"WI","jurisdiction_type":"City","enacted_status":"active","date_enacted_iso":"2026-07-20","current_end_date_iso":"","date_enacted_uncertainty":"exact","duration_days":365,"duration_kind":"fixed_days","sectors":["data_center"],"trigger_categories":["regulatory_gap","land_use_compatibility"],"date_enacted":"July 20, 2026 (Common Council 9-0 adoption of General Ordinance 1-26-27, after a May 4, 2026 referral to the Plan Commission)","duration":"At least 365 days, and until city data center zoning regulations take effect if that occurs later","trigger":"Pauses zoning and building-permit approvals for principal-use data centers of at least 10,000 sq ft floor area; exceptions for existing facilities, pre-effective-date applications, accessory data centers, routine maintenance, and government emergency facilities."}},{"type":"Feature","geometry":{"type":"Point","coordinates":[-92.10408,46.720774]},"properties":{"id":"wi-city-of-superior-2026","jurisdiction":"City of Superior","state":"Wisconsin","state_abbrev":"WI","jurisdiction_type":"City","enacted_status":"active","date_enacted_iso":"2026-06-16","current_end_date_iso":"","date_enacted_uncertainty":"exact","duration_days":365,"duration_kind":"fixed_days","sectors":["data_center"],"trigger_categories":["regulatory_gap","land_use_compatibility"],"date_enacted":"June 16, 2026 (Common Council unanimous adoption of Resolution R26-13876)","duration":"One year","trigger":"Pause on accepting, processing, approving, or issuing permits, licenses, zoning approvals, conditional-use permits, site plans, or other development approvals for new data centers; matter referred to Plan Commission for study."}},{"type":"Feature","geometry":{"type":"Point","coordinates":[-89.432217,43.070927]},"properties":{"id":"wi-dane-county-2026","jurisdiction":"Dane County","state":"Wisconsin","state_abbrev":"WI","jurisdiction_type":"County","enacted_status":"active","date_enacted_iso":"2026-06-04","current_end_date_iso":"","date_enacted_uncertainty":"exact","duration_days":548,"duration_kind":"fixed_days","sectors":["data_center"],"trigger_categories":["regulatory_gap","infrastructure_capacity","specific_project"],"date_enacted":"Introduced 2026-05-26; approved by the County Board 2026-06-04; signed by County Executive Melissa Agard on/around 2026-06-09","duration":"18 months","trigger":"Mounting hyperscale data-center development pressure near Madison; the county formed a 13-member Advisory Committee on Data Centers (ACDC) in parallel to study impacts"}},{"type":"Feature","geometry":{"type":"Point","coordinates":[-88.717783,43.413614]},"properties":{"id":"wi-dodge-county-2026","jurisdiction":"Dodge County","state":"Wisconsin","state_abbrev":"WI","jurisdiction_type":"County","enacted_status":"active","date_enacted_iso":"2026-08-18","current_end_date_iso":"","date_enacted_uncertainty":"exact","duration_days":548,"duration_kind":"fixed_days","sectors":["data_center"],"trigger_categories":["regulatory_gap","water","environmental","specific_project"],"date_enacted":"August 18, 2026 (County Board of Supervisors, 29-2 vote, following an Aug. 10, 2026 Land and Resources and Parks Committee public hearing and unanimous committee approval)","duration":"18 months","trigger":"Concerns about groundwater and environmental impacts from a Meta data center under construction in Beaver Dam (within the county); supervisor Cathy Houchin sought an impact study alongside the moratorium."}},{"type":"Feature","geometry":{"type":"Point","coordinates":[-87.532975,44.761592]},"properties":{"id":"wi-door-county-2026","jurisdiction":"Door County","state":"Wisconsin","state_abbrev":"WI","jurisdiction_type":"County","enacted_status":"active","date_enacted_iso":"2026-05-26","current_end_date_iso":"","date_enacted_uncertainty":"exact","duration_days":365,"duration_kind":"fixed_days","sectors":["data_center","battery_storage"],"trigger_categories":["regulatory_gap","land_use_compatibility"],"date_enacted":"May 26, 2026 (Door County Board of Supervisors adoption of Resolution 2026-41 by voice vote, per the board's own official meeting minutes). The county's June 23, 2026 agenda packet includes, as routine business, \"Approval of Minutes of the May 26, 2026 County Board Meeting\" \u2014 this procedural minutes-approval item is what the 2026-07 refresh apparently mistook for a second/later adoption; the resolution itself was adopted only once, on May 26, 2026.","duration":"Up to 12 months","trigger":"Pause on development of data centers and battery energy storage systems in unincorporated Door County to allow investigation, planning, and regulation of potential impacts; Board may extend by separate action."}},{"type":"Feature","geometry":{"type":"Point","coordinates":[-90.69917,42.885528]},"properties":{"id":"wi-grant-county-2026","jurisdiction":"Grant County","state":"Wisconsin","state_abbrev":"WI","jurisdiction_type":"County","enacted_status":"active","date_enacted_iso":"2026-06-16","current_end_date_iso":"","date_enacted_uncertainty":"exact","duration_days":365,"duration_kind":"fixed_days","sectors":["data_center"],"trigger_categories":["regulatory_gap","land_use_compatibility"],"date_enacted":"June 16, 2026 (County Board adoption of Resolution 2026-14)","duration":"Up to 12 months","trigger":"Pause on accepting applications for, or granting zoning-related permits for, hyperscale data centers (at least 5,000 servers and at least 10,000 sq ft) in unincorporated areas under county zoning."}},{"type":"Feature","geometry":{"type":"Point","coordinates":[-89.607643,42.679143]},"properties":{"id":"wi-green-county-2026","jurisdiction":"Green County","state":"Wisconsin","state_abbrev":"WI","jurisdiction_type":"County","enacted_status":"active","date_enacted_iso":"2026-07-14","current_end_date_iso":"","date_enacted_uncertainty":"exact","duration_days":365,"duration_kind":"fixed_days","sectors":["data_center"],"trigger_categories":["regulatory_gap","land_use_compatibility"],"date_enacted":"July 14, 2026 (County Board adoption of Ordinance 26-0703, one member opposed)","duration":"12 months from publication, or until the board adopts regulatory amendments or rescinds the moratorium, whichever occurs first","trigger":"Stops acceptance of data center applications in county-zoned territory while the county studies impacts, receives local input, and develops consistent standards."}},{"type":"Feature","geometry":{"type":"Point","coordinates":[-88.587071,44.286852]},"properties":{"id":"wi-greenville-2026","jurisdiction":"Greenville","state":"Wisconsin","state_abbrev":"WI","jurisdiction_type":"Village","enacted_status":"active","date_enacted_iso":"2026-07-13","current_end_date_iso":"","date_enacted_uncertainty":"exact","duration_days":365,"duration_kind":"fixed_days","sectors":["data_center"],"trigger_categories":["regulatory_gap"],"date_enacted":"July 13, 2026 (Village Board approval, 5-0 vote)","duration":"12 months","trigger":"Plan Commission and Village Board wanted to get ahead of potential data center proposals and avoid being \"surprised\"; part of a wave of similar actions among nearby Fox Valley/Northeast Wisconsin municipalities."}},{"type":"Feature","geometry":{"type":"Point","coordinates":[-91.251435,43.812284]},"properties":{"id":"wi-la-crosse-2026","jurisdiction":"La Crosse","state":"Wisconsin","state_abbrev":"WI","jurisdiction_type":"City","enacted_status":"active","date_enacted_iso":"2026-08-13","current_end_date_iso":"","date_enacted_uncertainty":"exact","duration_days":548,"duration_kind":"fixed_days","sectors":["data_center"],"trigger_categories":["regulatory_gap","land_use_compatibility"],"date_enacted":"August 13, 2026 (Common Council unanimous final vote, following City Plan Commission advancement August 3, 2026 and a Judiciary & Administration Committee public hearing August 5, 2026)","duration":"18 months","trigger":"City is following La Crosse County's lead (the county adopted its own 18-month moratorium in June 2026); city lacks zoning language addressing data centers and wants time to study environmental, economic, and health impacts alongside the county's ad hoc study committee."}},{"type":"Feature","geometry":{"type":"Point","coordinates":[-91.090239,43.889052]},"properties":{"id":"wi-la-crosse-county-2026","jurisdiction":"La Crosse County","state":"Wisconsin","state_abbrev":"WI","jurisdiction_type":"County","enacted_status":"active","date_enacted_iso":"2026-06-18","current_end_date_iso":"","date_enacted_uncertainty":"exact","duration_days":548,"duration_kind":"fixed_days","sectors":["data_center"],"trigger_categories":["regulatory_gap","land_use_compatibility"],"date_enacted":"June 18, 2026 (County Board approval, 26-2 vote, per WIZM)","duration":"18 months","trigger":"Adopted to give the county time to receive the Data Center Study Committee's work (first met June 10, 2026) and consider permanent rules."}},{"type":"Feature","geometry":{"type":"Point","coordinates":[-87.827992,44.099834]},"properties":{"id":"wi-manitowoc-county-2026","jurisdiction":"Manitowoc County","state":"Wisconsin","state_abbrev":"WI","jurisdiction_type":"County","enacted_status":"active","date_enacted_iso":"2026-04-28","current_end_date_iso":"","date_enacted_uncertainty":"exact","duration_days":null,"duration_kind":"unknown","sectors":["data_center"],"trigger_categories":["regulatory_gap","infrastructure_capacity","environmental","noise","water","grid_energy","fire_safety","land_use_compatibility","property_values","agricultural_preservation"],"date_enacted":"2026-04-28","duration":"18 months from the date the ordinance is published (its effective date), or until the County Board adopts and the County Executive approves amendments, or rescinds the moratorium, whichever occurs first","trigger":"Town petitions from Mishicot, Two Creeks, and Two Rivers; concerns about health and safety, air quality, water resources, water use, electricity demand, fire hazards, public services, roads, property values, noise, visual impacts, farmland preservation, and lack of county data center standards."}},{"type":"Feature","geometry":{"type":"Point","coordinates":[-89.77481,44.891404]},"properties":{"id":"wi-marathon-county-2026","jurisdiction":"Marathon County","state":"Wisconsin","state_abbrev":"WI","jurisdiction_type":"County","enacted_status":"active","date_enacted_iso":"2026-08-25","current_end_date_iso":"","date_enacted_uncertainty":"exact","duration_days":365,"duration_kind":"fixed_days","sectors":["data_center"],"trigger_categories":["regulatory_gap","infrastructure_capacity","noise","grid_energy","land_use_compatibility"],"date_enacted":"August 25, 2026 (County Board approval)","duration":"At least 12 months","trigger":"High electrical demand, utility infrastructure requirements, cooling/mechanical systems, noise, emergency power generation, and land-use compatibility concerns associated with data center development; 7 of 18 affected townships responded to a staff survey in support before passage."}},{"type":"Feature","geometry":{"type":"Point","coordinates":[-87.909075,43.038648]},"properties":{"id":"wi-milwaukee-undated","jurisdiction":"Milwaukee","state":"Wisconsin","state_abbrev":"WI","jurisdiction_type":"City","enacted_status":"pending","date_enacted_iso":"","current_end_date_iso":"","date_enacted_uncertainty":"unverified","duration_days":365,"duration_kind":"fixed_days","sectors":["data_center"],"trigger_categories":["regulatory_gap","grid_energy","water","environmental"],"date_enacted":"","duration":"Proposed one year","trigger":"Milwaukee's zoning code does not currently treat data centers as a distinct land use; sponsor wants rules in place before a major data center proposal is submitted, following controversy over a since-withdrawn data center component of a Midtown Center Walmart-site redevelopment."}},{"type":"Feature","geometry":{"type":"Point","coordinates":[-90.639726,43.941676]},"properties":{"id":"wi-monroe-county-2026","jurisdiction":"Monroe County","state":"Wisconsin","state_abbrev":"WI","jurisdiction_type":"County","enacted_status":"active","date_enacted_iso":"2026-07-21","current_end_date_iso":"","date_enacted_uncertainty":"exact","duration_days":548,"duration_kind":"fixed_days","sectors":["data_center","battery_storage"],"trigger_categories":["regulatory_gap","land_use_compatibility"],"date_enacted":"July 21, 2026 (County Board 10-3 adoption of Resolution 07-26-04, three supervisors absent)","duration":"Up to 18 months","trigger":"Stops receipt of applications and issuance of zoning-related permits for medium and large data centers and battery storage facilities."}},{"type":"Feature","geometry":{"type":"Point","coordinates":[-89.477956,45.687916]},"properties":{"id":"wi-oneida-county-2026","jurisdiction":"Oneida County","state":"Wisconsin","state_abbrev":"WI","jurisdiction_type":"County","enacted_status":"active","date_enacted_iso":"2026-08-18","current_end_date_iso":"","date_enacted_uncertainty":"exact","duration_days":365,"duration_kind":"fixed_days","sectors":["data_center"],"trigger_categories":["regulatory_gap","water"],"date_enacted":"August 18, 2026 (County Board unanimous voice vote)","duration":"One year","trigger":"County has no existing ordinance addressing data centers; board wants time to educate itself and draft rules before any proposal arrives; no known data center plans exist in the county currently."}},{"type":"Feature","geometry":{"type":"Point","coordinates":[-88.540857,44.020692]},"properties":{"id":"wi-oshkosh-2026","jurisdiction":"Oshkosh","state":"Wisconsin","state_abbrev":"WI","jurisdiction_type":"City","enacted_status":"active","date_enacted_iso":"2026-09-08","current_end_date_iso":"","date_enacted_uncertainty":"exact","duration_days":365,"duration_kind":"fixed_days","sectors":["data_center"],"trigger_categories":["regulatory_gap"],"date_enacted":"September 8, 2026 (Common Council unanimous vote)","duration":"One year","trigger":"City wants time to study data centers and develop informed, consistent zoning and regulatory standards; part of a coordinated Fox Valley effort with Winnebago County and the East Central Wisconsin Regional Planning Commission."}},{"type":"Feature","geometry":{"type":"Point","coordinates":[-89.965384,43.440173]},"properties":{"id":"wi-sauk-county-2026","jurisdiction":"Sauk County","state":"Wisconsin","state_abbrev":"WI","jurisdiction_type":"County","enacted_status":"active","date_enacted_iso":"2026-09-15","current_end_date_iso":"","date_enacted_uncertainty":"exact","duration_days":548,"duration_kind":"fixed_days","sectors":["data_center"],"trigger_categories":["regulatory_gap","agricultural_preservation","water","grid_energy"],"date_enacted":"September 15, 2026 (County Board approval, 27-1 vote)","duration":"18 months","trigger":"County has no specific zoning mechanism for data centers; officials want time to research the industry and draft zoning guardrails before any project comes forward; explicitly applies only in areas under county zoning authority."}},{"type":"Feature","geometry":{"type":"Point","coordinates":[-88.711887,44.781721]},"properties":{"id":"wi-shawano-county-2026","jurisdiction":"Shawano County","state":"Wisconsin","state_abbrev":"WI","jurisdiction_type":"County","enacted_status":"active","date_enacted_iso":"2026-06-24","current_end_date_iso":"","date_enacted_uncertainty":"exact","duration_days":365,"duration_kind":"fixed_days","sectors":["data_center"],"trigger_categories":["regulatory_gap","land_use_compatibility"],"date_enacted":"June 24, 2026 (County Board adoption, following a June 3, 2026 public hearing)","duration":"12 months","trigger":"Pause on siting, construction, establishment, or expansion of data centers in unincorporated towns using county zoning; pending requests held in abeyance, existing valid approvals exempt."}},{"type":"Feature","geometry":{"type":"Point","coordinates":[-92.46793,45.031239]},"properties":{"id":"wi-st-croix-county-2026","jurisdiction":"St. Croix County","state":"Wisconsin","state_abbrev":"WI","jurisdiction_type":"County","enacted_status":"active","date_enacted_iso":"2026-09-01","current_end_date_iso":"","date_enacted_uncertainty":"exact","duration_days":365,"duration_kind":"fixed_days","sectors":["data_center"],"trigger_categories":["regulatory_gap","land_use_compatibility","legal_or_litigation"],"date_enacted":"September 1, 2026 (County Board of Supervisors approval, 18-0 vote)","duration":"12 months","trigger":"Public concern following a smaller data center (Metered Mining) receiving a conditional use permit in the Village of Hammond and subsequent litigation; county currently defines large-scale data centers as those demanding 10 megawatts or more but lacks a comprehensive regulatory framework."}},{"type":"Feature","geometry":{"type":"Point","coordinates":[-89.062385,44.740443]},"properties":{"id":"wi-tigerton-2026","jurisdiction":"Tigerton","state":"Wisconsin","state_abbrev":"WI","jurisdiction_type":"Village","enacted_status":"active","date_enacted_iso":"2026-09-15","current_end_date_iso":"","date_enacted_uncertainty":"exact","duration_days":365,"duration_kind":"fixed_days","sectors":["data_center"],"trigger_categories":["regulatory_gap","specific_project","noise"],"date_enacted":"September 15, 2026 (Village Board, following a public hearing that drew more than 70 residents)","duration":"One year","trigger":"At least one developer inquiry (Blake Simpson) about a proposed data center in the village; officials wanted time to establish zoning policies before any application; Shawano County's own June 2026 moratorium does not cover Tigerton because the village has its own zoning."}},{"type":"Feature","geometry":{"type":"Point","coordinates":[-87.826405,44.390182]},"properties":{"id":"wi-town-of-new-denmark-2026","jurisdiction":"Town of New Denmark","state":"Wisconsin","state_abbrev":"WI","jurisdiction_type":"Town","enacted_status":"active","date_enacted_iso":"2026-06-08","current_end_date_iso":"","date_enacted_uncertainty":"exact","duration_days":365,"duration_kind":"fixed_days","sectors":["data_center"],"trigger_categories":["regulatory_gap","land_use_compatibility"],"date_enacted":"June 8, 2026 (Town Board adoption, per town notice)","duration":"12 months, extendable up to 6 months if the Town Board finds it in the town's interest","trigger":"Pause on placing data centers in the town while the Plan Commission and Zoning Administrator research and develop siting, zoning, and operating rules."}},{"type":"Feature","geometry":{"type":"Point","coordinates":[-89.473446,46.038269]},"properties":{"id":"wi-vilas-county-undated","jurisdiction":"Vilas County","state":"Wisconsin","state_abbrev":"WI","jurisdiction_type":"County","enacted_status":"pending","date_enacted_iso":"","current_end_date_iso":"","date_enacted_uncertainty":"unverified","duration_days":365,"duration_kind":"fixed_days","sectors":["data_center","battery_storage","solar"],"trigger_categories":["regulatory_gap","fire_safety","noise","water","environmental"],"date_enacted":"","duration":"Proposed 12 months","trigger":"County currently lacks local zoning regulations for data centers, battery energy storage systems, or large-scale solar; officials cite fire hazards (BESS), noise/vibration from cooling units, light pollution, water/air quality, stormwater runoff, and traffic impacts."}},{"type":"Feature","geometry":{"type":"Point","coordinates":[-88.056849,44.491485]},"properties":{"id":"wi-village-of-ashwaubenon-2026","jurisdiction":"Village of Ashwaubenon","state":"Wisconsin","state_abbrev":"WI","jurisdiction_type":"Village","enacted_status":"active","date_enacted_iso":"2026-06-23","current_end_date_iso":"","date_enacted_uncertainty":"exact","duration_days":365,"duration_kind":"fixed_days","sectors":["data_center"],"trigger_categories":["regulatory_gap","land_use_compatibility","grid_energy"],"date_enacted":"June 23, 2026 (Village Board adoption of Ordinance O6-1-26, following a June 2, 2026 Plan Commission recommendation)","duration":"12 months, ending earlier if replacement rules are adopted or the ordinance is rescinded","trigger":"Pause on receiving applications and granting permits/approvals for hyperscale data centers, defined as facilities with at least 100,000 sq ft floor area or at least 20 MW planned or installed electrical capacity."}},{"type":"Feature","geometry":{"type":"Point","coordinates":[-89.199828,43.078554]},"properties":{"id":"wi-village-of-cottage-grove-2026","jurisdiction":"Village of Cottage Grove","state":"Wisconsin","state_abbrev":"WI","jurisdiction_type":"Village","enacted_status":"active","date_enacted_iso":"2026-07-20","current_end_date_iso":"","date_enacted_uncertainty":"exact","duration_days":365,"duration_kind":"fixed_days","sectors":["data_center"],"trigger_categories":["regulatory_gap","land_use_compatibility"],"date_enacted":"July 20, 2026 (Village Board adoption of Ordinance 13-2026)","duration":"12 months, or until a regulating ordinance is approved or finally rejected, whichever occurs first","trigger":"Bars new applications/permits for principal-use data centers larger than 10,000 sq ft; accessory data centers and complete applications filed before the effective date are excepted."}},{"type":"Feature","geometry":{"type":"Point","coordinates":[-88.175217,44.494377]},"properties":{"id":"wi-village-of-hobart-2026","jurisdiction":"Village of Hobart","state":"Wisconsin","state_abbrev":"WI","jurisdiction_type":"Village","enacted_status":"active","date_enacted_iso":"2026-07-07","current_end_date_iso":"","date_enacted_uncertainty":"exact","duration_days":365,"duration_kind":"fixed_days","sectors":["data_center"],"trigger_categories":["regulatory_gap"],"date_enacted":"July 7, 2026 (Village Board 4-1 approval of Ordinance 2026-07)","duration":"One year","trigger":"Pause on data center development to allow the village to draft regulatory rules and standards."}},{"type":"Feature","geometry":{"type":"Point","coordinates":[-88.158677,44.322035]},"properties":{"id":"wi-village-of-wrightstown-2026","jurisdiction":"Village of Wrightstown","state":"Wisconsin","state_abbrev":"WI","jurisdiction_type":"Village","enacted_status":"active","date_enacted_iso":"2026-07-07","current_end_date_iso":"","date_enacted_uncertainty":"exact","duration_days":365,"duration_kind":"fixed_days","sectors":["data_center"],"trigger_categories":["specific_project","regulatory_gap"],"date_enacted":"July 7, 2026 (Village Board unanimous, 6-0, approval of a year-long moratorium ordinance on all zoning and planning activities related to data centers, per NBC 26 and Ballotpedia). This followed a separate, earlier June 16, 2026 action in which the Board voted 6-0 to impose a shorter, interim pause on data-center zoning and planning activity specifically until the August 11, 2026 advisory referendum was certified; the July 7 ordinance extended that interim pause into a full one-year moratorium.","duration":"One year","trigger":"Adopted following a resident petition, while an August 11, 2026 advisory referendum on municipal utility/infrastructure commitments for a large-scale data center project remained scheduled."}},{"type":"Feature","geometry":{"type":"Point","coordinates":[-89.431519,43.163379]},"properties":{"id":"wi-westport-2026","jurisdiction":"Westport","state":"Wisconsin","state_abbrev":"WI","jurisdiction_type":"Town","enacted_status":"active","date_enacted_iso":"2026-04-06","current_end_date_iso":"","date_enacted_uncertainty":"exact","duration_days":365,"duration_kind":"fixed_days","sectors":["data_center"],"trigger_categories":["regulatory_gap"],"date_enacted":"April 6, 2026 (Town Board regular meeting)","duration":"12 months","trigger":"Modeled on a similar moratorium passed by the City of Madison; adopted amid growing data center prospecting activity in Dane County."}},{"type":"Feature","geometry":{"type":"Point","coordinates":[-88.651653,44.069701]},"properties":{"id":"wi-winnebago-county-2026","jurisdiction":"Winnebago County","state":"Wisconsin","state_abbrev":"WI","jurisdiction_type":"County","enacted_status":"active","date_enacted_iso":"2026-08-18","current_end_date_iso":"","date_enacted_uncertainty":"exact","duration_days":365,"duration_kind":"fixed_days","sectors":["data_center"],"trigger_categories":["regulatory_gap","grid_energy","water","noise"],"date_enacted":"August 18, 2026 (County Board voice vote, one dissenting supervisor)","duration":"12 months","trigger":"No county mechanism to regulate data centers; concerns over energy/water use, noise pollution, and utility rate impacts amid a wave of similar Wisconsin county and city moratoria."}}]}