state,state_abbrev,jurisdiction,jurisdiction_type,date_enacted,duration,legal_basis,trigger,current_status,affected_projects,outcome,has_verify_tags,verify_count,cite_count,activity_level,enacted_status,moratorium_id,latitude,longitude,date_enacted_iso,date_enacted_uncertainty,duration_days,duration_kind,current_end_date_iso,sectors,trigger_categories
Alabama,AL,Birmingham,City,2026-03-03,"180 days from the March 3, 2026 adoption/vote date, expiring August 30, 2026 (March 3 plus 180 days). WBRC and Birmingham Times both confirm the March 3, 2026 vote date and the six-month term; no separate publication-date lag was found or is needed for this calculation.","Birmingham City Council March 3, 2026 agenda, P(ph) Item 1, ""An Ordinance to consider a temporary suspension on data centers within the City"" [Second Reading], adopted unanimously per Birmingham Times reporting; the city's data center policy page (birminghamal.gov/datacenters) confirms the moratorium is in effect [VERIFY: formal ordinance number not yet visible in Municode or city ordinance index as of 2026-04-29]","Regulatory gap and project pressure from large/hyperscale proposals; city cited need to review zoning, land-use policy, infrastructure readiness, environmental responsibility, neighborhood compatibility, and transparent approval procedures","Active as of 2026-07-31, still running under its original 180-day term (through 2026-08-30). The City Council separately voted 6-3 on June 9, 2026 to adopt permanent data-center zoning regulations (zoning case ZAC2026-00001); per WBRC, those new regulations ""will take effect when the city's six-month moratorium on data center applications lifts,"" i.e., on or about August 30, 2026. As of 2026-07-31 the moratorium itself remains the operative rule; the permanent ordinance has been adopted but is not yet in effect.",Applies prospectively to new or expanding large/hyperscale data centers above 20 MW. The Nebius BHM01/Oxmoor project and DC BLOX expansion were reported as exempt because applications or permits were already complete or under review before the moratorium took effect.,"Pending. Draft permanent zoning regulations were heard on 2026-04-28, but the council delayed the vote to the first week of June 2026 for revisions and renewed public notice.",True,1,0,Medium,active,al-birmingham-2026,33.520682,-86.802433,2026-03-03,exact,180,fixed_days,,"[""data_center""]","[""specific_project"", ""regulatory_gap"", ""infrastructure_capacity"", ""environmental"", ""land_use_compatibility""]"
Alabama,AL,Cullman,City,"On or about 2026-06-25, per WBRC reporting of the city council vote",12 months,"Cullman City Council ordinance, unanimously adopted, imposing a temporary 12-month moratorium on data centers",City will examine existing zoning districts and assess potential impacts of data centers on residents' quality of life during the moratorium,Adopted unanimously; not independently re-checked past 2026-06-26 publication [VERIFY instrument number; primary source (news-only evidence) not confirmed at confidence 0.65 in the 2026-07 refresh],Not identified in captured news coverage,City council unanimously adopted a 12-month moratorium on data centers,True,1,0,Medium,active,al-cullman-2026,34.133533,-86.877927,2026-06,month_only,365,fixed_days,,"[""data_center""]","[""regulatory_gap"",""land_use_compatibility""]"
Alabama,AL,Fairfield,City,2026-07-27 (City adoption of Ordinance 1174),180-day prospective moratorium beginning on the ordinance's effective date (publication/posting date not located),Ordinance 1174,"Pause on new data centers, data center support facilities, and material expansions; exempts two specified parcels at 7199 and 7160 Aaron Aronov Drive and preserves vested rights and existing lawful operations",Active as of adoption 2026-07-27; the publication/posting date establishing the precise effective and expiration dates was not located. [VERIFY],Exempts 7199 and 7160 Aaron Aronov Drive (site of the disclosed Patmos colocation data center proposal reported 2026-07-22),,True,1,0,Medium,active,al-fairfield-2026,33.491684,-86.915028,2026-07-27,exact,180,fixed_days,,"[""data_center""]","[""regulatory_gap"",""specific_project""]"
Alabama,AL,Fort Payne,City,2026-06-16 (City Council unanimous approval of a six-month data center moratorium),Six months while the Planning Commission drafts zoning rules,City Council ordinance/resolution (instrument number not located),Pause on data center development while the city drafts zoning rules; officials said the city had received no data center inquiry and acted before an application arrived,Active per local reporting; the adopted moratorium text and instrument number were not located in sources reviewed. The Planning Commission held a related public hearing on prospective data center/battery storage rules on 2026-06-23. [VERIFY] [VERIFY instrument number not confirmed at confidence 0.6 in the 2026-07 refresh],,,True,2,0,Medium,active,al-fort-payne-2026,34.444255,-85.719689,2026-06-16,exact,180,fixed_days,,"[""data_center""]","[""regulatory_gap""]"
Alabama,AL,Homewood,City,"2026-06-22, per WBRC reporting of the city council vote","12 months, with the possibility of an additional six-month extension","Homewood City Council ordinance, unanimously adopted, temporarily suspending approval of data centers larger than one megawatt",City wants to study how data center facilities could affect the community before further approvals,Adopted unanimously; not independently re-checked past 2026-06-23 publication,Not identified in captured news coverage,City council unanimously adopted a 12-month moratorium on data centers larger than one megawatt,False,0,0,Medium,active,al-homewood-2026,33.473710,-86.808451,2026-06-22,exact,365,fixed_days,,"[""data_center""]","[""regulatory_gap"",""infrastructure_capacity""]"
Alabama,AL,Hueytown,City,"Resolution 7499, 'Imposing A Temporary Moratorium On Data Center Classed Facilities,' was listed on the 2026-07-14 City Council agenda; disposition unconfirmed",Unknown; not confirmed adopted,Resolution 7499 (agenda item only; signed resolution not located),Proposed temporary moratorium on data center-classed facilities,"The city had not posted July 14 minutes, the signed resolution, a vote tally, duration, or effective date as of 2026-07-31. A later July 28 agenda listed approval of the July 14 minutes but did not establish the disposition of Resolution 7499. [VERIFY adoption date not confirmed at confidence 0.4 in the 2026-07 refresh]",,,True,1,0,Medium,pending,al-hueytown-undated,33.451220,-86.996661,,unverified,,unknown,,"[""data_center""]","[""regulatory_gap""]"
Alabama,AL,Leeds,City,"2026-06-08 (Monday night), Leeds City Council, unanimous vote.",One year from adoption (to approximately 2027-06-08).,"Leeds City Council ordinance imposing a one-year moratorium on data center and other high-impact facility development, halting new permits and approvals (ordinance number not located).","No active data center project underway in Leeds at time of adoption; preemptive pause to allow the city to update zoning ordinances and gather public feedback, amid a wider wave of Alabama municipalities (Birmingham, Homewood, and later Pinson) considering similar pauses.",Active as of 2026-07-31 (expires approximately 2027-06-08). [VERIFY instrument number; primary source (news-only evidence) not confirmed at confidence 0.65 in the 2026-07 refresh],None pending at time of adoption.,City Council unanimously adopted a one-year moratorium halting new data-center permits and approvals.,True,1,0,Medium,active,al-leeds-2026,33.543921,-86.542755,2026-06-08,exact,365,fixed_days,,"[""data_center""]","[""regulatory_gap"",""environmental"",""water""]"
Alabama,AL,Morgan County,County,2026-06-23 (County Commission approval of a one-year moratorium on the proposed VoltCore Bitcoin-mining data center),"One year, to allow study of environmental, noise, and other community effects",County Commission resolution/ordinance (instrument number not located),"Pause targeted at the proposed 50 MW VoltCore Bitcoin-mining facility near Union Road and the Stringer watershed near Somerville, following resident petitions (more than 450 signatures reported by the vote)","Approved per local reporting; the county's online minutes archive did not include a June 23 meeting record as of compilation, so the resolution number, full scope, and adopted text remain unconfirmed. [VERIFY] [VERIFY instrument number; primary source (news-only evidence) not confirmed at confidence 0.55 in the 2026-07 refresh]","Proposed VoltCore 50 MW Bitcoin-mining facility near Union Road/Stringer watershed, Somerville",,True,2,0,Medium,active,al-morgan-county-2026,34.429685,-86.852958,2026-06-23,exact,365,fixed_days,,"[""cryptocurrency_mining""]","[""noise"",""environmental"",""property_values"",""specific_project""]"
Alabama,AL,Prichard,City,Council President Traci Hale introduced a proposed resolution for a renewable 480-day moratorium on new data center permits at the 2026-07-23 Council meeting; no vote occurred,Proposed renewable 480-day moratorium; not adopted,Proposed resolution (draft text not located),Proposed pause on new data center permits following opposition to Edged Energy's planned Telegraph Road facility near Africatown,"No vote occurred at the 2026-07-23 meeting, and no later July vote was identified by the compilation date. [VERIFY instrument number; adoption date; primary source (news-only evidence) not confirmed at confidence 0.4 in the 2026-07 refresh]","Edged Energy's proposed data center at 214 Telegraph Road, near Africatown",,True,1,0,Medium,pending,al-prichard-undated,30.738800,-88.078889,,unverified,480,fixed_days,,"[""data_center""]","[""specific_project"",""environmental"",""land_use_compatibility""]"
Alabama,AL,Somerville,Town,"On or about 2026-07-07, per 1819News and Yahoo/local-TV reporting of the Town Council vote",Reported 18-month moratorium on data centers within town limits,Town Council ordinance/resolution (instrument not located; official town website could not be retrieved due to an SSL certificate mismatch),Pause following resident opposition to a proposed Bitcoin-mining facility near Union Road,"Reported approved with mayoral support; the signed ordinance/resolution, vote tally, effective date, and expiration date were not located in the town's online records. [VERIFY] [VERIFY instrument number; primary source (news-only evidence) not confirmed at confidence 0.45 in the 2026-07 refresh]","Proposed VoltCore-related Bitcoin-mining facility near Union Road, Somerville",,True,2,0,Medium,active,al-somerville-2026,34.473149,-86.798612,2026-07,month_only,545,fixed_days,,"[""cryptocurrency_mining""]","[""specific_project"",""noise"",""environmental"",""property_values""]"
Arkansas,AR,Carroll County,County,2026-06-16 (Carroll County Quorum Court unanimous adoption of Emergency Ordinance 2026-17),Immediate 12-month moratorium from adoption,Emergency Ordinance 2026-17,"Immediate pause on high-impact industrial and high-intensity digital infrastructure facilities (reported by contemporary coverage to include data centers, artificial intelligence computing facilities, and cryptocurrency mining facilities) in unincorporated Carroll County while the county develops a permitting and public-notice framework","Active as of adoption 2026-06-16; a legal notice reproduces the ordinance's title, findings, and beginning text but truncates the displayed text after Article 2, so a complete signed county copy was not located. [VERIFY] [VERIFY primary source (news-only evidence) not confirmed at confidence 0.65 in the 2026-07 refresh]",,,True,2,0,Low,active,ar-carroll-county-2026,36.338674,-93.509305,2026-06-16,exact,365,fixed_days,,"[""data_center"",""cryptocurrency_mining""]","[""regulatory_gap"",""infrastructure_capacity""]"
Arkansas,AR,Harrison,City,2023-05-30,"One year or until specific land-use standards were developed, whichever occurred first","Ordinance 1515, ""An Ordinance Imposing a Temporary Moratorium on Data Centers and Crypto Mining Facilities in the City of Harrison, Arkansas""","Green Digital conditional-use application; Arkansas Data Centers Act of 2023; zoning code did not list data centers or crypto mining facilities; concerns over electricity use, greenhouse gas emissions, pollution, e-waste, noise, and local impacts","Repealed; Harrison City Council voted 6-2 to repeal Ordinance 1515 at a specially called meeting on Tuesday, 2023-11-28, on a motion by Council Member Mitch Magness, seconded by Council Member Joel Williams (councilors Jeremy Ragland and Wayne Cone voted no). City Attorney Nancy Cartwright recommended repeal as a litigation precaution tied to a federal court matter involving Green Digital and the state's data-mining protections; the council also amended its noise ordinance the same night (Ordinance 1516). No separate numbered repeal ordinance for Ordinance 1515 itself was identified in the Harrison Daily Times' contemporaneous account of the meeting, and the city's own ordinance/clerk portal (harrisonar.gov) is behind a bot-protection challenge page that could not be bypassed to check the clerk's ordinance index directly.",Green Digital / Metahash crypto-mining data center; Chamber timeline reports a 10 MW Entergy contract and estimated $2.5 million capital investment,"Moratorium was removed after officials concluded it increased legal exposure under the state ""right to mine"" framework; later state Acts 173 and 174 of 2024 restored more local and state regulatory authority over crypto mining",False,0,0,Low,rescinded,ar-harrison-2023,36.229794,-93.107676,2023-05-30,exact,365,fixed_days,,"[""data_center"", ""cryptocurrency_mining""]","[""specific_project"", ""regulatory_gap"", ""environmental"", ""noise"", ""grid_energy"", ""land_use_compatibility"", ""legal_or_litigation""]"
Arkansas,AR,Russellville,City,"2026-07-16 (City Council amended a proposed 18-month moratorium to six months by a 6-2 vote, then adopted the amended ordinance by another 6-2 vote)","Six-month moratorium as amended and adopted; originally proposed as an 18-month moratorium in a June 16, 2026 councilmember proposal",City Council ordinance (instrument number not confirmed); creates a temporary committee to recommend regulations,"Pause on acceptance, processing, and approval of applications for data center development, construction, or siting within city limits; officials said no active data center proposal was known","Adopted 2026-07-16; the signed ordinance, ordinance number, precise effective date, and sunset date were not posted in the city's ordinance archive as of compilation. [VERIFY] [VERIFY instrument number not confirmed at confidence 0.6 in the 2026-07 refresh]",,,True,2,0,Low,active,ar-russellville-2026,35.278417,-93.133786,2026-07-16,exact,180,fixed_days,,"[""data_center""]","[""regulatory_gap""]"
Arkansas,AR,Union County,County,2026-06-30 (Union County Quorum Court unanimous adoption of Ordinance 1795 at an emergency meeting); reported to run 2026-07-10 through 2027-07-09,"One-year moratorium, reported to run from 2026-07-10 through 2027-07-09","Ordinance 1795, adopted with an emergency clause","Pause on new data center development in Union County following resident concerns about electricity, water, transparency, and use of public resources","Active per local reporting; a signed or codified copy of Ordinance 1795 was not located online, so the effective dates and duration rely on the local news report. [VERIFY] [VERIFY primary source (news-only evidence) not confirmed at confidence 0.55 in the 2026-07 refresh]",,,True,2,0,Low,active,ar-union-county-2026,33.163737,-92.617103,2026-06-30,exact,365,fixed_days,,"[""data_center""]","[""infrastructure_capacity"",""grid_energy"",""water""]"
California,CA,Calipatria,City,,"Proposed five-year (1,825 day) moratorium on new large-scale data center development; not yet adopted as of the sources reviewed",Proposed ordinance; City Council voted 4-0 on 2026-05-12 to advertise and hold formal public hearings,Proposed pause on new large-scale data center development pending a formal hearing process,"As of the 2026-05-12 vote, the City Council had only directed staff to advertise and hold public hearings on the proposed ordinance; no adoption vote or enactment was identified in subsequent sources reviewed through 2026-07-31. [VERIFY instrument number; adoption date not confirmed at confidence 0.45 in the 2026-07 refresh]",,,True,1,0,Medium,pending,ca-calipatria-undated,33.125577,-115.514027,,unverified,1825,fixed_days,,"[""data_center""]","[""regulatory_gap"",""land_use_compatibility""]"
California,CA,Coachella,City,"2026-06-04 (Coachella City Council special meeting approved an interim urgency moratorium on data centers, per NBC Palm Springs and kvcrnews.org reporting); extended on or about 2026-07-09 while the city drafts a permanent ban","Consistent with the Gov. Code section 65858 interim urgency ordinance pattern already documented elsewhere in this inventory (initial up to 45 days, extendable to a 2-year maximum by 4/5 vote): reported as an initial temporary/urgency moratorium adopted 2026-06-04, then extended around 2026-07-09 ('Coachella Extends Temporary Ban On Data Center Developments,' Patch) as the council moves toward a permanent ban. Exact day counts and vote margins were not confirmed in the sources reviewed.",Interim urgency zoning ordinance (California Gov. Code section 65858 pattern),Public backlash and protests over a large proposed data center project and a power agreement with developer 'Stronghold'; council terminated the specific project and moved toward a permanent ban,"As of 2026-07-31, reported as extended (not expired or rescinded); city staff directed to draft a permanent data center ban. No source reviewed indicates the pause has lapsed. [VERIFY instrument number; primary source (news-only evidence) not confirmed at confidence 0.6 in the 2026-07 refresh]","A large proposed data center project tied to a power agreement with 'Stronghold'; project reported terminated by the city (per NBC Palm Springs, 'Coachella City Council Halts Data Center Project, Cuts Ties with Stronghold,' 2026-06-05)",Moratorium adopted and later extended; city pursuing a permanent ban,True,1,0,Medium,extended,ca-coachella-2026,33.679496,-116.176280,2026-06-04,range,,until_event,,"[""data_center""]","[""specific_project"",""land_use_compatibility"",""regulatory_gap""]"
California,CA,Desert Hot Springs,City,2026-06-16 (City Council adoption of a 45-day interim urgency moratorium); extended by 22 months and 15 days via unanimous City Council vote on 2026-07-07,"Initial 45 days from 2026-06-16; extended 22 months and 15 days from 2026-07-07, bringing the maximum total pause to the Gov. Code section 65858 two-year cap.","Interim urgency moratorium ordinance, adopted and extended under California Gov. Code section 65858","Pause on licenses, permits, entitlements, and land-use approvals for data centers and similar high-intensity computing uses while the city studies whether, where, and under what standards such uses should be allowed; no specific data center application was reported pending",Extended on 2026-07-07 to the full two-year statutory maximum (22 months 15 days beyond the initial 45 days); active as of the extension.,,,False,0,0,Medium,extended,ca-desert-hot-springs-2026,33.961124,-116.501678,2026-06-16,exact,45,fixed_days,,"[""data_center""]","[""regulatory_gap"",""land_use_compatibility""]"
California,CA,El Monte,City,"2026-03-18 (Interim Urgency Ordinance No. 3063, adopted by a 7-0 vote at a Concurrent Special Meeting, per published City Council minutes); extended by Interim Urgency Ordinance No. 3065, adopted by a 7-0 vote at the Regular Meeting of 2026-04-22 following a public hearing and receipt of the Gov. Code section 65858(d) report, per published minutes","Initial 45 days (Ord. 3063, term would have run through approximately 2026-05-02); extended 10 months and 15 days by Ord. 3065, adopted 2026-04-22. Under Gov. Code section 65858(a), the initial ordinance plus this first extension together cannot exceed one year from initial adoption, placing the current expiration at approximately 2027-04-13/14 (45 days + 10 months 15 days = 12 months from 2026-03-18). The exact date is not stated verbatim in the minutes reviewed and is calculated from the statutory ceiling, not quoted from a source.",Interim Urgency Ordinance No. 3063; extension Interim Urgency Ordinance No. 3065; Gov. Code section 65858,City Council study of data center development and community impacts within El Monte,"Active under Interim Urgency Ordinance No. 3065 (the 10-month-15-day extension of Ord. 3063), adopted by a 7-0 vote on 2026-04-22 following a public hearing and receipt of the Gov. Code section 65858(d) report. Direct review of subsequent El Monte City Council minutes through 2026-07-08 (the most recent minutes located) found no further extension and no permanent data-center zoning ordinance adopted.",No specific project identified in captured records,Extension ordinance proposed to maintain the pause while the city studies permanent controls,False,0,0,Medium,extended,ca-el-monte-2026,34.075157,-118.036849,2026-03-18,exact,45,fixed_days,,"[""data_center""]","[""regulatory_gap"", ""land_use_compatibility""]"
California,CA,Imperial,City,"2026-06-03 (City Council unanimous adoption of Interim Urgency Ordinance No. 834, per meeting summary and a contemporaneous Coachella staff report survey of nearby municipal actions)","45 days from 2026-06-03 (statutory term would run to approximately 2026-07-18 under Gov. Code section 65858); no extension of this City of Imperial ordinance was identified in sources reviewed through 2026-07-31. This is a distinct instrument and jurisdiction from the Imperial County Board of Supervisors' moratorium (already in the inventory as ca-imperial-county-2026), which was separately extended to one year.","Interim Urgency Ordinance No. 834, adopted under California Gov. Code section 65858","Pause on approvals for data centers, battery energy storage systems, and similar utility-intensive industrial/technology uses while the city studies zoning and development standards",No extension or permanent ordinance specific to the City of Imperial (distinct from Imperial County) was identified in sources reviewed through 2026-07-31; the 45-day term would have lapsed around 2026-07-18. [VERIFY details not confirmed at confidence 0.55 in the 2026-07 refresh],,,True,1,0,Medium,expired,ca-imperial-2026,33.030549,-115.359567,2026-06-03,exact,45,fixed_days,,"[""data_center"",""battery_storage""]","[""regulatory_gap"",""land_use_compatibility"",""grid_energy""]"
California,CA,Imperial County,County,2026-06-17,Extended to a one-year moratorium on 2026-07-14; reported to run into June 2027 while the County's advisory committee develops recommendations.,Board of Supervisors resolution/ordinance (exact instrument number not confirmed in this pass),"Months of public opposition to a large proposed data center complex projected to consume about 750,000 gallons of water daily and more electricity than the entire county used in 2024",Extended and active as of 2026-08-19. Imperial County's Board extended the initial 45-day emergency pause to a one-year moratorium while the Data Center Advisory Committee evaluates zoning and land-use policy; reporting describes the pause as running into June 2027.,A proposed large-scale data center complex; the developer (reported as Sebastian Rucci) indicated plans to challenge the decision in court.,Special committee tasked with recommending land use and zoning regulations for data centers.,False,0,0,Medium,extended,ca-imperial-county-2026,33.030549,-115.359567,2026-06-17,exact,,until_event,,"[""data_center""]","[""specific_project"",""water"",""grid_energy"",""regulatory_gap""]"
California,CA,Indio,City,2026-06-03 (City Council unanimous adoption of Urgency Ordinance No. 1838); extended by a further City Council vote on 2026-07-15,Initial 45 days from 2026-06-03; extended by City Council vote on 2026-07-15. The extension's length and precise end date were not stated in the sources reviewed. [VERIFY],"Urgency Ordinance No. 1838, adopted under California Gov. Code section 65858","Pause on establishment, expansion, or intensification of data center uses to allow review of regulations and consideration of a longer moratorium or permanent prohibition; city reported no active data center applications",Extended by City Council vote on 2026-07-15; the Planning Commission separately recommended a permanent prohibition on 2026-06-24 (advisory only). Precise extension end date not confirmed. [VERIFY] [VERIFY primary source (news-only evidence) not confirmed at confidence 0.65 in the 2026-07 refresh],,,True,3,0,Medium,extended,ca-indio-2026,33.719281,-116.218805,2026-06-03,exact,45,fixed_days,,"[""data_center""]","[""regulatory_gap"",""land_use_compatibility""]"
California,CA,Irwindale,City,Draft Urgency Ordinance 819 was scheduled for a City Council public hearing and possible four-fifths adoption vote on 2026-05-27; whether it was adopted that day is unconfirmed,"Draft ordinance proposed a 45-day moratorium on processing, approving, or accepting new data center applications and on converting existing facilities into data centers","Draft Urgency Ordinance 819 (full draft text in the May 27, 2026 agenda packet); adoption requires a four-fifths Council vote under Gov. Code section 65858",Proposed pause on new and converted data center applications,Adopted minutes or a signed ordinance confirming whether Ordinance 819 passed on 2026-05-27 were not located in sources reviewed through 2026-07-31. [VERIFY adoption date not confirmed at confidence 0.4 in the 2026-07 refresh],,,True,1,0,Medium,pending,ca-irwindale-undated,34.106993,-117.934214,,unverified,45,fixed_days,,"[""data_center""]","[""regulatory_gap"",""land_use_compatibility""]"
California,CA,Montebello,City,2026-02-11,45 days; statutory extensions available,"Urgency Ordinance No. 2491, ""AN URGENCY ORDINANCE OF THE CITY COUNCIL OF THE CITY OF MONTEBELLO, CALIFORNIA, AMENDING TITLE 17 (ZONING) OF THE MONTEBELLO MUNICIPAL CODE TO ESTABLISH INTERIM ZONING CONTROLS FOR ARTIFICIAL INTELLIGENCE (AI) DATA CENTERS,"" adopted by 5-0 roll call vote, satisfying the four-fifths urgency requirement under Gov. Code 65858. The ordinance's own title does not include the word ""Amended""; it was introduced and adopted at the same meeting.","Regional data center proposals, including Monterey Park's 1977 Saturn Street site about one-half mile away, and concerns over electricity, water, backup generators, noise, infrastructure, land-use compatibility, and environmental impacts","Expired on schedule around 2026-03-28 (45 days after the corrected February 11, 2026 adoption date). A review of every City Council agenda from 2026-02-25 through 2026-07-27 (the last scheduled meeting before this check) found only the mandatory Gov. Code 65858(d) 10-day report, filed on the 2026-02-25 agenda; no extension, replacement, or further data-center action appears on any later agenda. Montebello separately adopted an unrelated urgency ordinance (No. 2495, adopted 2026-06-24) imposing a moratorium on SB 79 transit-oriented-development applications, which does not affect data centers.",No Montebello project identified; regional concern tied to nearby Monterey Park proposal,"Staff directed to study impacts, coordinate with neighboring jurisdictions, and return with Title 17 zoning standards",False,0,0,Medium,expired,ca-montebello-2026,34.015940,-118.111975,2026-02-11,exact,45,fixed_days,,"[""data_center""]","[""specific_project"", ""infrastructure_capacity"", ""environmental"", ""noise"", ""water"", ""grid_energy"", ""land_use_compatibility""]"
California,CA,Monterey Park,City,2026-01-21; extended 2026-03-04,Initial 45 days; extended 10 months and 15 days; expires 2027-01-21 unless changed,Ordinance No. 2272; extension Ordinance No. 2274; Gov. Code sections 36937 and 65858,"1977 Saturn Street data center proposal and broader concern over energy use, noise, air quality, aesthetics, property values, neighborhood quality of life, CEQA review, and whether permanent regulations or a citywide ban are needed","Active; permanent citywide data center prohibition in place. Measure NDC passed at the June 2, 2026 special election (10,388 Yes / 1,372 No, per the LA County Registrar-Recorder's certified canvass); results certified by the City Clerk on June 30, 2026 and declared by City Council Resolution No. 2026-R56 on July 1, 2026 (unanimous, 5-0). Companion Ordinance No. 2280 (General Plan amendment prohibiting all data centers citywide) was adopted by Council on July 2, 2026, effective on or about July 11, 2026 (10 days after election-result certification, per Elections Code section 9217).","1977 Saturn Street proposal by HMC StratCap (SheppardMullin counsel); local CEQA/project records described about 49.9 MW maximum load, 36 MW critical load, 14 backup diesel generators, and roughly 218,400 to 247,480 sq ft in different documents. Per *San Gabriel Valley Tribune* (2026-04-01), HMC StratCap formally withdrew the Saturn Street application after community pushback; city officials confirmed on 2026-04-20 that HMC StratCap still owns the parcel and has not communicated future plans for the site.","Moratorium extended through 2027-01-21 (superseded in practice by permanent action); permanent citywide prohibition codified by ordinance on 2026-04-20; voters ratified the prohibition via Measure NDC on 2026-06-02 (10,388 Yes / 1,372 No), with results certified July 1, 2026 and companion Ordinance No. 2280 adopted July 2, 2026.",False,0,0,Medium,replaced,ca-monterey-park-2026,34.051522,-118.129807,2026-01-21,exact,45,fixed_days,,"[""data_center""]","[""specific_project"", ""regulatory_gap"", ""environmental"", ""noise"", ""grid_energy"", ""land_use_compatibility"", ""property_values"", ""legal_or_litigation""]"
California,CA,Oakley,City,2026-04-14,"45 days from 2026-04-14, extended 10 months and 15 days by a second urgency ordinance adopted 2026-05-12 (5-0 vote); the combined term runs to the Gov. Code 65858(a) one-year statutory ceiling, approximately 2027-04-13/14.","Urgency ordinance adopted by a 5-0 vote at the April 14, 2026 Oakley City Council meeting (item 6.1), per published minutes; extended by a second urgency ordinance adopted 5-0 on 2026-05-12 (item 5.2). Ordinance No. 5-26, adopted at the same April 14 meeting, is confirmed to be a different, unrelated ordinance (administrative citation-hearing procedures) — not the data center moratorium. The moratorium ordinance was introduced under a placeholder number and its final assigned ordinance number was not stated in the minutes obtained [VERIFY exact assigned ordinance number for the April 14, 2026 urgency ordinance and its May 12, 2026 extension]",Bridgehead Industrial Project public testimony and removal of data centers from that project; Oakley Municipal Code did not define or regulate data center land uses,"Active under a first extension: the Oakley City Council adopted an urgency ordinance on 2026-05-12 (5-0 vote) extending the original 45-day moratorium by 10 months and 15 days. Under Gov. Code 65858(a), combined with the initial 45-day term this reaches the statutory one-year ceiling from initial adoption (2026-04-14), placing the current expiration at approximately 2027-04-13/14. No permanent data-center zoning ordinance had been adopted by Oakley as of the most recent primary record reviewed (2026-05-12 minutes); a joint Council/Planning Commission work session on data centers was reported by Contra Costa News for 2026-07-21, but that report was not independently corroborated with a primary agenda in this pass.",Bridgehead Industrial Project removed data center as a permissible use before approval,"Staff and Planning Commission to study impacts, gather public input, and draft zoning regulations",True,1,0,Medium,extended,ca-oakley-2026,37.997422,-121.712454,2026-04-14,exact,45,fixed_days,,"[""data_center""]","[""specific_project"", ""regulatory_gap"", ""land_use_compatibility""]"
Colorado,CO,Archuleta County,County,Board of County Commissioners unanimously adopted Resolution 2026-47 on 2026-06-16.,"Six-month data center moratorium barring pre-submittal activity and the acceptance or processing of planning, building, engineering, and other development applications for data center facilities through December 15, 2026, unless terminated or extended.",Archuleta County Resolution 2026-47 (reported; a standalone signed copy was not located in the county portal reviewed),,Active six-month moratorium through approximately 2026-12-15 unless terminated or extended. [VERIFY primary source (news-only evidence) not confirmed at confidence 0.55 in the 2026-07 refresh],,,True,1,0,Medium,active,co-archuleta-county-2026,37.199599,-107.084248,2026-06-16,exact,180,fixed_days,,"[""data_center""]","[""regulatory_gap""]"
Colorado,CO,Boulder County,County,"2026-06-02, Commissioners adoption",Six months,Not confirmed this pass (news-sourced only),,Reported active per news; not independently confirmed via a primary county resolution text [VERIFY instrument number; primary source (news-only evidence) not confirmed at confidence 0.6 in the 2026-07 refresh],New applications for data centers (and detention centers) in industrial areas,Commissioners voted unanimously for a six-month moratorium on accepting applications for data centers and detention centers in industrial areas,True,1,0,Medium,active,co-boulder-county-2026,40.102555,-105.363208,2026-06-02,exact,180,fixed_days,,"[""data_center""]","[""land_use_compatibility"",""regulatory_gap""]"
Colorado,CO,Broomfield,City,"City Council voted 9-0 to adopt Ordinance 2313 on second and final reading, 2026-07-07.","Stops acceptance, pre-submittal activity, and processing for new or expanded data center facilities and other large energy users with projected loads of at least 10 MW. The pause lasts 18 months from its effective date, or until relevant municipal definitions and standards are adopted, whichever occurs first; council retained authority to extend it. Effective seven days after publication following final passage.",City and County of Broomfield Ordinance 2313,,Active 18-month moratorium.,,,False,0,0,Medium,active,co-broomfield-2026,39.940399,-105.052080,2026-07-07,exact,548,fixed_days,,"[""data_center""]","[""regulatory_gap"",""grid_energy""]"
Colorado,CO,Buena Vista,Town,"Board of Trustees voted 6-0 to adopt Emergency Ordinance 2026-13 on 2026-06-09, following a 2026-05-20 Planning and Zoning Commission introductory discussion and 2026-05-12 Board of Trustees support for staff work.","Pauses acceptance, processing, and approval of applications for principal-use data centers through December 9, 2026, unless shortened or extended. Accessory computer/server equipment serving another lawful principal use is excluded.",Town of Buena Vista Emergency Ordinance 2026-13,Followed Planning and Zoning Commission discussion of treating data centers as a distinct land use.,Active moratorium through 2026-12-09 unless shortened or extended.,,,False,0,0,Medium,active,co-buena-vista-2026,38.842218,-106.131129,2026-06-09,exact,,until_date,,"[""data_center""]","[""regulatory_gap""]"
Colorado,CO,Delta County,County,Board of County Commissioners adopted Resolution R-18 on 2026-07-07.,"Temporary moratorium on data center facility applications in unincorporated Delta County, covering pre-submittal activity and planning, building, engineering, and other development applications. Scheduled to expire January 7, 2027, or when the county adopts permanent regulations, whichever occurs first.",Delta County Resolution R-18,"County review will consider land-use compatibility, water and energy demand, infrastructure, noise, environmental effects, emergency response, and economic development.",Active moratorium through 2027-01-07 unless permanent regulations are adopted sooner.,,,False,0,0,Medium,active,co-delta-county-2026,38.836878,-107.856829,2026-07-07,exact,,until_date,,"[""data_center""]","[""regulatory_gap"",""land_use_compatibility"",""water"",""grid_energy"",""noise"",""environmental"",""infrastructure_capacity""]"
Colorado,CO,Denver,City,"2026-05-18 (City Council final passage of Council Bill 26-0431 at second reading/public hearing, unanimous); signed by the Mayor 2026-05-20; effective 2026-05-21","One year from the effective date (2026-05-21, i.e. nominally through 2027-05-21), or upon adoption of amendments to the Denver Revised Municipal Code and a text amendment to the Denver Zoning Code addressing data centers, per Section 5 of the ordinance as filed and passed without amendment to that section: 'This moratorium shall expire the earlier of: (a) One year from the effective date of this ordinance; or (b) The effective date of any amendments to the Denver Revised Municipal Code regarding data centers and any text amendment to the Denver Zoning Code regarding data centers, whichever occurs later.' (The 'earlier of ... whichever occurs later' phrasing is the ordinance's own internal drafting inconsistency, quoted verbatim.)","Council Bill 26-0431 (Series of 2026), passed by City Council on final consideration 2026-05-18 and signed by the Mayor 2026-05-20; effective 2026-05-21. The final assigned ordinance/enactment number was not located in the Legistar summary view accessed in this pass [VERIFY final assigned ordinance/enactment number].","No data-center-specific zoning regulations; concerns about water, energy, ratepayer cost shifting, noise, air quality, siting, and impacts on vulnerable communities.","Active. Adopted by City Council 2026-05-18 (final passage at second reading/public hearing), signed by the Mayor 2026-05-20, effective 2026-05-21. No repeal, amendment, or Denver Zoning Code/Municipal Code data-center text amendment that would end the moratorium early was found as of 2026-07-31.",Existing and already permitted projects would not be stopped. CoreSite DE3 phase one at 4900 Race Street is under construction; future phases had not been permitted as of captured reporting.,"If enacted, Denver would use the pause for a working group and possible amendments to zoning, building, energy, green/climate, and municipal code provisions.",True,1,0,Medium,active,co-denver-2026,39.739236,-104.984862,2026-05-18,exact,365,fixed_days,,"[""data_center""]","[""regulatory_gap"", ""water"", ""grid_energy"", ""noise"", ""environmental"", ""land_use_compatibility"", ""infrastructure_capacity""]"
Colorado,CO,Hudson,Town,"Town Council unanimously approved Ordinance 26-13 on second/final reading (6-0) on 2026-07-01, following a 5-1 first reading on 2026-06-17.","Temporary moratorium on new data center facility applications while the town evaluates land-use and infrastructure regulations. Precise duration, effective date, and exceptions were not located in reviewed sources.",Town of Hudson Ordinance 26-13,,"Reported as adopted 2026-07-01; the executed ordinance text was not located, so duration and scope remain unverified. [VERIFY details not confirmed at confidence 0.6 in the 2026-07 refresh]",,,True,1,0,Medium,active,co-hudson-2026,40.073443,-104.642986,2026-07-01,exact,,unknown,,"[""data_center""]","[""regulatory_gap""]"
Colorado,CO,Jefferson County,County,2026-05-19,Through March 2027,County board action (exact resolution/ordinance instrument not confirmed in this pass),Concerns about weighing environmental impacts against economic benefits of data center development,"Moratorium on new data center applications and zoning in effect through March 2027, per news reporting.",Not specified in the source reviewed.,County weighing environmental impacts against economic benefits before allowing new data center applications.,False,0,0,Medium,active,co-jefferson-county-2026,39.569980,-105.256192,2026-05-19,exact,,until_date,,"[""data_center""]","[""regulatory_gap"",""environmental""]"
Colorado,CO,Larimer County,County,2026-01-27,"Initial 30 days from 2026-01-27 (Resolution, Reception No. 20260005307); extended six months to 2026-08-25 by a resolution signed 2026-04-07 (Reception No. 20260016505), following a 2026-02-09 public hearing; extended a second time, six more months, to 2026-02-25 (2027), by a resolution signed 2026-07-13 (Reception No. 20260034886), following a 2026-07-13 public hearing.","Resolution to Establish a Temporary Moratorium on Data Center Facilities in Larimer County, Colorado, signed 2026-01-27, Larimer County Clerk & Recorder Reception No. 20260005307 (initial 30 days); Resolution to Establish a Temporary Moratorium on Data Center Facilities in Larimer County, Colorado (extension), signed 2026-04-07, Reception No. 20260016505 (extends through 2026-08-25, following the 2026-02-09 hearing); Resolution to Extend the Temporary Moratorium on Data Center Facilities in Larimer County, Colorado, signed 2026-07-13, Reception No. 20260034886 (extends through 2026-02-25, 2027, following the 2026-07-13 hearing). Authority cited: C.R.S. section 30-28-121 (temporary regulations, not to exceed six months).","Larimer County Land Use Code had no definitions or regulations for data center uses; county cited water consumption, power usage, noise, aesthetics, heat effects, and suitable zoning.","Active through 2026-02-25, 2027, per a second extension resolution signed 2026-07-13 (recorded 2026-07-14, Clerk & Recorder Reception No. 20260034886), following a 2026-07-13 public hearing. No Land Use Code amendments addressing data centers had been adopted as of that extension; a public survey that closed 2026-06-12 reportedly found 94% of respondents opposed to data center construction.",No site-specific data center applications had been submitted as of the county's 2026-04-23 update.,County is drafting Land Use Code definitions and standards and opened a public survey through 2026-06-12.,False,0,0,Medium,extended,co-larimer-county-2026,40.681017,-105.472691,2026-01-27,exact,30,fixed_days,2027-02-25,"[""data_center""]","[""regulatory_gap"", ""water"", ""grid_energy"", ""noise"", ""land_use_compatibility""]"
Colorado,CO,Logan County,County,2025-10-21,180 days as adopted; replaced by Resolution 2026-5 (effective 2026-02-17) before the full term elapsed,Resolution 2025-25,"County needed time to draft regulations before accepting or processing applications for data center, battery, solar, and wind facilities; meeting records cited grid, infrastructure, agricultural land, and land use compatibility concerns.","Replaced. All four facility types covered by Resolution 2025-25 were superseded by their own permanent regulation resolutions, each with an explicit rescission clause tied back to Resolution 2025-25: Resolution 2026-4 (Battery Energy Storage Systems, effective 2026-02-17), Resolution 2026-5 (Data Center Facilities, effective 2026-02-17), Resolution 2026-6 (Solar Energy / Community Solar Garden, effective 2026-02-17), and Resolution 2026-11 (Wind Energy Facilities, adopted 2026-04-07, shortly before the moratorium's own ~2026-04-19 lapse date). None of the four components lapsed unaddressed.","County Commissioners' October 14, 2025 work-session minutes record a briefing by developer Blake Marcus (Granite Renewables) and consultant Ben Gager (SWCA Environmental Consultants) describing a proposed project east and west of County Road 9 (approximately 21 miles northwest of Sterling) at close to 2 GW nameplate capacity, including 1 GW of on-site natural gas generation, 630 MW of solar as ancillary power, and 1,800 MWh of battery storage. Commissioner Yahn noted the moratorium had already been planned before this specific proposal surfaced. As of a January 2026 hearing, commissioners stated no formal permit application had yet been received.",Resolution 2026-5 adopted Data Center Facility regulations. The county planning page lists Resolution 2026-5 among amended regulations effective 2026-02-17 and 2026-04-07.,False,0,0,Medium,replaced,co-logan-county-2025,40.725097,-103.122138,2025-10-21,exact,180,fixed_days,,"[""data_center"", ""battery_storage"", ""solar"", ""wind""]","[""specific_project"", ""regulatory_gap"", ""infrastructure_capacity"", ""grid_energy"", ""land_use_compatibility"", ""agricultural_preservation""]"
Colorado,CO,Monument,Town,Town Council voted 6-0 to adopt Ordinance 18-2026 on 2026-07-20.,Six-month moratorium on permit and land-development applications that include a data center as a principal or accessory use.,Town of Monument Ordinance 18-2026,No data center proposal was pending; staff planned to address data centers in a broader rewrite of the land-development code.,Active six-month moratorium.,,,False,0,0,Medium,active,co-monument-2026,39.091659,-104.872758,2026-07-20,exact,180,fixed_days,,"[""data_center""]","[""regulatory_gap""]"
Colorado,CO,South Fork,Town,"Reported passage of Emergency Ordinance 2026-03, per a published legal notice dated around 2026-06-18 to 2026-06-30.",One-year pause on permit and site-development applications for new primary-use data centers while the town considers code amendments and community engagement.,"Emergency Ordinance 2026-03, as reported in a published legal notice. Jurisdiction identity is disputed: the notice's heading, recitals, and operative provisions identify South Fork, but the adoption clause instead references 'Town of Center.'",,Reported as active per the legal notice; jurisdiction not confirmed against a signed municipal copy. [VERIFY primary source (news-only evidence) not confirmed at confidence 0.45 in the 2026-07 refresh],,,True,1,0,Medium,active,co-south-fork-2026,37.670930,-106.642495,2026-06-18,unverified,365,fixed_days,,"[""data_center""]","[""regulatory_gap""]"
Colorado,CO,Woodland Park,City,"City Council adopted Ordinance 1525 on 2026-07-16, following a first reading on 2026-06-18.","Pauses submission, acceptance, processing, review, hearings, approval, and siting of new or expanded data centers while the city develops definitions and land-use, water, and wastewater rules. The city-posted first-reading ordinance specified 12 months, but contemporaneous reporting on the final adoption says the final moratorium lasts 18 months. A signed final ordinance showing the amendment and final effective date was not located, so the exact duration is unresolved.",City of Woodland Park Ordinance 1525 (Series 2026),No data center proposal was pending at the time of adoption; described as a proactive measure.,Adopted 2026-07-16; duration conflicting between 12 months (first-reading document) and 18 months (adoption-day news report). [VERIFY details not confirmed at confidence 0.6 in the 2026-07 refresh],,,True,1,0,Medium,active,co-woodland-park-2026,38.993802,-105.057045,2026-07-16,exact,,unknown,,"[""data_center""]","[""regulatory_gap""]"
Connecticut,CT,Groton,Town,"2022-06-14 (Groton PZC adoption, 5-0 vote); effective 2022-07-15, per the adopted motion text in the June 14, 2022 PZC meeting minutes: ""This text amendment shall become effective July 15, 2022.""",One year,"Planning and Zoning Commission application REGA22-01, Data Center Moratorium Text Amendment, town-wide","Local proposals for large data centers, uncertainty about how data centers differed from telecommunications facilities, and resident concerns about noise, stormwater, generator use, energy use, and environmental impacts",Replaced,"Data center applications; public reporting states the pause applied to developments larger than 5,000 square feet and followed proposals for two 250,000-square-foot facilities near Interstate 95","Permanent regulations adopted in 2023 limit principal data centers to 12,500 square feet and impose siting and operating limits; public reporting describes this as blocking hyperscale projects",False,0,0,Medium,replaced,ct-groton-2022,41.346550,-72.038879,2022-06-14,exact,365,fixed_days,,"[""data_center""]","[""specific_project"", ""regulatory_gap"", ""environmental"", ""noise"", ""grid_energy"", ""land_use_compatibility""]"
Connecticut,CT,Morris,Town,"The identical moratorium text (prepared by the Town Planner and dated 2026-03-23) was re-filed by the Commission under its 'regulations' folder -- rather than the earlier 'generals'/draft-agenda-attachment folder it occupied as of the April 15, 2026 meeting -- under the title 'Public Hearing Two Year Moratorium on Battery Storage Facilities and Data Centers,' with a document date of 2026-05-20. Secondary reporting describes a public hearing held on a Tuesday and Commission approval the same week, consistent with adoption around 2026-05-19/20. Neither the exact adoption-vote date nor the Connecticut-statute-required newspaper publication date (which triggers legal effectiveness) was found in any source I could access.",12 months from effective date of adoption,"Town of Morris Planning and Zoning Commission, Zoning Moratorium on Battery Energy Storage Systems and Data Centers","Need to evaluate land use, environmental, infrastructure, fire safety, emergency response, groundwater, traffic, noise, visual, electrical infrastructure, and water-use impacts","Adopted. The Commission's own document repository shows the moratorium text moved from a 'generals' (draft/agenda-attachment) filing on 2026-04-15 to a 'regulations' filing dated 2026-05-20, and secondary press reports the Commission approved the moratorium following a public hearing in mid-May 2026. The operative text (Section 6) fixes a 12-month term running from the effective date of adoption, notwithstanding press descriptions of it as a 'two-year moratorium' (which do not match the adopted text I read).","Applications for establishment, construction, installation, or expansion of battery energy storage systems or data centers; no named project identified",Pending; moratorium directs the commission to prepare zoning amendments as appropriate,False,0,0,Medium,active,ct-morris-2026,41.683662,-73.199665,2026-05,month_only,365,fixed_days,,"[""battery_storage"", ""data_center""]","[""regulatory_gap"", ""environmental"", ""infrastructure_capacity"", ""fire_safety"", ""water"", ""noise"", ""land_use_compatibility"", ""grid_energy""]"
Connecticut,CT,New Haven,City,"Not yet adopted as of 2026-07-06; proposed by Board of Alders Majority Leader Richard Furlow as a communication on the Monday Board of Alders agenda, to proceed next to an aldermanic committee for a public hearing before returning to the full board for a final vote.",Proposed 12 months,Proposed Board of Alders resolution/ordinance (introduced as a communication; not yet referred to committee as of 2026-07-06),"Proactive/regulatory-gap: the city has no zoning framework for data centers and wants to develop one before any project is proposed, drawing on approaches used by Groton, Morris, and West Haven, Connecticut.","Pending; introduced 2026-07-06, awaiting aldermanic committee referral and public hearing before a final Board of Alders vote.",None. New Haven's Deputy Director of Zoning stated there are no current proposals or plans by any entity to build a data center in New Haven.,Proposed 12-month moratorium to allow the city's economic development department to convene a working group evaluating opportunities and impacts before any zoning framework is adopted.,False,0,0,Medium,pending,ct-new-haven-undated,41.308214,-72.925052,,unverified,365,fixed_days,,"[""data_center""]","[""regulatory_gap"",""infrastructure_capacity""]"
Connecticut,CT,West Haven,City,"2026-06-08, per City Council meeting minutes",1 year,"City Council resolution requiring a 1-year moratorium on the development of data centers, requested by Mayor Dorinda Borer",Not detailed beyond the mayor's request in captured minutes,Adopted unanimously; not independently re-checked past 2026-06-08,Not identified in captured minutes,Council unanimously approved a 1-year moratorium on data center development,False,0,0,Medium,active,ct-west-haven-2026,41.270653,-72.947047,2026-06-08,exact,365,fixed_days,,"[""data_center""]","[""regulatory_gap""]"
Florida,FL,Citrus County,County,"Adopted 2026-05-26 by the Board of County Commissioners at a public hearing, 5-0 vote; staff had been directed on 2026-05-12 to prepare the ordinance for that meeting.","In effect for 12 months from its effective date or until related county regulations take effect, whichever occurs first.",Citrus County Ordinance No. 2026-02,County-initiated pause pending development of local data-center regulations; more than 40 public speakers attended the May 26 hearing.,"Active moratorium halting construction/expansion approvals, building permits, development orders, and rezonings for data center facilities in unincorporated Citrus County.",,,False,0,0,Low,active,fl-citrus-county-2026,28.851285,-82.514121,2026-05-26,exact,365,fixed_days,,"[""data_center""]","[""regulatory_gap""]"
Florida,FL,Clay County,County,"Adopted 2026-06-23 by the Board of County Commissioners, 4-1 vote, following a first hearing 2026-06-09.",One-year moratorium in unincorporated Clay County.,"Clay County ordinance (ordinance number not located in reviewed sources); the official agenda title describes the measure as pausing acceptance, review, or approval of applications for land-use amendments to the Clay County 2045 Comprehensive Plan related to data-center facilities.",More than an hour of public testimony at the final hearing.,"Active; the official scope is narrower (comprehensive-plan land-use amendments) than some news descriptions of a blanket permit freeze, and that narrower scope should be preferred.",,,False,0,0,Low,active,fl-clay-county-2026,29.976652,-81.847060,2026-06-23,exact,365,fixed_days,,"[""data_center""]","[""regulatory_gap"",""land_use_compatibility""]"
Florida,FL,Hernando County,County,Adopted 2026-06-23 at second public hearing (first hearing 2026-06-02); Florida Department of State acknowledged filing 2026-06-24.,"365-day moratorium on development orders and permits for data centers in unincorporated Hernando County, subject to exemptions and prospective-application provisions; can end early if permanent regulations take effect, and can be extended once for no more than 120 days.",Hernando County Ordinance 2026-15,,Active 365-day moratorium; filed with the Florida Department of State 2026-06-24.,,,False,0,0,Low,active,fl-hernando-county-2026,28.571016,-82.460507,2026-06-23,exact,365,fixed_days,,"[""data_center""]","[""regulatory_gap""]"
Florida,FL,Lakeland,City,"2026-08-03, City Commission adopted Ordinance No. 26-018 by a 4-3 vote.","One year from 2026-08-03, unless amended or repealed sooner. Covers new data centers and large-load customers with anticipated peak demand of 50 MW or more while the City reviews its planning and land-development rules.","City of Lakeland Ordinance No. 26-018, adopted 2026-08-03 by a 4-3 vote","Followed community opposition to Project Swan, a proposed approximately 600,000-square-foot data center.","Active as of 2026-08-19. The City Commission adopted Ordinance No. 26-018 4-3 on 2026-08-03, pausing acceptance, processing, review, and approval of covered applications for one year.","Project Swan (proposed approximately 600,000 sq ft data center; Kimley-Horn on behalf of Ryan Companies U.S., Inc.)",Ordinance No. 26-018 is effective immediately and pauses new covered applications while the City considers permanent rules.,False,0,0,Low,active,fl-lakeland-undated,28.039465,-81.949804,2026-08-03,exact,365,fixed_days,,"[""data_center""]","[""regulatory_gap"",""specific_project""]"
Florida,FL,Lynn Haven,City,Adopted 2026-06-23 by City Commission.,"Interim pause on accepting, processing, reviewing, or acting on data-center applications, lasting until the earlier of final action on a separate proposed one-year moratorium ordinance or sixty days after this resolution's adoption (on or about 2026-08-22).",City of Lynn Haven Resolution 2026-06-561,Adopted while a separate one-year moratorium ordinance (staff directed to draft it on 2026-06-09) proceeded through the adoption process; this resolution is a distinct interim instrument from that still-pending ordinance.,Active interim pause; the separate one-year ordinance had not been shown as finally adopted in the reviewed sources.,,,False,0,0,Low,active,fl-lynn-haven-2026,30.245478,-85.648261,2026-06-23,exact,60,fixed_days,,"[""data_center""]","[""regulatory_gap""]"
Florida,FL,Madison County,County,Board of County Commissioners voted unanimously 2026-07-22.,One-year moratorium on construction and permitting of large-scale data centers while the county develops possible regulations.,"Madison County ordinance (signed ordinance, ordinance number, effective date, and exact expiration date not located in reviewed sources).",,Active one-year moratorium. [VERIFY instrument number; primary source (news-only evidence) not confirmed at confidence 0.55 in the 2026-07 refresh],,,True,1,0,Low,active,fl-madison-county-2026,30.451435,-83.452452,2026-07-22,exact,365,fixed_days,,"[""data_center""]","[""regulatory_gap""]"
Florida,FL,Nassau County,County,"Adopted on final hearing 2026-06-08 by the Nassau County Board of County Commissioners (motion by Commissioner Gray, seconded by Commissioner Farmer, approved); first reading was 2026-05-11, following direction to draft on 2026-04-13.","12 months from the effective date, or until an ordinance amending the Comprehensive Plan, Land Development Regulations, and/or Code of Ordinances relating to Data Center Facilities takes effect, whichever occurs first (Ordinance 2026-044, Section 6). Effective date is upon filing with the Florida Secretary of State per s. 125.66.","Nassau County Ordinance No. 2026-044, ""Imposing a Temporary Moratorium on the Acceptance, Review, or Approval of Applications for Development Permits, Development Orders, Rezoning, or Site Plans Related to Data Centers, Data Processing Facilities, Data Mining or Cryptocurrency Mining Operations ... Within Unincorporated Nassau County, Florida.""",Board directed staff to draft the moratorium in April 2026 to allow time to study and adopt comprehensive-plan and land-development-code provisions for data centers before accepting further applications; a companion resolution (2026-102) created a Fact-Finding Committee on Data Center Development that met repeatedly through June 2026.,"Active as of 2026-07-31. Checked the June 22, July 13, and July 27, 2026 BOCC agendas; no repeal, amendment, or extension item found. Applies only to unincorporated Nassau County.",No specific pending project named in the ordinance itself; adopted preemptively alongside the Fact-Finding Committee on Data Center Development.,"Ordinance adopted on final hearing 2026-06-08; moratorium in effect for up to 12 months or until permanent Data Center Facility regulations are adopted, whichever is sooner.",False,0,0,Low,active,fl-nassau-county-2026,30.662433,-81.770733,2026-06-08,exact,365,fixed_days,,"[""data_center"",""cryptocurrency_mining""]","[""regulatory_gap"",""infrastructure_capacity"",""grid_energy"",""environmental""]"
Florida,FL,Palm Beach County,County,Board of County Commissioners approved zoning in progress effective 2026-07-07 and directed staff to prepare a formal moratorium ordinance.,Interim administrative freeze: staff directed not to accept new large-load-customer data center applications until a formal ordinance is presented for adoption. The contemplated formal ordinance would run until the earlier of one year after its adoption or the enactment of permanent regulations.,"Board of County Commissioners zoning-in-progress directive, 2026-07-07 (formal ordinance not yet adopted as of the reviewed sources)",Followed opposition to Project Tango and other large-load data center proposals.,Active interim intake freeze pending adoption of a formal moratorium ordinance. [VERIFY instrument number; primary source (news-only evidence) not confirmed at confidence 0.6 in the 2026-07 refresh],Project Tango (Central Park Commerce Center data center expansion),,True,1,0,Low,active,fl-palm-beach-county-2026,26.627980,-80.449417,2026-07-07,exact,,until_event,,"[""data_center""]","[""regulatory_gap"",""land_use_compatibility""]"
Florida,FL,Pasco County,County,"Commissioners unanimously approved 2026-07-14, following a Planning Commission recommendation 2026-06-11 and a first BOCC hearing 2026-06-16.","One-year moratorium pausing covered development approvals for server or computer rooms exceeding 2.5 MW in unincorporated Pasco County while the county studies definitions and environmental, utility, and financial impacts.",Pasco County ordinance (signed ordinance number and exact expiration date not located in reviewed sources).,,Active one-year moratorium. [VERIFY instrument number; primary source (news-only evidence) not confirmed at confidence 0.6 in the 2026-07 refresh],,,True,1,0,Low,active,fl-pasco-county-2026,28.298852,-82.452671,2026-07-14,exact,365,fixed_days,,"[""data_center""]","[""regulatory_gap"",""grid_energy""]"
Florida,FL,Pensacola,City,First reading passed 7-0 on 2026-07-16; second reading required before adoption. Not yet finally enacted as of the compilation date.,Proposed one-year moratorium on city approvals for data centers and other large-load-customer facilities with anticipated monthly peak demand of at least 50 MW; would take effect five business days after final adoption.,Pensacola Proposed Ordinance No. 13-26 (first reading only; second reading required for adoption),,Pending second reading as of the chronology's coverage window (through 2026-07-31); not yet adopted.,,,False,0,0,Low,pending,fl-pensacola-undated,30.421309,-87.216915,,unverified,365,fixed_days,,"[""data_center""]","[""regulatory_gap""]"
Florida,FL,Pinellas Park,City,Placed on first reading 2026-07-21; public hearing scheduled for 2026-08-11 (after the compilation window). Not yet finally enacted.,Proposed one-year moratorium on data center approvals.,Pinellas Park Ordinance 2026-22 (first reading only; not yet adopted),Followed American Tower's May 2026 filing to redevelop an industrial property at 10700 76th Court N. into a data-processing facility.,"Pending; the city reported it would not consider data center proposals while the measure proceeds. Public hearing scheduled 2026-08-11, after the compilation window. [VERIFY adoption date not confirmed at confidence 0.65 in the 2026-07 refresh]","American Tower data-processing facility proposal, 10700 76th Court N.",,True,1,0,Low,pending,fl-pinellas-park-undated,27.842803,-82.699544,,unverified,365,fixed_days,,"[""data_center""]","[""regulatory_gap"",""specific_project""]"
Florida,FL,Santa Rosa County,County,"Adopted at a special meeting 2026-07-23, following a first hearing 2026-07-09 (which followed a 2026-06-22 3-1 vote directing staff to draft the ordinance).",12-month moratorium on large-scale data centers and large-load-customer facilities in unincorporated Santa Rosa County; permanent rules may be developed sooner than the 12-month endpoint.,"Santa Rosa County ordinance (signed ordinance, ordinance number, vote tally, and exact effective/expiration dates not located in reviewed sources).",Several residents requested a permanent ban instead of a temporary moratorium.,Active 12-month moratorium. [VERIFY instrument number; primary source (news-only evidence) not confirmed at confidence 0.55 in the 2026-07 refresh],,,True,1,0,Low,active,fl-santa-rosa-county-2026,30.696450,-87.009752,2026-07-23,exact,365,fixed_days,,"[""data_center""]","[""regulatory_gap""]"
Florida,FL,Sarasota County,County,County commissioners voted 2026-07-08.,"Halts acceptance, review, and approval of hyperscale data center proposals for at least one year, through July 2027, while staff evaluates permanent rules.",Commission vote / administrative freeze; a signed ordinance or resolution number was not located in reviewed sources.,Followed an XF Group inquiry concerning a site along Cattlemen Road; covers facilities at the state-law threshold of at least 50 MW.,Active freeze through approximately July 2027 pending permanent rules. [VERIFY instrument number; primary source (news-only evidence) not confirmed at confidence 0.55 in the 2026-07 refresh],"XF Group inquiry, Cattlemen Road site",,True,1,0,Low,active,fl-sarasota-county-2026,27.181361,-82.360919,2026-07-08,exact,365,fixed_days,,"[""data_center""]","[""regulatory_gap"",""grid_energy""]"
Florida,FL,Zephyrhills,City,"Final approval 2026-06-22 by City Council, following a unanimous first reading 2026-06-08.","One-year moratorium on city approvals for data centers, large-scale data centers, and large-load customer facilities.",City of Zephyrhills Ordinance 1523-26,Precautionary measure; city staff said no data center proposal was pending at the time of adoption.,Active one-year moratorium effective 2026-06-22. [VERIFY primary source (news-only evidence) not confirmed at confidence 0.65 in the 2026-07 refresh],,,True,1,0,Low,active,fl-zephyrhills-2026,28.233620,-82.181195,2026-06-22,exact,365,fixed_days,,"[""data_center""]","[""regulatory_gap""]"
Georgia,GA,Adel (Cook County),City,2026-07-06,180 days,"Resolution No. 26-02, imposing a 180-day moratorium on accepting, processing, or considering data center site applications and issuing construction permits",regulatory_gap,Active as of 2026-07-06,,Mayor and council adopted Resolution No. 26-02 imposing a 180-day data center moratorium,False,0,0,High,active,ga-adel-cook-county-2026,31.137136,-83.423494,2026-07-06,exact,180,fixed_days,,"[""data_center""]","[""regulatory_gap""]"
Georgia,GA,Albany,City,2026-07-28,"12 months, with an option to extend an additional 6 months",Albany City Commission vote adopting a 12-month halt on all new data center development,"Growing statewide concern about data center development, following consideration of 180-day, 12-month, and 18-month options",Adopted unanimously; not independently re-checked past publication,Not identified in captured news coverage,"City commissioners unanimously approved a 12-month halt on all new data center development, with an option to extend 6 more months",False,0,0,High,active,ga-albany-2026,31.578206,-84.155681,2026-07-28,exact,365,fixed_days,,"[""data_center""]","[""regulatory_gap""]"
Georgia,GA,Athens-Clarke County,County,2025-12-02,Initial moratorium through 2026-03-06; extended through 2026-06-05 by Ordinance 26-03-19 (2026-03-03); replaced 2026-04-07,"Ordinance 25-12-117 (initial); Ordinance 26-03-19 (extension adopted 2026-03-03 by unanimous vote, ""AN ORDINANCE TO IMPOSE, CONTINUE, AND EXTEND A TEMPORARY EMERGENCY MORATORIUM ON THE ESTABLISHMENT OF NEW DATA CENTERS""); replacement text amendment to Title IX held over and adopted 2026-04-07","Existing zoning did not specifically address data centers; concerns about utilities, contamination, water, and land use",Replaced,No specific project identified in captured records,New rules allow data centers in heavy industrial zones with tighter review and closed-loop cooling requirements,False,0,0,High,replaced,ga-athens-clarke-county-2025,33.959272,-83.379471,2025-12-02,exact,,until_date,,"[""data_center""]","[""regulatory_gap"", ""infrastructure_capacity"", ""environmental"", ""water"", ""land_use_compatibility""]"
Georgia,GA,Augusta-Richmond County,County,2026-06-02 (original adoption: Augusta Commission approved a 49-day pause on new data center applications following extensive public comment); 2026-07-21 (Commission unanimously extended by 60 days and required three community hearings before any vote on permanent rules) [VERIFY original adoption rests on the official meeting packet rather than adopted minutes; 49 days from 2026-06-02 lands exactly on the 2026-07-21 extension date],Initial 49 days from 2026-06-02; extended 60 days on 2026-07-21 (running to approximately 2026-09-19),"Augusta Commission action on a Planning and Development recommendation; 49-day moratorium adopted 2026-06-02, extended 60 days 2026-07-21. Instrument numbers not located.",Ongoing consideration of a permanent data-center ordinance; extension adds three public hearings before any vote,"Extended; three public hearings to be scheduled at Warren Road, Diamond Lakes, and Henry Brigham community centers before a permanent ordinance vote [VERIFY instrument number; adoption date; primary source (news-only evidence) not confirmed at confidence 0.5 in the 2026-07 refresh]",Not identified in captured news coverage,Augusta Commission voted unanimously to extend the moratorium by 60 days and add three public hearings,True,2,0,High,extended,ga-augusta-richmond-county-undated,33.468546,-82.070154,2026-06-02,unverified,49,fixed_days,,"[""data_center""]","[""regulatory_gap""]"
Georgia,GA,Brooks County,County,2026-02-02,"Original 90-day/3-month term extended by Board action referenced May 4, 2026 (FA040-2026); still in effect per June 29, 2026 work-session minutes. Specific new sunset date is not stated in the available county records.",Resolution 26-R-01,County wanted fact-finding time on safety concerns and regulation of data center facilities,"Moratorium was extended past its original 2026-05-02 (recorded as 2026-05-03 in inventory computation) expiration. A May 4, 2026 Board of Commissioners agenda item (FA040-2026) was titled 'Data Center Facilities Update - Moratorium Extension.' As of the June 29, 2026 special called work session, county minutes state plainly 'A Moratorium is currently in place,' and the Administrator was directed to compile the Board's desired criteria for a permanent Data Center Ordinance, with the item placed on the July 6, 2026 regular meeting agenda (FA068-2026, 'Data Center Ordinance'). The outcome of the July 6, 2026 vote was not available in county records as of this research pass (only the agenda, not minutes, was posted).",No specific project identified in captured records,"Study/drafting period ongoing as of 2026-06-29; Board directed staff to draft specific criteria for a permanent data center ordinance, teed up for the July 6, 2026 meeting. Final adoption status not confirmed as of 2026-07-31.",False,0,0,High,extended,ga-brooks-county-2026,30.833656,-83.595839,2026-02-02,exact,90,fixed_days,,"[""data_center""]","[""regulatory_gap"", ""fire_safety"", ""land_use_compatibility""]"
Georgia,GA,Bulloch County,County,2026-02-17,"Extended to Dec. 31, 2026 (from the original 90-day term) per the May 5, 2026 vote, unless the Board acts sooner.",Bulloch County Board of Commissioners resolution adopted 2026-02-17 [VERIFY: news reporting (WJCL) confirms board action; resolution number not located on county website as of 2026-04-29],Data centers were not listed as permitted or conditional uses; county sought time to decide whether to prohibit or regulate them,"Extended to Dec. 31, 2026 by a 5-0 Board of Commissioners vote at the May 5, 2026 meeting (public hearing held same night). Commissioners simultaneously took a separate 5-0 vote to initiate a zoning-amendment process toward an outright ban on data centers in unincorporated Bulloch County.",No imminent deal identified by county chair,County study and potential zoning clarification,True,1,0,High,extended,ga-bulloch-county-2026,32.384634,-81.744832,2026-02-17,exact,90,fixed_days,2026-12-31,"[""data_center""]","[""regulatory_gap""]"
Georgia,GA,Calhoun (Gordon County),City,Original enactment date not confirmed in this pass; extended six additional months beyond a prior expiration (implied approximately 2026-07-27) by unanimous City Council vote on 2026-06-08,"Extended through the second council meeting in January 2027, identified in the minutes as 2027-01-25","City Council vote, following a public hearing, unanimously extending the data center moratorium",regulatory_gap,Extended through approximately 2027-01-25 per official June 8 council minutes,,City Council unanimously extended its data center moratorium for six additional months after a public hearing at which several residents opposed data centers,False,0,0,High,extended,ga-calhoun-gordon-county-undated,31.531178,-84.614328,,unverified,,until_date,,"[""data_center""]","[""regulatory_gap""]"
Georgia,GA,Camden County,County,"On or about late April - early May 2026 (reported as adopted 'Tuesday' in a May 2, 2026 article); exact calendar date not confirmed",6 months,Camden County Board of Commissioners resolution adopting a 6-month moratorium on data centers,"Growing statewide concern about energy-hungry data center operations, amid a contemporaneous Kingsland rezone vote",Adopted; described by GPB as the first coastal Georgia county to adopt such a moratorium [VERIFY instrument number; primary source (news-only evidence) not confirmed at confidence 0.6 in the 2026-07 refresh],Not identified in captured news coverage,County commissioners voted to adopt a 6-month moratorium on data centers,True,1,0,High,active,ga-camden-county-2026,30.929821,-81.622507,2026-05,month_only,180,fixed_days,,"[""data_center""]","[""grid_energy"",""regulatory_gap""]"
Georgia,GA,Carroll County,County,"Board of Commissioners approved a 100-day moratorium on data center and battery energy storage system permits in unincorporated Carroll County at its March 3, 2026 meeting (7-0); extended for another 100 days at the June 3, 2026 meeting (7-0).","100 days from March 3, 2026, or until zoning ordinance revisions are adopted, whichever occurs first; extended an additional 100 days on June 3, 2026.","Carroll County Board of Commissioners resolution adopted March 3, 2026, applicable only to unincorporated Carroll County; extension resolution adopted June 3, 2026.","Significant surge in planning, development, and construction of data centers and battery energy storage facilities nationally and in Georgia; the county's zoning ordinance (from the 1990s) did not contemplate these uses.","Second 100-day term runs to approximately early September 2026. The county held a July 30, 2026 work session reviewing draft permanent zoning provisions for data centers in agricultural, industrial, and technology-park zones (e.g., 100-acre minimum for larger industrial-zone facilities, 20,000-sq-ft/peak-demand thresholds), intended to replace the moratorium.",Not specified in sources reviewed,"Permanent zoning amendments under active development as of the July 30, 2026 work session; not yet adopted per available sources.",False,0,0,High,extended,ga-carroll-county-2026,33.558800,-85.064127,2026-03-03,exact,100,fixed_days,,"[""data_center"",""battery_storage""]","[""regulatory_gap"",""infrastructure_capacity"",""noise"",""environmental""]"
Georgia,GA,Cedartown,City,"Cedartown City Commission unanimously approved Resolution 4, 2026 at its March 23, 2026 meeting.",Six months per the city manager's public statement ahead of the vote.,"Cedartown City Commission Resolution 4, 2026, adopted March 23, 2026 (unanimous).",City wanted time to study how other jurisdictions were regulating data centers before adopting its own rules.,"Enacted March 23, 2026; no subsequent news of extension, replacement, or expiration was located in this research pass.",Not specified in sources reviewed,Study moratorium; outcome pending as of sources reviewed,False,0,0,High,active,ga-cedartown-2026,34.012442,-85.255940,2026-03-23,exact,183,fixed_days,,"[""data_center""]","[""regulatory_gap""]"
Georgia,GA,Cherokee County,County,2026-07-22,"Initial 30 days, with an announced intent to seek a 180-day extension in August 2026 (through approximately mid-February 2027)",Cherokee County Board of Commissioners resolution instituting a 30-day moratorium on data center applications,Growing statewide concern about data center development; county plans a public hearing to consider a longer extension,Adopted unanimously; county plans to request a 180-day extension at the August 2026 Board meeting,Not identified in captured news coverage,Board of Commissioners unanimously approved instituting a 30-day moratorium and called for a public hearing on extending it,False,0,0,High,active,ga-cherokee-county-2026,34.239126,-84.472027,2026-07-22,exact,30,fixed_days,,"[""data_center""]","[""regulatory_gap""]"
Georgia,GA,Clayton County,County,2025-09-03,"120 days, through 2025-12-31; extended a total of three times since September 2025 per county documents cited by WABE (July 24, 2026); still in effect as of that date. Exact current end date not confirmed.",Resolution 2025-193 (per Clayton County news release referenced in GPB 2025-10-22 reporting) [VERIFY: county news release URL https://www.claytoncountyga.gov/news/clayton-county-board-of-commissioners-approves-moratorium-on-new-data-centers-in-clayton-county/ — full resolution text not retrieved as of 2026-04-29],"Health, safety, water-supply, and resident concerns after recent approvals","Still under an active moratorium as of July 24, 2026. WABE reporting on a July 22, 2026 town hall and July 21, 2026 Clayton County Commission meeting states the pause on new unincorporated-area data center applications and construction 'has been extended three times since September 2025,' per county documents. The exact current sunset date could not be independently confirmed; the previously recorded extension-to-2026-06-29 date appears to have been superseded by at least one further extension, since the moratorium remains in force weeks after that date.","Prior approvals included TA Realty Ellenwood (35-acre lot) and Digital Realty Forest Park (97 acres, ~2 million sq ft) facilities",Study period; permanent post-expiration framework not confirmed,True,1,0,High,extended,ga-clayton-county-2025,33.520496,-84.359171,2025-09-03,exact,120,fixed_days,,"[""data_center""]","[""specific_project"", ""water"", ""infrastructure_capacity"", ""land_use_compatibility"", ""other""]"
Georgia,GA,Cobb County,County,2026-02-24,Up to 6 months / 180 days,Board of Commissioners moratorium resolution adopted unanimously 2026-02-24 [VERIFY: Fox5 Atlanta and WSB-TV confirm approval and 180-day duration; specific resolution number not located on Cobb County agenda portal as of 2026-04-29],Surge of metro Atlanta data centers and concern over infrastructure impacts,"Active as of 2026-07-31; the moratorium is set to expire in August 2026, and county staff are recommending the Board of Commissioners extend it for another six months (or until new data-center zoning rules are adopted) at the board's first August 2026 meeting.",New permit applications in unincorporated Cobb County,County review of impacts before further applications are accepted,True,1,0,High,active,ga-cobb-county-2026,33.937395,-84.573201,2026-02-24,exact,180,fixed_days,,"[""data_center""]","[""infrastructure_capacity""]"
Georgia,GA,Covington,City,2026-01-05; ratified 2026-01-20,Until 2026-07-04,Resolution of the Mayor and Council of the City of Covington enacting a limited moratorium until 2026-07-04 on the acceptance of applications for Data Center Development; ratified by motion at 2026-01-20 regular meeting (minutes confirm action; resolution-number not stated in minutes) [VERIFY exact resolution number],New annexation and development requests; concern that data centers were treated by-right in industrial zones,Active as of 2026-04-29,New requests paused; two annexation matters moved toward rejection,Code rewrite under consideration,True,1,0,High,active,ga-covington-2026,33.596601,-83.859874,2026-01-05,exact,,until_date,,"[""data_center""]","[""specific_project"", ""regulatory_gap"", ""land_use_compatibility""]"
Georgia,GA,Coweta County,County,"May 6, 2025 (180-day moratorium), per news coverage of the Board of Commissioners meeting (4-1 vote, Chairman Bill McKenzie dissenting).","180 days, expiring 2025-11-03 (per Coweta County spokesperson statement quoted in GPB 2025-10-22)",Board of Commissioners moratorium resolution; replaced by permanent data center ordinance posted at https://www.coweta.ga.us/home/showpublisheddocument/32598/639016609046670000 [VERIFY: Coweta civic-clerk portal blocks direct PDF download (HTTP 403); ordinance number not yet retrieved as of 2026-04-29],"Project Peach, Project Sail, petitions, and need for countywide standards","Replaced. 180-day moratorium expired 2025-11-03; permanent data center ordinance adopted December 16, 2025 per official county .gov page.","Project Peach, about $1 billion and 320 acres; Project Sail (Atlas Development), 829 acres rezoned 3-2 from Rural Conservation to Industrial on 2026-04-07 with 17 conditions, ~4.34 million square feet, ~900 MW","Permanent data center ordinance adopted December 16, 2025, replacing the expired moratorium.",True,1,0,High,replaced,ga-coweta-county-2025,33.350066,-84.754573,2025-05-06,exact,180,fixed_days,,"[""data_center""]","[""specific_project"", ""regulatory_gap"", ""land_use_compatibility""]"
Georgia,GA,DeKalb County,County,2025-06-25,"Initial 100 days; extended multiple times, including June 9, 2026 (100 days, to Sept. 30, 2026) and July 7, 2026 (to March 30, 2027, per Board resolution).","DeKalb County moratorium resolutions, including 2025-12-16 extension (originally numbered draft 2025-1694 per agenda referenced in research notes) [VERIFY exact resolution numbers — Rough Draft Atlanta and DeKalb planning portal confirm 2025-12-16 extension date and June 23, 2026 expiration but final file numbers not posted to public site as of 2026-04-29]","Public health, diesel emissions, water, stormwater, noise, and ratepayer concerns","Extended multiple times beyond 2026-06-23. On June 9, 2026 the Board of Commissioners voted 5-2 to extend the moratorium 100 days, through Sept. 30, 2026. On June 23, 2026, after an initial 5-2 vote to defer to Aug. 11, the Commission reconsidered and unanimously denied a separate set of proposed permanent land-use/zoning regulations for data centers from the Planning & Sustainability Department. On July 7, 2026 the Commission voted to extend the moratorium again; the resolution (sponsored by Commissioners Mereda Davis Johnson and Robert Patrick) states the moratorium now ends March 30, 2027 unless further extended.","PCC-DeKalb proposed Ellenwood campus, about 1,000,000 square feet on about 95 acres",County hearing 2026-01-27 on Chapter 27 amendments to define and regulate data centers; permanent ordinance still under development,True,1,0,High,extended,ga-dekalb-county-2025,33.757561,-84.218651,2025-06-25,exact,100,fixed_days,2027-03-30,"[""data_center""]","[""specific_project"", ""regulatory_gap"", ""environmental"", ""noise"", ""water"", ""infrastructure_capacity"", ""grid_energy""]"
Georgia,GA,Decatur County,County,2026-04-14,Indefinite,"Decatur County Board of Commissioners moratorium adopted at the April 14, 2026 regular meeting. Per the county's signed minutes: County Attorney Kirbo recommended a moratorium on the issuance of building permits, plan reviews, and preliminary actions related to motocross complexes and data centers until a committee returns with proposed rules and regulatory guidelines; Commissioner Barber's motion to implement the moratorium and form a study committee was seconded by Commissioner Anderson and unanimously approved.",Proactive planning before possible future projects,"Active as of 2026-07-31. Decatur County BOC minutes through the June 23, 2026 meeting show no repeal, extension, or replacement of the moratorium.",No recent data center approach reported by commissioners,County to develop an approach for future projects,False,0,0,High,active,ga-decatur-county-2026,30.873661,-84.574095,2026-04-14,exact,,indefinite,,"[""data_center""]","[""regulatory_gap"", ""other""]"
Georgia,GA,Dougherty County,County,2026-07-21,45 days,Dougherty County Commission vote adopting a 45-day pause on data center projects,Growing statewide concern about data center development,Adopted; not independently re-checked past publication,Not identified in captured news coverage,County commissioners voted for a 45-day pause on data center projects,False,0,0,High,active,ga-dougherty-county-2026,31.542698,-84.196083,2026-07-21,exact,45,fixed_days,,"[""data_center""]","[""regulatory_gap""]"
Georgia,GA,Douglas County,County,"March 18, 2025 (Resolution No. 25-116)",Up to 90 days,"Douglas County Resolution 25-116, ""Resolution: Moratorium Data Center Accessory"" (PDF saved at research/_originals/Douglas-County-Moratorium-25-116-Resolution-Moratorium-Data-Center-Accessory_DouglasCounty.pdf, sourced from WWALS archive)",Proposal pipeline and need to update comprehensive plan and unified development code,Expired absent extension [VERIFY: no county extension or replacement ordinance located on Douglas County site as of 2026-04-29],Large computer infrastructure/data processing facilities; Amazon-linked land activity reported locally [VERIFY: no primary source confirming Amazon link captured],Comprehensive plan and UDC review,True,2,0,High,expired,ga-douglas-county-2025,33.699556,-84.762297,2025-03-18,exact,90,fixed_days,,"[""data_center""]","[""specific_project"", ""regulatory_gap"", ""land_use_compatibility""]"
Georgia,GA,East Point (Fulton County),City,Original enactment date not confirmed in this pass; City Council extended an existing moratorium by three months on 2026-06-15,Extended three months (approximately 90 days) by voice vote,City Council voice-vote extension of an existing data center moratorium,regulatory_gap,Extended by three months as of 2026-06-15; resulting calendar expiration date and final signed ordinance were not located [VERIFY instrument number; adoption date; primary source (news-only evidence) not confirmed at confidence 0.5 in the 2026-07 refresh],,City Council extended its existing data center moratorium for three months and directed staff to report back during that period; council considered six months but the city attorney recommended no more than three additional months,True,1,0,High,extended,ga-east-point-fulton-county-undated,33.679553,-84.439372,,unverified,90,fixed_days,,"[""data_center""]","[""regulatory_gap""]"
Georgia,GA,Fayetteville,City,2026-01-29,90 days,"Resolution 26-R-07 (90-day moratorium on annexation, rezoning, variance, and conceptual site plans for data centers; adopted unanimously per 2026-01-29 work session minutes)","Applications for annexation, rezoning, variances, and conceptual site plans for data centers",Replaced by permanent ordinance on or before 2026-03-05,"Crow Holdings Development / CHI Acquisitions, LP data center proposal north of Fayette Pavilion along Highway 85 N — denied at 2026-01-27 P&Z meeting; appeal filed to City Council and withdrawn 2026-03-18",Ordinance 26-O-12 amending UDO chapters 200 and 400 prohibits new data centers in every Fayetteville zoning district as of 2026-03-05 (per City of Fayetteville Data Center FAQs),False,0,0,High,replaced,ga-fayetteville-2026,33.448726,-84.454926,2026-01-29,exact,90,fixed_days,,"[""data_center""]","[""specific_project"", ""regulatory_gap"", ""land_use_compatibility""]"
Georgia,GA,Floyd County,County,2026-06-09,80 days,County Commission vote approving an 80-day moratorium on data center projects,Allow work on an ordinance and a process requiring a public hearing for each future data center proposal,Reported active as of 2026-06-09; a signed resolution or official action summary was not located because the item was added during the meeting [VERIFY instrument number; primary source (news-only evidence) not confirmed at confidence 0.55 in the 2026-07 refresh],,County Commission unanimously added the item to the agenda and approved an 80-day moratorium on data center projects,True,1,0,High,active,ga-floyd-county-2026,34.242198,-85.222925,2026-06-09,exact,80,fixed_days,,"[""data_center""]","[""regulatory_gap""]"
Georgia,GA,Garden City (Chatham County),City,2026-06-15,"6 months, effective immediately","Adopted resolution establishing an immediate six-month moratorium on new applications and permits for establishing, constructing, or expanding data centers, including artificial intelligence processing and digital asset mining",regulatory_gap,Active as of 2026-06-15; ends after six months or earlier if the city adopts zoning amendments,,Mayor and four council members present unanimously adopted an immediate six-month data center moratorium,False,0,0,High,active,ga-garden-city-chatham-county-2026,32.114371,-81.154001,2026-06-15,exact,180,fixed_days,,"[""data_center"",""cryptocurrency_mining""]","[""regulatory_gap""]"
Georgia,GA,Gordon County,County,Original enactment date not confirmed in this pass; extended through 2027-01-29 by Board of Commissioners action reported 2026-07-07,Extended through 2027-01-29,Board of Commissioners extension of temporary moratoria on data centers and anaerobic digestion facilities,regulatory_gap,Extended through 2027-01-29; the county canceled a July 13 Planning and Zoning Commission data center public hearing while staff and counsel continued drafting rules [VERIFY instrument number; adoption date; primary source (news-only evidence) not confirmed at confidence 0.6 in the 2026-07 refresh],,Board of Commissioners extended its temporary moratoria on data centers (and anaerobic digestion facilities) through 2027-01-29,True,1,0,High,extended,ga-gordon-county-undated,34.501965,-84.898631,,unverified,,until_date,,"[""data_center""]","[""regulatory_gap""]"
Georgia,GA,Griffin,City,2026-01-13,180 days,"Griffin City Commission resolution on technological facilities (data centers and crypto mining), 2026-01-13 [VERIFY: news reporting confirms vote and 180-day duration; primary resolution number not located on city website as of 2026-04-29]","Unified development code did not specifically allow technological facilities, including data centers and crypto mining","Replaced. On May 26, 2026 the Griffin Board of Commissioners voted unanimously to approve amendments to the Unified Development Code (UDC) establishing special-use-permit regulation of data centers in Planned Industrial Districts (PID). Minor facilities (up to 10,000 sq ft) and major facilities (10,000-275,000 sq ft) are allowed with setback/buffer/noise/water-use and decommissioning-bond conditions; hyperscale/campus data centers (500,000+ sq ft) are prohibited. This permanent ordinance superseded the Jan. 13, 2026 moratorium ahead of its scheduled July 12, 2026 expiration.",No confirmed in-city project at vote,"Permanent UDC amendment adopted May 26, 2026 regulating data centers by special use permit in Planned Industrial Districts; prohibits hyperscale/campus facilities.",True,1,0,High,replaced,ga-griffin-2026,33.246781,-84.264090,2026-01-13,exact,180,fixed_days,,"[""data_center"", ""cryptocurrency_mining""]","[""regulatory_gap"", ""infrastructure_capacity"", ""noise"", ""water"", ""grid_energy""]"
Georgia,GA,Hall County,County,2026-02-26,180 days,"Hall County Board of Commissioners moratorium on detention centers, high-density developments, and data centers, voted 2026-02-26 (per WSB-TV reporting and GPB Georgia Today 2026-02-27); resolution number not posted on Hall County website as of 2026-04-29 [VERIFY resolution number]","Infrastructure, sewer, environmental, and development-code concerns after federal detention-facility activity","Active as of 2026-07-31. The county's permanent Data Center Ordinance remains in draft (Draft V2, dated 07/06/2026) as of this research pass, with a Steering & Stakeholder Committee meeting scheduled for August 4, 2026; no replacement ordinance has been adopted, so the moratorium (running through approximately 2026-08-25) remains the operative regime.","Data centers on certain high-density residential, planned development, or special-use properties",Staff review of development code and potential restrictions,True,1,0,High,active,ga-hall-county-2026,34.290590,-83.819403,2026-02-26,exact,180,fixed_days,,"[""data_center""]","[""regulatory_gap"", ""infrastructure_capacity"", ""environmental""]"
Georgia,GA,Hart County,County,2026-05-26,180 days,Board of Commissioners vote (5-0) imposing a 180-day moratorium on construction of data centers,regulatory_gap,"Active as of 2026-05-26; a standalone signed resolution was not located, only the board motion recorded in minutes",,Board of Commissioners voted 5-0 to impose a 180-day moratorium on data center construction,False,0,0,High,active,ga-hart-county-2026,34.341053,-82.950328,2026-05-26,exact,180,fixed_days,,"[""data_center""]","[""regulatory_gap""]"
Georgia,GA,Jones County,County,2025-09-16 zoning amendments (subsequently rescinded after notice defects); follow-on moratorium action in late 2025 [VERIFY: Jones County cryptocurrency-and-data-center ordinance text saved at research/_web/jones_county_cryptocurrency_and_data_center_ordinance_78407.md; Macon Telegraph reporting confirms rescission; primary minutes for replacement moratorium not located as of 2026-04-29],90 days reported in news coverage [VERIFY: primary minutes not located],Jones County zoning amendments adopted 2025-09-16 (rescinded due to notice defects under Georgia Zoning Procedures Law) and follow-on moratorium [VERIFY exact resolution],Legal notice defects under Georgia zoning procedure law and project-pressure concerns,Prior ordinances rescinded; county restarted process [VERIFY current status: no replacement ordinance located on county website as of 2026-04-29],Developer withdrew 600-plus-acre rezoning proposal after public opposition,Reset to re-adopt defensible zoning controls,True,4,0,High,rescinded,ga-jones-county-2025,33.013767,-83.556672,2025-09-16,unverified,90,fixed_days,,"[""data_center"", ""cryptocurrency_mining""]","[""specific_project"", ""regulatory_gap"", ""legal_or_litigation"", ""land_use_compatibility""]"
Georgia,GA,Kingsland (Camden County),City,2026-05-11,365 days,City Council resolution repealing Ordinance 2026-03 and establishing a 365-day moratorium on accepting and processing applications for data centers and related development,"Support additional outreach, public input, legal review, and development of a comprehensive ordinance","Reported active as of 2026-05-11; the signed 365-day resolution itself was not located, only a city civic alert and a superseded 90-day draft ordinance [VERIFY details not confirmed at confidence 0.6 in the 2026-07 refresh]",,City Council repealed Ordinance 2026-03 and adopted a 365-day moratorium on data center applications,True,1,0,High,active,ga-kingsland-camden-county-2026,30.799956,-81.689826,2026-05-11,exact,365,fixed_days,,"[""data_center""]","[""regulatory_gap""]"
Georgia,GA,LaGrange,City,2025-09-23,180 days,"LaGrange City Council 180-day moratorium resolution, adopted 2025-09-23 (per Ledger-Enquirer reporting cited in GPB 2025-10-22) [VERIFY: primary resolution number not located on LaGrange city website as of 2026-04-29]","Need to review zoning, noise, and property-impact rules",Expired about 2026-03-22 unless extended [VERIFY: no extension or replacement located as of 2026-04-29],Existing Pegasus Parkway project excluded,Staff-directed code review,True,2,0,High,expired,ga-lagrange-2025,33.039291,-85.031327,2025-09-23,exact,180,fixed_days,,"[""data_center""]","[""regulatory_gap"", ""noise"", ""property_values"", ""land_use_compatibility""]"
Georgia,GA,Lamar County,County,"2025-09-16 (Resolution 2025-18, Moratorium on Commercial and Manufacturing Development), per Lamar County Board of Commissioners regular business meeting minutes.","180 days (Resolution 2025-18), with an internal staff goal of completing the underlying code rewrite within 90 days; subsequently extended as to data centers specifically by Resolution 26-03 (on or about 2026-03-17).","Lamar County Resolution 2025-18, 'Moratorium on Commercial and Manufacturing Development,' adopted September 16, 2025; extended as to data centers by Resolution 26-03, adopted on or about March 17, 2026.",Industrial and commercial zoning needed updating; county learned AWS bought about 985 acres for about $270 million,Active/extended as of 2026-07-31. Resolution 26-03 (on or about 2026-03-17) extended the moratorium as it applies to data centers; the exact new sunset date is not stated in the posted meeting summary and needs a follow-up read of the full resolution text. No repeal or replacement found in county minutes through mid-2026.,AWS-linked 985-acre development site,Code modernization including data-center treatment,False,0,0,High,extended,ga-lamar-county-2025,33.064940,-84.144595,2025-09-16,exact,,unknown,,"[""data_center""]","[""specific_project"", ""regulatory_gap"", ""land_use_compatibility""]"
Georgia,GA,Lee County,County,Original enactment date not confirmed in this pass; resolution adopted 2026-06-09 extends the moratorium from 2026-07-30 through 2026-12-31,Extended through 2026-12-31,Board of Commissioners resolution extending the data center moratorium in unincorporated Lee County while staff studies and drafts an ordinance,regulatory_gap,Extended through 2026-12-31; county staff stated no data center applications or inquiries had been received,,"Board of Commissioners unanimously adopted a resolution extending the moratorium from July 30 through December 31, 2026",False,0,0,High,extended,ga-lee-county-undated,31.762016,-84.134621,,unverified,,until_date,,"[""data_center""]","[""regulatory_gap""]"
Georgia,GA,Marietta,City,On or about 2026-07-08 (reported in a 2026-07-11 article); exact council meeting date not independently confirmed,"6 months, through December 31, 2026",Marietta City Council resolution/ordinance adopting a 6-month moratorium on new data centers,Concurrent consideration of a data center proposal near Delk Road and a recently approved center on Bells Ferry Road,Adopted; does not apply to the Powers Ferry Place application or the previously approved Bells Ferry Road center [VERIFY instrument number; primary source (news-only evidence) not confirmed at confidence 0.6 in the 2026-07 refresh],Powers Ferry Place data center proposal and a previously approved data center on Bells Ferry Road are both explicitly excluded from the moratorium,"City council unanimously voted to pass a six-month moratorium on new data centers through December 31, 2026",True,1,0,High,active,ga-marietta-2026,33.952847,-84.549615,2026-07,month_only,,until_date,,"[""data_center""]","[""land_use_compatibility"",""regulatory_gap""]"
Georgia,GA,Milton (Fulton County),City,2026-06-15,"Initial 30-day moratorium enacted 2026-06-15; bridged by a short housekeeping extension on 2026-07-06; extended for up to 180 days via Agenda Item 26-208 on 2026-07-20, expected to run through January 2027 unless council lifts it sooner","City Council resolution enacting a 30-day pause on data center applications and permits, subsequently extended",regulatory_gap,Active/extended as of 2026-07-20; expected to run through approximately January 2027 unless lifted sooner,,"City Council unanimously enacted a 30-day moratorium June 15, bridged it with a short extension July 6, and extended it for up to 180 days on July 20",False,0,0,High,extended,ga-milton-fulton-county-2026,34.113400,-84.269374,2026-06-15,exact,180,fixed_days,,"[""data_center""]","[""regulatory_gap""]"
Georgia,GA,Monroe County,County,Originally adopted by majority vote at 2025-12-02 regular meeting; documented by resolution adopted 4-1 on 2025-12-16 (Commissioner Davis opposed),Through 2026-03-03 (next regular Board of Commissioners meeting in March 2026) [VERIFY: minutes for 2026-03-03 meeting not yet posted on Monroe County website as of 2026-04-29; agenda confirms data-center P&Z hearing 2026-02-23 and BOC hearing 2026-03-03],"Resolution on Data Center Moratorium prepared by Brandon Bowen of Jenkins, Bowen & Walker, P.C., approved 4-1 on 2025-12-16 (resolution number not stated in approved minutes) [VERIFY exact resolution number]",Community backlash to hyperscale proposals (Forsyth Technology Campus) and prior approvals,Status after 2026-03-03 unconfirmed [VERIFY: post-expiration meeting minutes not yet posted as of 2026-04-29],Forsyth Technology Campus (now annexed into City of Forsyth) concept reportedly involving large acreage and millions of square feet [VERIFY exact acreage / square footage from primary developer filings — Monroe County minutes reference DRI but do not specify project size],"County working on UDO amendments addressing data centers (noise, water, buffers, etc.) per Chairman Gibbs comments at 2025-12-16 meeting",True,4,0,High,expired,ga-monroe-county-2025,33.014234,-83.904416,2025-12-02,exact,,until_date,,"[""data_center""]","[""specific_project"", ""regulatory_gap"", ""noise"", ""water"", ""land_use_compatibility""]"
Georgia,GA,Newton County,County,2026-02-17,Initial emergency moratorium to 2026-03-18; revised to 2026-04-08; extended to 2026-10-07,Resolution R-040726b,Increased interest in data center siting and inadequate existing ordinances,Active through 2026-10-07 unless terminated or replaced,"Applications for rezonings, special-use permits, conditional-use permits, development permits, site plans, building permits, and land-disturbing approvals for data centers",County study and ordinance drafting,False,0,0,High,extended,ga-newton-county-2026,33.571551,-83.844610,2026-02-17,exact,,until_date,,"[""data_center""]","[""regulatory_gap"", ""land_use_compatibility""]"
Georgia,GA,Paulding County,County,2026-07-28,"Until January 1, 2027","Paulding County Board of Commissioners resolution suspending new data center applications, zoning requests, and civil plan reviews",County wants to update development codes and evaluate safety guidelines before further data-center approvals,Adopted unanimously; not independently re-checked past publication,Not identified in captured news coverage,"Commissioners unanimously approved a moratorium in effect until January 1, 2027, suspending new data center applications, zoning requests, and civil plan reviews",False,0,0,High,active,ga-paulding-county-2026,33.890853,-84.856916,2026-07-28,exact,,until_date,,"[""data_center""]","[""regulatory_gap"",""fire_safety""]"
Georgia,GA,Pike County,County,2025-09 [VERIFY exact date — GPB 2025-10-22 quotes Pike County Commissioner James Jenkins on the September 2025 motion but does not give an exact date],Not confirmed [VERIFY: primary minutes not located on Pike County website as of 2026-04-29],Pike County moratorium action referenced in GPB 2025-10-22 statewide reporting [VERIFY: primary resolution not retrieved],County sought better understanding of how to accommodate data centers,Unknown [VERIFY: no replacement ordinance or extension located on county website as of 2026-04-29],Not publicly quantified in captured records,Code review reported,True,4,0,High,active,ga-pike-county-2025,33.081484,-84.396948,2025-09,unverified,,unknown,,"[""data_center""]","[""regulatory_gap""]"
Georgia,GA,Polk County,County,2026-03-03,"60 days from March 3, 2026; extended to June 2, 2026 (April 28, 2026 vote, 3-2 with abstentions); replaced by permanent zoning text amendment TA26-02, adopted unanimously June 2, 2026.","Board of Commissioners action item 2 of 2026-03-03 Regular Meeting: ""Consider an Ordinance Amendment to add 'Chapter 33 – Data Centers' to the official County Code of Ordinances regulating any future data centers. Approved with the addition of a 60-day moratorium on all data centers in order to better strengthen our zoning ordinance to address this type of development. [Vote: unanimous]"" (per Polk County Board Actions PDF, primary source). The ordinance amendment number is not stated in the action summary",County wanted to strengthen its zoning ordinance while regulating future data centers,"Replaced. At its April 28, 2026 meeting, the Board of Commissioners tabled text amendment TA26-01 (Zoning Code Sections 708.15 C-N, 708.24 I-1, 708.25 I-2) and extended the moratorium to June 2, 2026 (vote: 3 in favor, 2 abstained). At its June 2, 2026 meeting, the Board approved the renumbered text amendment TA26-02 unanimously, adopting permanent zoning provisions for the C-N and I-2 districts and superseding the moratorium.",Future data centers countywide,New data center chapter plus additional zoning work,False,0,0,High,replaced,ga-polk-county-2026,33.998158,-85.156747,2026-03-03,exact,60,fixed_days,,"[""data_center""]","[""regulatory_gap"", ""land_use_compatibility""]"
Georgia,GA,Rockdale County,County,Original enactment date not confirmed in this pass; an existing moratorium was extended through 2026-09-08 per a county presentation dated 2026-05-12,Extended through 2026-09-08,"County extension of a data center moratorium, announced via an official town hall presentation",Allow more time for public input and ordinance revisions,Extended through 2026-09-08 per the county's official town hall presentation; a standalone signed extension resolution was not located [VERIFY instrument number; adoption date; primary source (news-only evidence) not confirmed at confidence 0.55 in the 2026-07 refresh],,County extended its data center moratorium through 2026-09-08 and held a public town hall the same evening,True,1,0,High,extended,ga-rockdale-county-undated,33.643028,-84.032206,,unverified,,until_date,,"[""data_center""]","[""regulatory_gap""]"
Georgia,GA,Roswell,City,2026-01-12,90 days initially (through 2026-04-12); extended 95 days on 2026-03-23 (through 2026-06-26); extended again 90 days on 2026-06-22 (through 2026-09-20).,"Temporary emergency moratorium adopted unanimously by Roswell Mayor and City Council on 2026-01-12 (per WABE and Atlanta News First reporting) [VERIFY ordinance number — Roswell municipal website returns no relevant search result for ""moratorium"" as of 2026-04-29]","New council concerns about land-use fit, utility demand, environmental effects, and Chattahoochee watershed impacts","Active as of 2026-07-31, running under its second extension through 2026-09-20. The city reports no projects are currently proposed for data-center development within Roswell; existing data centers may continue operating.",No specific named in-city project identified,UDC and zoning review,True,1,0,High,extended,ga-roswell-2026,34.023320,-84.360022,2026-01-12,exact,90,fixed_days,2026-09-20,"[""data_center""]","[""regulatory_gap"", ""infrastructure_capacity"", ""environmental"", ""water"", ""land_use_compatibility""]"
Georgia,GA,Social Circle,City,2025-09 [VERIFY exact date — Covington News reporting (URL no longer accessible 2026-04-29) referenced 90-day initial moratorium; primary council minutes not retrieved in this pass],"Initial 90 days; extended an additional 90 days, then replaced by permanent ordinance",Social Circle City Council moratorium action [VERIFY: primary minutes not located on city website as of 2026-04-29; original Covington News articles return 404],"Surge of annexation, rezoning, and special-use permit requests",Replaced,Multiple Fairplay/Cannon Drive and other proposals reported in regional news [VERIFY against primary council records],"New rules require special-use permits even in industrial zones, with lot-size, screening, impact-study, emergency-plan, and noise standards [VERIFY final ordinance number against Social Circle UDO]",True,4,0,High,replaced,ga-social-circle-2025,33.656387,-83.718639,2025-09,unverified,90,fixed_days,,"[""data_center""]","[""specific_project"", ""regulatory_gap"", ""land_use_compatibility"", ""noise""]"
Georgia,GA,South Fulton,City,Original enactment date not confirmed in this pass; Resolution RES2026-043 (adopted 2026-05-12) extends a pre-existing moratorium,Extended through 2026-09-09 via Resolution RES2026-043,"Resolution RES2026-043, adopted by unanimous consent, extending the moratorium on applications related to new data centers and large-scale data storage",Continued development of city standards for data centers and large-scale data storage,Extended through 2026-09-09 per adopted Resolution RES2026-043,,"City Council adopted Resolution RES2026-043 by unanimous consent, extending the data center moratorium through 2026-09-09",False,0,0,High,extended,ga-south-fulton-undated,33.590266,-84.671229,,unverified,,until_date,,"[""data_center""]","[""regulatory_gap""]"
Georgia,GA,Stephens County,County,Original enactment date not confirmed in this pass; extended through 2026-10-14 by a unanimous vote reported 2026-05-26,Extended through 2026-10-14,Board of Commissioners vote extending the moratorium barring acceptance of land-use applications for data centers,regulatory_gap,Extended through 2026-10-14; county officials said no data center applications had been received [VERIFY instrument number; adoption date not confirmed at confidence 0.55 in the 2026-07 refresh],,Board of Commissioners unanimously extended the moratorium barring data center land-use applications through 2026-10-14,True,1,0,High,extended,ga-stephens-county-undated,34.551190,-83.297646,,unverified,,until_date,,"[""data_center""]","[""regulatory_gap""]"
Georgia,GA,Thomas County,County,2026-01-20,12 months,"Thomas County Board of Commissioners special-called meeting, January 20, 2026: Commissioner Baggett moved that a 12-month moratorium on the permitting of data centers and related information technology facilities be instituted to prepare amendments to the Thomas County Code of Ordinances; Commissioner Brown seconded, and the motion was approved unanimously 8-0 (Chairman NeSmith and Commissioners Baggett, Brown, Grady, Hickey, Gross, Vonier, and Rich voting aye). No separate numbered resolution was issued; the moratorium is recorded directly in the signed meeting minutes, which state the Board reserves the right to extend it prior to expiration by resolution or other official action.","Proactive planning; lack of information on electricity, jobs, community effects, and resident utility-bill exposure",Active through 2027-01-20,No data center plans in county at time of vote,"County collecting information, community input, and possible regulations",False,0,0,High,active,ga-thomas-county-2026,30.866862,-83.946058,2026-01-20,exact,365,fixed_days,,"[""data_center""]","[""regulatory_gap"", ""infrastructure_capacity"", ""grid_energy"", ""land_use_compatibility"", ""other""]"
Georgia,GA,Troup County,County,2025-09-16,"90 days from 2025-09-16, extended 90 days on 2025-12-02 (to 2026-03-16), and extended a further 90 days on 2026-02-17 (to 2026-06-14), per the county's official public notice.",Troup County 90-day moratorium with public notice for extension (per Ledger-Enquirer reporting cited in GPB 2025-10-22),"Project West and broader power, water, and land-use concerns","Replaced. The 90-day moratorium (adopted 2025-09-16) was extended twice: 90 days on 2025-12-02 (to 2026-03-16), and a further 90 days on 2026-02-17 (to 2026-06-14), per the county's official public notice. Troup County's own agenda system shows a final zoning text amendment on 'Data Centers and Cryptocurrency or Data Mining Facilities' reached '3rd Reading - Vote Eligible' status at the May 5, 2026 Board meeting, with ordinance text providing to repeal conflicting prior ordinances and resolutions; secondary news coverage (LaGrange Daily News, via a forum repost) describes a unanimous vote around May 8, 2026 adopting the final ordinance and lifting the moratorium. The May 5, 2026 meeting minutes were not yet posted to independently confirm the exact vote date/tally, so some residual uncertainty remains on the precise adoption date.","Project West, reported about $9.7 billion, 513 acres, and nearly 600 MW [VERIFY against developer filings — figures appear in news but not in primary documents captured]",UDO review and possible extension,True,1,0,High,replaced,ga-troup-county-2025,33.023762,-85.025402,2025-09-16,exact,90,fixed_days,,"[""data_center""]","[""specific_project"", ""infrastructure_capacity"", ""water"", ""grid_energy"", ""land_use_compatibility""]"
Georgia,GA,Walker County,County,2026-07-09,30 days; county announced plan to consider a further 180-day extension after an August 6 public hearing,Board of Commissioners vote approving a 30-day moratorium barring acceptance of applications to locate data centers in unincorporated Walker County,regulatory_gap,The documented 30-day moratorium expired on approximately 2026-08-08. Walker County's official July notice said the Board would consider a 180-day extension after a public hearing; no adopted extension instrument was located in the County's published materials reviewed through 2026-08-19. [VERIFY: signed resolution or later extension record not located],,Board of Commissioners approved a 30-day moratorium barring acceptance of data center siting applications in unincorporated Walker County,True,1,0,High,expired,ga-walker-county-2026,34.741861,-85.320969,2026-07-09,exact,30,fixed_days,,"[""data_center""]","[""regulatory_gap""]"
Idaho,ID,Kootenai County,County,"2025-03-11, retroactive to 2025-02-27","182 days from 2025-03-11 adoption (nominal expiration 2025-09-09), retroactive to 2025-02-27. Resolution 2025-23 itself states the term as '182 days following adoption,' which places the adoption date (March 11) as day zero and the moratorium's last day as day 182 after that (September 9, 2025) -- consistent with the already-recorded computed_expiry. Replaced by Ordinance 620, noticed 2025-10-07.","Resolution 2025-23, ""Emergency Moratorium - Data Centers""","Developer interest in unincorporated county parcels over the Rathdrum Prairie Aquifer; county findings cited water quantity and quality, electricity demand, air pollution, building size, noise, parking, and traffic circulation.",Expired and replaced,No named project or MW total identified in captured county records. County records and press coverage state only that developers had made inquiries.,"Ordinance 620, noticed 2025-10-07, amended county code to prohibit data centers in the Commercial zone and allow them in Light Industrial and Industrial zones only with a conditional use permit. The replacement ordinance also added data-center standards, application requirements, and a county code definition. Spokane Public Radio reported that commissioners also directed staff toward a possible outright ban and that the adopted rules barred data centers over the aquifer.",False,0,0,Low,replaced,id-kootenai-county-2025,47.654857,-116.716292,2025-03-11,exact,182,fixed_days,,"[""data_center""]","[""regulatory_gap"", ""infrastructure_capacity"", ""environmental"", ""noise"", ""water"", ""grid_energy"", ""land_use_compatibility""]"
Illinois,IL,Champaign County,County,2026-04-23,12 months (Board reverted 9-month ELUC amendment back to 12 months on 2026-04-23 per WGLT and Prairie Rivers Network reporting; Board Member Emily Rodriguez introduced the amendment),"Zoning Case 196-AT-26, a Champaign County Zoning Ordinance text amendment (new Section 5.6, amending Section 5.2) imposing a 12-month development moratorium on data centers of at least 10,000 sq ft of processing area, recommended for enactment by the Zoning Board of Appeals 4-0 on 2026-03-19, and adopted by the County Board on 2026-04-23 as Ordinance No. 2026-9.","County materials cite groundwater quality and safety, Mahomet Aquifer and water use concerns, energy use, and need for standards for large-scale data centers before proposals arrive.",Active,"Data centers with at least 10,000 square feet of processing area. Draft zoning language also discussed ""big"" data centers rated at 10 MW or greater for related standards. Proposed projects would not be approved, and pending projects would be held in abeyance during the moratorium.",Pending. The County Board created a Data Center Activities Task Force in February 2026 to recommend zoning amendments.,False,0,0,Medium,active,il-champaign-county-2026,40.134686,-88.197556,2026-04-23,exact,365,fixed_days,,"[""data_center""]","[""regulatory_gap"", ""infrastructure_capacity"", ""water"", ""grid_energy"", ""environmental""]"
Illinois,IL,City of Aurora,City,2025-09-25,"180 days, with one-time 30-day extension invoked before final ordinance adoption",Ordinance O25-064,"Rapid expansion of data centers in northern Illinois; existing code classified data centers as warehouses; city cited neighborhood complaints, noise, emissions, high energy and water use, stormwater, utility demand, infrastructure strain, and fiscal impacts.",Replaced,"New data center and warehouse developments, subject to carve-outs for previously filed entitlement applications, existing data center remodels, routine maintenance, and public safety facilities. Aurora reported five data centers in city limits and five more in development when it adopted the permanent rules.","City Council approved new rules on 2026-03-24, described by the city as adopted on 2026-03-25. New data centers are conditional uses requiring public hearing, public notice, City Council approval, development agreement, water study and plan, energy plan, sound study and plan, noise and vibration limits, energy and water limits, no evaporative cooling, no modular nuclear, annual energy and water reporting, annual noise testing, and either on-site renewables or battery storage or alternative compliance.",False,0,0,Medium,replaced,il-aurora-2025,41.757170,-88.314754,2025-09-25,exact,180,fixed_days,,"[""data_center""]","[""regulatory_gap"", ""infrastructure_capacity"", ""environmental"", ""noise"", ""water"", ""grid_energy"", ""land_use_compatibility"", ""other""]"
Illinois,IL,City of Bloomington,City,City Council unanimously approved a six-month moratorium on 2026-05-26.,Six-month moratorium applying to data centers designed for more than 5 megawatts; requires at least two public hearings during the pause and may be extended.,"City of Bloomington ordinance (specific ordinance number not confirmed; the official CivicClerk attachment endpoint returned only a JavaScript application shell, not extractable ordinance text)",Followed public forums with strong resident opposition to hyperscale data center development.,Active six-month moratorium; city published an implementation work plan in June 2026. [VERIFY instrument number; primary source (news-only evidence) not confirmed at confidence 0.6 in the 2026-07 refresh],,,True,1,0,Medium,active,il-city-of-bloomington-2026,40.658520,-88.934539,2026-05-26,exact,180,fixed_days,,"[""data_center""]","[""regulatory_gap"",""land_use_compatibility""]"
Illinois,IL,City of Carbondale,City,City Council voted 4-1 to adopt a resolution initiating a one-year moratorium on 2026-06-23.,One-year moratorium on data center development; council also directed staff to begin a zoning text amendment.,City of Carbondale resolution (specific resolution number not stated in available sources),"Community concerns about water use, electricity demand, noise, and light; no developer had approached the city before the vote.",Active one-year moratorium.,No developer had approached the city before the vote.,,False,0,0,Medium,active,il-city-of-carbondale-2026,37.715034,-89.214865,2026-06-23,exact,365,fixed_days,,"[""data_center""]","[""water"",""grid_energy"",""noise"",""regulatory_gap""]"
Illinois,IL,City of Collinsville,City,N/A,Proposed 12 months,"Planning Commission matter 5368-2025 / ""Data Center Moratorium"" — *not enacted*: Collinsville Legistar API search (filter on MatterTitle contains ""moratorium"", fetched 2026-04-29) returned no City Council moratorium matters since the Planning Commission's December 11, 2025 recommendation; the only follow-up Planning Commission item is matter 5501-2025 ""Discussion - Data Center Text Amendment"" on 2026-03-12, indicating the city pivoted from a moratorium recommendation to drafting a text amendment instead.","Planning Commission discussion focused on researching how data centers and related uses should appear in the land-use table and whether supplementary regulations are needed for design, nuisances, and infrastructure strain.","Reported as enacted: a May 28, 2026 Troy Times Tribune article states, in the course of describing Troy's own six-month moratorium, that 'Collinsville approved a year-long moratorium.' This indicates the City Council acted on the Planning Commission's December 11, 2025 recommendation at some point before late May 2026. Collinsville's own website (collinsvilleil.org) and Legistar system (both the public site and the webapi.legistar.com/v1/collinsvilleil endpoint) returned bot-protection errors (HTTP 403) or a client-configuration error to every automated retrieval attempt this session, so the ordinance number and exact adoption date could not be independently confirmed.",No pending applications were reported by local coverage at the time of the Planning Commission recommendation.,"Per a May 28, 2026 Troy Times Tribune comparative reference, Collinsville did in fact enact its proposed year-long data center moratorium at some point between the Planning Commission's December 11, 2025 recommendation and late May 2026, despite the Planning Commission's parallel March 2026 discussion of a text amendment. Ordinance number and exact date not independently confirmed this pass.",False,0,0,Medium,active,il-collinsville-undated,38.670327,-89.984548,,unverified,365,fixed_days,,"[""data_center""]","[""regulatory_gap"", ""infrastructure_capacity"", ""land_use_compatibility""]"
Illinois,IL,City of Effingham,City,City Council adopted Ordinance 052-2026 by a 5-0 vote on 2026-06-02.,"12-month moratorium on accepting applications, permitting, and permit approval for cryptocurrency mines, data centers, and similar facilities within the city and its 1.5-mile extraterritorial area.",City of Effingham Ordinance 052-2026,Public comments cited pollution and water-use concerns.,Active 12-month moratorium.,,,False,0,0,Medium,active,il-city-of-effingham-2026,39.120143,-88.543480,2026-06-02,exact,365,fixed_days,,"[""cryptocurrency_mining"",""data_center""]","[""water"",""environmental"",""regulatory_gap""]"
Illinois,IL,City of Troy,City,"March 2026 (exact date not captured; per a May 28, 2026 Troy Times Tribune article, enacted after multiple council meetings between January and March 2026)","6 months, with council-discretion option to extend for another 6 months starting September 2026",Troy City Council ordinance (specific number not captured this pass),Data center development interest; city sought time to research other states' ordinances/resolutions and add requirements before considering data center real estate proposals; city attorney favored 6 months over 12 as more legally defensible,"Active as of May 28, 2026 per the Troy Times Tribune; city staff were still developing a three-step ordinance review process (planning commission review, first reading, second reading/vote) and preparing to solicit public comment via a dedicated email address as of that date.",Not specified in available reporting,Moratorium in effect while the city studies data center regulations from other jurisdictions; may be extended for another six months beginning September 2026 at council's discretion,False,0,0,Medium,active,il-city-of-troy-2026,38.724724,-89.872961,2026-03,month_only,180,fixed_days,,"[""data_center""]","[""regulatory_gap"",""land_use_compatibility""]"
Illinois,IL,City of West Chicago,City,City Council approved Ordinance 26-O-0011 by a 12-0 vote on 2026-07-06.,"180-day moratorium on receipt, processing, and final approval of applications and permits for data centers and battery energy storage systems in every zoning district; protects complete pre-effective-date applications and approved permits, includes limited exceptions and a hardship process, and directs staff to present findings within three months. Council may extend or lift it by ordinance.",City of West Chicago Ordinance 26-O-0011,,Active 180-day moratorium.,Complete pre-effective-date applications and already-approved permits are protected.,,False,0,0,Medium,active,il-city-of-west-chicago-2026,41.930953,-87.772554,2026-07-06,exact,180,fixed_days,,"[""data_center"",""battery_storage""]","[""regulatory_gap""]"
Illinois,IL,La Salle County,County,"County Board approved Ordinance 26-65 on 2026-06-08 by a voice vote of 26 ayes, three members absent.",12-month moratorium on data center development.,"La Salle County Ordinance 26-65 (Record Book 267, pages 036-038)",,Active 12-month moratorium.,,,False,0,0,Medium,active,il-la-salle-county-2026,41.330124,-88.897782,2026-06-08,exact,365,fixed_days,,"[""data_center""]","[""regulatory_gap""]"
Illinois,IL,Morgan County,County,2026-04-27,6 months,"County Board resolution imposing a hard 6-month data center moratorium, moved by Chairman Wankel after the matter was discussed with State's Attorney Gray Noll prior to the meeting, adopted by unanimous roll-call vote (Commissioners Wood and Woods, Chairman Wankel) on April 27, 2026.","County commissioners and residents sought time to study health, financial, resource, farmland, and community impacts and to draft standards before any application is filed.",Active,New data center applications; no applications or expressed project interest had been received by the county as of the reported vote.,"Pending. County officials stated the pause is intended for standards and requirements, with possible adjustment after state action.",False,0,0,Medium,active,il-morgan-county-2026,39.706226,-90.190335,2026-04-27,exact,180,fixed_days,,"[""data_center""]","[""regulatory_gap"", ""infrastructure_capacity"", ""land_use_compatibility"", ""agricultural_preservation"", ""other""]"
Illinois,IL,Town of Normal,Town,Town Council voted 7-0 to adopt Ordinance 6063 on 2026-05-18.,"Pauses receipt, processing, approval, and permitting of data center applications through November 30, 2026, while the town develops land-use rules.",Town of Normal Ordinance 6063,Town sought time to develop data center land-use rules; staff said no applications had been received.,Active moratorium through 2026-11-30 unless shortened or extended.,No data center applications had been received by the town as of the vote.,,False,0,0,Medium,active,il-town-of-normal-2026,40.517924,-88.972550,2026-05-18,exact,,until_date,,"[""data_center""]","[""regulatory_gap""]"
Illinois,IL,Village of Godfrey,Village,2026-01-20,Extended by Village Board resolution for another 180 days on or about 2026-08-04; active through approximately 2027-01-31.,"Resolution #2026-01 (confirmed via January 20, 2026 Village Board minutes captured in `research/_originals/2026-01-20-village-board-minutes.pdf`; minutes record 6-0 unanimous adoption; resolution text appears in the January 2026 Village newsletter without the resolution number, but the January 20 minutes attach the number)","The village cited the need to study infrastructure capacity, utilities, energy consumption, water usage, environmental considerations, land-use compatibility, long-term planning, and whether code or zoning amendments are warranted.",Extended and active as of 2026-08-19. The Village Board unanimously approved a further 180-day pause on data-center applications in early August 2026; reporting places the new endpoint at approximately 2027-01-31.,"Building and Zoning Department directed not to accept, process, or review applications, petitions, permits, approvals, or requests for establishment, construction, or expansion of data centers in any village zoning district.","Pending. The resolution is expressly a study period for possible Village Code, zoning, or development standard changes.",False,0,0,Medium,extended,il-godfrey-2026,38.955603,-90.186776,2026-01-20,exact,,until_date,,"[""data_center""]","[""regulatory_gap"", ""infrastructure_capacity"", ""environmental"", ""water"", ""grid_energy"", ""land_use_compatibility""]"
Indiana,IN,Boone County,County,2026-06-15 (Board of Commissioners unanimous adoption); effective 2026-06-16,"One year, June 16, 2026 through June 15, 2027","Board of Commissioners ordinance adopting a one-year moratorium, following the Area Plan Commission's 6-0 recommendation (first made 2026-05-06, reaffirmed after a 2026-06-03 public hearing); ordinance file not linked or located in sources reviewed",Pause new data center development in unincorporated areas while the county reviews its comprehensive plan and zoning rules,Active as of 2026-07-31; existing facilities are unaffected per the official county release.,,"Board of Commissioners unanimously adopted a one-year moratorium on new data center development, pausing filing, processing, review, and acceptance of applications in unincorporated areas.",False,0,0,High,active,in-boone-county-2026,40.045991,-86.465084,2026-06-15,exact,365,fixed_days,,"[""data_center""]","[""regulatory_gap"",""land_use_compatibility""]"
Indiana,IN,DeKalb County,County,2026-04-13,6 months,"Zoning ordinance amendment adopted by unanimous Board of Commissioners vote on 2026-04-13, following unanimous Plan Commission favorable recommendation on 2026-04-08; ordinance or resolution number not captured","Proactive concern that applicants could vest before rules are adopted; energy use, water consumption, size, and accessory facilities",Active,No specific project identified,County Zoning Administrator Chris Gaumer leading drafting committee; Gaumer and plan commission member Tyler Lanning attending data center seminar; draft regulations targeted for early fall 2026,False,0,0,High,active,in-dekalb-county-2026,41.399146,-85.001244,2026-04-13,exact,180,fixed_days,,"[""data_center""]","[""regulatory_gap"", ""water"", ""grid_energy"", ""land_use_compatibility""]"
Indiana,IN,Dearborn County,County,2026-02-24,Up to 1 year,"Board of Commissioners action on Plan Commission recommendation, effective 2026-02-25; ordinance or resolution number not captured in publicly accessible Dearborn County records (CivicClerk portal renders client-side) as of 2026-04-29","Resident opposition to possible commercial solar projects and need to review zoning rules for commercial solar, battery storage, and data centers",Active,No data center application identified; Linea Energy solar proposal in Manchester Township was part of broader context,County to collect feedback and consider zoning changes,False,0,0,High,active,in-dearborn-county-2026,39.134034,-84.982100,2026-02-24,exact,365,fixed_days,,"[""solar"", ""battery_storage"", ""data_center""]","[""regulatory_gap"", ""land_use_compatibility"", ""specific_project""]"
Indiana,IN,Fayette County,County,2026-05-05 (County Commissioners approved); stated 2026-05-18 start,One year,Fayette County Commissioners ordinance pausing data center approvals for one year to allow the Area Plan Commission to develop zoning regulations,Allow the Area Plan Commission to develop data center zoning regulations,"Status as of 2026-07-31 could not be confirmed beyond the May 5, 2026 news report. Contemporary coverage said county action hinged on the City of Connersville approving the same measure at its May 18, 2026 meeting; the signed ordinance, the City of Connersville's action, final effective date, and exact geographic scope were not located in sources reviewed, and no later event confirming or contradicting enactment was found. [VERIFY instrument number; primary source (news-only evidence) not confirmed at confidence 0.5 in the 2026-07 refresh]",,"Fayette County Commissioners approved an ordinance for a one-year pause on data center approvals with a stated May 18, 2026 start.",True,1,0,High,active,in-fayette-county-2026,39.619235,-85.179378,2026-05-05,exact,365,fixed_days,,"[""data_center""]","[""regulatory_gap""]"
Indiana,IN,Franklin County,County,Initial 2-month moratorium ran from 2025-12-24 through noon 2026-02-24; extension approved 2026-02-24,"Extended 12 months, through 2027-02-24",Commissioner moratorium extension following 12-month recommendation from Area Plan Commission; signed ordinance or resolution number not captured in available records as of 2026-04-29,"Existing code ambiguity; need for zoning language covering water, electricity, noise, heat, setbacks, and public safety","Active as of 2026-07-31; the moratorium remains the operative instrument, and permanent replacement regulations are still in draft form. Per the Franklin County Area Plan Commission's own July 8, 2026 meeting agenda, 'Moratorium - Update (Data Centers)' remained an item under Unfinished Business, with the next APC meeting calendared for 2026-08-12. The county's posted Data Center Regulations draft (Section 80.06.09) had reached only 'v.4.0', issued 2026-06-22, and is explicitly marked 'a working draft ... It does not carry the force of law.' A May 13, 2026 public hearing gathered comments that the work group was still incorporating as of the June 22 draft.",No specific project identified,"The Data Center Moratorium Work Group and APC advanced the draft ordinance to v4.0 (dated 2026-06-22) following a May 13, 2026 public hearing that produced roughly 25 public comments; the item remained on the APC's unfinished-business agenda as of the July 8, 2026 meeting, with the next meeting calendared for August 12, 2026. No final adoption vote by the APC or Board of Commissioners has been confirmed as of 2026-07-31.",False,0,0,High,extended,in-franklin-county-2025,39.414903,-85.056323,2025-12-24,exact,60,fixed_days,2027-02-24,"[""data_center""]","[""regulatory_gap"", ""water"", ""grid_energy"", ""noise"", ""infrastructure_capacity"", ""fire_safety""]"
Indiana,IN,Fulton County,County,2026-03-02,1 year,Ordinance No. 3022026 per meeting-summary reporting; signed instrument not located on Fulton County agenda center (CivicEngage agenda center returns 404 for the meeting URL slug) as of 2026-04-29,"Proposed or rumored data center sites near Akron; concern about water, electricity, displacement, and inadequate zoning ordinance",Active,"Decennial Group's proposed 500 MW data center on a 300-acre site near Akron, confirmed by WNDU and DataCenterDynamics reporting; co-founder David Pavlick stated the end user would be a hyperscale company",Area Plan Commission expected to appoint a data center committee to study economic and environmental impacts and recommend zoning updates,False,0,0,High,active,in-fulton-county-2026,41.042142,-86.287521,2026-03-02,exact,365,fixed_days,,"[""data_center""]","[""specific_project"", ""regulatory_gap"", ""infrastructure_capacity"", ""water"", ""grid_energy"", ""land_use_compatibility"", ""environmental""]"
Indiana,IN,Huntington County,County,2026-02-23,"Indefinite; ""until the HCPC has time to develop new regulations"" — no fixed sunset date in the ordinance text","Ordinance No. 2026-04, ""An Ordinance for the Adoption of a Text Amendment to the Unified Development Ordinance (UDO) for Huntington County to Place a Moratorium on Data Centers, Battery Energy Storage Systems and Carbon Sequestration Projects""","Concern that a developer could apply before the county had standards for data centers, BESS, and carbon sequestration",Active,No active applications identified,"Research, public meetings, and local regulations pending",False,0,0,High,active,in-huntington-county-2026,40.800829,-85.501849,2026-02-23,exact,,until_event,,"[""data_center"", ""battery_storage""]","[""regulatory_gap""]"
Indiana,IN,Indianapolis (Marion County),City,"Not yet finally enacted as of 2026-07-31; City-County Council committee approved 10-3 on 2026-07-13, pending full Council and Metropolitan Development Commission approval",Proposed to run through the end of 2027,"Proposed amendment to Metropolitan Development Commission data center regulations, sponsored by City-County Council President Maggie Lewis; a separate, parallel Metropolitan Development Commission proceeding (initial 5-3 vote 2026-07-01) is developing permanent data-center zoning rules for the same jurisdiction",Concern over the pace of recent data center approvals; council sought a pause while permanent zoning rules are finalized,"Pending as of 2026-07-31: a City-County Council committee approved the moratorium proposal 10-3 along party lines on 2026-07-13, with Mayor Joe Hogsett's public support. It still requires full City-County Council approval, after which it must return to the nine-member Metropolitan Development Commission (five mayoral appointees, four council appointees) for final approval.","Would not affect previously approved projects (Metrobloks, Sabey) or applications already submitted (DC BLOX)",Pending full Council and Metropolitan Development Commission approval as of this research date,False,0,0,High,pending,in-indianapolis-marion-county-undated,39.768333,-86.158350,,unverified,,until_date,,"[""data_center""]","[""regulatory_gap"",""land_use_compatibility"",""specific_project""]"
Indiana,IN,Madison County,County,2026-06-16,Six months from adoption (2026-06-16),"Ordinance 2026-BC-O-05, adopted unanimously by the Board of Commissioners, following the Plan Commission's 8-1 recommendation after a 2026-06-09 public hearing","Immediately pause accepting, processing, or approving applications and permits related to data center development, construction, or operation in unincorporated Madison County, and stay pending applications","Active as of 2026-07-31. On 2026-07-15, the Planning Commission recommended extending the moratorium to a full year, with County Commissioner consideration scheduled for 2026-08-04; that extension had not been enacted as of 2026-07-31.",,"Board of Commissioners unanimously adopted Ordinance 2026-BC-O-05, imposing an immediate six-month moratorium and staying pending applications.",False,0,0,High,active,in-madison-county-2026,40.162453,-85.726080,2026-06-16,exact,180,fixed_days,,"[""data_center""]","[""regulatory_gap""]"
Indiana,IN,Marshall County,County,2025-02-03,Originally 2 years; replaced before expiration,"Ordinance 2025-9, Certified Proposal to Amend the Marshall County Zoning Ordinance Regarding a Moratorium on Data Centers","County desire to study data centers, farm-scale solar, utility-scale battery energy storage, and carbon capture before allowing applications; regional pressure from northern Indiana data center proposals",Replaced by permanent data center ban approved 2026-04-20,No specific Marshall County project identified; regional context includes AWS projects in New Carlisle and northern Indiana,Commissioners approved a permanent data center prohibition on 2026-04-20; secondary reporting describes it as possibly Indiana's first permanent county data center ban,False,0,0,High,replaced,in-marshall-county-2025,41.322843,-86.280963,2025-02-03,exact,730,fixed_days,,"[""data_center"", ""solar"", ""battery_storage""]","[""regulatory_gap"", ""land_use_compatibility"", ""agricultural_preservation""]"
Indiana,IN,Merrillville (Lake County),Town,2026-05-26 (Town Council vote 7-0); effective 2026-06-01,"One year, June 1, 2026 through May 31, 2027",Town Council vote (7-0) imposing a one-year moratorium on data center project approvals; ordinance or resolution number not captured in sources reviewed,Allow study of hyperscale data center impacts before long-term decisions,"Active as of 2026-07-31; effective June 1, 2026 through May 31, 2027 per the town's official data-center information page and official meeting minutes.",,"Town Council voted 7-0 to impose a one-year moratorium on data center project approvals; the town also held a June 11, 2026 educational meeting.",False,0,0,High,active,in-merrillville-lake-county-2026,41.482814,-87.332814,2026-05-26,exact,365,fixed_days,,"[""data_center""]","[""regulatory_gap""]"
Indiana,IN,Miami County,County,2026-05-04,Indefinite; remains in force until the county amends its zoning ordinance to regulate data centers,"Ordinance Imposing Temporary Moratorium On The Development of Data Centers, adopted and recorded by the Board of Commissioners","Bar the acceptance, processing, or approval of applications and permits, including improvement location permits, for data centers and appurtenant facilities in every zoning district of unincorporated Miami County while permanent regulations are drafted","Active as of 2026-07-31. The Plan Commission favorably recommended a permanent regulatory ordinance on 2026-05-13, and a June 8, 2026 public hearing took comment on the draft. The Board of Commissioners noticed consideration of a permanent zoning ordinance for its 2026-07-20 meeting, describing the temporary moratorium as still in effect since May 4; no adopted July ordinance or termination of the moratorium was located in sources reviewed.",,"Board of Commissioners adopted an open-ended temporary moratorium effective on adoption; the county subsequently held hearings on a permanent data center ordinance (May 13, June 8, and noticed for July 20, 2026) without a confirmed final vote as of this research date.",False,0,0,High,active,in-miami-county-2026,40.745491,-86.063945,2026-05-04,exact,,until_event,,"[""data_center""]","[""regulatory_gap""]"
Indiana,IN,New Albany (Floyd County),City,"2026-07-16 (Common Council unanimous adoption, third reading)","Up to one year, described by the city as renewable","Ordinance Z-26-02, a temporary moratorium on construction of new data centers in the city and its two-mile fringe planning jurisdiction; proposed by Mayor Jeff Gahan and sponsored by Council member Elaine Murphy","Study utility demand and rates, environmental and noise effects, infrastructure, and compatibility with the comprehensive plan before further data center construction","Active as of 2026-07-31 per the city's announcement of Common Council passage of Ordinance Z-26-02 on third reading, July 16, 2026, following a June 9, 2026 mayoral proposal and a June 23, 2026 Plan Commission recommendation to proceed. [VERIFY instrument number; primary source (news-only evidence) not confirmed at confidence 0.6 in the 2026-07 refresh]",,"Common Council unanimously adopted Ordinance Z-26-02, a temporary, renewable moratorium of up to one year on new data center construction.",True,1,0,High,active,in-new-albany-floyd-county-2026,38.285625,-85.824131,2026-07-16,exact,365,fixed_days,,"[""data_center""]","[""regulatory_gap"",""infrastructure_capacity"",""noise"",""environmental""]"
Indiana,IN,Pulaski County,County,2026-01-20 (commissioner voice vote); effective 2026-01-26,12 months,Moratorium adopted by commissioner voice vote on 2026-01-20 after a 5-0 favorable recommendation from the Plan Commission at its 2026-01-26 hearing; signed ordinance or resolution number not captured in publicly available Pulaski County records as of 2026-04-29,"No data center ordinance in county code; desire to draft language on setbacks, size tiers, lighting, noise, decommissioning, water use, and public safety before applications arrive",Active,No active application confirmed; no MW/GW affected,APC and county staff expected to prepare UDO amendments,False,0,0,High,active,in-pulaski-county-2026,41.031393,-86.699069,2026-01-20,exact,365,fixed_days,,"[""data_center""]","[""regulatory_gap"", ""noise"", ""water"", ""fire_safety"", ""land_use_compatibility""]"
Indiana,IN,Putnam County,County,2025-11-17,"1 year, until 2026-11-17","Ordinance No. 2025-11-17-1 establishing a moratorium on new small modular reactors, data centers, solar energy conservation systems, and wind energy systems","County review of UDO standards after solar project controversy; concern that newer technologies, including data centers, were not adequately addressed",Active,Primarily triggered by EnergyRe/4Leaf solar dispute; no named data center project identified,"Pending UDO review; EnergyRe later withdrew a 150 MW solar rezoning application, but no data center replacement rules were identified",False,0,0,High,active,in-putnam-county-2025,39.666620,-86.837403,2025-11-17,exact,365,fixed_days,,"[""solar"", ""data_center""]","[""specific_project"", ""regulatory_gap"", ""land_use_compatibility""]"
Indiana,IN,Shelby County,County,2026-02-23,6 months,Resolution 2026-02,County desire to create a local ordinance and advisory group before accepting qualified data center applications,"Active. The county moratorium covers unincorporated qualified-data-center applications and was unaffected by the City of Shelbyville's separate annexation, rezoning, and EDA for the Prologis project, which proceeded through municipal authority",County pause on qualified data center applications; separate City of Shelbyville-Prologis project proceeded through city annexation and rezoning,"County board to include public, commissioner, council, and plan commission representatives and work with outside counsel on ordinance language",False,0,0,High,active,in-shelby-county-2026,39.493485,-85.819060,2026-02-23,exact,180,fixed_days,,"[""data_center""]","[""regulatory_gap"", ""land_use_compatibility""]"
Indiana,IN,Starke County,County,2025-12-15,Up to 1 year,Ordinance No. 2025-37,"Zoning ordinances lacked hyperscale data center standards; residents raised light, environmental, and infrastructure concerns",Active; Plan Commission circulated a draft Resolution No. 2026-PC-XX (Findings of Fact for regulation/restriction of commercial data centers) dated March 2026 but no replacement adopted as of 2026-04-29,"Hyperscale data centers of 5,000 square feet or larger; no named project in captured ordinance",Pending zoning amendment process for hyperscale data center regulation,False,0,0,High,active,in-starke-county-2025,41.275316,-86.645757,2025-12-15,exact,365,fixed_days,,"[""data_center""]","[""regulatory_gap"", ""infrastructure_capacity"", ""environmental"", ""land_use_compatibility""]"
Indiana,IN,Valparaiso (Porter County),City,,,"Ordinance No. 16, 2026, advanced 7-0 on first reading by the City Council on 2026-07-13 and referred to the Plan Commission; a public hearing was scheduled for 2026-08-04",Pause new data center development while the city develops permanent standards,"Pending as of 2026-07-31. No moratorium took effect from the July 13, 2026 first-reading referral; a Plan Commission public hearing was scheduled for August 4, 2026, after which the proposal would return to the Council for a further vote. [VERIFY duration; adoption date; primary source (news-only evidence) not confirmed at confidence 0.55 in the 2026-07 refresh]",,"City Council unanimously advanced Ordinance No. 16, 2026 on first reading and referred it to the Plan Commission.",True,1,0,High,pending,in-valparaiso-porter-county-undated,41.467255,-87.060449,,unverified,,unknown,,"[""data_center""]","[""regulatory_gap""]"
Indiana,IN,Warrick County,County,,Proposed through December 2026,"Area Plan Commission recommendation only, made at a 2026-07-13 hearing; requires County Commission approval, not confirmed as of 2026-07-31","Allow additional research on data center impacts after the Area Plan Commission tabled its own proposed ordinance defining and regulating small, medium, and large data centers","Pending as of 2026-07-31. At a three-hour July 13, 2026 hearing with nearly 200 attendees, the Area Plan Commission tabled its own proposed data center ordinance and separately recommended a moratorium on all data center projects through December 2026. The recommendation requires County Commission approval, which had not been confirmed as of this research date. [VERIFY instrument number; adoption date; primary source (news-only evidence) not confirmed at confidence 0.5 in the 2026-07 refresh]",,"Area Plan Commission recommended, but did not itself enact, a moratorium on all data center projects through December 2026.",True,1,0,High,pending,in-warrick-county-undated,38.090606,-87.275893,,unverified,,until_date,,"[""data_center""]","[""regulatory_gap""]"
Indiana,IN,White County,County,2025-10-20,"6 months, through 2026-04-20, or until comprehensive plan and zoning updates were adopted",Ordinance No. 2025-10-20-02,Existing comprehensive plan and zoning ordinance did not adequately address data center impacts; public opposition and uncertainty around a proposed project near Wolcott,Replaced by permanent zoning framework. The captured updated 2008 Zoning Ordinance (through 2026-02-09) includes a dedicated Section 3.20 Data Centers; no separate termination ordinance for Ordinance No. 2025-10-20-02 was located in captured records as of 2026-04-29,Proposed White County project near Wolcott; no verified MW total in local ordinance capture,"White County zoning now includes a dedicated Section 3.20 Data Centers with application, water, noise, setback, screening, and emergency-response requirements",False,0,0,High,replaced,in-white-county-2025,40.742243,-86.871391,2025-10-20,exact,180,fixed_days,,"[""data_center""]","[""specific_project"", ""regulatory_gap"", ""water"", ""noise"", ""land_use_compatibility""]"
Iowa,IA,Adair County,County,"2026-03-18, per signed Adair County Board of Supervisors minutes: Resolution #2026-26 adopted by unanimous 5-0 roll call (Hoadley, Baier, Wedemeyer, Christoffersen, Walker all aye).",Not captured in news report; resolution text not yet obtained,"Resolution #2026-26, ""Resolution to Establish a Temporary Moratorium on the Construction of Data Centers, High-Density Computing Facilities, and Battery Storage Facilities in the Unincorporated Areas of Adair County, Iowa,"" adopted March 18, 2026 by unanimous 5-0 roll call.","Proposed 765 kV MISO transmission line, land negotiations in the Hebron area, and concern that data centers require large amounts of electricity and water.","Active as of 2026-07-31. Official minutes through 2026-07-15 show a draft data center ordinance was discussed (March 25, 2026 meeting: Supervisor Hoadley presented an AI-drafted ordinance for County Attorney review) but never formally adopted, so Resolution #2026-26's temporary moratorium remains in force.",Applied Digital interest in a 200 MW data center near Adair reported in Clarke County coverage; no Adair County project approval record captured.,"Supervisors continued reviewing a draft data center ordinance after adoption of the moratorium. The draft would require data-center equipment to be housed in permanent structures on foundations, not shipping containers or similar temporary structures (March 25, 2026 Western Iowa Today: ""No action was taken on the ordinance today"" — confirms ordinance was still in draft a week after the moratorium passed).",False,0,0,High,active,ia-adair-county-2026,41.312781,-94.495330,2026-03-18,exact,,unknown,,"[""data_center""]","[""specific_project"", ""infrastructure_capacity"", ""water"", ""grid_energy""]"
Iowa,IA,Audubon County,County,"2026-05-05 -- Board of Supervisors unanimous vote adopting Resolution 2026-27, after a public hearing, per official minutes.","Through May 1, 2027, or until passage of a permanent data center development ordinance, whichever occurs first","Resolution 2026-27, immediately stopping the acceptance or processing of applications to construct commercial data centers, including commercial cryptocurrency mining operations",Pause pending adoption of a permanent data center development ordinance,"Active as of 2026-07-31; no rescission, expiration, or replacement identified in the reviewed sources.",,,False,0,0,High,active,ia-audubon-county-2026,41.670205,-94.910653,2026-05-05,exact,,until_date,,"[""data_center"",""cryptocurrency_mining""]","[""regulatory_gap""]"
Iowa,IA,Cedar County,County,"2026-05-26 -- Board of Supervisors unanimously moved to approve and authorize the chair to sign a six-month data center moratorium, per official minutes; the zoning director and county attorney were to draft the instrument, effective upon signature. A signed moratorium instrument was not located, so the effective date is [VERIFY].","Six months, effective upon signature (signed instrument not located to confirm exact start/end dates)",Board of Supervisors motion authorizing the chair to sign a six-month data center moratorium so the county could complete a permanent ordinance; signed instrument and resolution number not located in this pass,County working toward a permanent data center ordinance,"Status uncertain as of 2026-07-31; board approved the moratorium and authorized signature on 2026-05-26, but no signed instrument was located to confirm it took effect or its exact term. [VERIFY instrument number not confirmed at confidence 0.55 in the 2026-07 refresh]",,,True,2,0,High,active,ia-cedar-county-2026,41.760861,-91.126320,2026-05-26,unverified,180,fixed_days,,"[""data_center""]","[""regulatory_gap""]"
Iowa,IA,City of Peosta,City,"2026-06-23 -- City Council adopted Resolution 2026-49, effective immediately.","180 days; the city lists December 20, 2026 as the current expiration date, subject to earlier termination, modification, or replacement","Resolution 2026-49, a 180-day moratorium on the construction, establishment, development, expansion, or operation of data centers; during the moratorium the city will not issue listed building, zoning, site-plan, subdivision, utility-connection, occupancy, or other approvals",,"Active as of 2026-07-31; city-listed expiration is December 20, 2026, absent earlier termination, modification, or replacement.",,,False,0,0,High,active,ia-city-of-peosta-2026,42.446953,-90.843380,2026-06-23,exact,180,fixed_days,,"[""data_center""]",[]
Iowa,IA,Clarke County,County,2025-06-23,Temporary; end date not captured,Resolution #25-011,"County lacked data center rules and cited safety, property-right, and road impacts.",Active,None named; reporting connects the action to Applied Digital interest in a 200 MW data center near Adair.,No replacement ordinance identified in captured records.,False,0,0,High,active,ia-clarke-county-2025,41.015209,-93.784298,2025-06-23,exact,,unknown,,"[""data_center""]","[""specific_project"", ""regulatory_gap"", ""infrastructure_capacity"", ""land_use_compatibility""]"
Iowa,IA,Clayton County,County,2025-02-25,Originally through 2025-12-31; extended through 2026-12-31,Resolution #8-2025; extension motion on 2025-12-02,"Infrastructure burden, nearby property impacts, and need to revise zoning approvals for digital asset mining and data centers.",Extended,Board discussed potential data mining projects with Allamakee-Clayton Electric representatives; no MW listed.,Moratorium extended while zoning updates proceed; replacement ordinance not identified.,False,0,0,High,extended,ia-clayton-county-2025,42.854771,-91.366715,2025-02-25,exact,,until_date,,"[""cryptocurrency_mining"", ""data_center""]","[""infrastructure_capacity"", ""land_use_compatibility"", ""regulatory_gap""]"
Iowa,IA,Des Moines County,County,"2026-05-19 -- Board of Supervisors adopted Resolution 2026-034, effective immediately, per official minutes (motion by Jim Cary, seconded by Tom Broeker, no dissent recorded).",One year from adoption while the county develops regulations,"Resolution 2026-034, imposing a one-year moratorium on the permitting, construction, or vesting of data centers, with a definition that includes commercial cryptocurrency mining and processing",County developing data center regulations,Active as of 2026-07-31; no rescission or replacement identified in the reviewed sources.,,,False,0,0,High,active,ia-des-moines-county-2026,40.919543,-91.197104,2026-05-19,exact,365,fixed_days,,"[""data_center"",""cryptocurrency_mining""]","[""regulatory_gap""]"
Iowa,IA,Dickinson County,County,"2026-05-12 -- Board of Supervisors adopted Resolution 2026-8 by a 4-1 vote following a public hearing, per official minutes.",Six months from adoption; may be extended by further board action,"Resolution 2026-8, barring the county from accepting applications or issuing building, use, zoning, or rezoning permits for data centers, bitcoin mining facilities, solar collection and storage facilities, and battery energy storage systems, for six months",,"Active as of 2026-07-31 if not extended; six months from 2026-05-12 would run to approximately 2026-11-12, and no extension or rescission was identified in the reviewed sources.",,,False,0,0,High,active,ia-dickinson-county-2026,43.375302,-95.165428,2026-05-12,exact,180,fixed_days,,"[""data_center"",""cryptocurrency_mining"",""solar"",""battery_storage""]",[]
Iowa,IA,Dubuque County,County,"2026-05-26 -- Board of Supervisors special meeting; per KCRG, Supervisor McDonough moved to extend an originally proposed 120-day period to 12 months.",12 months,"Board of Supervisors vote (2-1: McDonough and Pothoff for, Kenniker against) approving a 12-month moratorium on data centers; specific resolution number not located in this pass.",County was considering a separate data-center ordinance; board members wanted a longer pause than the staff-proposed 120 days.,"Reported active as of the May 26, 2026 vote; not independently confirmed against a primary document in this pass.",,Board rejected a shorter staff-proposed 120-day pause in favor of a 12-month moratorium on data centers.,False,0,0,High,active,ia-dubuque-county-2026,42.469299,-90.874205,2026-05-26,exact,365,fixed_days,,"[""data_center""]","[""regulatory_gap""]"
Iowa,IA,Franklin County,County,2026-03-31,Temporary; end date not captured,"Ordinance 2026A — ""AN ORDINANCE AUTHORIZING A MORATORIUM ON NEW PERMIT APPLICATIONS FOR DEVELOPMENT OF DATA CENTER PROJECTS WITHIN THE UNINCORPORATED AREA OF FRANKLIN COUNTY, IOWA"" (public hearing notice published in Hampton Chronicle 2026-03-18; first/second readings waived; third reading approved and ordinance adopted by unanimous vote of Lukensmeyer, McVicker, Vanness on 2026-03-31)",County evaluation of impacts and planning needs for data center projects in unincorporated areas.,"Active as of 2026-07-31. Franklin County adopted two further ordinances (2026B and 2026C) on 2026-07-14 covering Commercial Bitcoin Installation, Commercial Batteries, solar, and nuclear as conditional uses, but neither addresses ""data center"" development, so the moratorium's early-termination trigger has not been met.",New permit applications for data center projects in unincorporated Franklin County; no project names or MW listed.,No replacement ordinance identified.,False,0,0,High,active,ia-franklin-county-2026,42.728591,-93.251317,2026-03-31,unverified,,until_event,,"[""data_center""]","[""regulatory_gap"", ""land_use_compatibility""]"
Iowa,IA,Ida County,County,2026-06-30 (news-reported; not primary-sourced),"Indefinite, until the board votes otherwise",County Board of Supervisors action; resolution/ordinance number not found in news coverage,Not detailed in the news coverage found.,Reported active as of publication (2026-07-13); not independently confirmed past that date [VERIFY instrument number; primary source (news-only evidence) not confirmed at confidence 0.4 in the 2026-07 refresh],,,True,1,0,High,active,ia-ida-county-2026,42.378837,-95.494941,2026-06-30,range,,indefinite,,"[""data_center""]","[""regulatory_gap""]"
Iowa,IA,Jackson County,County,"Three documented adoptions in the captured record: (1) 2024-09-17 — Resolution #1066-09-17-2024 — ""Resolution Approving Moratorium on Data Mining Facilities"" (signed copy in record), originally through 2025-06-30 (text reads ""for a period of months through June 30, 2025""). (2) 2025-09-09 — Resolution #1142-09-09-2025 — second moratorium re-established at the September 9, 2025 BoS meeting (signed minutes capture the motion and adoption). The interim 2025-03-25 ""Resolution #1105-03-25-2025"" referenced in earlier project notes is not corroborated in the captured Jackson County record and may have been a transcription of the 2024 resolution number; treat as ****.","First instance (Sept 17, 2024) ran through June 30, 2025 (Resolution #1066-09-17-2024 text). Second instance (Sept 9, 2025) runs through August 31, 2026 unless ended sooner by board action (Resolution #1142-09-09-2025: ""approving a Moratorium on Data Mining Facilities until August 31, 2026, unless ended sooner by action of the Board of Supervisors"").","Resolution #1066-09-17-2024 (initial); Resolution #1142-09-09-2025 (re-establishment). Both adopted by Supervisors Schwenker, Steines, Flagel. The Citizen Portal article on the March 17, 2025 [sic — likely March 17, 2026] zoning commission meeting recounted that ""a previous moratorium on data-mining facilities enacted in September 2024 [was] later rescinded; several members of the public said the moratorium's intent…had not been fully satisfied before the applicant filed."" This reporting confirms the rescission/lapse between June 30, 2025 and the September 9, 2025 re-establishment.","Resolution text cites lack of current county ordinance and need to protect infrastructure, natural resources, and property rights through adequate setback provisions while the Planning and Zoning Commission gathers information and coordinates with multiple agencies.","Active. The March 25, 2025 moratorium (Resolution #1105-03-25-2025) was never rescinded -- it expired naturally on 2025-08-31 per its own terms, per the recitals of the resolution that replaced it. It was re-enacted via Resolution #1142-09-09-2025, effective through 2026-08-31 unless ended sooner by Board action. As of 2026-07-31, no rescission or replacement ordinance has been confirmed in primary records; Planning & Zoning reportedly planned to present a proposed 12-month extension to the Board on 2026-07-28, but the meeting's minutes were not yet posted at research time and the outcome could not be confirmed.","One Aurum Capital Ventures bitcoin/data-mining special-exception application (project sized at about 2.5 megawatts) was the subject of a unanimous March 17, 2026 zoning commission recommendation against the applicant (recommend keep parcel A-1 zoning, deny special exception); applicant John Holberic represented Aurum Capital Ventures.","County reserved right to terminate early upon adoption of an ordinance (""BE IT FURTHER RESOLVED that the Jackson County Board of Supervisors reserves the right to end the moratorium prior to the approved term…upon completion of a satisfactorily developed Data Mining Facilities Ordinance""). No final county ordinance had been adopted as of the captured March 17, 2026 zoning commission meeting.",False,0,0,High,active,ia-jackson-county-2024,42.142038,-90.548007,2024-09-17,exact,,until_date,,"[""cryptocurrency_mining""]","[""regulatory_gap"", ""infrastructure_capacity"", ""environmental"", ""land_use_compatibility""]"
Iowa,IA,Johnson County,County,2025-11-06,Through 2026-11-08 at 11:59 p.m. CT unless extended or ended earlier,Resolution No. 11-06-25-01,"Potential burden on power and water resources, area-character concerns, and need for Unified Development Ordinance amendments.",Active,"Applies to rezoning, subdivision, site plan approvals, and building permits for data centers in unincorporated county; no project MW listed.","County is drafting permanent UDO standards on siting, noise, water use, and review process. As of July 22-23, 2026, Johnson County supervisors and the Planning and Zoning Commission were still discussing policy direction for a proposed data-center ordinance (described as one of the more restrictive in eastern Iowa, covering water use, geographic limits, and closed-loop cooling); no ordinance had been adopted. The moratorium remains in effect through 2026-11-08 per Resolution No. 11-06-25-01.",False,0,0,High,active,ia-johnson-county-2025,41.686183,-91.606112,2025-11-06,exact,,until_date,,"[""data_center""]","[""regulatory_gap"", ""infrastructure_capacity"", ""water"", ""grid_energy"", ""noise"", ""land_use_compatibility""]"
Iowa,IA,Jones County,County,"2024-10-15 (signed October 15, 2024 BoS minutes record adoption of ""Resolution Approving a Moratorium on Data Mining Facilities,"" numbered 2024-149, by 5-0 roll-call vote; same meeting also adopted Resolution 2024-150 imposing a parallel moratorium on Utility Scale Battery Energy Storage Systems on the same terms).","Originally through 2025-04-15 (resolution text), extendable by subsequent resolution; the moratorium was succeeded by a permanent regulatory ordinance rather than extended.",Resolution 2024-149 (data mining); companion Resolution 2024-150 (utility-scale battery energy storage),Board cited no current county data mining ordinance and need for planning/zoning work on setbacks and standards (resolution text).,"Reclassified: initial temporary moratorium (Resolution 2024-149) expired and replaced by permanent regulatory ordinance (2025). Web verification indicates the county's approach was primarily regulatory, not a traditional moratorium.",Not specified in moratorium or ordinance text.,County adopted comprehensive Cryptocurrency and Data Center Ordinance (2025) with special use permit requirements. Reclassified from moratorium to regulatory action after verification.,False,0,0,High,replaced,ia-jones-county-2024,42.108197,-91.142720,2024-10-15,exact,,until_date,,"[""data_center"", ""battery_storage"", ""cryptocurrency_mining""]","[""regulatory_gap"", ""land_use_compatibility""]"
Iowa,IA,Lee County,County,"2026-06-16 -- Board of Supervisors unanimously adopted Resolution 2026-76 after first rejecting a motion to table it, per official minutes.",Up to one year while the county studies a regulatory framework,"Resolution 2026-76, pausing construction of large- and small-scale data centers and other high-density facilities for up to one year",County studying a regulatory framework for data centers,Active as of 2026-07-31; no rescission or replacement identified in the reviewed sources.,,,False,0,0,High,active,ia-lee-county-2026,40.652489,-91.507313,2026-06-16,exact,365,fixed_days,,"[""data_center""]","[""regulatory_gap""]"
Iowa,IA,Linn County,County,"2026-07-01 -- per Linn County government CivicAlert, effective July 1, 2026; vote was not unanimous (Supervisor Sami Scheetz opposed).","18 months, effective through 11:59 p.m. Central Time on January 1, 2028",Board of Supervisors resolution imposing an 18-month moratorium on new applications to rezone property to the EU-3 Large-Scale Data Center Zoning District in unincorporated Linn County.,"Board sought to pause new large-scale data-center rezoning applications even after having already adopted a permanent data-center zoning ordinance (approved Feb. 18, 2026) covering EU-3 districts.",Active as of 2026-07-31 (took effect 2026-07-01).,"New applications to rezone property to the EU-3 Large-Scale Data Center Zoning District in unincorporated Linn County are paused; existing EU-3 zoning and the county's permanent data-center ordinance (Feb. 18, 2026) are unaffected. Applies only to unincorporated areas.","18-month pause on new EU-3 large-scale data-center rezoning applications, adopted notwithstanding the county's own permanent data-center ordinance already being in place.",False,0,0,High,active,ia-linn-county-2026,42.063183,-91.603793,2026-07-01,exact,,until_date,,"[""data_center""]","[""regulatory_gap"",""land_use_compatibility""]"
Iowa,IA,Madison County,County,2026-05-26 (news-reported; exact date not primary-sourced),"12 months (reported as two separate 12-month moratoriums, one for data centers and one for battery storage systems)",County Commission action following public hearings; resolution/ordinance number not found in news coverage,Board sought time to review zoning rules before allowing data center and battery storage development.,"Reported active as of the May 26, 2026 vote; not independently confirmed past that date [VERIFY instrument number; primary source (news-only evidence) not confirmed at confidence 0.45 in the 2026-07 refresh]",,,True,1,0,High,active,ia-madison-county-2026,41.313341,-94.016797,2026-05,month_only,365,fixed_days,,"[""data_center"",""battery_storage""]","[""regulatory_gap""]"
Iowa,IA,Mitchell County,County,2025-11-25,Through 2026-12-31,Resolution #1336-25,Board discussion referenced the need for county guidelines before approving data center activity.,Active,"No specific applications named in the Mitchell County minutes for the November 25, 2025 adoption. Public comment referenced residents who had toured an existing bitcoin mining facility; ""two bitcoin applications"" was not supported by the captured November 25, 2025 minutes [VERIFY: no Mitchell County application docket reviewed].","Board approved developing a data center ordinance with NIACOG support, pending planning and zoning process. Vote on Resolution #1336-25 was 4-1 (Frein, Marzen, Hartogh, Wherry ayes; Hendrickson nay).",True,1,0,High,active,ia-mitchell-county-2025,43.342033,-92.784021,2025-11-25,exact,,until_date,,"[""data_center""]","[""regulatory_gap""]"
Iowa,IA,Palo Alto County,County,"2026-07-08 -- Board of Supervisors regular meeting; motion by Merrill, seconded by Graettinger. Roll call: Ayes: Faulstick, Merrill, Graettinger, Wirtz, Solberg; Nays: none.","Effective immediately until July 8, 2027, or upon passage of a data-center ordinance, whichever is sooner","Resolution No. 7-8-2026, A Resolution of the Palo Alto County Supervisors Approving a Moratorium on the Acceptance, Processing, and Approval of Applications for All Classes of Data Centers within the Unincorporated Areas of Palo Alto County.","Board found current zoning ordinances do not specifically address modern data centers; cited concerns about water use, electrical consumption, noise, cooling infrastructure, and rural quality of life, and the need to coordinate with utilities, regional planning bodies, and other stakeholders before accepting applications.",Active as of 2026-07-31 (adopted 23 days prior).,No specific project named; general moratorium on all classes of data-center applications in unincorporated Palo Alto County.,Board directed Planning and Zoning Commission and County Attorney to review data-center zoning provisions used elsewhere and propose updated definitions/standards while the moratorium is in effect.,False,0,0,High,active,ia-palo-alto-county-2026,43.076283,-94.662505,2026-07-08,exact,,until_date,,"[""data_center""]","[""regulatory_gap"",""infrastructure_capacity"",""water"",""land_use_compatibility""]"
Iowa,IA,Plymouth County,County,"2026-06-16 -- Board of Supervisors approved unanimously, per KLEM 1410.",One year (to approximately 2027-06-16); can be revoked or extended by the Board at any time,Board of Supervisors resolution (unanimous) placing a year-long moratorium on permitting large-scale data centers and industrial battery storage facilities; specific resolution number not located in this pass.,Regulatory gap on siting large-scale data centers and industrial battery storage.,"Reported active as of the June 16, 2026 vote; not independently confirmed against a primary document in this pass.",,One-year pause on permitting large-scale data centers and industrial battery storage facilities.,False,0,0,High,active,ia-plymouth-county-2026,42.736912,-96.221361,2026-06-16,exact,365,fixed_days,,"[""data_center"",""battery_storage""]","[""regulatory_gap""]"
Iowa,IA,Shelby County,County,2026-03-17,Through 2027-07-01,Resolution 2026-16,"No ordinance governing commercial digital asset mining/data centers; concerns about infrastructure, natural resources, property rights, area character, and public health, safety, and welfare.",Active,No named data center project or MW listed.,Moratorium adopted to allow drafting and adoption of a commercial digital asset mining/data center ordinance.,False,0,0,High,active,ia-shelby-county-2026,41.668243,-95.316362,2026-03-17,exact,,until_date,,"[""data_center"", ""cryptocurrency_mining""]","[""regulatory_gap"", ""infrastructure_capacity"", ""environmental"", ""land_use_compatibility"", ""property_values"", ""other""]"
Iowa,IA,Shelby County,County,"2026-03-17 -- Board of Supervisors regular meeting; motion by Schaben, seconded by Kolbe, carried unanimously.","Effective immediately for a period ending July 1, 2027","Resolution 2026-14, Moratorium on Solar Energy Construction Permits","Shelby County has no existing ordinance governing siting, construction, and operation of commercial solar energy systems.","Active as of 2026-07-31; expires July 1, 2027 unless extended or superseded by an ordinance.",No specific project named in the resolution.,"Adopted alongside companion moratoria on battery storage, digital asset mining/data centers (already in inventory as ia-shelby-county-2026), and wind energy, to allow drafting of siting ordinances for each sector.",False,0,0,High,active,ia-shelby-county-2026-2,41.668243,-95.316362,2026-03-17,exact,,until_date,,"[""solar""]","[""regulatory_gap"",""infrastructure_capacity""]"
Iowa,IA,Shelby County,County,"2026-03-17 -- Board of Supervisors regular meeting; motion by Kolbe, seconded by Schaben, carried unanimously.","Effective immediately for a period ending July 1, 2027","Resolution 2026-15, Moratorium on Battery Storage Construction Permits","Shelby County has no existing ordinance governing siting, construction, and operation of commercial battery storage projects.","Active as of 2026-07-31; expires July 1, 2027 unless extended or superseded by an ordinance.",No specific project named in the resolution.,"Adopted alongside companion moratoria on solar, digital asset mining/data centers (already in inventory as ia-shelby-county-2026), and wind energy.",False,0,0,High,active,ia-shelby-county-2026-3,41.668243,-95.316362,2026-03-17,exact,,until_date,,"[""battery_storage""]","[""regulatory_gap"",""infrastructure_capacity""]"
Iowa,IA,Shelby County,County,"2026-03-17 -- Board of Supervisors regular meeting; motion by Kolbe, seconded by Schaben, carried unanimously.","Effective immediately for a period ending July 1, 2027","Resolution 2026-17, Moratorium on Wind Energy Construction Permits","Shelby County has no existing ordinance governing siting, construction, and operation of commercial wind energy systems.","Active as of 2026-07-31; expires July 1, 2027 unless extended or superseded by an ordinance.",No specific project named in the resolution.,"Adopted alongside companion moratoria on solar, battery storage, and digital asset mining/data centers (already in inventory as ia-shelby-county-2026).",False,0,0,High,active,ia-shelby-county-2026-4,41.668243,-95.316362,2026-03-17,exact,,until_date,,"[""wind""]","[""regulatory_gap"",""infrastructure_capacity""]"
Iowa,IA,Sioux County,County,2026-06-16,"One year, automatic sunset","Resolution No. 2026-32, prohibiting the Board of Supervisors, Zoning Board, and Board of Adjustment from receiving, reviewing, considering, or approving any Data Center and/or BESS application, to allow time to review Ordinance No. 01",Board desired additional time to review Sioux County Ordinance No. 01 (the county's general land-use/zoning ordinance) before any data center or BESS project could be considered; the resolution notes no such facilities were installed or in development in the county at the time.,Active as of 2026-07-31 (sunsets automatically 2027-06-16 absent further Board action),,,False,0,0,High,active,ia-sioux-county-2026,43.057408,-96.160237,2026-06-16,exact,365,fixed_days,,"[""data_center"",""battery_storage""]","[""regulatory_gap""]"
Iowa,IA,Story County,County,2025-06-17,Through 2025-12-31; extended through 2026-03-31 by Resolution #26-36 (2025-11-25); further extended through 2027-03-31 by Resolution #26-69 (2026-03-17),"Resolution #25-97 (adopted 2025-06-17); extended via Resolution #26-36 (adopted 2025-11-25) through 2026-03-31; further extended via Resolution #26-69 (adopted 2026-03-17) through 2027-03-31. The same March 17, 2026 meeting adopted Ordinance No. 330 (third consideration), which permanently regulates battery/energy storage uses, spinning BESS out of the moratorium; the moratorium itself continues to cover digital asset mining, cryptocurrency operations, and data processing centers.","County regulations were silent on digital asset mining, cryptocurrency operations, data processing centers, and battery/energy storage uses.","Active. Extended via Resolution #26-69 (adopted 2026-03-17) through 2027-03-31, covering digital asset mining, cryptocurrency operations, and data processing centers (BESS was moved to permanent Ordinance No. 330, adopted the same day). No further rescission or replacement found through the July 21, 2026 minutes.",No specific project names or MW listed.,"Draft regulations were developed. March 2026 records indicate the Board removed the data center section from a draft ordinance and directed staff to pursue further moratorium extension, but no post-2026-03-31 extension was confirmed.",False,0,0,High,active,ia-story-county-2025,42.016161,-93.489194,2025-06-17,exact,,until_date,,"[""data_center"", ""battery_storage"", ""cryptocurrency_mining""]","[""regulatory_gap""]"
Iowa,IA,Tama County,County,"2025-11-10 (per Tama County Board of Supervisors agenda packet for 2025-11-10 listing ""Resolution 11-10-2025A Moratorium on Data Mining and Centers in Tama County, IA""). The companion BESS Resolution 11-10-2025B was confirmed adopted on the same date (5-0 roll call: Hilmer, Turner, Knebel, Doland, Kupka) per the November 17, 2025 BoS packet, which strongly implies Resolution 11-10-2025A was also adopted on November 10, 2025; however, captured records do not contain a separate signed resolution exhibit for 11-10-2025A.","Not captured (companion BESS Resolution 11-10-2025B was indefinite, sunsetting only upon adoption of comprehensive land-use plan and BESS ordinance; the data-center counterpart's duration term has not been confirmed against signed resolution text)","Resolution 11-10-2025A, listed on agenda as ""Moratorium on Data Mining and Centers in Tama County, IA""","Not captured in agenda-only source. (Companion BESS Resolution 11-10-2025B cited fire hazards, safety risks, emergency response preparedness, environmental contamination, setbacks, and visual impacts.)",Active per agenda evidence; signed text not captured,Not specified.,"Full resolution text not captured. The Tama County Board adopted a parallel battery storage moratorium (Resolution 11-10-2025B) at the same November 10, 2025 meeting, directing the Zoning Commission to develop a comprehensive ordinance.",False,0,0,High,active,ia-tama-county-2025,42.056811,-92.543392,2025-11-10,exact,,unknown,,"[""data_center"", ""cryptocurrency_mining""]",[]
Iowa,IA,Taylor County,County,"2026-05-07 -- Board of Supervisors voted 3-0 to amend Resolution 2023-21 (an existing wind-turbine moratorium) to also cover data centers, solar panels, battery storage, and mineral extraction, per official May 7 minutes. The executed amendment document was not located; a draft Ordinance 40 covering similar subject matter was later published in June 2026. [VERIFY]",Not specified in the May 7 minutes,"Board of Supervisors vote (3-0) amending Resolution 2023-21, originally a temporary moratorium on wind-turbine construction, to add data centers, solar panels, battery storage, and mineral extraction; the executed amendment text was not located in this pass",,Status uncertain as of 2026-07-31; a draft Ordinance 40 (data center/solar moratorium) was published by the county in June 2026 but not confirmed adopted. [VERIFY details not confirmed at confidence 0.55 in the 2026-07 refresh],,,True,2,0,High,active,ia-taylor-county-2026,40.738254,-94.684741,2026-05-07,unverified,,unknown,,"[""data_center"",""solar"",""battery_storage"",""wind""]",[]
Iowa,IA,Union County,County,"2026-03-18 -- Board of Supervisors voted unanimously (Hopkins, Friday; Brown absent) to move forward with setting up the moratorium. The formal instrument, Resolution #21 FYR 25/26 (Moratorium on Data Centers), was adopted at the March 25, 2026 regular session by roll call vote (Brown aye, Hopkins aye, Friday aye, motion carried).","Up to one year from adoption of Resolution #21 FYR 25/26 (adopted 2026-03-25); the Board stated it ""may or may not act on this matter, but at the minimum, we plan to revisit this issue in one year.""","Resolution #21 FYR 25/26, ""Moratorium on Data Centers,"" adopted March 25, 2026 by roll call vote (Brown aye, Hopkins aye, Friday aye).","County discussion of data centers, local utility and infrastructure concerns, and desire for a research committee.","Active. Resolution #21 FYR 25/26 was adopted March 25, 2026, imposing a moratorium on construction of data centers and other high-density facilities ""for a period of up to one Year."" A review of Union County board minutes from March 25 through July 22, 2026 found no subsequent rescission, extension, or replacement.","Southwest Iowa REC-owned data center discussed in media coverage; per March 23, 2026 Creston News, REC's Phil Kinser said the project is ""much smaller compared to the figures presented by the county during the last meeting""; no MW listed. The pending year-long moratorium is expected to allow the Southwest Iowa REC project to continue development.",County created a data center committee whose members include: Phil Kinser (Southwest Iowa REC); Dillon Daughenbaugh; Jessica Hagen (Union County Assessor); Roger Vicker (Protect Our Land's Future); Christian Boehmer (Union County Engineer); Jeff Rice (SIRWA — Southern Iowa Rural Water Association).,False,0,0,High,active,ia-union-county-2026,41.015699,-94.247269,2026-03-25,exact,365,fixed_days,,"[""data_center""]","[""specific_project"", ""regulatory_gap"", ""infrastructure_capacity"", ""water"", ""grid_energy""]"
Iowa,IA,Woodbury County,County,"2026-06-23 -- ""Passed and approved this 23rd day of June, 2026"" per Resolution 14064.",12 months from adoption unless earlier rescinded or extended (to on or about 2027-06-23),"Resolution 14064, Twelve (12) month Moratorium on the acceptance, processing, and approval of applications for all classes of data centers within the unincorporated areas of Woodbury County, Iowa.",Regulatory gap on siting and review of data-center applications in unincorporated Woodbury County.,Active as of 2026-07-31.,,"Twelve-month pause on accepting, processing, or approving data-center applications in unincorporated Woodbury County.",False,0,0,High,active,ia-woodbury-county-2026,42.377536,-96.060719,2026-06-23,exact,365,fixed_days,,"[""data_center""]","[""regulatory_gap""]"
Kansas,KS,Brown County,County,"2026-03-02 (confirmed by signed BoCC minutes, Book V Page 129)","18 months or until regulations are adopted, whichever comes first","Resolution 2026-10 (motion by Chairman Heinen, seconded by Commissioner Pollock, motion carried unanimously per official minutes)","County counselor Austin Parker framed the pause under police powers to study public health, public safety, and welfare impacts of data centers, battery energy storage systems, solar energy, chip manufacturing, and cryptocurrency projects, on recommendation of the Brown County Planning Commission.",Active,"Projects involving data centers, BESS, solar energy, chip manufacturing, and cryptocurrency operations in Brown County.",Planning Commission to consider recommendations for regulation.,False,0,0,High,active,ks-brown-county-2026,39.824223,-95.581995,2026-03-02,exact,540,fixed_days,,"[""data_center"", ""battery_storage"", ""solar"", ""cryptocurrency_mining""]","[""regulatory_gap"", ""environmental"", ""infrastructure_capacity"", ""fire_safety"", ""land_use_compatibility"", ""grid_energy"", ""water""]"
Kansas,KS,Geary County,County,2026-06-22 (per KSNT reporting),One year from adoption,County resolution (exact number not stated in the source retrieved),"Concerns about data center infrastructure demands on water and power, and resource competition with local farmers and ranchers.","Active as of 2026-07-31 (adopted 2026-06-22, after this dataset's 2026-04-28 coverage cutoff)",Not specified in the source retrieved.,Directs county planning/zoning staff to study data center impacts during the pause.,False,0,0,High,active,ks-geary-county-2026,38.988545,-96.761997,2026-06-22,exact,365,fixed_days,,"[""data_center""]","[""infrastructure_capacity"",""water"",""grid_energy"",""agricultural_preservation""]"
Kansas,KS,Harvey County,County,2026-01-13,"Through 2029-01-01, unless amended, extended, or terminated earlier",Resolution 2026-04,Questions and concerns about regulating data centers in unincorporated areas; unknown impacts on current and future property owners; need to review the comprehensive plan and unified development code.,Active,No application had been submitted when enacted.,Planning and zoning staff and the Planning Commission were directed to review and update the comprehensive plan and code.,False,0,0,High,active,ks-harvey-county-2026,38.035232,-97.448627,2026-01-13,exact,,until_date,,"[""data_center""]","[""regulatory_gap"", ""land_use_compatibility"", ""property_values""]"
Kansas,KS,Kingman County,County,2026-02-09,"18 months from effective date, unless reduced or extended",Resolution 2026-R9,"Kingman County zoning already allowed data centers by special use permit, but planning and zoning boards requested review of all data-center zoning code provisions and public concerns had been raised.",Active,Any data center special use permit or zoning/use modification submitted after the effective date.,County officials and planning boards must consider amendments and additions to zoning code provisions governing data center applications and guidelines.,False,0,0,High,active,ks-kingman-county-2026,37.542094,-98.122172,2026-02-09,exact,540,fixed_days,,"[""data_center""]","[""regulatory_gap"", ""land_use_compatibility""]"
Kansas,KS,Lyon County,County,2026-07-23,Through 2027-01-22,Resolution No. 12-26,Reported alongside contentious Emporia city commission meetings on data center projects; specific rationale not detailed in the source retrieved.,"Active as of 2026-07-31 (adopted 2026-07-23, after this dataset's 2026-04-28 coverage cutoff)",Not specified in the source retrieved.,"Directs county staff to halt receipt, review, hearing, or granting of data center and battery-energy-storage-system applications during the suspension period.",False,0,0,High,active,ks-lyon-county-2026,38.457399,-96.168312,2026-07-23,exact,,until_date,,"[""data_center"",""battery_storage""]","[""specific_project"",""other""]"
Kansas,KS,Lyon County,County,2026-07-23,Through 2026-12-01,Resolution No. 13-26,Adopted alongside the data-center/BESS moratorium (Resolution No. 12-26); specific rationale not detailed in the source retrieved.,"Active as of 2026-07-31 (adopted 2026-07-23, after this dataset's 2026-04-28 coverage cutoff)",Not specified in the source retrieved.,"Directs county staff to halt receipt, review, hearing, or granting of commercial solar energy conversion system applications during the suspension period.",False,0,0,High,active,ks-lyon-county-2026-2,38.457399,-96.168312,2026-07-23,exact,,until_date,,"[""solar""]","[""specific_project"",""other""]"
Kansas,KS,Marion County,County,"2026-03-02 (per Citizen Portal AI summary of the March 3, 2026 commission action)","Through 2027-06-01: Resolution No. 2026-12 (adopted 2026-03-02) originally ran through 2026-06-01; the Marion County BoCC unanimously adopted Resolution No. 2026-19 on 2026-05-11, extending the moratorium for one additional year, through 2027-06-01. (A separate Feb. 17, 2026 action had adopted a one-year battery-energy-storage moratorium expiring March 1, 2027; commissioners had earlier discussed a one-year pause on data centers but initially adopted a three-month interim instrument before extending it to a full year.)","Resolution No. 2026-12, ""A Resolution Providing for a Temporary Moratorium on the Acceptance of Applications Relating to the Establishment, Operation or Expansion of Data Centers within the Unincorporated Areas of Marion County, Kansas,"" citing K.S.A. 12-741 et seq. and K.S.A. 19-101 et seq. police power; passed and adopted March 2, 2026 (unanimous, 5-0; signed by Chairman Dave Crofoot, attested by County Clerk Ashley Herpich, county seal affixed). Extended one year by Resolution No. 2026-19, ""A Resolution Extending the Temporary Moratorium...,"" passed and adopted May 11, 2026 (unanimous, 5-0).",County commissioners sought time to understand battery storage and data centers after presentations from Flint Hills Rural Electric Cooperative and Kansas Electric Power Cooperative; concerns included safety and protecting county residents.,"Active; extended through 2027-06-01 by Resolution No. 2026-19 (unanimous BoCC vote, adopted 2026-05-11).",Data-center and related energy/discharge facilities exceeding 10 MW in unincorporated Marion County; staff stated the language excludes smaller stand-alone relay or hosting facilities.,Planning and zoning staff expected to prepare permanent rules.,False,0,0,High,extended,ks-marion-county-2026,38.373454,-97.130594,2026-03-02,exact,,until_date,,"[""data_center"", ""battery_storage""]","[""regulatory_gap"", ""infrastructure_capacity"", ""fire_safety"", ""land_use_compatibility""]"
Kansas,KS,McPherson County,County,2025-08-04,Initially through 2026-03-01; later extended to 2026-12-01 (Wichita Eagle and Citizen Journal reporting); extension instrument adopted alongside extensions of related BESS and hydrogen moratoria to 2026-09-01 [VERIFY signed extension resolution],"Resolution 2025-14 (adopted by unanimous voice vote per Citizen Portal AI summary of August 4, 2025 commission meeting); primary signed text not yet captured [VERIFY signed copy]","Planning staff requested time for the planning board to study data centers and cryptocurrency mining under the comprehensive plan and zoning regulations; concerns included noise, water usage, siting near substations and industrial zones, and conditional-use standards.","Active through 2026-12-01 based on Citizen Journal ""Commissioners extend moratoriums"" summary and Wichita Eagle reporting","Existing smaller Bitcoin/data-center operators (KV Enterprises) and a prospective 50 MW AI-scale proposal (Vincent Zottola, Midwest Mining/East Coast ASEC) were discussed at adoption per Citizen Portal AI meeting summary.",Planning board and county staff directed to develop zoning or comprehensive-plan amendments.,True,2,0,High,extended,ks-mcpherson-county-2025,38.365901,-97.657517,2025-08-04,exact,,until_date,,"[""data_center"", ""cryptocurrency_mining""]","[""regulatory_gap"", ""noise"", ""water"", ""infrastructure_capacity"", ""land_use_compatibility"", ""specific_project""]"
Kansas,KS,Riley County,County,"2026-05-18 (per news reporting: commissioners agreed in principle around April 2026, but the moratorium resolution was not signed/effective until May 18, 2026)","Six months: effective 2026-05-18 through 2026-11-12, per KMAN (1350kman.com) and WIBW reporting on the signed resolution",County Commission moratorium action [VERIFY resolution number from official minutes],"County commissioners wanted time to study data center and BESS impacts before making a firm policy decision; concerns included high electricity consumption, utility bills, and cooling water.",Active,Data centers and battery energy storage systems.,Study period for potential county policy or zoning standards.,True,1,0,High,active,ks-riley-county-2026,39.302635,-96.770934,2026-05-18,unverified,178,fixed_days,,"[""data_center"", ""battery_storage""]","[""regulatory_gap"", ""infrastructure_capacity"", ""water"", ""grid_energy""]"
Kansas,KS,Saline County,County,2026-03-17,"Three-year aggregate, structured as one year per covered category: 1 year data centers, 1 year nuclear power facilities, 1 year hydrogen-based energy facilities, per Salina Post interview with Commissioner Joe Hay; Wichita Eagle reported it as a three-year moratorium",County Commission action; resolution number not yet identified [VERIFY signed resolution from Saline County clerk],"Commissioners wanted to halt applications until regulations and resource needs were clear, after denial of a proposed battery energy storage system on a 4-1 supermajority vote in January 2026.",Active,"Data center, nuclear power, and hydrogen-based energy facility applications in unincorporated Saline County.",County planning process for regulations on covered facilities.,True,1,0,High,active,ks-saline-county-2026,38.770446,-97.666983,2026-03-17,exact,365,fixed_days,,"[""data_center""]","[""regulatory_gap"", ""infrastructure_capacity"", ""specific_project""]"
Kansas,KS,Sedgwick County,County,2026-01-14,"Initially 90 days through 2026-04-17 under Resolution 014-2026; on 2026-03-04 the BoCC voted unanimously to extend the moratorium to 2026-06-11; on 2026-05-06 (vote taken at the May 1, 2026 meeting per KWCH) the BoCC voted unanimously a second time to extend the moratorium to 2026-09-11","Resolution No. 014-2026 (""A Resolution Establishing an Interim Development Control and Providing for the Suspension of Certain Types of Use Applications and Building Permits""), adopted 2026-01-14, citing K.S.A. 12-741 et seq. and K.S.A. 19-101 et seq. police power (confirmed from the signed resolution PDF); extended by a BoCC resolution adopted 2026-03-04 (to 2026-06-11), and extended a second time by a BoCC resolution adopted 2026-05-06 (to 2026-09-11) [VERIFY extension resolution number]","Wichita-Sedgwick County Unified Zoning Code did not define data centers; county had increased inquiries for potential projects, especially in unincorporated western Sedgwick County.","Active through 2026-09-11. After the initial 2026-03-04 extension (to 2026-06-11), the BoCC voted unanimously again on 2026-05-06 to extend the interim development control a second time, to 2026-09-11, at planning staff's request to satisfy Kansas's 20-day public-notice requirement before the Metropolitan Area Planning Commission considers new data-center zoning rules.",Monarch Energy and NextEra Energy land-acquisition activity in western Sedgwick County; no filed applications identified at adoption.,"Wichita-Sedgwick County Metropolitan Area Planning Department prepared a data center white paper recommending definition, classification, conditional use review, overlay options, or prohibition of hyperscale facilities.",True,1,0,High,extended,ks-sedgwick-county-2026,37.644815,-97.464139,2026-01-14,exact,90,fixed_days,2026-09-11,"[""data_center""]","[""regulatory_gap"", ""specific_project"", ""land_use_compatibility""]"
Kentucky,KY,Ashland,City,"2026-02-26 per a WSAZ headline (""Ordinance passed for data center applications""); this reads as the initial temporary moratorium, later replaced before its natural expiration by a permanent zoning ordinance given first/second readings on 2026-07-23/2026-07-24",Reported as roughly 6 months; superseded before expiration by a permanent conditional-use zoning ordinance,Temporary City Commission moratorium ordinance (Boyd County); ordinance number not located in sources reviewed,Rubix Data Centers' proposed roughly 2-gigawatt data center campus near the former Ashland steel mill site prompted the Commission to pause new applications to study zoning ordinances,"Replaced. A July 25, 2026 news account describes Ashland as having been ""under a moratorium for the construction and operation of data centers"" for ""the last five-plus months,"" superseded when the City Commission passed permanent conditional-use zoning restrictions (I-2 heavy-industrial only, 1,500-ft residential setback, 50,000 sq ft cap, 45-ft height limit, 55dB noise limit, water-use cap) on first and second readings 2026-07-23/24, before the moratorium's own term would have lapsed. [VERIFY instrument number; primary source (news-only evidence) not confirmed at confidence 0.55 in the 2026-07 refresh]",Rubix Data Centers' proposed ~2 GW data center campus near the former Ashland steel mill site,"Temporary moratorium adopted, then superseded by a permanent conditional-use zoning ordinance",True,1,0,Medium,replaced,ky-ashland-2026,38.478414,-82.637939,2026-02-26,unverified,180,fixed_days,,"[""data_center""]","[""specific_project"",""regulatory_gap"",""land_use_compatibility""]"
Kentucky,KY,Bell County,County,"July 2, 2026 (Fiscal Court second-reading vote, moved up from a scheduled July 14 date, per WYMT)",2 years (24 months),Bell County Fiscal Court moratorium on data center construction; instrument number not located in sources reviewed,"Adopted to halt a Murray Industries data center project after land clearing had begun, following resident opposition over water, noise, and road concerns raised at the June 26 first reading.","Active as of 2026-07-31; approved without opposition on 2026-07-02, reported as halting the Murray Industries project. [VERIFY instrument number; primary source (news-only evidence) not confirmed at confidence 0.6 in the 2026-07 refresh]",Murray Industries data center project (construction/land-clearing halted per WYMT).,Adopted two-year moratorium on data center construction.,True,1,0,Medium,active,ky-bell-county-2026,36.737034,-83.649169,2026-07-02,exact,730,fixed_days,,"[""data_center""]","[""specific_project"",""water"",""noise"",""infrastructure_capacity""]"
Kentucky,KY,Boyle County,County,"June 9, 2026 (Fiscal Court approval of Resolution 2026.06.09)",12 months,Resolution 2026.06.09 (Boyle County Fiscal Court),"Pause on accepting, reviewing, processing, or approving data center applications and permits in unincorporated Boyle County while the Planning and Zoning Commission studies the issue and considers zoning ordinance updates.",Active as of 2026-07-31; may be ended early or extended by later Fiscal Court action.,,Adopted 12-month moratorium on data center applications/permits in unincorporated Boyle County.,False,0,0,Medium,active,ky-boyle-county-2026,37.624094,-84.854057,2026-06-09,exact,365,fixed_days,,"[""data_center""]","[""regulatory_gap"",""land_use_compatibility""]"
Kentucky,KY,Breckinridge County,County,2025-12-05,365 days,Ordinance 2025-1117A (AI Data Center Moratorium),Concerns about AI and data center facility impacts; need for regulatory framework,Active through approximately December 2026,Not specified in ordinance text,Pending development of permanent regulations,False,0,0,Low,active,ky-breckinridge-county-2025,37.740639,-86.410935,2025-12-05,exact,365,fixed_days,,"[""data_center""]","[""regulatory_gap"", ""land_use_compatibility""]"
Kentucky,KY,Bullitt County,County,"July 21, 2026 (Fiscal Court approval, per Spectrum News 1)",12 months,Bullitt County Fiscal Court moratorium ordinance on new data center developments; instrument number not located in sources reviewed,Adopted to allow time to develop data center regulations; officials said no current project had been proposed in the county.,Active as of 2026-07-31; allows earlier termination or extension by the Fiscal Court. [VERIFY instrument number; primary source (news-only evidence) not confirmed at confidence 0.55 in the 2026-07 refresh],None identified; officials said no developer had proposed a project.,Adopted 12-month moratorium on new data center developments.,True,1,0,Medium,active,ky-bullitt-county-2026,37.974950,-85.674239,2026-07-21,exact,365,fixed_days,,"[""data_center""]","[""regulatory_gap""]"
Kentucky,KY,Cave City,City,2026-05-12 City Council rejected a proposed joint-planning-commission zoning ordinance and instead voted to pursue a moratorium; the moratorium was finalized on second reading 2026-05-21 (per WNKY and WCLU Radio),One year,City council moratorium ordinance/order; ordinance number not located in sources reviewed,"Kentucky Industrial Alliance's May 1, 2026 submission of plans for a roughly 600-acre, 1.2 GW AI/cloud data-center campus near Mammoth Cave National Park; the council chose a pause for community input over the proposed joint zoning regulations","Active as of 2026-07-31 but under legal challenge. Kentucky Industrial Alliance filed suit around 2026-06-08 challenging the moratorium's procedure, and a second, separate suit filed around 2026-07-07 challenges a related annexation. Cave City moved to dismiss the moratorium suit (per a 2026-07-02 Bowling Green Daily News article); no ruling was located as of the research date. [VERIFY instrument number; primary source (news-only evidence) not confirmed at confidence 0.6 in the 2026-07 refresh]",Kentucky Industrial Alliance's proposed 1.2 GW / ~600-acre AI/cloud data center campus near Mammoth Cave National Park,One-year moratorium adopted in lieu of proposed zoning regulations; now facing litigation,True,1,0,Medium,active,ky-cave-city-2026,37.136754,-85.956217,2026-05-21,exact,365,fixed_days,,"[""data_center""]","[""specific_project"",""regulatory_gap"",""land_use_compatibility""]"
Kentucky,KY,City of La Grange,City,2025-06-02,150 days initially; extension ordinance identified but final term needs confirmation,"Ordinance No. 10, Series 2025; Ordinance No. 17-2025 listed as ""An Ordinance Extending Moratorium""","Increased data center interest in Oldham County; infrastructure, energy, land-use, environmental, and regulatory-gap concerns","Ordinance 17-2025 extended the moratorium by 150 days, approved unanimously at the City Council's meeting reported November 10, 2025 (the prior moratorium had expired October 30, 2025 per the ordinance). That places the extension's own computed term at roughly early-to-mid April 2026. The City of La Grange's official ordinance index (lagrangeky.gov/ordinances, checked 2026-07-31 and current through ordinances dated late June 2026) lists 2026 ordinances 01, 02, 05, 07, and 09 through 13 -- covering code-enforcement duties, a zoning map amendment, sign regulations, an annexation, and FY2026-27 budgets -- with no ordinance addressing data centers, a further moratorium extension, or permanent data-center zoning regulations. No City Council action on data centers has been identified since Ordinance 17-2025.","Project Lincoln / OC Data Center area proposals; new applications paused, filed applications exempted","The 150-day extension (Ordinance 17-2025) has run its course (computed term ending roughly April 2026) with no further extension or permanent replacement ordinance appearing in the city's own current ordinance index through late June 2026, indicating the moratorium has lapsed on its own terms.",False,0,0,Medium,expired,ky-la-grange-2025,38.407553,-85.378825,2025-06-02,exact,150,fixed_days,,"[""data_center""]","[""specific_project"", ""regulatory_gap"", ""infrastructure_capacity"", ""environmental"", ""grid_energy"", ""land_use_compatibility""]"
Kentucky,KY,Daviess County,County,First reading held 2026-05-14/15; Fiscal Court gave final approval 2026-05-28 (per WFIE 14 News and owensborotimes.com),One year,Fiscal Court order; order number not located in sources reviewed,Resident concern and speculation over a possible Owensboro-area data center project,Active as of 2026-07-31 (one-year term would run to approximately May 2027); no rescission or extension was located. [VERIFY instrument number; primary source (news-only evidence) not confirmed at confidence 0.55 in the 2026-07 refresh],Speculative/rumored Owensboro-area data center project; no specific developer named in coverage,One-year moratorium on data center applications adopted by unanimous (4-0) Fiscal Court vote,True,1,0,Medium,active,ky-daviess-county-2026,37.687792,-87.081836,2026-05-28,exact,365,fixed_days,,"[""data_center""]","[""regulatory_gap"",""specific_project""]"
Kentucky,KY,Edmonson County,County,"June 8, 2026 (Fiscal Court adoption; ordinance effective immediately upon passage and publication per WNKY reporting and the ordinance text)",12 months (one year),"Ordinance EC26-18 (Edmonson County Fiscal Court), an ordinance imposing a temporary moratorium on data centers, AI facilities, and cryptocurrency mining operations","County-wide pause adopted to allow study of infrastructure, public-safety, land-use, environmental, and quality-of-life effects of data centers, AI facilities, and cryptocurrency mining before any such facility could be permitted.","Active as of 2026-07-31; enacted June 8, 2026 for a one-year term. Bars new permits, licenses, rezonings, approvals, construction, expansion, and operation of covered facilities; existing lawful facilities and ordinary commercial computer use are excluded.","Not identified in reviewed sources; ordinance is prospective and covers new data centers, AI facilities, and cryptocurrency mining operations.",Adopted; in effect through approximately 2027-06-08 absent earlier Fiscal Court action.,False,0,0,Medium,active,ky-edmonson-county-2026,37.199918,-86.220674,2026-06-08,exact,365,fixed_days,,"[""data_center"",""cryptocurrency_mining""]","[""regulatory_gap"",""infrastructure_capacity"",""environmental"",""land_use_compatibility""]"
Kentucky,KY,Lexington-Fayette,Other,"2026-06-09, Lexington-Fayette Urban County Council unanimous resolution","Through October 31, 2026 (approximately 4.5 months from adoption)",Urban County Council resolution; resolution number not located in sources reviewed,DartPoints Operating Company's $29 million purchase (closed 2026-05-15) of the former Lexmark property at 745 W. New Circle Road for data center development,"Active as of 2026-07-31. The Planning Commission held a public hearing 2026-07-30 and recommended stricter permanent zoning (banning major data centers over 50,000 sq ft outside industrial-type zones, 1,000-1,500 ft setbacks, a 25 MW cap, plus noise/cooling limits); the recommendation goes to the full Council after summer recess with no final vote date set as of the research date. [VERIFY instrument number; primary source (news-only evidence) not confirmed at confidence 0.6 in the 2026-07 refresh]","DartPoints' planned data center development of the former Lexmark property, 745 W. New Circle Road","Council-adopted resolution blocking data center development plans, approvals, and zone changes through October 31, 2026 while permanent regulations are drafted",True,1,0,Medium,active,ky-lexington-fayette-2026,38.036809,-84.423935,2026-06-09,exact,,until_date,,"[""data_center""]","[""specific_project"",""regulatory_gap"",""land_use_compatibility""]"
Kentucky,KY,Meade County Fiscal Court,County,2026-01-13,"12 months / 365 days, unless terminated earlier or extended",Ordinance No. 2025-07,"County zoning ordinance and comprehensive plan did not specifically address data center development; need to review infrastructure, environmental, and land-use compatibility impacts",Active; expected to run until 2027-01-13 unless replaced or extended,Meade County data center / IT infrastructure applications generally; no specific paused project confirmed in captured primary text,"Planning and Zoning Commission directed to evaluate impacts, zoning districts, performance standards, and text amendments",False,0,0,Medium,active,ky-meade-county-fiscal-court-2026,37.931337,-86.190223,2026-01-13,exact,365,fixed_days,,"[""data_center""]","[""regulatory_gap"", ""infrastructure_capacity"", ""environmental"", ""land_use_compatibility""]"
Kentucky,KY,Mercer County Fiscal Court,County,"First reading only, approved 2026-07-28; not yet finally adopted as of this research date","12 months upon passage, or until the Fiscal Court adopts permanent data center regulations, whichever occurs first",Proposed Fiscal Court ordinance (first reading approved 2026-07-28; ordinance number not captured),Concern over data center siting ahead of permanent regulations from the Joint Planning and Zoning Commission,Pending as of 2026-07-31: Fiscal Court approved first reading on 2026-07-28; a second reading/final vote had not yet occurred as of this research date. Would not apply to any data center application already complete and accepted for filing.,Not specified; existing complete applications are expressly exempted,Pending second reading and final Fiscal Court vote,False,0,0,Medium,pending,ky-mercer-county-fiscal-court-undated,37.808758,-84.876084,,unverified,365,fixed_days,,"[""data_center"",""cryptocurrency_mining""]","[""regulatory_gap"",""specific_project""]"
Kentucky,KY,Nelson County,County,"July 7, 2026 (Fiscal Court unanimous adoption of Resolution 13-2026, effective immediately)",12 months (immediate),Resolution 13-2026 (Nelson County Fiscal Court),"Immediate pause on accepting, processing, or approving applications for data centers of any size, supporting structures, and data storage facilities, following public comment.",Active as of 2026-07-31; effective immediately upon adoption for a 12-month term.,,Adopted; in effect through approximately 2027-07-07 absent earlier action.,False,0,0,Medium,active,ky-nelson-county-2026,37.807846,-85.474159,2026-07-07,exact,365,fixed_days,,"[""data_center""]","[""regulatory_gap"",""land_use_compatibility""]"
Kentucky,KY,Oldham County Fiscal Court,County,2025-06-26 (per Oldham Era public notice scheduling second reading/public hearing/adoption for that date); signed-ordinance date with vote tally not separately retrieved [VERIFY: signed ordinance copy with vote tally not retrieved as of 2026-04-29],150 days initially; later extended until data center regulations are approved,Ordinance KOC 25-910-508; extension KOC 25-910-520,"Increased data center siting interest; infrastructure, utility capacity, energy use, land use, and environmental sustainability concerns; zoning rules did not adequately address data centers","Still in effect as of 2026-07-31. The Oldham County Planning & Zoning Commission voted unanimously on 2026-06-23 to forward revised zoning text amendments to the Fiscal Court. The Fiscal Court held a first reading of the resulting ordinance (KOC 26-920-5, 'zoning text amendments of the comprehensive zoning ordinance') at a special meeting on 2026-06-29, per the Court's own posted agenda. A closed session on pending/proposed litigation was held 2026-07-14 (subject not specified on the public agenda). A second reading of KOC 26-920-5 was calendared for the Fiscal Court's 2026-07-21 meeting per the Court's own posted agenda. As of this research date, no signed minutes confirming the outcome of that July 21 second reading had been posted publicly, so whether KOC 26-920-5 has been finally adopted -- which would likely supersede the moratorium -- remains unconfirmed.",Project Lincoln / OC Data Center proposal near La Grange; reporting describes a withdrawn proposal after intense public pushback,"After the January 2026 remand, the Planning & Zoning Commission's revised regulations reached the Fiscal Court as KOC 26-920-5, with first reading 2026-06-29 and second reading calendared 2026-07-21. Passage of second reading was not confirmed in public records as of 2026-07-31; the moratorium (KOC 25-910-508, extended by KOC 25-910-520 'until data center regulations are approved') remains the best-supported operative instrument pending that confirmation.",True,1,0,Medium,extended,ky-oldham-county-fiscal-court-2025,38.404769,-85.476832,2025-06-26,unverified,150,fixed_days,,"[""data_center""]","[""specific_project"", ""regulatory_gap"", ""infrastructure_capacity"", ""environmental"", ""grid_energy"", ""land_use_compatibility""]"
Kentucky,KY,Versailles,City,"June 16, 2026 (City Council adoption of Resolution 2026-8)","Through December 31, 2026",Resolution 2026-8 (Versailles City Council),"Pause on specified zone-map amendments, development plans, permits, approvals, and authorizations for data centers, to allow review and possible amendment of the city's land-use rules; applications filed before adoption are excluded.","Active as of 2026-07-31; runs through December 31, 2026 by its terms.",,Adopted; moratorium runs through 2026-12-31.,False,0,0,Medium,active,ky-versailles-2026,38.052576,-84.729946,2026-06-16,exact,,until_date,,"[""data_center""]","[""regulatory_gap"",""land_use_compatibility""]"
Louisiana,LA,New Orleans,City,2026-01-28,"One year from adoption, subject to one 180-day extension under City Charter Section 3-126","City Council Motion No. M-26-63 (adopted 2026-01-28; interim zoning district + permitting hold, implemented via Zoning Docket 037/26); companion Motion No. M-26-62 (adopted the same day; directs the City Planning Commission to study and recommend permanent Comprehensive Zoning Ordinance text amendments defining and regulating data centers, implemented via Zoning Docket 036/26). Both motions were introduced by Councilmembers Morrell and Hughes (by request).","Existing Comprehensive Zoning Ordinance did not include data centers as a use classification; concerns included electrical grid capacity and reliability, generator and cooling noise, air quality, development density, limited street activation, and compatibility with surrounding uses","Active. The City Planning Commission approved Zoning Docket 037/26 (the Data Center Interim Zoning District text amendment implementing M-26-63) by a 7-0 vote at its April 28, 2026 meeting, following the staff recommendation of approval; the companion Zoning Docket 036/26 (permanent CZO text amendment implementing M-26-62) was deferred at the same meeting. The interim permitting hold under M-26-63 has been in effect since City Council adoption on 2026-01-28 and continues while the CPC's recommendation on ZD 037/26 awaits final City Council action; no evidence of final Council adoption of either text amendment was found as of the 2026-07-31 research date.",Proposed MS Solar Grid Data project near Interstate 10 and Read Boulevard in New Orleans East; no MW amount identified,"Pending permanent CZO recommendations on definitions, use permissions, district limits, density requirements, soundproofing, safety measures, and quality-of-life standards",False,0,0,Low,active,la-new-orleans-2026,29.956142,-90.073393,2026-01-28,exact,365,fixed_days,,"[""data_center""]","[""specific_project"", ""regulatory_gap"", ""infrastructure_capacity"", ""noise"", ""environmental"", ""grid_energy"", ""land_use_compatibility""]"
Louisiana,LA,St. Charles Parish,Parish,Not enacted,"Proposed 12 months, amended to 8 months before final rejection","File No. 2026-0114, proposed ordinance to enact a moratorium on permitting, consideration, approval, location, construction, and/or installation of data center facilities","Council sponsors sought time to adopt parish-specific data center regulations addressing design, size, location, and operation","The moratorium proposal remains rejected (council vote 5-3 against, per Herald Guide coverage dated the meeting as Monday, April 6/reported April 7, 2026). The Parish Council subsequently adopted a permanent data-center zoning ordinance at its June 1, 2026 meeting, unanimously per Herald Guide, establishing the parish's first data-center-specific zoning standards: data centers are permitted in M-1 and M-2 industrial districts, subject to a 300-foot buffer from residential districts, schools, day cares, nursing homes, assisted-living facilities and parks; a 25-foot landscape buffer where adjacent to those uses; a 55 dBA noise cap at sensitive edges; and on-site primary energy generation reserved for the M-2 district. No moratorium was ever in force, but the permanent ordinance directly addresses the regulatory gap that motivated the moratorium proposal.",No specific project identified in official minutes; local reporting described the measure as proactive,"Moratorium proposal failed (5-3 against, per Herald Guide). Parish President Matthew Jewell's follow-up data-center zoning ordinance was introduced and scheduled for the May 18, 2026 council meeting, and the Parish Council unanimously adopted the resulting zoning regulations at its June 1, 2026 meeting, per Herald Guide -- making St. Charles Parish the first parish in southeast Louisiana with dedicated data-center zoning rules, addressing the same underlying siting/design/operations concerns the moratorium had been intended to pause development for.",False,0,0,Low,replaced,la-st-charles-parish-undated,29.888318,-90.379497,,unverified,365,fixed_days,,"[""data_center""]","[""regulatory_gap"", ""land_use_compatibility""]"
Maine,ME,Bangor,City,2026-04-13,180 days; ordinance text states repeal on 2026-08-09 or earlier if replacement land-use amendments take effect,"City Council Ordinance 26-138, ""Moratorium Ordinance on Data Centers in the City of Bangor""; cites 30-A M.R.S.A. 4356(1)(B)","Sudden development pressure; lack of use-specific standards; concerns about electricity use, water use, cooling, air and water pollution, noise, land consumption, water supply, wastewater infrastructure, grid resilience, and impacts on neighboring property owners","Active as of 2026-07-31. Official City Council minutes confirm Ordinance 26-138 was adopted at the April 13, 2026 regular meeting: the Council first voted 9-0 to waive the requirement of reading on two separate days, then voted 9-0 for final passage the same night.",No named project identified in the city packet or captured news coverage,Pending. The moratorium directs the city to develop Land Development Code amendments and related standards before new data center applications proceed.,False,0,0,Medium,active,me-bangor-2026,44.801626,-68.771329,2026-04-13,exact,180,fixed_days,,"[""data_center""]","[""regulatory_gap"", ""infrastructure_capacity"", ""environmental"", ""noise"", ""water"", ""grid_energy"", ""land_use_compatibility"", ""property_values""]"
Maine,ME,Brunswick,Town,"2026-06-01, Town Council adoption",180 days from effective date,"Data Center Moratorium Ordinance, adopted under 30-A M.R.S. sections 3001 and 4356","Proactive council action amid rising developer interest in siting data centers; concerns about demand on electrical and water infrastructure, PFAS, and other environmental impacts","Active as of 2026-07-31 (180-day window runs to approximately late November 2026). A July 27, 2026 Planning & Development staff memo to the Town Council confirms the moratorium remains in force while staff draft permanent zoning standards for Council review.",None named; enacted preemptively ahead of any specific pending application,"180-day moratorium on new, enlarged, or expanded data centers of 1 MW or greater electrical capacity",False,0,0,Medium,active,me-brunswick-2026,43.916653,-69.965944,2026-06-01,exact,180,fixed_days,,"[""data_center""]","[""regulatory_gap"",""infrastructure_capacity"",""grid_energy"",""water"",""environmental""]"
Maine,ME,Gorham,Town,"2026-06-02, Town Council adoption, 7-0 vote",Six months (180 days) while the town researches regulations for large-scale data center facilities; contemporary reporting said the pause could be extended for another 180 days if necessary,Town Council ordinance/order (exact instrument number and statutory citation not located in sources reviewed),Town researching regulations for large-scale data center facilities,"Active per local reporting as of 2026-07-31; the enacted ordinance text was not located in the town's current web archive, so its exact application language remains unverified [VERIFY instrument number; primary source (news-only evidence) not confirmed at confidence 0.6 in the 2026-07 refresh]",,,True,1,0,Medium,active,me-gorham-2026,43.679733,-70.442959,2026-06-02,exact,180,fixed_days,,"[""data_center""]","[""regulatory_gap""]"
Maine,ME,Sanford,City,"On or about 2026-05-19, reported as an emergency moratorium; primary ordinance text/order number not located",Initial 91-day emergency pause extended by City Council for an additional 180 days on 2026-08-04.,Emergency moratorium order; exact citation not located,A proposed data center project along/near the Mousam River,Extended and active as of 2026-08-19. Sanford City Council unanimously extended the emergency data-center moratorium by 180 days on 2026-08-04. [VERIFY: signed extension order/ordinance number not located],Proposed data center project near the Mousam River,Emergency moratorium halting a specific pending data-center project,True,1,0,Medium,extended,me-sanford-2026,43.438718,-70.774622,2026-05-19,range,,until_event,,"[""data_center""]","[""specific_project"",""water"",""environmental""]"
Maine,ME,Scarborough,Town,"2026-06-03, Town Council adoption","180 days, or until a new and revised set of regulations is adopted, whichever occurs first","Ordinance Establishing a Temporary Moratorium on Data Centers, adopted under 30-A M.R.S. section 4356","Increasing developer interest in siting data centers; existing zoning ordinance deemed inadequate to address grid, water, traffic, and noise impacts. Applies retroactively to any application submitted on or after 2026-04-01.",Active as of 2026-07-31 (180-day window runs to approximately early December 2026 absent extension or earlier replacement by permanent regulations).,Not tied to a single named project; applies retroactively to applications submitted on/after 2026-04-01,"180-day moratorium on data center siting, permitting, construction, or operation",False,0,0,Medium,active,me-scarborough-2026,43.589506,-70.334551,2026-06-03,exact,180,fixed_days,,"[""data_center""]","[""regulatory_gap"",""grid_energy"",""water"",""noise"",""infrastructure_capacity""]"
Maine,ME,Westbrook,City,"2026-06-01, City Council adoption, Order 2026-66, vote 6-0 (Councilor Faulkingham absent)",180 days from effective date,"Order 2026-66, Adopting a Data Center Moratorium Ordinance, under 30-A M.R.S. sections 3001 and 4356","Statewide pattern of concern over grid strain, water/energy use, and environmental impact from data centers; the item was first discussed by the Housing & Economic Development Committee on 2026-05-18 before Council adoption",Active as of 2026-07-31 (180-day window runs to approximately late November 2026). The Council simultaneously referred a review of data-center definitions and regulations in the Land Use Ordinance to the Planning Board for permanent rulemaking.,None named; enacted preemptively,180-day moratorium ordinance adopted 6-0,False,0,0,Medium,active,me-westbrook-2026,43.676304,-70.366387,2026-06-01,exact,180,fixed_days,,"[""data_center""]","[""regulatory_gap"",""grid_energy"",""water"",""environmental""]"
Maryland,MD,Baltimore City,City,"2026-05-11 (Bill 26-0158 passed by City Council and sent to the Mayor for signature, per newsletter reporting)","One year, paired with a nine-month impact study",Baltimore City Council Bill 26-0158.,Not detailed in the available source beyond general data-center development concerns.,Passed by Council and sent to Mayor as of 2026-05-11; signature/enactment status not independently confirmed.,Data centers using 10 MW or more of power.,Nine-month impact study to run alongside the one-year moratorium.,False,0,0,Medium,pending,md-baltimore-city-2026,39.325973,-76.596759,2026-05-11,exact,365,fixed_days,,"[""data_center""]","[""other""]"
Maryland,MD,Baltimore County,County,2026-02-02 council enactment; applies retroactively to 2026-01-05 introduction,Until the earlier of 2027-01-01 or 90 days after the Planning Board submits its report,"Bill 3-26, Zoning Regulations - Data Center Study","County concern that Bill 54-24 had opened broad zoning pathways before the county had studied electricity demand, public water demand, siting, notice, public health, environmental, and incentive issues",Active,"Countywide suspension on accepting or approving development plans, zoning petitions, permits, and other approvals for data centers","Planning Board report due by 2026-10-01; possible recommendations include a ban, siting controls, permitting changes, notice requirements, and incentive limits",False,0,0,Medium,active,md-baltimore-county-2026,39.444524,-76.648348,2026-02-02,exact,,until_date,,"[""data_center""]","[""regulatory_gap"", ""infrastructure_capacity"", ""water"", ""grid_energy"", ""environmental"", ""land_use_compatibility""]"
Maryland,MD,Frederick County,County,"2026-07-01 (County Executive-announced pause via executive order(s), specific numbers not stated in the civic alert)","Through 2026-12-31, or until the State issues its Data Center Impact Analysis and Report, whichever is earlier",County Executive action following a Maryland Supreme Court ruling that a citizen referendum on the County's zoning ordinance restricting data centers to an area north of Adamstown could not appear on the fall 2026 ballot; two executive orders were signed halting acceptance/processing of new Critical Digital Infrastructure applications.,"Litigation/referendum uncertainty over the County's existing data-center zoning restriction, plus a pending state-level impact report.",Active as of 2026-07-01 announcement.,New applications for Critical Digital Infrastructure facilities or associated substations.,Pause intended to allow community engagement and to await the State's forthcoming data-center impact report before further zoning action.,False,0,0,Medium,active,md-frederick-county-2026,39.460848,-77.411813,2026-07-01,exact,,until_date,,"[""data_center""]","[""legal_or_litigation"",""regulatory_gap""]"
Maryland,MD,Howard County,County,"2026-06-01 (County Council passage, as amended); signed by County Executive 2026-06-04; effective 2026-08-04",Ends at the earliest specified policy milestone or 2027-11-02,CB31-2026 (the S.M.A.R.T. Siting Act),"Task force to study data center siting, a zoning definition, and recommendations; a public hearing and report are required within 12 months","Signed and enacted, but not yet in effect as of the 2026-07-31 reference date; Planning and Zoning is barred from accepting new data center plan submissions once effective on 2026-08-04, and the county opened Data Center Task Force applications on 2026-07-06",,"County Council passed CB31-2026 as amended; County Executive signed it 2026-06-04, with an effective date of 2026-08-04",False,0,0,Medium,pending,md-howard-county-2026,39.230529,-76.916624,2026-06-01,exact,,until_event,,"[""data_center""]","[""regulatory_gap""]"
Maryland,MD,Montgomery County,County,2026-07-28 (Council press release date; Expedited Bill 19-26 and companion Zoning Text Amendment 26-01),18 months from the bill's effective date (specific calendar end date not stated in the press release),Expedited Bill 19-26 (Department of Permitting Services barred from issuing data center permits during the moratorium) paired with Zoning Text Amendment 26-01 (prohibits hyperscale data centers countywide and redefines 'data center').,Council concern over unresolved zoning/permitting pathway for data centers following prior zoning changes; competing council proposals (6-month vs. 2-year) were reconciled into an 18-month compromise.,Active as of adoption 2026-07-28.,"Applications submitted before or after the bill's effective date, pending regulatory review, or approved without an issued building permit are subject to the moratorium.",Council intends to use the 18-month period to develop comprehensive data-center development guidelines in coordination with state officials.,False,0,0,Medium,active,md-montgomery-county-2026,39.140627,-77.207561,2026-07-28,exact,548,fixed_days,,"[""data_center""]","[""regulatory_gap"",""land_use_compatibility""]"
Maryland,MD,Prince George's County,County,"2025-09-16 (CR-098-2025); 2026-01-23 (EO 1-2026, later administratively extended through 2026-06-30 per news reporting); 2026-07-07 (CR-066-2026, new 2-year Council resolution, adopted 7-1 with 3 abstaining/absent)",CR-098-2025: 180 days or until comprehensive legislation; EO 1-2026: temporary hold from 2025-12-31 through 2026-04-30,CR-098-2025; Executive Order 1-2026; underlying task force created by CR-016-2025,"Community concerns and task force review of energy demand, ratepayer impacts, air, water, woodland, quality-of-life, revenue, and siting issues","Active. County Council adopted CR-066-2026 on 2026-07-07, establishing a new two-year moratorium (through mid-2028 or until comprehensive data-center zoning legislation is enacted, whichever is earlier) on accepting, reviewing, and approving qualified data-center building/grading permits and subdivision plans. This followed the County Executive's EO-based administrative hold, which had been extended past its original 2026-04-30 end date.","Preliminary plans of subdivision that include qualified data centers; executive hold on accepting, considering, and processing qualified data center permit applications","As of 2026-07-31, no comprehensive data-center zoning ordinance has been enacted. Instead, the Council extended the temporary pause via CR-066-2026 (2026-07-07, two years). A competing zoning proposal by Councilmember Wanika Fisher to permit data centers in specified rural/agricultural/residential zones (with site-plan review for campuses under 200 acres) was introduced around 2026-07-21 and was pending before the Planning Board as of that date; it had not passed as of 2026-07-31.",False,0,0,Medium,extended,md-prince-george-s-county-2025,38.803929,-76.851870,2025-09-16,exact,180,fixed_days,,"[""data_center""]","[""regulatory_gap"", ""infrastructure_capacity"", ""environmental"", ""water"", ""grid_energy"", ""land_use_compatibility"", ""other""]"
Maryland,MD,Proposed or Rejected Local Pauses,Aggregate meta-row,,,,,,,,False,0,0,Medium,pending,md-proposed-or-rejected-local-pauses-undated,,,,unverified,,unknown,,"[""general""]",[]
Maryland,MD,Washington County,County,2026-06-30 (Board of County Commissioners adoption and effectiveness),12 months,Ordinance ORD-2026-12,"Pause on accepting, processing, reviewing, or approving data center applications, plans, or requests while the county studies regulation",Active per signed ordinance and official index,,"Board of County Commissioners approved Ordinance ORD-2026-12, a 12-month moratorium",False,0,0,Medium,active,md-washington-county-2026,39.589350,-77.710254,2026-06-30,exact,365,fixed_days,,"[""data_center""]","[""regulatory_gap""]"
Maryland,MD,Worcester County,County,"2026-07-07 (Board of County Commissioners work session; a motion to prohibit data centers in every zoning district reportedly failed 2-4, after which a motion for a one-year moratorium was reportedly accepted unanimously) [VERIFY]","One year, while staff develop definitions, permitted locations, and operating standards","Commissioner motion reportedly accepted unanimously at the 2026-07-07 work session; no standalone ordinance or resolution number, and no approved minutes, were located as of 2026-07-31 [VERIFY]","County study of zoning definitions, permitted locations, and operating standards for data centers and cable landing stations","Unconfirmed as of 2026-07-31; the official meeting packet confirms the work session and proposed regulatory work, but the county archive did not provide approved minutes or a standalone moratorium instrument. [VERIFY] [VERIFY instrument number not confirmed at confidence 0.45 in the 2026-07 refresh]",,"Reported unanimous acceptance of a motion for a one-year moratorium so staff could develop data center definitions, permitted locations, and operating standards",True,4,0,Medium,pending,md-worcester-county-2026,38.223118,-75.331947,2026-07-07,unverified,365,fixed_days,,"[""data_center""]","[""regulatory_gap""]"
Massachusetts,MA,"Everett (restriction proposal, not moratorium)",City,2026-06-22 (final ordainment/second reading); initial enrollment/first-reading vote 2026-06-08.,Not a moratorium,"Proposed amendment to Section 37, Everett Docklands Innovation District zoning","Public opposition to possible data center uses at the former ExxonMobil/Docklands site; concerns over water, electricity, noise, heat, and environmental justice","Adopted. The Everett City Council enrolled the Section 37 (Docklands Innovation District) zoning amendment on 2026-06-08 and ordained (finally passed) it on 2026-06-22, converting data centers from a by-right to a restricted use with a combined footprint/power cap (the lesser of 20,000 square feet or 5 megawatts), required closed-loop cooling, funding of electric-system upgrades, backup generators, a minimum setback from housing, and a resident hiring preference.",No data center formally proposed; The Davis Companies has a master plan special permit for the Docklands redevelopment,"Adopted as a standing city ordinance amendment to Section 37 (not a moratorium -- no fixed sunset); restricts, rather than bans, data center development within the Docklands Innovation District.",False,0,0,Medium,active,ma-everett-2026,42.408590,-71.054200,2026-06-22,exact,,unknown,,"[""data_center""]","[""specific_project"", ""water"", ""grid_energy"", ""noise"", ""environmental"", ""land_use_compatibility""]"
Massachusetts,MA,"Gill (proposal, not enacted as of 2026-04-29)",Town,Not enacted; Annual Town Meeting scheduled 2026-05-04,"Proposed 2026-05-04 to 2027-05-03, if adopted","Proposed Section 18, Building-Integrated Energy Storage Systems (BESS) and Data Centers",Data centers undefined in Gill zoning bylaws; unique energy and noise impacts; related BESS state-regulatory uncertainty,Proposed,"Proposed to bar special permits, site plan approvals, building permits, zoning permits, certificates of occupancy, and other approvals for BESS or data centers townwide","If adopted, Planning Board would study regulations for consideration at spring 2027 Town Meeting.",False,0,0,Medium,pending,ma-gill-2026,42.641197,-72.499342,,unverified,365,fixed_days,,"[""data_center"", ""battery_storage""]","[""regulatory_gap"", ""noise"", ""grid_energy"", ""legal_or_litigation""]"
Massachusetts,MA,"Heath (proposal, not enacted as of 2026-04-29)",Town,Not enacted; Annual Town Meeting scheduled 2026-05-09,Proposed one year from effective date,"Proposed Zoning Bylaw Section 6.11, submitted by Planning Board and recommended by Select Board",Need to study BESS and data centers and develop zoning controls consistent with state siting and permitting requirements,Proposed,"Proposed to bar special permits, site plan approvals, building permits, zoning permits, certificates of occupancy, and other approvals for BESS or data centers townwide","If adopted and later approved by the Attorney General, Planning Board would study BESS and data center zoning during the moratorium.",False,0,0,Medium,pending,ma-heath-2026,42.673678,-72.822271,,unverified,365,fixed_days,,"[""battery_storage"", ""data_center""]","[""regulatory_gap"", ""fire_safety"", ""land_use_compatibility""]"
Massachusetts,MA,Lowell,City,2026-03-10,360 days; one optional extension up to 180 days by two-thirds City Council vote,"Ordinance amending Chapter 290, Article II, Article VII Section 7.11, and Article XII of the Lowell Zoning Code","Zoning code gap, Markley facility expansion concerns, neighborhood air/noise impacts, diesel generators, water and power capacity, and environmental justice concerns",Active,"New data center construction and development citywide; new expansion of existing data centers. The Markley Group Lowell facility (352,000 sq ft) is the central local controversy. MW capacity of the existing Markley Lowell facility is not publicly disclosed in captured records [VERIFY: Markley Lowell facility MW not publicly disclosed; the Boston Markley facility is reported at 30 MW in operator materials, but Lowell-specific MW not located].",City staff must study impacts and draft zoning recommendations; staff must also consider enforcement policies and a community benefit agreement requirement.,True,1,0,Medium,active,ma-lowell-2026,42.641444,-71.308533,2026-03-10,exact,360,fixed_days,,"[""data_center""]","[""specific_project"", ""regulatory_gap"", ""infrastructure_capacity"", ""environmental"", ""noise"", ""water"", ""grid_energy"", ""land_use_compatibility""]"
Massachusetts,MA,Malden,City,"City Council vote reported 2026-05-05 (unanimous, per Neighborhood View); a second outlet describes a June 16, 2026 effective date, consistent with a two-reading enrollment/ordainment process, but that detail was not independently verified.",One year,"Malden City Council ordinance amendment (a second, unverified report cites zoning code sections 12.32.050, 12.12.030, 12.32.060, and 12.32.030)","The city had no existing ordinance addressing data centers; the Council acted preemptively, before any specific project proposal, to give its Economic Development Committee time to study infrastructure, environmental, and health impacts.",Adopted; one-year pause on data centers to allow Economic Development Committee study.,None named; general/preemptive moratorium.,One-year moratorium on data centers adopted unanimously by the City Council.,False,0,0,Medium,active,ma-malden-2026,42.426848,-71.068374,2026-05-05,range,365,fixed_days,,"[""data_center""]","[""regulatory_gap"",""infrastructure_capacity"",""environmental""]"
Massachusetts,MA,Shutesbury,Town,2025-09-30,Until 2026-06-30,"Special Town Meeting Article 10; Zoning Bylaw Section 8.13, with amendments to Section 3.1-1 Use Table and Section 13.2 definitions","Planning Board need to study an undefined land use; concerns about water consumption, discharge, energy demand, noise, lighting, security, backup diesel generation, and possible well impacts","The temporary moratorium (Special Town Meeting Article 10, effective through 2026-06-30) expired on schedule. No article proposing a permanent Section 8.13 data center zoning bylaw appeared anywhere on the 33-article warrant for the 2026 Annual Town Meeting (held 2026-05-09), and the town's official Zoning Bylaw Maps and Amendments page (checked 2026-07-31) still lists only the September 2025 temporary moratorium among recent amendments, with no 2026 entry. Data centers are therefore currently unregulated by any dedicated Shutesbury zoning provision.",New applications for or building of data centers townwide; no named project or MW identified,"Moratorium adopted with data centers listed as prohibited in all four zoning districts (RR, FC, TC, LW); Planning Board anticipated a full bylaw amendment for spring 2026 Town Meeting.",False,0,0,Medium,expired,ma-shutesbury-2025,42.452152,-72.409797,2025-09-30,exact,,until_date,,"[""data_center""]","[""regulatory_gap"", ""water"", ""grid_energy"", ""noise"", ""infrastructure_capacity"", ""environmental"", ""land_use_compatibility""]"
Massachusetts,MA,Westfield,City,City Council gave Ordinance No. 1805 its second reading and final passage on 2026-07-06; mayoral approval recorded 2026-07-07.,"Prohibits the permitting, construction, expansion, conversion, establishment, or operation of data centers through 2027-07-06; bars acceptance or approval of applications; stays pending applications; directs the Natural Resources Committee to review environmental, public health, and infrastructure impacts.","Ordinance No. 1805, City of Westfield","Study of environmental, public health, and infrastructure impacts of data center development; public comments raised water, environmental, and cost concerns.",Active as of 2026-07-31; one-year moratorium effective through 2027-07-06.,,,False,0,0,Medium,active,ma-westfield-2026,42.120541,-72.748916,2026-07-06,exact,365,fixed_days,,"[""data_center""]","[""environmental"",""infrastructure_capacity"",""water""]"
Michigan,MI,Allendale Township,Township,2026-06-08,"One year, or until permanent regulations are adopted, whichever occurs first; extension permitted","Ordinance 2026-07, under the Michigan Zoning Enabling Act (PA 110 of 2006)","Proactive pause on data center, battery energy storage, and large-scale solar and wind applications pending permanent regulations",Active as of 2026-07-31,,"Township Board approved Ordinance 2026-07, pausing applications for data centers, battery storage, and large-scale solar and wind for one year or until permanent regulations are adopted",False,0,0,High,active,mi-allendale-township-2026,42.982786,-85.949814,2026-06-08,exact,365,fixed_days,,"[""data_center"",""battery_storage"",""solar"",""wind""]","[""regulatory_gap""]"
Michigan,MI,Armada Township,Township,2026-01-14,"180 days from January 14, 2026 (Resolution No. 2026-02); extended an additional 180 days from June 10, 2026 by Resolution No. 2026-10","Resolution No. 2026-02 (adopted January 14, 2026, unanimous 5-0), extended by Resolution No. 2026-10 (adopted June 10, 2026)","Recent growth in the building of data centers in the region; the Board sought time for Planning Commission review, resident input, and legal analysis of appropriate zoning standards","Active (extended); Resolution No. 2026-10 extended the moratorium an additional 180 days from June 10, 2026, so the moratorium remains in force as of 2026-07-31",Not specified,"Pending; Township Board, staff, and legal counsel continuing to study data center regulations during the extended moratorium period",False,0,0,High,extended,mi-armada-township-undated,42.850003,-82.923275,2026-01-14,exact,180,fixed_days,2026-12-07,"[""data_center""]","[""specific_project""]"
Michigan,MI,Big Rapids Charter Township,Township,2026-02-23,"1 year, subject to extensions of 6 months or less by resolution",Big Rapids Charter Township Data Center Moratorium Ordinance,"Public and township-official concerns over water use, energy use, noise, design, size, location, and operation",Active as of 2026-04-29,Not specified,Township will study and potentially enact data center regulations; waiver process applies after extensions beyond 12 months,False,0,0,High,active,mi-big-rapids-charter-township-2026,43.013441,-85.608119,2026-02-23,exact,365,fixed_days,,"[""data_center""]","[""water"", ""grid_energy"", ""noise"", ""land_use_compatibility""]"
Michigan,MI,Bruce Township,Township,Late December 2025 (Board of Trustees vote reported as occurring 'just days before Christmas'; The Record's article on the vote is dated 2025-12-31),"Six months from initial adoption (per May 27, 2026 Record reporting), with a two-month extension approved March 4, 2026, and further ordinance amendments approved in late May 2026 as the six-month period expired",Bruce Township Board of Trustees moratorium covering all applications for Industrial Research Office (IRO) and Light Industrial zoning; specific resolution number not located,Regional data center development wave across SE Michigan [VERIFY],Active [VERIFY],Not specified,"Pending; as the six-month moratorium neared expiration in May 2026, the Board approved a resolution adding new provisions to the township's data center ordinance rather than allowing the moratorium to simply lapse",True,2,0,High,active,mi-bruce-township-undated,42.846626,-83.041540,,month_only,,unknown,,"[""data_center""]","[""specific_project""]"
Michigan,MI,Caledonia Township,Township,Original enactment date not established in the record reviewed; board unanimously extended the existing moratorium on 2026-06-03,Extended through 2026-10-17 by the 2026-06-03 board vote; original enactment date and initial term not located,Township moratorium on zoning and building review for data centers and digital mining operations (original ordinance/resolution number not located),Proactive pause on zoning and building review for data centers and digital mining operations; specific trigger not stated in the record reviewed,"Active as of 2026-07-31; running through 2026-10-17 per the June 3, 2026 extension vote [VERIFY instrument number; adoption date not confirmed at confidence 0.55 in the 2026-07 refresh]",,Board unanimously extended the moratorium on zoning and building review for data centers and digital mining operations through 2026-10-17,True,1,0,High,active,mi-caledonia-township-undated,44.814831,-83.617911,,unverified,,until_date,,"[""data_center"",""cryptocurrency_mining""]","[""regulatory_gap""]"
Michigan,MI,Chesaning Township,Township,2026-05-07 (adopted); published 2026-05-17; effective 2026-05-18,"12 months from the effective date, with a possible extension of up to six additional months","Ordinance 26-001, under the Michigan Zoning Enabling Act (PA 110 of 2006)","Proactive pause on siting, construction, maintenance, and permitting of data centers and facilities; no specific pending project identified in the record reviewed",Active as of 2026-07-31; effective since 2026-05-18,,"Adopted; bars siting, construction, maintenance, and permitting of data centers for 12 months, extendable up to six more months",False,0,0,High,active,mi-chesaning-township-2026,43.171563,-84.109688,2026-05-07,exact,365,fixed_days,,"[""data_center""]","[""regulatory_gap""]"
Michigan,MI,City of Flint,City,2026-06-08,1 year,City Council vote; details not confirmed beyond aggregator report in this pass,Not specified in the source located,Active per aggregator's 2026-07-10 data snapshot,Not specified,City Council voted to pause data center approvals for one year,False,0,0,High,active,mi-city-of-flint-2026,43.056174,-83.670214,2026-06-08,exact,365,fixed_days,,"[""data_center""]","[""regulatory_gap""]"
Michigan,MI,Clark Township,Township,2025-06-24,1 year,Board of Trustees special meeting motion; no ordinance or resolution number identified,Reaction to nearby Dafter Township bitcoin-mining noise conflict and desire to prevent incompatible industrial uses,"Expired approximately 2026-06-24 at the end of the documented one-year term. A later Township agenda shows data-center ordinance work, but no adopted extension was located through 2026-08-19. [VERIFY: post-expiry ordinance or extension record not located]",None identified,Draft ordinance reportedly would ban commercial or hyperscale data centers and crypto mining while allowing limited accessory-scale uses,True,1,0,High,expired,mi-clark-township-2025,45.998384,-84.363030,2025-06-24,exact,365,fixed_days,,"[""data_center"", ""cryptocurrency_mining""]","[""noise"", ""land_use_compatibility""]"
Michigan,MI,Delta County,County,2026-07-21 (unanimous Board of Commissioners vote),12 months,"Board-adopted resolution (resolution number not located; the board packet referenced the resolution but did not include its full adopted text), following the county planning commission's 2026-07-06 recommendation","Adopted to permit study of utility capacity, land use, noise, heat, water, environmental effects, and permanent zoning standards",Active as of 2026-07-31 [VERIFY instrument number not confirmed at confidence 0.65 in the 2026-07 refresh],,Board of Commissioners unanimously approved a 12-month moratorium on construction and applications involving data centers and cryptocurrency mining,True,1,0,High,active,mi-delta-county-2026,46.023660,-86.895025,2026-07-21,exact,365,fixed_days,,"[""data_center"",""cryptocurrency_mining""]","[""regulatory_gap"",""water"",""noise"",""environmental"",""grid_energy""]"
Michigan,MI,Detroit (requested),City,Not enacted as of 2026-04-29,Requested 2 years,City Council resolution asking Mayor Mary Sheffield to consider withholding data center permits,"Desire to study environmental, economic, neighborhood, and ratepayer effects before proposals arrive","Request passed 6-2 on 2026-03-17; as of June 2026 Mayor Sheffield still had not acted on it, having instead convened a cross-sector working group (city departments, DTE Energy, unions, environmental advocates, led by Councilman Scott Benson) targeting data center zoning/policy recommendations by December 31, 2026.",None specified,No mayoral moratorium identified during this pass,False,0,0,High,pending,mi-detroit-2026,42.331551,-83.046640,,unverified,730,fixed_days,,"[""data_center""]","[""regulatory_gap"", ""environmental"", ""land_use_compatibility"", ""other""]"
Michigan,MI,Dundee Township,Township,2025-12-09,"180 days from the effective date (December 9, 2025), or until the Township Board determines by resolution that the reasons for the moratorium no longer exist; no extension was found in Board minutes through July 14, 2026","Dundee Township Resolution 2025-5, 'Establishing a Moratorium on Data Center Applications and Projects,' adopted December 9, 2025 (roll call: Trustees Lazette, Horkey, Jaworski, Miles, Treasurer Ost and Clerk Ziesmer voting aye; Supervisor Lewis absent)",Community concern around proposed Project Ironwood,"Expired around June 7, 2026 (180 days after the December 9, 2025 effective date); no extension of Resolution 2025-5 and no permanent data-center zoning ordinance had been adopted as of the July 14, 2026 Board meeting. A Data Center Ordinance public workshop is scheduled for August 12, 2026 and the Planning Commission was to take the matter up again August 19, 2026",Proposed Project Ironwood on about 350 acres,Ongoing discussions with residents,False,0,0,High,expired,mi-dundee-township-2025,41.931990,-83.637159,2025-12-09,exact,180,fixed_days,,"[""data_center""]","[""specific_project"", ""land_use_compatibility""]"
Michigan,MI,Fenton Township,Township,2026-02-17 (first reading) [VERIFY: final-vote date and outcome not located on fentontownship.org Adopted Ordinances page captured at research/_web/fentontownship-org-clerk-page-adopted-ordinances.md as of 2026-04-29],12 months proposed,Proposed township ordinance after first reading; final ordinance number not yet identified,"No data-center category in ordinance and resident concern over noise, power, and water",Reported proposed as of 2026-02-12; [VERIFY: adoption status not confirmed against Fenton Township adopted-ordinances list as of 2026-04-29],None identified,Pending verification of second reading or adoption,True,2,0,High,pending,mi-fenton-township-2026,42.826449,-83.727716,2026-02-17,unverified,365,fixed_days,,"[""data_center""]","[""regulatory_gap"", ""noise"", ""grid_energy"", ""water""]"
Michigan,MI,Filer Township,Township,"2026-06-02 (introduced 2026-05-07, adopted by 6-0 vote 2026-06-02)",Reported as one year; the official minutes confirm the vote but do not themselves restate the duration,"Board motion imposing a moratorium on data centers, under the Michigan Zoning Enabling Act (PA 110 of 2006)",Proactive pause; township had not received a data center application as of the May 7 introduction,Active as of 2026-07-31,,Township Board approved a motion imposing a data center moratorium by 6-0 vote,False,0,0,High,active,mi-filer-township-2026,44.205632,-86.322133,2026-06-02,exact,365,fixed_days,,"[""data_center""]","[""regulatory_gap""]"
Michigan,MI,Forsyth Township,Township,2026-06-25,Not stated in the source reviewed,Board-approved data center moratorium (ordinance/resolution number not located),Township officials said no data center application was pending; described as time to develop regulations and hold a public forum,Reported active as of 2026-06-25; duration and thus end date unconfirmed [VERIFY instrument number; primary source (news-only evidence) not confirmed at confidence 0.45 in the 2026-07 refresh],,Township Board approved a data center moratorium at a crowded meeting,True,1,0,High,active,mi-forsyth-township-2026,46.246523,-87.428150,2026-06-25,exact,,unknown,,"[""data_center""]","[""regulatory_gap""]"
Michigan,MI,Grand Blanc Township,Township,2026-01-21,"1 year; may be extended, shortened, or revoked",Township moratorium action; [VERIFY: ordinance or resolution number not located on Grand Blanc Township website as of 2026-04-29],Zoning code did not address data centers; concern over high power and water use relative to jobs,Active as of 2026-04-29,No formal applications at enactment,Planning commission and consultant process to draft standards,True,1,0,High,active,mi-grand-blanc-township-2026,42.916257,-83.666500,2026-01-21,exact,365,fixed_days,,"[""data_center""]","[""regulatory_gap"", ""water"", ""grid_energy""]"
Michigan,MI,Green Charter Township,Township,2025-12-09,"1 year, extendable","Adopted by board motion (Riebow/Thorne) at the December 9, 2025 regular Township Board meeting, unanimous roll call vote, with an amendment adding to Section 3 that the moratorium 'may be rescinded by vote of the board if or when deemed necessary'; the official minutes do not assign a separate numbered resolution to this action","Community concern about water, energy, and noise impacts; no data center-specific standards",Active as of 2026-04-29,None publicly identified at enactment,Planning and zoning bodies tasked with ordinance development; moratorium can be revoked upon ordinance adoption,False,0,0,High,active,mi-green-charter-township-2025,43.770328,-85.503015,2025-12-09,exact,365,fixed_days,,"[""data_center""]","[""regulatory_gap"", ""water"", ""grid_energy"", ""noise""]"
Michigan,MI,Hagar Township,Township,"Reported 2026-07-17; this is the news report date rather than a confirmed board-meeting date, and the adopted text was not located in the township document portal",One year,Board of Trustees-approved moratorium (ordinance/resolution number not located),"Adopted while the planning commission studies noise, power, water, and possible permanent regulations",Active as of 2026-07-31 [VERIFY instrument number; primary source (news-only evidence) not confirmed at confidence 0.45 in the 2026-07 refresh],,Board of Trustees approved a one-year data center moratorium,True,1,0,High,active,mi-hagar-township-2026,42.200189,-86.370298,2026-07-17,range,365,fixed_days,,"[""data_center""]","[""regulatory_gap"",""noise"",""water"",""grid_energy""]"
Michigan,MI,Haring Township,Township,"Board vote scheduled for 2026-07-13, following a unanimous planning commission recommendation; outcome not confirmed as of 2026-07-31 (July minutes not yet posted)","Proposed as six months, to take effect immediately if adopted",Proposed data center moratorium following a unanimous planning commission recommendation (instrument not located),Would allow research and drafting of permanent rules,Vote scheduled for 2026-07-13; passage not confirmed by 2026-07-31 because the township had not posted July board minutes [VERIFY instrument number; adoption date; primary source (news-only evidence) not confirmed at confidence 0.4 in the 2026-07 refresh],,Board scheduled to vote on a six-month data center moratorium; outcome unverified as of 2026-07-31,True,1,0,High,pending,mi-haring-township-undated,44.298696,-85.395227,,unverified,180,fixed_days,,"[""data_center""]","[""regulatory_gap""]"
Michigan,MI,Hart,City,"2026-05-26 (7-0 City Council vote, following a 2026-05-07 Planning Commission hearing that recommended it 7-0)",Six months,"Ordinance 2026-02, adding Section 1242.07 to the city code",Proactive pause on city consideration of applications for data centers and digital mining uses,"Active as of 2026-07-31; adopted 2026-05-26, due to run to approximately 2026-11-26 absent extension",,City Council adopted Ordinance 2026-02 by 7-0 vote; creates a six-month moratorium on city consideration of data center and digital mining applications,False,0,0,High,active,mi-hart-2026,43.698341,-86.363965,2026-05-26,exact,180,fixed_days,,"[""data_center"",""cryptocurrency_mining""]","[""regulatory_gap""]"
Michigan,MI,Hayes Township,Township,2026-02-10,"One-year moratorium, reported as adopted/revised while the Township studies data-center regulations.",Board moratorium resolution published in agenda packet (document ID 22389 on hayestownshipmi.gov); resolution number not stated in IPR coverage and not separately published on the township site as of 2026-04-29,"Concern about possible redevelopment at former Big Rock Point nuclear site, plus loophole and takings-risk debates",Extended and active as of 2026-08-19. Multiple later reports describe Hayes Township's data-center moratorium as a one-year pause while it studies potential zoning regulations. [VERIFY: revised signed resolution and exact end date not captured],No filed project identified; concern centered on Big Rock Point area,Board struck draft exemption language and planned further legal and zoning work,True,1,0,High,extended,mi-hayes-township-2026,45.315627,-85.158312,2026-02-10,exact,,until_event,,"[""general""]","[""regulatory_gap"", ""land_use_compatibility"", ""legal_or_litigation""]"
Michigan,MI,Houghton,City,2026-07-08 (unanimous City Council vote),One year,Council-adopted moratorium (resolution/ordinance number not located; the adopted text was not found in the city's online document portal),City officials said no data center had been proposed; the planning commission was to use the period to develop permanent regulations,Active as of 2026-07-31 [VERIFY instrument number; primary source (news-only evidence) not confirmed at confidence 0.5 in the 2026-07 refresh],,"City Council voted unanimously for a one-year pause on permitting, consideration, approval, location, or installation of data centers",True,1,0,High,active,mi-houghton-2026,46.859129,-88.777473,2026-07-08,exact,365,fixed_days,,"[""data_center""]","[""regulatory_gap""]"
Michigan,MI,Howell Township,Township,2025-11-20,6 months,Data Center Moratorium ordinance; formal ordinance number not identified,"Proposed Meta-linked hyperscale campus on more than 1,000 acres and rezoning conflict",Active through approximately 2026-05-20 unless terminated or extended,Proposed roughly $1 billion project; application withdrawn in December 2025,Moratorium paused approvals while township studied regulations; developer withdrew rezoning request,False,0,0,High,expired,mi-howell-township-2025,42.646944,-83.978611,2025-11-20,exact,180,fixed_days,,"[""data_center""]","[""specific_project"", ""regulatory_gap"", ""land_use_compatibility""]"
Michigan,MI,Huron County,County,"2026-05-27 (Board of Commissioners vote, 4-2, one abstention)","Reported as up to 36 months; the county's online draft ordinance (Zoning Amendment ZA 2026-02) states six months, and the final signed/codified 36-month text was not located online",Zoning Amendment ZA 2026-02 (draft text conflicts with the reported 36-month final vote; final adopted text not located),Followed the county Planning Commission's April 2026 recommendation; pauses land-use permits for data centers and similar uses,Reported active as of 2026-05-27; exact final duration unverified as of 2026-07-31 due to conflict between the draft ordinance and news reporting [VERIFY instrument number not confirmed at confidence 0.5 in the 2026-07 refresh],,Board of Commissioners voted 4-2 (Commissioner Vaughan abstained) to pause land-use permits for data centers and similar uses for up to 36 months,True,1,0,High,active,mi-huron-county-2026,43.838575,-83.022199,2026-05-27,exact,1095,fixed_days,,"[""data_center""]","[""regulatory_gap""]"
Michigan,MI,Lake Township,Township,"2026-07-16 (unanimous vote), immediate effect","Six months, or until the township adopts regulations, whichever occurs first",Board-adopted moratorium (ordinance number not located; the official ordinances page did not contain the adopted text as of 2026-07-31),"Halts approval, construction, expansion, zoning permits, and licenses for data centers",Active as of 2026-07-31 [VERIFY instrument number not confirmed at confidence 0.6 in the 2026-07 refresh],,"Township board unanimously adopted a six-month moratorium, effective immediately upon adoption",True,1,0,High,active,mi-lake-township-2026,43.955996,-83.184092,2026-07-16,exact,180,fixed_days,,"[""data_center""]","[""regulatory_gap""]"
Michigan,MI,Lansing,City,2026-07-13 (7-1 City Council vote); effective 2026-07-27,"182 days from the effective date, reported to run through 2027-01-25",Chapter 878 of the city code,Bars issuance of building permits for data centers and processing of zoning amendment applications that would permit a data center as a principal or accessory use,"Active as of 2026-07-31; effective since 2026-07-27, reported to run through 2027-01-25",,"City Council voted 7-1 to add Chapter 878, a 182-day moratorium on data center building permits and enabling zoning amendments",False,0,0,High,active,mi-lansing-2026,42.733825,-84.554630,2026-07-13,exact,182,fixed_days,,"[""data_center""]","[""regulatory_gap""]"
Michigan,MI,Lenox Township,Township,2026-02-02,"4 months, with option for one additional 4-month extension","Board motion adopted at the February 2, 2026 regular meeting (moved by Trustee Marino, supported by Trustee Rosseel; all ayes); continued/extended by a further Board motion at the May 4, 2026 meeting (4-1 roll call vote). No resolution or ordinance number was assigned to either motion, per official township minutes.",Need time for zoning and infrastructure review while avoiding exclusionary-zoning risk,"Extended by Board motion on 2026-05-04 (4-1 roll call vote); moratorium continues pending a Planning Commission-drafted ordinance, with a new term running through approximately 2026-10-02.",Not specified,Ongoing ordinance and planning review with public process,False,0,0,High,extended,mi-lenox-township-2026,42.764358,-82.796672,2026-02-02,exact,120,fixed_days,,"[""general""]","[""regulatory_gap"", ""infrastructure_capacity"", ""land_use_compatibility""]"
Michigan,MI,Lincoln Township,Township,2026-06-09 (all six members present voted yes),Ten months,"Data center moratorium ordinance, under the Michigan Zoning Enabling Act (PA 110 of 2006)",Adopted while a Planning Commission subgroup studied data center regulation,Active as of 2026-07-31,,"Township Board adopted a ten-month data center moratorium, all six members present voting yes",False,0,0,High,active,mi-lincoln-township-2026,43.877515,-82.943039,2026-06-09,exact,300,fixed_days,,"[""data_center""]","[""regulatory_gap""]"
Michigan,MI,Lodi Township,Township,2026-02-03,180 days,Ordinance No. 2026-001 and Resolution No. 2026-007,Zoning ordinance did not address data centers; nearby proposals created pressure to study standards,"Expired approximately 2026-08-02 at the end of the documented 180-day term. The Township considered data-center zoning text during the term, but no adopted extension was located through 2026-08-19. [VERIFY: post-expiry action not located]",No data center applications accepted or considered during moratorium; appeal process available,Board referred zoning amendments to consultants and Planning Commission,True,1,0,High,expired,mi-lodi-township-2026,42.211431,-83.838751,2026-02-03,exact,180,fixed_days,,"[""data_center""]","[""regulatory_gap"", ""specific_project"", ""land_use_compatibility""]"
Michigan,MI,Lowell Township (proposed),Township,Not enacted as of 2026-04-29,Proposed 6 months,"Proposed Ordinance 01-2026R [VERIFY: future event, second reading scheduled 2026-05-18; final adopted text not yet available]","Microsoft proposal in Covenant Business Park; resident concerns about light, water, noise, and electricity rates","Board voted 2-5 against the proposed moratorium on 2026-05-18; it was never adopted. The board separately formed a committee of trustees, planning commission members, and citizens to draft a future data center ordinance.",Proposed Microsoft data center on Alden Nash Avenue near I-96,Moratorium proposal rejected 2-5 by the Township Board on 2026-05-18; a citizen/board/planning-commission committee was formed instead to work on a future data center ordinance. The Microsoft-proposed data center at Covenant Business Park was not paused by any moratorium.,True,1,0,High,expired,mi-lowell-township-2026,42.885542,-85.371010,,unverified,180,fixed_days,,"[""data_center""]","[""specific_project"", ""water"", ""noise"", ""grid_energy"", ""land_use_compatibility""]"
Michigan,MI,Lyndon Township,Township,2026-05-12 (adopted); notice published 2026-05-20; effective 2026-05-27,"12 months, or until regulations are adopted, whichever occurs first","Resolution 26-06, under the Michigan Zoning Enabling Act (PA 110 of 2006)",Proactive pause on new data center development applications; no specific pending project identified in the record reviewed,Active as of 2026-07-31; effective since 2026-05-27,,Adopted; imposes a 12-month (or until-regulated) moratorium on new data center development applications,False,0,0,High,active,mi-lyndon-township-2026,42.380352,-84.078774,2026-05-12,exact,365,fixed_days,,"[""data_center""]","[""regulatory_gap""]"
Michigan,MI,Lyon Charter Township (Oakland County),Township,May 2026,180 days,Township-adopted moratorium on new data center applications; specific resolution/ordinance number not confirmed in this pass,Rapid regional data center development pressure; enacted while the previously-approved 'Project Flex' hyperscale campus (~1.8 million sq ft) continues toward final approval,"Active as of late June 2026; does not apply to the already-approved Project Flex development, whose Planning Commission review was reported as continuing (scheduled for review as late as August 24, 2026 per one source)","Project Flex (~1.8 million-square-foot hyperscale data center campus), already approved and unaffected by the moratorium; applies to new/future data center applications",New data center applications paused while the previously-approved Project Flex proceeds separately,False,0,0,High,active,mi-lyon-township-2026,42.476464,-83.613258,2026-05,month_only,180,fixed_days,,"[""data_center""]","[""regulatory_gap"",""specific_project""]"
Michigan,MI,Lyon Township,Township,May 2026,180 days,Township-adopted moratorium on new data center applications; specific resolution/ordinance number not confirmed in this pass,Rapid regional data center development pressure; enacted while the previously-approved 'Project Flex' hyperscale campus (~1.8 million sq ft) continues toward final approval,"Active as of late June 2026; does not apply to the already-approved Project Flex development, whose Planning Commission review was reported as continuing (scheduled for review as late as August 24, 2026 per one source)","Project Flex (~1.8 million-square-foot hyperscale data center campus), already approved and unaffected by the moratorium; applies to new/future data center applications",New data center applications paused while the previously-approved Project Flex proceeds separately,False,0,0,High,active,mi-lyon-township-2026-2,44.482887,-84.792879,2026-05,month_only,180,fixed_days,,"[""data_center""]","[""regulatory_gap"",""specific_project""]"
Michigan,MI,Manchester Township,Township,2025-10-14,2 years or until data center regulations are adopted,"Ordinance No. 116, Ordinance Establishing Data Center Moratorium","Need for data center regulatory framework; concerns included water, energy, noise, siting, and public safety",Active as of 2026-04-29,Not specified,Pending permanent regulations,False,0,0,High,active,mi-manchester-township-2025,42.116132,-84.069722,2025-10-14,exact,,until_event,,"[""data_center""]","[""regulatory_gap"", ""water"", ""grid_energy"", ""noise"", ""land_use_compatibility"", ""fire_safety""]"
Michigan,MI,Mason,City,2026-01-05,"90 days, ending 2026-03-15 or upon adoption of Ordinance 266",City Council moratorium resolution; 4-2 vote,Need to create new Technology Innovation (M-3) zoning district,Moratorium superseded by Ordinance 266 (M-3 Technology Innovation district). Ordinance 266 was subsequently suspended by citizen petition and then repealed 4-2 by City Council (Fox47 News coverage in research/_web/fox47news-com-news-state-mason-city-council-votes-to-repeal-data-center-ordinanc.md). City has reverted to underlying state M2 industrial regulations.,Not specified,New M-3 Technology Innovation zoning district was adopted then repealed; no replacement ordinance in effect as of 2026-04-29,False,0,0,High,replaced,mi-mason-2026,43.977883,-86.246291,2026-01-05,exact,90,fixed_days,,"[""data_center""]","[""regulatory_gap"", ""land_use_compatibility""]"
Michigan,MI,Mason Township,Township,"2026-05-02 (special meeting, 5-0 roll-call vote); effective 2026-06-08",12 months from the 2026-06-08 effective date unless terminated earlier; the board may extend it,"Ordinance 2026-01, adopted at a special meeting by 5-0 roll-call vote, under the Michigan Zoning Enabling Act (PA 110 of 2006)",Proactive pause on accepting or processing applications and issuing permits or approvals for data centers; no specific pending project identified in the record reviewed,Active as of 2026-07-31; moratorium began running 2026-06-08 and is due to run through approximately 2027-06-08 unless terminated or extended earlier,,Adopted 5-0 at a special meeting; bars the township from accepting/processing data center applications and issuing related permits or approvals,False,0,0,High,active,mi-mason-township-2026,41.784792,-85.934400,2026-05-02,exact,365,fixed_days,,"[""data_center""]","[""regulatory_gap""]"
Michigan,MI,Meridian Township,Township,2026-05-19,6 months,"Board of Trustees resolution, unanimous vote; specific resolution number not confirmed in this pass",Desire for a regulatory framework in place before data center proposals arrive,Active as of late May 2026,None specified,Unanimous adoption of a temporary pause on data center approvals pending zoning framework,False,0,0,High,active,mi-meridian-township-2026,42.727858,-84.414709,2026-05-19,exact,180,fixed_days,,"[""data_center""]","[""regulatory_gap""]"
Michigan,MI,Northville,City,2026-01-07,12 months,City Council moratorium ordinance; number not identified [CITE],Preemptive action before any proposals emerged; city wanted time to respond to regional activity,Active through approximately January 2027,None identified at enactment,Zoning review period,False,0,1,High,active,mi-northville-2026,42.431082,-83.483234,2026-01-07,exact,365,fixed_days,,"[""general""]","[""regulatory_gap"", ""other""]"
Michigan,MI,Orion Township,Township,2026-06-15 (7-0 vote),"Six months, with the board able to extend the pause","Board resolution establishing a data center moratorium, under the Michigan Zoning Enabling Act (PA 110 of 2006)",Adopted while the Planning Commission and planning staff research zoning amendments,Active as of 2026-07-31,,"Township Board voted 7-0 to establish a six-month moratorium on establishment, permitting, approval, construction, and installation of data centers",False,0,0,High,active,mi-orion-township-2026,42.751651,-83.264230,2026-06-15,exact,180,fixed_days,,"[""data_center""]","[""regulatory_gap""]"
Michigan,MI,Other Reported Local Moratoria,Aggregate meta-row,,,,,,,,False,0,0,High,pending,mi-other-reported-local-moratoria-undated,,,,unverified,,unknown,,"[""general""]",[]
Michigan,MI,Park Township,Township,2026-05-13,"Not reproduced in the minutes; an attorney's estimate during the meeting put the term at roughly 1 to 1.5 years, but the ordinance's operative duration text was not located","Ordinance 26-02, under the Michigan Zoning Enabling Act (PA 110 of 2006)",Adopted after a public comment requesting action; officials said there had been no data center inquiry in the township,Reported active as of the 2026-05-13 board meeting; exact duration and thus exact end date unconfirmed as of 2026-07-31 [VERIFY details not confirmed at confidence 0.65 in the 2026-07 refresh],,"Board approved Ordinance 26-02, a temporary data center moratorium",True,1,0,High,active,mi-park-township-2026,42.812025,-86.174118,2026-05-13,exact,,unknown,,"[""data_center""]","[""regulatory_gap""]"
Michigan,MI,Parma Township (Jackson County),Township,"2026-02-18, Parma Township Board adopted Data Center Moratorium No. 2026-3; notice published 2026-02-27.","One year from adoption, to allow the Township to study and potentially adopt data-center regulations.","Data Center Moratorium No. 2026-3, Parma Township Board",Township needed time to study and potentially adopt regulations governing data centers.,"Active as of 2026-08-19. The Township's adopted one-year moratorium bars permitting, consideration, approval, location, erection, construction, review, and installation of data centers while it studies regulations.",All data centers in Parma Township; no project-specific exception is stated in the published notice.,One-year study moratorium adopted.,False,0,0,High,active,mi-parma-township-jackson-county-2026,42.305267,-84.659152,2026-02-18,exact,365,fixed_days,,"[""data_center""]","[""regulatory_gap""]"
Michigan,MI,Pine Grove Township,Township,2026-06-03,"Six months from the effective date, or until the township adopts a regulatory ordinance, whichever occurs first; extension permitted","Ordinance 06-03-2026, a police-power moratorium","Proactive pause barring applications, permits, licenses, approvals, and construction for data center systems",Active as of 2026-07-31,,Adopted a police-power moratorium (Ordinance 06-03-2026),False,0,0,High,active,mi-pine-grove-township-2026,42.394092,-85.821915,2026-06-03,exact,180,fixed_days,,"[""data_center""]","[""regulatory_gap""]"
Michigan,MI,Pittsfield Township,Township,2025-11-20,6 months,"Resolution #25-30 (adopted 2025-11-20), extended by Resolution #26-11 (adopted 2026-05-13)",Preemptive zoning update before any application; concern about regional data center growth and resident impacts,Extended by Resolution #26-11 (adopted 2026-05-13) for a further 180 days; now runs through approximately 2026-11-15. Planning Commission began formal review of a draft ordinance on 2026-06-18.,None identified in township at enactment,Public hearings and ordinance drafting planned,False,0,0,High,extended,mi-pittsfield-township-2025,42.210317,-83.724107,2025-11-20,exact,180,fixed_days,,"[""data_center""]","[""regulatory_gap"", ""land_use_compatibility""]"
Michigan,MI,Pontiac,City,2026-01-21,"6 months, may be extended","City Council resolution, approved unanimously [CITE]","Mayor reported inquiries; existing zoning insufficient to address public health, utility, and infrastructure effects",Expired approximately 2026-07-20 at the end of the documented six-month term. No adopted extension was located through 2026-08-19. [VERIFY: post-expiry Council action not located],None specified,City reviewing potential issues and proposing zoning ordinance,True,1,1,High,expired,mi-pontiac-2026,42.638922,-83.291047,2026-01-21,exact,180,fixed_days,,"[""data_center""]","[""regulatory_gap"", ""infrastructure_capacity"", ""water"", ""other""]"
Michigan,MI,Porter Township,Township,"2026-05-12 (adopted, board vote described as unanimous); effective 2026-05-20","12 months, or until township regulation is completed, whichever occurs first; extension permitted","Data Center Nonzoning Ordinance, under the Michigan Zoning Enabling Act (PA 110 of 2006) and township police power",Proactive pause on data center applications; no specific pending project identified in the record reviewed,Active as of 2026-07-31; effective since 2026-05-20,,Adopted (reported unanimous); imposes a 12-month (or until-regulated) moratorium,False,0,0,High,active,mi-porter-township-2026,42.113251,-85.820533,2026-05-12,exact,365,fixed_days,,"[""data_center""]","[""regulatory_gap""]"
Michigan,MI,Saginaw,City,2026-01-12,6 months,"City Council resolution, approved 9-0; [VERIFY: resolution number not posted in Saginaw CivicEngage agenda center as of 2026-04-29]",Preemptive policy development and concern about infrastructure and water-system impacts,Extended by a 6-3 council vote (~2026-04-28); planning-commission action on a permanent ordinance was pushed to 2026-07-28. Status after that date is not confirmed as of 2026-07-31.,No local applications identified at enactment,City staff directed to develop regulations and conduct stakeholder process,True,1,0,High,extended,mi-saginaw-2026,43.420039,-83.949037,2026-01-12,exact,180,fixed_days,,"[""data_center""]","[""regulatory_gap"", ""infrastructure_capacity"", ""water""]"
Michigan,MI,Saline City,City,2026-01-12,12 months,"City Council resolution, approved unanimously [CITE]",Data centers not addressed in current zoning ordinance; separate from Saline Township project,Active as of 2026-04-29,None in city; nearby Saline Township has the Oracle/OpenAI project,Planning Commission directed to study and present recommendations,False,0,1,High,active,mi-saline-city-2026,43.616689,-83.838902,2026-01-12,exact,365,fixed_days,,"[""data_center""]","[""regulatory_gap""]"
Michigan,MI,Saline Township,Township,2026-06-10,One year,Board-approved moratorium on industrial development (ordinance/resolution number not located),"Adopted while the township revises its zoning rules for industrial development generally; the township clerk said the action did not affect the already-permitted 'The Barn' data center project, which remained under construction and permit oversight",Active as of 2026-07-31 [VERIFY instrument number; primary source (news-only evidence) not confirmed at confidence 0.55 in the 2026-07 refresh],"Explicitly does not affect the already-permitted 'The Barn' data center project, per the township clerk",Board approved a one-year moratorium on industrial development while revising zoning rules,True,1,0,High,active,mi-saline-township-2026,42.124515,-83.838574,2026-06-10,exact,365,fixed_days,,"[""general""]","[""regulatory_gap"",""specific_project""]"
Michigan,MI,Saugatuck Township,Township,February 2026 [VERIFY: exact adoption date not located; Saugatuck Township website (saugatucktownship.org / twp.saugatuck.mi.us) was unreachable from the fetch_url Playwright stack on 2026-04-29],[VERIFY: not located in primary or secondary sources accessible as of 2026-04-29],Township board moratorium resolution referenced in MLive aggregate tally [VERIFY: resolution/ordinance text not retrieved from township site as of 2026-04-29],Data center development concerns in Allegan County,Reported active in MLive 51-jurisdiction tally [VERIFY: no current confirmation from primary township source as of 2026-04-29],Not specified [VERIFY: no affected-project information identified],"Pending; Saugatuck Township Planning Commission has scheduled a public hearing for August 18, 2026 to consider amending the Table of Uses (Section 4.30) and adding a new Section 8.370 to the Zoning Ordinance regulating battery storage, digital mining, and small-, medium-, and hyperscale data center uses as special land uses in the I-1 district",True,5,0,High,active,mi-saugatuck-township-2026,42.637391,-86.162079,2026-02,unverified,,unknown,,"[""data_center""]","[""specific_project"", ""land_use_compatibility""]"
Michigan,MI,Sault Ste. Marie Tribe of Chippewa Indians,Tribal,2026-04-07,Indefinite until lifted by future board resolution,"Tribal Board resolution titled ""Establishing a Moratorium Prohibiting the Development, Approval, or Operation of Artificial Intelligence (AI) Data Centers on Tribal Lands"" — sponsored by Directors Bridget Sorenson and Kimberly Hampton, adopted unanimously 2026-04-07 (Sault Tribe Board of Directors agenda packet at research/_web/sault-tribe-2026-04-07-bod-packet-ai-data-center-moratorium.md; Michigan Advance 2026-04-10 coverage) [VERIFY: final assigned resolution number was left blank in the agenda packet and has not been published on saulttribe.com as of 2026-04-29]","Community concern about resource strain, land-use impacts, transparency, tribal trust land, and long-term economic value",Active as of 2026-04-29,Conflicting accounts; reporting cites removed strategic-plan references to a possible M-28 data center concept with Innova Capital Partners,"Lifting would require tribal impact assessment, environmental and cultural resource evaluations, infrastructure and energy capacity analysis, and community consultation",True,1,0,High,active,mi-sault-ste-marie-tribe-of-chippewa-indian-2026,46.467872,-84.319630,2026-04-07,exact,,until_event,,"[""data_center""]","[""specific_project"", ""infrastructure_capacity"", ""environmental"", ""grid_energy"", ""land_use_compatibility"", ""other""]"
Michigan,MI,Sherman Township,Township,2026-06-09 (5-0 vote),"12 months from the effective date, or until a zoning ordinance is adopted, whichever occurs first; the board may extend up to 12 additional months","Resolution and Ordinance 2026-0609DC, a police-power moratorium","Proactive pause barring applications, permits, licenses, approvals, and construction for data center systems",Active as of 2026-07-31,,Township Board adopted Resolution and Ordinance 2026-0609DC by 5-0 vote,False,0,0,High,active,mi-sherman-township-2026,43.731461,-82.685331,2026-06-09,exact,365,fixed_days,,"[""data_center""]","[""regulatory_gap""]"
Michigan,MI,South Lyon,City,"February 10, 2026 (per WKAR News statewide tracker; no South Lyon primary source located)",12 months (per WKAR News statewide tracker; not independently confirmed against a city ordinance/resolution),City moratorium action [VERIFY],Regional data center development wave across SE Michigan [VERIFY],Active [VERIFY],Not specified [VERIFY],Pending [VERIFY],True,5,0,High,active,mi-south-lyon-undated,42.451377,-83.659179,,range,365,fixed_days,,"[""data_center""]","[""specific_project""]"
Michigan,MI,Springfield Township,Township,2025-12-11,180 days,"Resolution 2025-11, Temporary Moratorium on Approval of Data Centers",Township identified as unprepared for hyperscale proposals; need for standards before formal applications,Expired approximately 2026-06-09 at the end of the documented 180-day term. No adopted extension was located through 2026-08-19. [VERIFY: post-expiry Township action not located],"Pre-application interest in an approximately 84-acre site, with 2 to 3 buildings of about 250,000 square feet each",Draft framework discussed accessory/minor data centers by-right in some districts and enterprise or hyperscale facilities as special land use in I-2,True,1,0,High,expired,mi-springfield-township-2025,44.534901,-85.273247,2025-12-11,exact,180,fixed_days,,"[""data_center""]","[""regulatory_gap"", ""specific_project"", ""land_use_compatibility""]"
Michigan,MI,Sterling Heights,City,2026-02-04,12 months,"City Council resolution, approved unanimously [CITE]",Spike in development requests across southeast Michigan; zoning written in 1978,Active as of 2026-04-29,Not specified,"Study computing trends, infrastructure impacts, and noise limitations",False,0,1,High,active,mi-sterling-heights-2026,42.580312,-83.030203,2026-02-04,exact,365,fixed_days,,"[""data_center""]","[""regulatory_gap"", ""infrastructure_capacity"", ""noise""]"
Michigan,MI,Sylvan Township,Township,"2026-01-22 (per WKAR Public Media Michigan data center tracker, 2026-02-27)",6 months,Township moratorium [VERIFY: ordinance/resolution number not posted on Sylvan Township website as of 2026-04-29],Preemptive measure near Chelsea and Saline-area development activity,"Expired approximately 2026-07-21 at the end of the limited 180-day term, absent a documented earlier replacement ordinance or extension. [VERIFY: post-expiry Township action not located]",Not specified,Zoning review,True,2,0,High,expired,mi-sylvan-township-2026,42.295485,-84.072356,2026-01-22,unverified,180,fixed_days,,"[""general""]","[""regulatory_gap"", ""land_use_compatibility""]"
Michigan,MI,Taylor,City,2026-01-20,"12 months, from January 20, 2026 at 11:59 p.m. through January 20, 2027 at 11:59 p.m.","Taylor City Council Resolution, CCR #1.42-26, adopted unanimously (7-0) at the January 20, 2026 regular meeting",Regional data center development wave across SE Michigan [VERIFY],"Active; the 12-month term (through January 20, 2027) has not lapsed and no repeal was found",Not specified in the resolution itself,Pending; city officials have indicated they are reviewing the Master Plan and existing ordinances during the moratorium period,True,1,0,High,active,mi-taylor-undated,42.240872,-83.269651,2026-01-20,exact,365,fixed_days,,"[""data_center""]","[""specific_project""]"
Michigan,MI,Texas Township,Township,2026-06-22 (7-0 vote); effective 2026-07-05,"12 months, or a shorter period ending when new regulations take effect, whichever occurs first; extension of up to six months permitted","Resolution 26-12, under the Michigan Zoning Enabling Act (PA 110 of 2006)",Directs the Planning Commission to study and report on data center regulation; no specific pending project identified in the record reviewed,Active as of 2026-07-31; took effect 2026-07-05,,"Township Board unanimously adopted Resolution 26-12 (7-0), barring permits, licenses, and approvals for data centers for 12 months or until new regulations are adopted",False,0,0,High,active,mi-texas-township-2026,42.204890,-85.706742,2026-06-22,exact,365,fixed_days,,"[""data_center""]","[""regulatory_gap""]"
Michigan,MI,Tyrone Township,Township,2025-12-02,"6 months, with possible 6-month extension","Resolution #251203 (original, adopted 2025-12-02); renewed/extended by Resolution #260502 (adopted 2026-05-19, unanimous 7-0 roll call)",Need for regulatory framework for data center facilities,"Extended/renewed by Resolution #260502 (adopted 2026-05-19); moratorium now runs nine months from that date (through approximately 2027-02-19), or until zoning amendments take effect, whichever occurs first, with a possible further 6-month extension.",Not specified,Pending permanent regulations,False,0,0,High,extended,mi-tyrone-township-2025,42.738056,-83.744167,2025-12-02,exact,180,fixed_days,,"[""data_center""]","[""regulatory_gap""]"
Michigan,MI,Village of Romeo,Village,2026-01-26,12 months,"Resolution No. 26-013, adopted unanimously by the Village Board of Trustees (motion by Trustee Parker, supported by Trustee Fowler)",Prologis 312-acre data center proposal in adjacent Washington Township,Active [VERIFY: no current status update from primary village source as of 2026-04-29],Not specified,Pending development of permanent regulations [VERIFY: no draft regulations posted on village website as of 2026-04-29],True,2,0,High,active,mi-romeo-2026,42.802808,-83.012987,2026-01-26,exact,365,fixed_days,,"[""data_center""]","[""specific_project"", ""regulatory_gap""]"
Michigan,MI,Washington Township,Township,2026-05-20,"Six months, or until related zoning amendments take effect, whichever occurs first","Resolution 2026-14, under the Michigan Zoning Enabling Act (PA 110 of 2006)",Followed Prologis's withdrawal (2026-05-19) of its rezoning application for a proposed 312-acre technical campus south of 32 Mile Road; Prologis's attorney had written the company would likely wait for the township's data center ordinance,Active as of 2026-07-31 [VERIFY details not confirmed at confidence 0.65 in the 2026-07 refresh],"Prologis proposed technical campus (312 acres south of 32 Mile Road) - application withdrawn 2026-05-19, one day before adoption",Board passed Resolution 2026-14; six-month pause on acceptance and review of data center applications,True,1,0,High,active,mi-washington-township-2026,43.382429,-82.688497,2026-05-20,exact,180,fixed_days,,"[""data_center""]","[""specific_project"",""regulatory_gap""]"
Michigan,MI,Waterford Township,Township,2026-03-23,"6 months, extendable",Zoning Ordinance 2026-Z-003 and companion Resolution Establishing a Moratorium on the Approval of New Data Centers,"Zoning ordinance predates large-scale data centers and lacks standards for siting, buffering, noise, utility impacts, water use, fuel storage, building scale, and compatibility",Active as of 2026-04-29,No specific project identified in minutes,Township staff and Planning Commission directed to study impacts and draft zoning and code amendments,False,0,0,High,active,mi-waterford-township-2026,42.670639,-83.389624,2026-03-23,exact,180,fixed_days,,"[""data_center""]","[""regulatory_gap"", ""infrastructure_capacity"", ""noise"", ""water"", ""grid_energy"", ""land_use_compatibility""]"
Michigan,MI,Watertown Township,Township,"2026-05-18 (7-0 vote), immediate effect","One year, imposed immediately upon adoption","Resolution 5-18-2026-1, under the Michigan Zoning Enabling Act (PA 110 of 2006)","Proactive pause on accepting, hearing, reviewing, or processing applications for construction or operation of data centers",Active as of 2026-07-31,,Adopted 7-0; immediately imposed a one-year moratorium,False,0,0,High,active,mi-watertown-township-2026,43.277516,-83.407051,2026-05-18,exact,365,fixed_days,,"[""data_center""]","[""regulatory_gap""]"
Michigan,MI,York Township,Township,2026-03-10 (Ordinance No. 167 adopted after February first reading),"6 months, with possible 6-month extension",Board moratorium language under consideration; [VERIFY: final ordinance/resolution number not posted on township site as of 2026-04-29],Potential hyperscale proposal on Toyota-owned land and zoning-defensibility concerns,Active as of 2026-08-19. Ordinance No. 167 was adopted on 2026-03-10 after the February first reading; its six-month term runs to approximately 2026-09-06 unless replaced or extended.,Potential 412-acre project tied to Sansone Group,Consultant study and zoning work pending,True,1,0,High,active,mi-york-township-2026,42.127623,-83.716368,2026-03-10,exact,180,fixed_days,,"[""data_center""]","[""specific_project"", ""regulatory_gap"", ""land_use_compatibility""]"
Michigan,MI,Ypsilanti Community Utilities Authority,Utility-authority,2026-04-22,12 months,YCUA board moratorium on supplying water to data centers; Ypsilanti Township Resolution No. 2026-08 requested the action,"Concerns that hyperscale data centers could commit water and sewer capacity before financial, infrastructure, and environmental reviews were complete",Active as of 2026-04-29,"No hyperscale data center operating in YCUA service area; proposals reported in Washtenaw County, including a University of Michigan/Los Alamos/DTE computing facility on Textile Road",YCUA to conduct further studies before considering service commitments,False,0,0,High,active,mi-ypsilanti-community-utilities-authority-2026,42.241051,-83.611765,2026-04-22,exact,365,fixed_days,,"[""data_center""]","[""infrastructure_capacity"", ""environmental"", ""water""]"
Minnesota,MN,Carver,City,2026-04-06,One year from effective date unless repealed earlier or replaced by a zoning ordinance amendment,Ordinance 01-2026; Resolution 116-26 authorized summary publication,"Zoning code did not specifically regulate data centers; city cited rapid AI, cloud computing, and digital infrastructure growth, uncertain public utility and environmental impacts, and need to study local regulation",Active,No active Carver proposal identified; city noted possible future annexation areas could accommodate data centers,"Pending staff, consultant, and Planning Commission study with recommendations to the City Council",False,0,0,Medium,active,mn-carver-2026,44.807118,-93.787179,2026-04-06,exact,365,fixed_days,,"[""data_center""]","[""regulatory_gap"", ""infrastructure_capacity"", ""environmental"", ""grid_energy""]"
Minnesota,MN,City of Apple Valley,City,2026-07-09,Through 2027-07-09 unless the council ends it sooner,Ordinance 1158,"Citywide interim ordinance pausing applications, permits, rezonings, comprehensive plan amendments, conditional use permits, variances, subdivisions, and construction associated with establishing or expanding data centers",Active per primary city document,,"City Council passed Ordinance 1158, a citywide interim ordinance effective upon passage and publication",False,0,0,Medium,active,mn-city-of-apple-valley-2026,44.731909,-93.217720,2026-07-09,exact,365,fixed_days,,"[""data_center""]","[""regulatory_gap""]"
Minnesota,MN,City of Elko New Market,City,"2026-05-14 (City Council, 4-0)","Until new official controls are adopted, or 2027-05-13, whichever occurs first","Interim Ordinance 345 and Summary Ordinance 346, adopted under Minn. Stat. Sec. 462.355, subd. 4","Immediate citywide prohibition on the location, establishment, and operation of data centers while the city studies zoning controls",Active per primary council minutes and planning packet,,"City Council voted 4-0 to adopt Interim Ordinance 345 and Summary Ordinance 346, immediately prohibiting data centers citywide",False,0,0,Medium,active,mn-city-of-elko-new-market-2026,44.565820,-93.338808,2026-05-14,exact,,until_event,,"[""data_center""]","[""regulatory_gap""]"
Minnesota,MN,Eagan,City,2026-02-17,One year; expires 2027-02-17 unless ended sooner,"Interim ordinance adding Eagan City Code section 12.09, ""Interim Use: Data Center Regulations Study""; specific ordinance number not visible in captured Granicus draft PDF [VERIFY: final ordinance number not extracted from captured PDF; PDF has blank adoption and publication fields per draft]","City study of whether large data centers need additional local regulation because of land use compatibility, municipal water and wastewater systems, infrastructure, environmental, and public health, safety, and welfare impacts",Active,Applies to data centers or cryptocurrency mining facilities using more than 20 MW or proposed within 500 feet of residentially zoned or guided property; allows improvements to existing or approved data centers only if they do not allow use above 9 MW,Pending study and possible permanent regulations,True,1,0,Medium,active,mn-eagan-2026,44.818173,-93.165918,2026-02-17,exact,365,fixed_days,,"[""data_center"", ""cryptocurrency_mining""]","[""regulatory_gap"", ""infrastructure_capacity"", ""environmental"", ""water"", ""land_use_compatibility"", ""other""]"
Minnesota,MN,Inver Grove Heights,City,"2026-06-26 (Inver Grove Heights City Council approved a one-year data center moratorium, per MPR News and FOX 9; a contentious council meeting on 2026-06-23 had first ended before a vote could be taken). A CBS News item is dated 2026-05-11 with a similar headline ('Inver Grove Heights officials approve 1-year moratorium on data centers'); it is unclear whether this reflects an earlier initial action later reaffirmed on 2026-06-26, or a dating discrepancy in the aggregator. Treat 2026-06-26 as the better-supported date.",One year,City council moratorium ordinance,Litigation threat from a data center developer and community opposition; a June 23 meeting reportedly ended in shouting before a scheduled vote,Active as of 2026-07-31 (within the one-year term reported). [VERIFY instrument number; primary source (news-only evidence) not confirmed at confidence 0.55 in the 2026-07 refresh],Not specifically named in sources reviewed,One-year moratorium adopted; city to develop permanent regulations,True,1,0,Medium,active,mn-inver-grove-heights-2026,44.847904,-93.042812,2026-06-26,range,365,fixed_days,,"[""data_center""]","[""legal_or_litigation"",""land_use_compatibility"",""regulatory_gap""]"
Minnesota,MN,Le Sueur County,County,2026-05-26 (County Board adoption); effective 2026-06-04,12 months from adoption,"12-month interim ordinance adopted under Minn. Stat. Sec. 462.355, subd. 4 (specific ordinance number not stated in sources reviewed)","County study of energy, water, noise, heat, air emissions, wastewater and stormwater, emergency response, siting, taxation, and infrastructure impacts of data centers",Active per primary county agenda item and official notice,County officials reported no data center proposal was then pending,"County Board adopted a 12-month interim ordinance barring establishment, construction, permitting, or acceptance and processing of land-use applications for data centers in unincorporated areas; became effective 2026-06-04",False,0,0,Medium,active,mn-le-sueur-county-2026,44.377165,-93.711443,2026-05-26,exact,365,fixed_days,,"[""data_center""]","[""regulatory_gap"",""water"",""grid_energy"",""noise""]"
Minnesota,MN,Mankato,City,2026-07-13,One year,"Interim ordinance authorizing a study and imposing a moratorium on data centers and 'high impact utility consumers,' adopted by the Mankato City Council under Minn. Stat. Sec. 462.355, subd. 4; final ordinance number not confirmed in this pass","City found its Zoning Ordinance (City Code ch. 10) imposes no express rules on data centers or other large-scale, disproportionately utility-intensive uses","Active as of adoption (2026-07-13), post-dating this dataset's 2026-04-28 coverage cutoff",Not specified,City staff and Planning Commission to study data centers and high-impact utility consumers and recommend zoning amendments,False,0,0,Medium,active,mn-mankato-2026,44.165853,-94.002801,2026-07-13,exact,365,fixed_days,,"[""data_center""]","[""regulatory_gap"",""grid_energy"",""water""]"
Minnesota,MN,Minneapolis,City,"City Council gave initial approval 8-5 on 2026-05-22 and final approval on 2026-06-25, following a public hearing on 2026-06-16.","Six-month interim ordinance (added as Chapter 597 of Title 21) prohibiting the establishment, re-establishment, or expansion of data center facilities larger than 350,000 square feet, with an exemption for such facilities in the downtown core; runs from adoption through approximately 2026-11-21, at which point Council must decide whether to extend the pause or take up separate permanent ordinances following a directed study.","Enacted interim ordinance, Title 21 Chapter 597 of the Minneapolis Code of Ordinances (originating from Legislative File 2026-00446); approved 8-5 on first vote (2026-05-22), following a public hearing (2026-06-16), with final council approval (2026-06-25).","Council debate over land use, fiscal, and infrastructure implications of data center uses",Active as of 2026-07-31. In effect since approximately late May/June 2026 and scheduled to run through approximately 2026-11-21.,No specific affected project identified,"The ordinance was adopted: Council voted 8-5 on 2026-05-22 and gave final approval 2026-06-25 after a 2026-06-16 public hearing. Council members Whiting, Chughtai, Stevenson, Osman, Payne, Wonsley, Chavez, and Chowdhury voted in favor; Shaffer, Palmisano, Rainville, Vetaw, and Warren voted against.",False,0,0,Medium,active,mn-minneapolis-2026,44.977300,-93.265469,2026-06-25,unverified,365,fixed_days,,"[""data_center""]","[""regulatory_gap"", ""infrastructure_capacity"", ""land_use_compatibility""]"
Minnesota,MN,Otsego,City,"Considered by City Council at its July 27, 2026 meeting (agenda item 4.1, 'Interim Ordinance Data Center Land Use'); final council adoption date not independently confirmed",Not confirmed in this pass (draft ordinance text located; duration section not reached),"Draft interim ordinance ('Ordinance No: 2026-XX') imposing a moratorium and authorizing a study of zoning regulations for data centers, under Minn. Stat. Sec. 462.355, subd. 4; recommended 7-0 by the Planning Commission at a special meeting July 6, 2026","City has not received any data center site-plan applications but sought to study the use pre-emptively; Planning Commission found the existing Zoning Ordinance (which permits data centers in the B-4, I-1, and I-2 districts) may be inadequate given the changing nature of such uses","Pending/likely adopted; not independently confirmed past the July 27, 2026 Council agenda [VERIFY details not confirmed at confidence 0.55 in the 2026-07 refresh]",None; the City has not received any data center site-plan application,Pending Council action and subsequent zoning study,True,1,0,Medium,pending,mn-otsego-2026,45.281273,-93.614857,2026-07,month_only,,unknown,,"[""data_center""]","[""regulatory_gap"",""land_use_compatibility""]"
Minnesota,MN,Rosemount,City,2026-04-21,"One year from effective date, unless repealed earlier or terminated by adoption of a permanent zoning amendment addressing data centers","Ordinance No. 2026-03, 'An Interim Ordinance Authorizing a Study and Imposing a Moratorium on Data Centers,' adopted by the Rosemount City Council April 21, 2026 under Minn. Stat. Sec. 462.355, subd. 4","City determined its Zoning Ordinance (Title 11) does not impose express rules or standards specific to data centers, amid a statewide increase in developer interest in Minnesota data center sites","Active; one-year term runs to approximately April 21, 2027",Not specified in the ordinance itself; news coverage (South Metro Scoop) references resident concern about a possible second Meta data center facility,"City staff, consultants, and Planning Commission directed to study data centers and recommend possible zoning amendments",False,0,0,Medium,active,mn-rosemount-2026,44.739187,-93.126110,2026-04-21,exact,365,fixed_days,,"[""data_center""]","[""regulatory_gap"",""land_use_compatibility""]"
Minnesota,MN,Waite Park,City,Adopted unanimously by the Waite Park City Council on 2026-05-04 (reported 2026-05-05).,"One-year (12-month) moratorium on data center development, adopted unanimously by City Council on 2026-05-04; exempts construction of small (300-square-foot) telecommunications shelters with fiber-optic equipment that do not require water to operate.",Interim ordinance discussed at March 2026 work session; no adopted ordinance text retrieved [VERIFY: primary ordinance not located].,Staff reportedly found that the city had no ordinances governing data centers and their resource demands,"Active as of 2026-05-04/05-05 per KNSI reporting; city intends to use the study period to research data center regulation in nearby communities and draft new rules addressing water usage and noise emissions, the two concerns staff identified as most significant.",No specific affected project identified,"The city council moved from work-session discussion (March 2026) to a public hearing (2026-05-04 evening session per KNSI's same-day coverage) to unanimous adoption of a one-year moratorium, reported 2026-05-05.",True,1,0,Medium,active,mn-waite-park-undated,45.553713,-94.233463,2026-05-04,exact,365,fixed_days,,"[""data_center""]","[""regulatory_gap"", ""infrastructure_capacity"", ""water"", ""grid_energy""]"
Minnesota,MN,Wright County,County,2026-05-19,"One year from the effective date, unless earlier terminated by the County Board","Interim Ordinance No. 26-2, 'Resolution Adopting an Interim Zoning Ordinance Instituting an Emergency Moratorium on Data Centers,' adopted by the Wright County Board of Commissioners May 19, 2026 under Minn. Stat. Sec. 394.34; recorded with the Wright County Recorder May 20, 2026 as Document #A1603075",County Office of Planning and Zoning began receiving data center development inquiries and permit pressure; County Zoning Ordinance does not expressly regulate data centers,"Active; one-year term runs to approximately May 19, 2027",Not specified in the ordinance,County staff and Planning Commission directed to study data centers and propose amendments to the County's official controls,False,0,0,Medium,active,mn-wright-county-2026,45.148906,-93.963920,2026-05-19,exact,365,fixed_days,,"[""data_center""]","[""regulatory_gap"",""infrastructure_capacity""]"
Mississippi,MS,City of Jackson,City,2026-07-14 (City Council adopted the moratorium ordinance by a 5-2 vote),"183 days from the ordinance's effective date; because the vote was not unanimous, the ordinance takes effect 30 days after passage (approximately 2026-08-13)","City of Jackson ordinance adopted by City Council 5-2 on July 14, 2026, establishing a citywide data center application moratorium","Council sought time to identify appropriate sites, study impacts, and develop a data center regulatory framework","Adopted July 14, 2026 by a 5-2 council vote; no further council vote is required for it to take effect. Because the vote was not unanimous, the ordinance does not take legal effect until 30 days after passage (approximately August 13, 2026), then runs 183 days from that effective date. As of the July 31, 2026 research date the ordinance had passed council but had not yet reached its effective date. During the moratorium the city will not accept, process, or approve data center applications for special or conditional use permits, zoning map amendments, building permits, or other zoning changes. Approximately 1,100 acres of city-owned land around Jackson-Medgar Wiley Evers International Airport are exempted.","Citywide; no single named project. Excludes approximately 1,100 acres of city-owned land near Jackson-Medgar Wiley Evers International Airport.",Enacted by council vote; scheduled to take legal effect approximately 30 days after passage.,False,0,0,Low,pending,ms-city-of-jackson-2026,32.296641,-90.183745,2026-07-14,exact,183,fixed_days,,"[""data_center""]","[""regulatory_gap"",""land_use_compatibility""]"
Missouri,MO,City of Camdenton,City,2026-05-05 (Board of Aldermen unanimous vote),"Up to 12 months, or earlier if permanent regulations are adopted",Board of Aldermen ordinance approved 2026-05-05 (unanimous); official ordinance number and text not located in sources reviewed [VERIFY],"Pause on data center approvals, permits, and construction while the city studies permanent regulation; contemporaneous opposition to the proposed Wildwood Ranch data center",Active per local reporting; official ordinance number not confirmed. [VERIFY] [VERIFY instrument number; primary source (news-only evidence) not confirmed at confidence 0.6 in the 2026-07 refresh],Wildwood Ranch data center proposal; city also rescinded earlier support for an Opportunity Zone associated with a possible data center,"Board of Aldermen unanimously approved a temporary moratorium on data center approvals, permits, and construction while the city studies permanent regulation",True,3,0,Medium,active,mo-city-of-camdenton-2026,38.008141,-92.744340,2026-05-05,exact,365,fixed_days,,"[""data_center""]","[""specific_project"",""regulatory_gap""]"
Missouri,MO,City of Columbia,City,2026-05 (Columbia City Council; exact day not found in sources reviewed).,"Until May 2027 (per Columbia Missourian: ""placed a moratorium, which prevents new data centers from being built, until May 2027""; Missouri Rural Crisis Center separately described it as a halt ""until Spring 2027"").",Columbia City Council moratorium preventing new data centers from being built (ordinance/resolution number not located); followed an April 2026 council action defining 'data centers' in the zoning code.,"Regulatory gap: council defined data centers in zoning code in April 2026, then paused new data-center construction while the Planning & Zoning Commission drafts permanent regulations (commission meetings continuing through at least November 2026, with a council vote expected in 2027).",Active as of 2026-07-31; Planning & Zoning Commission still drafting permanent regulations as of June 2026 reporting. [VERIFY instrument number; primary source (news-only evidence) not confirmed at confidence 0.6 in the 2026-07 refresh],Not specified in sources reviewed.,City Council placed a moratorium preventing new data centers from being built while permanent zoning regulations are drafted.,True,1,0,Medium,active,mo-city-of-columbia-2026,38.951373,-92.333879,2026-05,month_only,,until_date,,"[""data_center""]","[""regulatory_gap"",""land_use_compatibility""]"
Missouri,MO,City of Independence,City,"2026-07-06 (City Council, 7-0)",180 days,City Council vote 7-0; final ordinance/resolution instrument number not identified in city release [VERIFY],"Pause on accepting, processing, or issuing permits, licenses, and applications for new data centers and battery energy storage systems while the city develops zoning and regulatory standards",Active per city release,Nebius project exempted (application already submitted/authorized/approved),"City Council voted 7-0 for a 180-day moratorium on accepting, processing, or issuing permits for new data centers and battery energy storage systems",True,1,0,Medium,active,mo-city-of-independence-2026,39.093025,-94.420503,2026-07-06,exact,180,fixed_days,,"[""data_center"",""battery_storage""]","[""regulatory_gap""]"
Missouri,MO,City of Neosho,City,"2026-07-07 (City Council, unanimous)",One year,Resolution Bill No. 2026-20 [VERIFY: final signed resolution not located in public meeting portal],City developing standards for data center projects; post-meeting coverage reported at least one company had expressed interest in city-owned land,Reported active; final signed resolution not located. [VERIFY] [VERIFY instrument number not confirmed at confidence 0.6 in the 2026-07 refresh],,City Council unanimously approved a one-year moratorium while the city develops standards for data center projects,True,3,0,Medium,active,mo-city-of-neosho-2026,36.866520,-94.370165,2026-07-07,exact,365,fixed_days,,"[""data_center""]","[""regulatory_gap""]"
Missouri,MO,City of Peculiar,City,2024-08-19,100 days,Resolution 2024-43 (data center moratorium),Concerns about data center facility impacts; need for regulatory framework,"Superseded before its natural 2024-11-27 end date: on 2024-10-21 the Board of Aldermen voted unanimously to permanently remove the 'data center' definition from the city's light-industrial zoning ordinance, which had been the basis for the project the moratorium paused. As of 2026-07-31, data centers are not a defined/permitted use in Peculiar's zoning code as a result of that 2024-10-21 action.","A proposed hyperscale data center campus spanning approximately 500 acres with multiple buildings adjacent to residential areas; a Data Center Dynamics headline identifies the project as a '$1.5bn Diode project,' though this could not be independently corroborated beyond the headline (the article body did not load for automated review).","On 2024-10-21, the Board of Aldermen unanimously voted to remove the 'data center' land-use definition from the city's light-industrial zoning ordinance -- the same definition that had originally allowed the project to be zoned -- permanently blocking it rather than merely allowing the 100-day pause to expire.",False,0,0,Low,replaced,mo-peculiar-2024,38.714548,-94.461120,2024-08-19,exact,100,fixed_days,,"[""data_center""]","[""regulatory_gap"", ""land_use_compatibility""]"
Missouri,MO,City of Springfield,City,2026-06-29,"120 days, through November 17, 2026",Council Bill 2026-147 (administrative delay),"Pause on development, building, site-plan, variance, stormwater, conditional-use, occupancy, public-utility, and large-load electric applications for data centers while the City Manager studies recommendations",Active; City Manager required to report recommendations within 90 days,"Exempts projects whose Southwest Power Pool study process had already begun with required fees submitted, and permits council-approved exceptions","City Council approved Council Bill 2026-147, imposing a 120-day administrative delay on specified data center applications and approvals",False,0,0,Medium,active,mo-city-of-springfield-2026,37.216920,-93.292063,2026-06-29,exact,120,fixed_days,,"[""data_center""]","[""regulatory_gap"",""infrastructure_capacity"",""grid_energy""]"
Missouri,MO,City of St. Charles,City,2025-08-22,One year from passage,Resolution 25-014,"Public opposition to a proposed data center, concern that data centers were treated as warehouse uses under Chapter 400, and concerns about water consumption, power consumption, noise, and other effects.","Superseded: on 2026-05-20 the City Council voted 7-1 to make the data-center prohibition permanent, adopting text-amendment TA-2026-01 defining data centers, excluding them from the warehouse-use category, and barring them from permitting or conditional-use approval in any zoning district city-wide. The temporary Resolution 25-014 moratorium is therefore no longer the operative instrument as of the 2026-07-31 research date.","Project Cumulus, reported as a roughly $1 billion CRG/Clayco proposal near Highway 370; the developer withdrew the zoning application before any council vote (confirmed by St. Charles February 9, 2026 P&Z staff packet, which states ""applications were received by the City of St. Charles proposing a new Data Center off Elm Point Road and Hwy 370 ... that project was withdrawn by the applicant and ultimately did not move forward"").","TA-2026-01 was ultimately approved: the City Council passed the permanent data-center ban 7-1 on 2026-05-20 (two members absent), defining data centers, excluding them from the warehouse-use category, and prohibiting permitting/conditional-use approval for them in all zoning districts. The specific 2026-04-13 Planning and Zoning Commission vote tally that preceded Council action was not independently located -- no separate minutes document for that meeting has been posted, and no news account reporting that specific vote was found -- but the case clearly advanced favorably from P&Z to Council given the subsequent 2026-05-20 passage.",False,0,0,Medium,replaced,mo-st-charles-2025,38.787779,-90.674737,2025-08-22,exact,365,fixed_days,,"[""data_center""]","[""specific_project"", ""regulatory_gap"", ""water"", ""grid_energy"", ""noise"", ""land_use_compatibility""]"
Missouri,MO,City of St. Joseph,City,"2026-07-20 (City Council, 8-0)",12 months,"Emergency Bill No. 184-26, amended from six months to 12 months before passage","Pause on accepting and processing applications for new data center development, construction, or expansion while the city studies regulation",Active per official council agenda,Previously discussed Pickett Road developer had withdrawn annexation and rezoning applications on 2026-06-26,City Council amended Emergency Bill No. 184-26 from six months to 12 months and approved it 8-0,False,0,0,Medium,active,mo-city-of-st-joseph-2026,39.768605,-94.846632,2026-07-20,exact,365,fixed_days,,"[""data_center""]","[""regulatory_gap""]"
Missouri,MO,City of St. Peters,City,"2026-05-14 (Board of Aldermen, 7-0, one absent)",No longer than one year; may end earlier by board action or upon adoption of permanent standards,"Bill 26-72, enacted as Ordinance 8319","Pause on review and approval of zoning amendments, site plans, special use permits, and building permits for information technology and data processing facilities while the city studies regulation",Active per official board packets; existing operating facilities excluded,,"Board of Aldermen adopted Bill 26-72 as Ordinance 8319, pausing zoning/site-plan/permit approvals for data processing facilities for up to one year",False,0,0,Medium,active,mo-city-of-st-peters-2026,38.792831,-90.613429,2026-05-14,exact,365,fixed_days,,"[""data_center""]","[""regulatory_gap""]"
Missouri,MO,Jackson County,County,"2026-06-22 (Jackson County Legislature final passage vote, 8 in favor and 1 excused). Per KCTV5, the measure then went to County Executive Phil LeVota, who had 10 days to sign or veto; no veto was reported in any subsequent coverage found in this pass, but independent confirmation of the Executive's signature was not obtained.","180 days, amended up from the original 120-day Ordinance 6074 proposal introduced 2026-04-06 by Legislator Sean E. Smith. The Legislature had also been considering a competing 365-day version (Ordinance 6087, sponsored by Legislative Chair Manny Abarca) before settling on the 180-day term that passed 8-1 on 2026-06-22.","Ordinance 6074, introduced 2026-04-06 by Legislator Sean E. Smith (120-day version); a competing 365-day version (Ordinance 6087, sponsored by Legislative Chair Manny Abarca) was also considered in committee as of 2026-06-01. The full County Legislature passed a 180-day moratorium on data-center and Battery Energy Storage System (BESS) land-use applications by an 8-1 vote (one member excused) on 2026-06-22. Per KCTV5, the ordinance then went to County Executive Phil LeVota, who had 10 days to sign or veto; no veto was reported in subsequent coverage found in this pass, but the Executive's signature was not independently confirmed, and the exact ordinance/file number of the version that received final passage (whether an amended Ordinance 6074 or a substitute) was not confirmed from a primary Legistar record, which returned an access error to automated fetch.","Rapid emergence of data center and battery energy storage system applications; perceived gaps in the Jackson County Unified Development Code; infrastructure, environmental, public safety, and public notice concerns.","Adopted by the County Legislature (8 in favor, 1 excused) on 2026-06-22 as a 180-day moratorium on data-center and BESS land-use applications, for the purpose of developing long-term policy, County Code provisions, and enhanced public-notice requirements. Whether the measure was signed by County Executive Phil LeVota, became law without signature, or was vetoed was not independently confirmed in this pass; no veto was reported in any subsequent coverage found.","Would apply to Jackson County's acceptance, processing, and approval of rezoning applications, CUPs, SUPs, site plans, and building permits for data centers or BESS facilities, per Ordinance 6074 text. The ordinance contains no project-specific exemption language. The Nebius EastGate project sits in the City of Independence, which exercises municipal zoning authority over its incorporated territory; the county-level moratorium therefore does not reach city-issued Independence approvals (confirmed from Ordinance 6074 text downloaded from Jackson County Legistar 2026-04-29).","If adopted, the county would use the pause to draft long-term code provisions and enhanced public notice requirements.",False,0,0,Medium,active,mo-jackson-county-2026,39.035521,-94.358351,2026-06-22,exact,180,fixed_days,,"[""data_center"", ""battery_storage""]","[""regulatory_gap"", ""infrastructure_capacity"", ""environmental"", ""fire_safety"", ""other""]"
Missouri,MO,Marion County,County,"2026-06-15 (County Commission, unanimous)",12 months,County Commission order/ordinance approving 12-month moratorium; signed standalone instrument not located on county website [VERIFY],Planning and Zoning Commission recommended the pause so the county could consider amendments to its land-use order,Reported active; no signed standalone moratorium order located. [VERIFY] [VERIFY instrument number; primary source (news-only evidence) not confirmed at confidence 0.55 in the 2026-07 refresh],,County Commission unanimously approved a 12-month moratorium on establishing or expanding data centers,True,3,0,Medium,active,mo-marion-county-2026,39.808057,-91.631878,2026-06-15,exact,365,fixed_days,,"[""data_center""]","[""regulatory_gap""]"
Missouri,MO,Nodaway County,County,2026-07-21 (County Commission order),"Six months, with one extension of up to six additional months permitted upon written findings",County Commission order and ordinance dated 2026-07-21,"Pause on data center construction, conversion, establishment, new operation, expansion, and related permits in unincorporated Nodaway County",Active per primary county order,Exempts existing operations and projects where physical on-site construction had already begun,"County Commission signed an order imposing a six-month moratorium in unincorporated Nodaway County on data center construction, conversion, establishment, new operation, expansion, and related permits",False,0,0,Medium,active,mo-nodaway-county-2026,40.348344,-94.872366,2026-07-21,exact,180,fixed_days,,"[""data_center""]","[""regulatory_gap""]"
Missouri,MO,St. Charles County,County,2026-07-13,Six months,County Bill 5505,"Pause on approvals for larger data centers (exceeding 5 MW, 100,000 square feet, or multiple buildings on a campus) while county studies health, safety, infrastructure, and regulatory issues",Active per county council approval,County officials said no data center proposal was then pending,"County Council approved Bill No. 5505, imposing a six-month moratorium on large-scale data centers countywide (incorporated and unincorporated areas)",False,0,0,Medium,active,mo-st-charles-county-2026,38.787779,-90.674737,2026-07-13,exact,180,fixed_days,,"[""data_center""]","[""regulatory_gap"",""infrastructure_capacity""]"
Missouri,MO,Webster County,County,2026-06-16,Six months,Order 2026-03,"County study of legal authority and potential impacts of data centers, solar, wind, and battery energy storage system facilities in unincorporated Webster County",Active per primary county order,Not intended to stop the existing data center under construction on Rifle Range Road,"County Commission adopted Order 2026-03, a six-month moratorium on data centers, solar facilities, wind facilities, and battery energy storage systems in unincorporated Webster County",False,0,0,Medium,active,mo-webster-county-2026,37.289515,-92.879211,2026-06-16,exact,180,fixed_days,,"[""data_center"",""solar"",""wind"",""battery_storage""]","[""regulatory_gap"",""grid_energy""]"
Montana,MT,Missoula County,County,2026-07-09 (Board of County Commissioners unanimous adoption after a public hearing),"One year from adoption (2026-07-09 to 2027-07-08), or until replaced sooner by permanent zoning","Interim zoning overlay resolution adopted unanimously by the Missoula County Board of County Commissioners on July 9, 2026, under Mont. Code Ann. Section 76-2-206",County commissioners directed to study an asserted emergency and possible mitigation measures related to data center development pressure in unincorporated county areas,"Active as of the July 31, 2026 research date. Prohibits permitting new or expanded data centers in zoned and unzoned areas of unincorporated Missoula County outside the City of Missoula. Effective July 9, 2026; expires July 8, 2027, or sooner if replaced by permanent zoning. Adopted unanimously after a public hearing at which 30 members of the public spoke, all in support.",No specific named project identified in the captured record; applies prospectively countywide in unincorporated areas.,Enacted one-year interim zoning moratorium on new or expanded data centers in unincorporated Missoula County.,False,0,0,Low,active,mt-missoula-county-2026,46.965389,-113.923261,2026-07-09,exact,365,fixed_days,,"[""data_center""]","[""regulatory_gap"",""land_use_compatibility""]"
Nebraska,NE,Cherry County,County,"Board of Commissioners voted 2-1 on 2026-07-14 to impose a moratorium, effective that day.","Six-month moratorium on all conditional use permits (broader than data centers), adopted amid board discussion focused on the county's lack of data center provisions. No separate ordinance or resolution text was located; recorded as a motion in the minutes.",Board of Commissioners motion (2-1 vote); no separate ordinance or resolution number identified,County zoning rules did not address data centers; disagreement among commissioners about whether Nebraska law clearly authorizes such a moratorium.,Active as of 2026-07-31; six-month pause on all conditional use permits effective 2026-07-14.,,,False,0,0,Medium,active,ne-cherry-county-2026,42.556017,-101.150304,2026-07-14,exact,180,fixed_days,,"[""data_center"",""general""]","[""regulatory_gap""]"
Nebraska,NE,Hitchcock County,County,2025-02-03,"One year or until updated zoning regulations were adopted, whichever was less","Resolution #2025-7, Temporary Moratorium on Data Centers and Crypto Mining Facilities","Existing zoning did not adequately address data centers and crypto mining in AG-G and RCI districts. The resolution cited energy consumption, cooling and environmental footprint concerns, land-use impacts, and the need to study countywide zoning controls.",Replaced,Steven R. Fries data mining conditional use request was denied on 2025-01-21 before the moratorium. MB Club LLC later received conditional use approval for a data center on 2025-10-06 [VERIFY: MB Club LLC project MW capacity not in captured Hitchcock County board minutes].,Resolution #25-9 amended county zoning after a 2025-03-17 public hearing. The framework allows data centers and crypto mining through conditional use in AG-G and RCI districts and addresses I district standards. Resolution #25-19 approved MB Club LLC's conditional use with an impact easement requirement.,True,1,0,Medium,replaced,ne-hitchcock-county-2025,40.165957,-101.038747,2025-02-03,exact,365,fixed_days,,"[""data_center"", ""cryptocurrency_mining""]","[""regulatory_gap"", ""environmental"", ""grid_energy"", ""land_use_compatibility""]"
Nebraska,NE,Logan County,County,Board of Commissioners voted 3-0 to adopt Resolution 26-2 on 2026-07-15.,"12-month moratorium on accepting applications for data centers and AI facilities, cryptocurrency mining, wind and solar energy systems, battery energy storage, carbon dioxide facilities, future high-voltage transmission infrastructure, and other utility-scale or specialized-technology facilities.","Resolution 26-2, Board of County Commissioners",Adopted alongside a wave of Nebraska county moratoria addressing data centers and related utility-scale/specialized-technology development.,Active as of 2026-07-31; 12-month moratorium effective 2026-07-15.,,,False,0,0,Medium,active,ne-logan-county-2026,41.559006,-100.503055,2026-07-15,exact,365,fixed_days,,"[""data_center"",""cryptocurrency_mining"",""wind"",""solar"",""battery_storage""]","[""regulatory_gap"",""grid_energy""]"
Nebraska,NE,Otoe County,County,2026-05-19,"Moratorium on building and conditional-use permits for data centers, for up to one year from adoption (i.e., through on or about 2027-05-19), and subject to earlier termination if the zoning review committee's updated regulations are approved sooner.","Otoe County Board of Commissioners motion (made by Commissioner Cole, seconded by Commissioner Crownover), adopted by unanimous voice vote (4-0; Commissioner Freshman absent) at the May 19, 2026 regular meeting, following a public hearing and the Planning Commission's April 16, 2026 recommendation. The same meeting also created a zoning review committee (Commissioners Jerad Sornson and Chuck Cole, Dan Thomson, and Jenniffer Panko-Rahe, plus Planning Board representatives Dan Hodges, Howard Bebout, and Cheri Wirthele) to update the county's zoning regulations. No separately numbered ordinance or resolution was adopted for the moratorium itself (compare Resolution 5-19-26-4 and Resolution 5-19-26-5, both adopted at the same meeting for unrelated matters).","Large public response and concern over potential health, environmental, and community-fit impacts of data centers.","Adopted. The Otoe County Board of Commissioners voted 4-0 on 2026-05-19 to enter a moratorium on building and conditional-use permits for data centers, for up to one year, with a newly created zoning review committee directed to update regulations; the moratorium may be lifted earlier once updated regulations are approved.","No specific project application was named in the May 19, 2026 public hearing; the certified minutes record public comments about noise, pollution, water/power usage, and preserving agricultural land in general terms, not a named applicant. Possible Tenaska-related southeast Nebraska land assembly and industrial/data-center discussion had been reported in March 2026, but no formal Otoe County application docket was identified in any source checked in this pass either.","No enacted moratorium or replacement zoning action identified in captured sources. Otoe County's 2025 zoning draft defines ""Data Center"" but the captured text did not surface a complete use-matrix classification. [CITE]",False,0,1,Medium,active,ne-otoe-county-2026,40.656685,-96.144458,2026-05-19,exact,365,fixed_days,,"[""data_center""]","[""environmental"", ""land_use_compatibility"", ""specific_project""]"
Nebraska,NE,Red Willow County,County,2025-09-22,12 months,"Resolution No. 1577, Book 24, Page 84, Adopt 12 Month Zoning Moratorium on Data Centers",The captured board minutes record adoption but do not include detailed findings. Later local discussion in earlier captures referenced noise and public-power/rate implications.,Active as of 2026-04-29 based on no repeal or replacement found in captured minutes through 2026-04-27.,Not identified in captured primary records. [CITE],"No replacement zoning ordinance, repeal, or extension identified in captured board minutes through 2026-04-27.",False,0,1,Medium,active,ne-red-willow-county-2025,40.168619,-100.455090,2025-09-22,exact,365,fixed_days,,"[""general""]","[""noise"", ""grid_energy""]"
Nebraska,NE,Seward County,County,"Board of Commissioners adopted Resolution 3937 on 2026-06-30, effective immediately, with three affirmative votes and two members absent.","Pauses data center construction, building permits, conditional use permits, and any other project authorization. Expires at the earlier of 12 months or the effective date of new data center zoning regulations, unless extended by a separate resolution.","Resolution 3937, Board of County Commissioners",County had discussed a draft moratorium after a commissioner proposed a pause; adopted while the county develops permanent data center zoning regulations.,"Active as of 2026-07-31; up-to-12-month moratorium effective 2026-06-30, or earlier upon adoption of new zoning regulations.",,,False,0,0,Medium,active,ne-seward-county-2026,40.869553,-97.170668,2026-06-30,exact,365,fixed_days,,"[""data_center""]","[""regulatory_gap""]"
Nevada,NV,Humboldt County,County,"2026-07-06, Humboldt County Commission, unanimous vote on second reading of Bill No. 05-18-26 (one local news account describes the meeting as occurring July 7)","Through July 13, 2027 (amended at the meeting)","Bill No. 05-18-26 (Humboldt County), a temporary moratorium on the acceptance, processing, and approval of applications for new data center facilities in unincorporated Humboldt County; does not apply within the city of Winnemucca",Precautionary pause pending regulation; no data center proposal or development application was pending when the measure passed,Active as of 2026-07-31; set to expire 2027-07-13 absent further action,,,False,0,0,Low,active,nv-humboldt-county-2026,41.429394,-118.202482,2026-07-06,exact,,until_date,,"[""data_center""]","[""regulatory_gap""]"
Nevada,NV,Nye County,County,"2026-06-02 (Nye County Board of County Commissioners unanimously approved a countywide moratorium on new data center applications at its Tuesday, June 2, 2026 meeting, per Pahrump Valley Times)","No fixed term; Commissioner Strickland was quoted estimating a new data center ordinance could be ready 'in about 90 days,' but the moratorium's stated end condition is adoption of local data center regulations, not a calendar date.",Board of County Commissioners resolution under NRS 244.110/244.119,"Nye County Water District Governing Board's 2026-05-27 emergency request that the commission impose a moratorium, driven by concerns over data center water demand on a 'critically over-appropriated' aquifer (Nevada Hydrographic Basin 162) in the Pahrump Regional Planning District","Active as of 2026-07-31. A follow-on permanent ordinance (Nye County Bill No. 2026-11, adding Nye County Code Chapter 17.13 'Data Centers,' a prohibition in unincorporated areas without an elected town board) had a public hearing scheduled for 2026-08-04; that draft bill's recitals state the Board 'has recently approved a temporary moratorium on data centers while permanent regulations are developed,' corroborating that the June moratorium remained in force as of the bill's July 7, 2026 agenda item.",Proposed 'Blackjack Data Center' and a large Pahrump-area data center proposal covered in local reporting through July 2026,Countywide moratorium on new data center applications adopted; permanent prohibition ordinance in process,False,0,0,Low,active,nv-nye-county-2026,38.354484,-116.406961,2026-06-02,exact,,until_event,,"[""data_center"",""cryptocurrency_mining""]","[""water"",""grid_energy"",""land_use_compatibility""]"
Nevada,NV,Reno,City,"Reno City Council approved a final moratorium resolution on/around 2026-06-01, extending an earlier temporary pause on special-use permits for new data centers through August 31, 2027, by a 6-1 vote (Councilmember Kathleen Taylor dissenting). Coverage headlines describe this both as an 'extension' of an existing pause and as the council 'approving' the moratorium, consistent with an initial shorter pause enacted earlier in 2026 that was then extended.","Runs through August 31, 2027, or until the city adopts new data center regulations, whichever comes first.",City Council resolution,Concerns over water use and rising power costs from new data center development,Active/extended as of 2026-07-31; set to run until 2027-08-31 or adoption of new regulations. [VERIFY instrument number; primary source (news-only evidence) not confirmed at confidence 0.6 in the 2026-07 refresh],Not specifically named in sources reviewed,Moratorium on new data center special-use permits extended through August 2027,True,1,0,Low,extended,nv-reno-2026,39.526179,-119.812658,2026-06-01,range,,until_date,,"[""data_center""]","[""water"",""grid_energy"",""land_use_compatibility""]"
New Hampshire,NH,Town of Nottingham,Town,"Planning Board voted 5-0-0 on 2026-07-01 to adopt the proposed ordinance as written and advance it to the town's legislative body; the signed ordinance states it takes effect only upon adoption by the legislative body (voters), scheduled for a special election on 2026-09-08","12 months from voter adoption, if the ordinance is approved","Nottingham Planning Board vote (5-0-0), July 1, 2026, adopting a signed 'Temporary Moratorium on Data Centers Ordinance' under RSA 674:23 (interim growth management); requires ratification by the town's legislative body (voters) before taking legal effect","Local opposition to a withdrawn Nottingham Business Park data center concept (145 Old Turnpike Road) and an online petition that drew more than 25,000 signatures","Pending, not yet in legal effect as of the July 31, 2026 research date. The Planning Board has adopted and signed the ordinance and advanced it to Nottingham's legislative body; it becomes binding only if voters approve it at the special election scheduled for September 8, 2026 (held together with the state primary). If adopted, it would apply in every zoning district to data center land-use and building applications for 12 months and would stop acceptance, processing, or approval of listed applications.","Would apply townwide to data center applications, including any resubmission of the withdrawn Nottingham Business Park (145 Old Turnpike Road) concept.","Not yet enacted; awaiting a September 8, 2026 town legislative-body vote.",False,0,0,Low,pending,nh-town-of-nottingham-undated,43.115019,-71.100082,,unverified,365,fixed_days,,"[""data_center""]","[""specific_project"",""land_use_compatibility"",""water""]"
New Jersey,NJ,Galloway Township,Township,2026-06-16 (date set for final passage per the June-published introduction notice for Ordinance 2172-2026); the official final-passage affidavit was posted 2026-07-15 and does not itself state the adoption date,Six months (180 days) while the Planning Board and Environmental Commission study data centers,"Ordinance 2172-2026 (Township of Galloway), a temporary moratorium on the approval, development, construction, expansion, and operation of data centers, introduced 2026-05-12 and finally passed per the township's own final-passage affidavit",Planning Board and Environmental Commission to study data center land use and make recommendations before further approvals proceed,Reported as finally passed; active as of 2026-07-31 absent further action found in sources reviewed [VERIFY details not confirmed at confidence 0.65 in the 2026-07 refresh],,,True,1,0,Low,active,nj-galloway-township-2026,39.464610,-74.498614,2026-06-16,exact,180,fixed_days,,"[""data_center""]","[""regulatory_gap""]"
New Jersey,NJ,Sayreville,Town,"2026-07-20, Borough Council second and final reading following a public hearing","18 months from adoption; the ordinance also requires publication and mayoral approval, and the copy reviewed does not show the mayoral approval date","Ordinance 15-26 (Borough of Sayreville), a temporary prohibition on data center development in every zone, including the Hercules Redevelopment Area, for 18 months, introduced 2026-06-15 and adopted on final reading 2026-07-20","Study of electric-grid, water, stormwater, fiscal, land-use, noise, and environmental effects of data center development",Enacted per the borough's official adoption notice; active as of 2026-07-31,,,False,0,0,Low,active,nj-sayreville-2026,40.463536,-74.361850,2026-07-20,exact,540,fixed_days,,"[""data_center""]","[""grid_energy"",""water"",""noise"",""environmental"",""regulatory_gap""]"
New Mexico,NM,Santa Fe County,County,"2026-06-30, Board of County Commissioners, 5-0 vote","18 months, immediate; amended during the meeting from an original 12-month proposal","Ordinance 2026-06 (Santa Fe County), an immediate 18-month moratorium on data center development, amended at adoption to lower the coverage threshold from 100 MW to 1 MW","Development of permanent standards addressing groundwater, electricity and grid reliability, noise, waste heat, environmental justice, monitoring, and public participation",Active as of 2026-07-31; the county stated no data center proposal was then pending in Santa Fe County,,,False,0,0,Low,active,nm-santa-fe-county-2026,35.485967,-106.013550,2026-06-30,exact,540,fixed_days,,"[""data_center""]","[""water"",""grid_energy"",""noise"",""environmental"",""regulatory_gap""]"
New Mexico,NM,Sierra County,County,"Reportedly 2026-07-21, Board of County Commissioners, unanimous vote amending agenda item Resolution 2026-51 during the meeting",Reportedly 18 months,"Reportedly an 18-month moratorium blocking data centers on private land, adopted by amending Resolution 2026-51; the posted pre-meeting packet contains only a draft resolution expressing opposition to large-scale data centers with no operative moratorium language, and no signed final instrument or minutes were posted as of 2026-07-31",Concern about a possible data center at Spaceport America,"Reported by two news outlets as adopted on 2026-07-21; no signed county instrument or minutes located as of 2026-07-31. The pre-meeting packet contained only a non-operative draft resolution, which also states the county lacks regulatory authority over Spaceport America property itself [VERIFY details not confirmed at confidence 0.5 in the 2026-07 refresh]",,,True,1,0,Low,pending,nm-sierra-county-2026,33.116594,-107.256942,2026-07-21,unverified,,unknown,,"[""data_center""]","[""specific_project""]"
New Mexico,NM,Socorro County,County,"2026-06-09, unanimous vote of the Socorro County Board of Commissioners.",One year from adoption (to approximately 2027-06-09).,"Socorro County Board of Commissioners moratorium action (instrument number/ordinance-vs-resolution designation not located; no primary county document was retrievable, as the county's own resolution archive and meeting-packet portal are behind an auth-gated Google Drive/Sites link).","Public opposition to a proposed roughly 10,000-acre solar-plus-data-center facility (""Green Data Center"" project) and concerns over water rights/use, energy infrastructure, and public safety; commission appointed a 15-member Blue Ribbon Committee (named 2026-07-29 from 35 applicants) to study these issues and deliver non-binding recommendations at least two months before the moratorium expires.","Active as of 2026-07-31 (adopted 2026-06-09, one-year term). Blue Ribbon Committee named 2026-07-29 and is actively working; committee must report at least two months before the moratorium's expiration.","Proposed 'Green Data Center' project (~10,000-acre solar and data-center facility) that drew public opposition ahead of the vote.",County commission unanimously adopted a one-year moratorium on data centers and their direct supporting infrastructure; a fact-finding Blue Ribbon Committee was subsequently appointed to advise the board before expiration.,False,0,0,Low,active,nm-socorro-county-2026,33.990472,-106.922083,2026-06-09,exact,365,fixed_days,,"[""data_center""]","[""specific_project"",""water"",""grid_energy"",""environmental"",""regulatory_gap""]"
New York,NY,Manlius,Town,"2026-07-09 -- Town Board vote, 7-0.",One year,"Manlius Town Board local law/resolution (unanimous, 7-0)","Concerns about rising utility bills and outages, water supply, and environmental impact from data processing centers and commercial cryptocurrency mining.",Adopted; one-year moratorium in effect.,None named in the source reviewed.,The Manlius Town Board unanimously (7-0) approved a one-year moratorium on data processing centers and commercial cryptocurrency mining operations.,False,0,0,Medium,active,ny-manlius-2026,43.002011,-75.976863,2026-07-09,exact,365,fixed_days,,"[""data_center"",""cryptocurrency_mining""]","[""grid_energy"",""water"",""environmental""]"
New York,NY,Town of Brookhaven,Town,"2026-07-16 (Town Board, unanimous, following a public hearing)",18 months,Enacted local law approving an 18-month moratorium (introduced as Introductory Local Law No. 11 of 2026 on 2026-05-28; complete enacted local-law text not located at the official public-notice page) [VERIFY],"Pause on all new data-center applications to allow the planning department to develop comprehensive zoning rules on location, design, operation, infrastructure, energy and water use, noise, visual effects, environmental sustainability, public safety, and efficiency",Active per town civic alert; complete enacted local-law text not located. [VERIFY],"DataBank's pending Phase Two expansion near Lake Tappan in nearby Orangetown was cited in regional coverage, but Brookhaven officials said the town had no pending data center application",Town Board unanimously approved an 18-month moratorium on all new data-center applications following a five-hour hearing with about 300 attendees and 60 speakers opposed,True,2,0,Medium,active,ny-town-of-brookhaven-2026,40.779265,-72.915383,2026-07-16,exact,545,fixed_days,,"[""data_center""]","[""regulatory_gap"",""infrastructure_capacity""]"
New York,NY,Town of Clifton Park,Town,2026-07-07,12 months,Local Law No. 9 of 2026,"Moratorium on the siting, acceptance, review, and approval of applications for a 'Data Storage Center' within the town",Active per official notice of adoption and meeting packet,,"Town Board enacted Local Law No. 9 of 2026, a 12-month moratorium",False,0,0,Medium,active,ny-town-of-clifton-park-2026,42.863037,-73.774762,2026-07-07,exact,365,fixed_days,,"[""data_center""]","[""regulatory_gap""]"
New York,NY,Town of Dryden (Tompkins County),Town,2024-07-31,"18 months as initially adopted; extension draft (Local Law No. 1 of 2026) would change term to 20 months [VERIFY: signed, filed Local Law No. 1 of 2026 not in captured Dryden Local Laws index as of 2026-04-29; permanent zoning Local Law No. 2 of 2026 was instead adopted 2026-02-19]",Local Law No. 2 of 2024; draft Local Law No. 1 of 2026 extension; Local Law No. 2 of 2026 replacement zoning definitions,"Proposed commercial cryptocurrency/data-processing use in Freeville area, regulatory gap, and stated concern for natural, historic, cultural, and electrical resources",Replaced by permanent zoning action adopted 2026-02-19; moratorium term otherwise would have expired in early 2026,"New York Metro Cloud LLC proposed use (cryptocurrency hosting/mining) at 2186 Dryden Road in Freeville. No MW/power-capacity figure appears in any available record; federal court filings (Bartolini v. Town of Dryden, N.D.N.Y. lead case 3:24-cv-01380, member 3:24-cv-01383, plus related S.D.N.Y. dockets 7:24-cv-07062 and 7:24-cv-05925) describe the site as a 0.24-acre parcel with approximately 3,000 square feet of interior space in a converted Quonset-style building -- consistent with a small hosting operation rather than a utility-scale, megawatt-rated data center, which explains why no MW figure exists rather than it simply being unreported.","Town adopted a 2026 zoning law defining data centers, accessory data centers, cryptocurrency, and cryptocurrency data mines, while taking no action to add data centers or cryptocurrency facilities to the allowable-use chart. This appears to prohibit principal data center and cryptocurrency data mine uses unless later code amendments allow them.",True,1,0,Medium,replaced,ny-dryden-2024,42.490618,-76.297666,2024-07-31,exact,540,fixed_days,,"[""data_center"", ""cryptocurrency_mining""]","[""specific_project"", ""regulatory_gap"", ""environmental"", ""grid_energy"", ""land_use_compatibility""]"
New York,NY,Town of East Fishkill,Town,"2026-06-25 (Town Board, unanimous, following a public hearing and a rally outside Town Hall)","Until 2029-07-01, for data centers over 20 MW",Town Board local law/moratorium adopted 2026-06-25 (exact local law number not stated in the packet excerpt reviewed) [VERIFY],"Opposition to a possible 1,000 MW project associated with Treetop Development; the supervisor said no formal application had been filed with the town",Active per official meeting packet and WAMC report,"Possible 1,000 MW project associated with Treetop Development (no formal application filed as of vote)","Town Board unanimously adopted a moratorium under which data centers over 20 MW would not be permitted or considered until July 1, 2029",True,1,0,Medium,active,ny-town-of-east-fishkill-2026,41.553331,-73.795621,2026-06-25,exact,,until_date,,"[""data_center""]","[""specific_project"",""grid_energy""]"
New York,NY,Town of Highland,Town,Enacted by Town Board (exact adoption date and vote tally not stated in the town's official notice); a public hearing was held 2026-06-09 and the town's notice of enactment was published by 2026-06-18 [VERIFY],"12 months, extendable up to 24 months while zoning and potential impacts are studied","Local Law 1-2026 [VERIFY: official enactment notice does not state the adoption date or vote tally, and links only to a draft law]","Pause on approval, permitting, and construction of large-scale data centers while zoning and impacts are studied",Reported active per town notice; adoption date and vote tally not confirmed; final enacted text (vs. linked draft) not verified. [VERIFY] [VERIFY instrument number not confirmed at confidence 0.6 in the 2026-07 refresh],,"Town published notice that it enacted Local Law 1-2026, a 12-month moratorium on large-scale data centers",True,4,0,Medium,active,ny-town-of-highland-2026,41.529722,-74.897222,2026-06,month_only,365,fixed_days,,"[""data_center""]","[""regulatory_gap""]"
New York,NY,"Town of Lansing (Tompkins County) - proposed, not enacted",Town,"Not enacted. Public hearing held 2025-09-24; the Town Board's resolution withdrawing the proposed moratorium (Local Law #7 of 2025) is confirmed on the November 19, 2025 Town Board meeting agenda (Item 4, Motions and Resolutions: ""Resolution Withdrawing Proposed Moratorium (Local Law #7 of 2025)"").",Proposed 365 days,Proposed Local Law No. 7 of 2025; resolution withdrawing proposed moratorium,"Town zoning rewrite and EPOD planning process, plus local concern about large commercial and industrial projects including the TeraWulf Cayuga Data Campus",Withdrawn before enactment,TeraWulf/Cayuga Operating Company proposed Cayuga Data Campus at the former Cayuga coal plant; TeraWulf press release describes rights to develop up to 400 MW and 138 MW expected ready for service in 2026,"Moratorium proposal withdrawn November 19, 2025. The Lansing Zoning Board of Appeals ruled on December 23, 2025 that the proposed AI/HPC data center is a permitted ""general processing"" use under existing industrial/research zoning; Cayuga Lake Action Now (CLEAN) and FLX Strong filed an Article 78 petition in NY State Supreme Court on January 30, 2026 against the Lansing ZBA and TeraWulf challenging that ruling. The outcome of the Article 78 petition was not confirmed as of this pass (2026-07-31); the last located update was an April 14, 2026 report on a separate state water-permit approval for the associated power plant, which could not be accessed this pass due to source rate-limiting.",False,0,0,Medium,rescinded,ny-lansing-2025,42.485138,-76.485621,,unverified,365,fixed_days,,"[""data_center""]","[""specific_project"", ""regulatory_gap"", ""land_use_compatibility"", ""legal_or_litigation""]"
New York,NY,"Town of Lewiston (Niagara County) - proposed, public hearing held",Town,"Adopted as Local Law No. 3 of 2026, now filed in the Town's official 2026 Local Laws register; the exact Town Board vote date was not confirmed from a source I could directly read, but adoption followed the 2026-04-13 public hearing.","Eighteen (18) months from the effective date of adoption (the 'Moratorium Period'), extendable by Town Board resolution for additional periods not to exceed six months each.",Proposed Local Law 3-2026,"General/preemptive moratorium. The enacted law's legislative findings (Section 3) cite electrical and wastewater infrastructure capacity, fire safety, the absence of a zoning framework for these uses in the Town Code, and a pending Comprehensive Plan update -- no specific project or applicant is named anywhere in the enacted text.","Adopted and in effect as Local Law No. 3 of 2026, an 18-month moratorium on the establishment, construction, expansion, or operation of data centers (aggregate IT load >= 1 MW), artificial intelligence processing facilities (>= 1 MW), and cryptocurrency mining operations (aggregate electrical draw >= 100 kW), with a SEQRA Type II Action determination under 6 NYCRR 617.5(c)(33).",None. The adopted law is townwide and general; no applicant or project is named in its findings or operative sections.,"Pending. Captured agenda describes a local law imposing a moratorium on establishment, construction, expansion, or operation of covered facilities.",False,0,0,Medium,active,ny-lewiston-2026,43.172555,-79.035878,,unverified,548,fixed_days,,"[""data_center"", ""cryptocurrency_mining""]","[""regulatory_gap""]"
New York,NY,Town of Lysander (Onondaga County) - drafting authorized,Town,Not enacted as of captured 2026-04-16 update,"Six (6) months, per Local Law #4 of 2026, 'Six-Month Moratorium on Data Storage Centers.'","Local Law #4 of 2026 (a 6-month moratorium on data storage centers). Per the Town Supervisor's official update notice: 2026-04-16, Town Board resolution (4-0) authorizing the Town Attorney to draft the moratorium; 2026-04-24, Town Board resolution (4-0) referring Local Law #4 to the Onondaga County Planning Board and the Town of Lysander Planning Board for recommendation, plus a second 4-0 resolution to hold a public hearing; 2026-04-27, Town of Lysander Planning Board resolution (5-0) recommending Town Board approval; 2026-05-07, public hearing held on Local Law #4 at Lysander Town Hall.",Proposed multi-billion-dollar data center development and resident concern reported in local coverage [VERIFY: project name and applicant not confirmed in captured primary records; Lysander records do not name the developer].,"Local Law #4 of 2026 advanced through Planning Board recommendation (5-0, 2026-04-27) and a public hearing (2026-05-07); a final Town Board adoption vote following the hearing is suggested by a news headline but was not confirmed from a source I could directly verify as of 2026-07-31.",Proposed Lysander data center project; MW and investment value not confirmed in captured primary record [VERIFY: MW and investment value attributed to local news only; not in captured Lysander Town Board materials].,Pending draft moratorium.,True,2,0,Medium,pending,ny-lysander-2026,43.206457,-76.459104,,unverified,,unknown,,"[""data_center""]","[""specific_project"", ""land_use_compatibility""]"
New York,NY,"Town of Oneonta (Otsego County) - proposed, pending",Town,Adopted 2026-05-15 by a unanimous Town Board vote.,Proposed 1 year,"Proposed local law: ""Moratorium on the Development, Construction, and Operation of Data Centers and Commercial Cryptocurrency Mining Operations""","Eco-Yotta Inc. proposal associated with 357 County Road 9 and requested rezoning of about 150 acres of farmland, plus resident opposition","Adopted; a 12-month moratorium has been in effect since 2026-05-15 on the development, construction, and operation of data centers and commercial cryptocurrency mining operations.",Eco-Yotta Inc. data center proposal at 357 County Road 9; MW not identified in captured records [CITE],"Draft local law would stop town-level approvals and use of land or structures for data centers and commercial cryptocurrency mining during the moratorium, with exemptions for specified public, education, medical, and low-power uses.",False,0,1,Medium,active,ny-oneonta-2026,42.472222,-75.074444,2026-05-15,exact,365,fixed_days,,"[""data_center"", ""cryptocurrency_mining""]","[""specific_project"", ""land_use_compatibility"", ""agricultural_preservation""]"
New York,NY,Town of Salina,Town,"2026-05-27 (Town Board adoption, following public hearing at which no one spoke in opposition)",12 months,Local Law No. 5 of 2026,"Moratorium on commercial cryptocurrency mining operations and data processing centers, including AI processing and large-scale data computing, storage, and processing facilities",Active per primary local law text; grandfathers approved lawful operating uses while prohibiting their expansion,,"Town Board adopted Local Law No. 5 of 2026, a 12-month moratorium",False,0,0,Medium,active,ny-town-of-salina-2026,43.102290,-76.176731,2026-05-27,exact,365,fixed_days,,"[""data_center"",""cryptocurrency_mining""]","[""regulatory_gap""]"
New York,NY,Town of Southeast,Town,"2026-05-21 (Town Board adoption, following the May 7 public hearing)",Six months,Local Law No. 3 of 2026,Pause on acceptance or further review of building permit and site plan applications for electronic data storage facilities drawing significant electricity from public utilities,Active per primary local law text; can be ended early or extended by another local law,,"Town Board adopted Local Law No. 3 of 2026, a six-month moratorium",False,0,0,Medium,active,ny-town-of-southeast-2026,41.400000,-73.600000,2026-05-21,exact,180,fixed_days,,"[""data_center""]","[""grid_energy"",""regulatory_gap""]"
New York,NY,Town of Thurston,Town,"2026-05-20 (Town Board, 5-0 roll-call vote, after public hearing)",Two years,Resolution 20 and Local Law No. 5 of 2026,Moratorium on commercial cryptocurrency mining operations and data processing centers; stops acceptance of applications and issuance of permits during the pause,Active per primary local law and meeting minutes,,"Town Board adopted Resolution 20 and Local Law No. 5 of 2026 by a 5-0 roll-call vote, imposing a two-year moratorium",False,0,0,Medium,active,ny-town-of-thurston-2026,42.222851,-77.264144,2026-05-20,exact,730,fixed_days,,"[""data_center"",""cryptocurrency_mining""]","[""regulatory_gap""]"
New York,NY,Town of Van Buren,Town,"2026-06-03 (Town Board, unanimous)",12 months,Local Law 2-2026,"Moratorium on the development or construction of commercial cryptocurrency mining operations, data mining, data processing centers, and data storage facilities, townwide",Active per primary board packet,Previously approved facilities and town-owned property exempt; modification/alteration/enlargement of previously approved facilities prohibited during the moratorium,"Town Board unanimously enacted Local Law 2-2026, a 12-month moratorium, and formed a committee to work on battery-storage and data-center rules",False,0,0,Medium,active,ny-town-of-van-buren-2026,43.113882,-76.301932,2026-06-03,exact,365,fixed_days,,"[""data_center"",""cryptocurrency_mining""]","[""regulatory_gap""]"
North Carolina,NC,Buncombe County (cryptocurrency mining; data-center-adjacent),County,2023-05-02 effective; extended 2024-05-07 by Ordinance 24-05-09,Original 1 year; extended to 2025-04-30 or earlier adoption of text amendment,Ordinance 23-05-05 and extension Ordinance 24-05-09; N.C.G.S. 160D-107,"Cryptocurrency mining server farms; county cited electricity use, greenhouse gas emissions, pollution, e-waste, noise, and lack of standards.","Expired/replaced — captured staff memo (PH 1 MEMO Crypto/Data Ctr) referenced an Aug. 19, 2024 Planning Board review of proposed text amendments for crypto mining and data centers, with the moratorium running until May 2025. [Evidence ceiling: Buncombe Legistar's MainBody.aspx and Calendar.aspx return blank renderings even with a real Chrome browser (the calendar widget is fully JS-driven and requires authenticated session state to enumerate), and Buncombe's Municode TOC fetched 2026-04-30 lists Chapters 1, 3, 6, 10, 14, 21, 22, 26, 30, 34 — i.e., the Code of Ordinances does not include zoning, which Buncombe publishes separately. The replacement-ordinance status would require pulling the BOC minutes for fall 2024 directly from County Clerk records.]",Cryptocurrency mining uses in unincorporated Buncombe County; data centers addressed in later planning memo as separate use.,County planning memo proposed text amendments for cryptocurrency mining and data centers; final adopted text not retrievable via Buncombe's online portals as of 2026-04-30 (Legistar and CivicEngage both require authenticated JS state).,False,0,0,High,replaced,nc-buncombe-county-2023,35.629222,-82.525560,2023-05-02,exact,365,fixed_days,,"[""cryptocurrency_mining""]","[""regulatory_gap"", ""grid_energy"", ""environmental"", ""noise""]"
North Carolina,NC,Charlotte,City,"2026-06-08, unanimous City Council vote","150 days, through November 5, 2026",City Council moratorium; ordinance number not located (Charlotte's Legistar search interface is JavaScript-rendered and could not be queried via fetch),"Public concern over electricity rates, water consumption, noise, and neighborhood impacts tied to a proposed American Towers data center in east Charlotte; a May 26, 2026 public hearing drew 50-plus speakers","Active as of 2026-07-31 (runs through Nov 5, 2026). City staff are drafting permanent regulations during the pause; a July 29, 2026 Charlotte Observer piece indicates the Council faces further votes on data centers after its summer break, and a related data-center community task force was reported paused in early July amid an unrelated council transparency dispute. [VERIFY instrument number; primary source (news-only evidence) not confirmed at confidence 0.65 in the 2026-07 refresh]","Proposed American Towers data center, east Charlotte",150-day moratorium on new data-center development/rezoning petitions to allow time for policy development,True,1,0,High,active,nc-charlotte-2026,35.227209,-80.843083,2026-06-08,exact,150,fixed_days,,"[""data_center""]","[""specific_project"",""property_values"",""noise"",""grid_energy"",""land_use_compatibility""]"
North Carolina,NC,Chatham County,County,2026-02-11,"12 months, to 2027-02-11, or earlier if new zoning regulations are adopted",Ordinance 26-0061; N.C.G.S. 160D-107; hearing under N.C.G.S. 160D-601,"Potential large-scale data center interest at Triangle Innovation Point West in Moncure; county findings cite water and electricity use, greenhouse gas emissions, pollution, e-waste, noise, and unaddressed zoning categories.","Active; Eco TIP West LLC (associated with Kirk Bradley of Lee-Moore Capital) filed suit in Chatham County Superior Court, reported by chathamnc.com 2026-04-26, seeking declaration that the moratorium is unlawful and that its 750 MW project at Triangle Innovation Point West is exempt; Eco TIP West reports investing more than $11 million pre-moratorium. Case caption: \emph{Eco TIP West, LLC v. Chatham County}, Chatham County Superior Court (per chathamnc.com 2026-04-26). The NC eCourts portal at portal-nc.tylertech.cloud/Portal applies an Akamai ""Let's confirm you are human"" challenge after entering Smart Search that defeats automated docket retrieval as of 2026-04-30; chathamnc.com and IndyWeek do not publish the file number. [Evidence ceiling: docket number requires manual retrieval from the Chatham County Clerk of Superior Court.]","Triangle Innovation Point West; ordinance covers data centers, data processing facilities, cryptocurrency mining operations, and related uses in unincorporated Chatham County outside municipal ETJs.",Pending. Planning staff were directed to study impacts and prepare zoning text amendments during the moratorium.,False,0,0,High,active,nc-chatham-county-2026,35.715132,-79.253304,2026-02-11,exact,365,fixed_days,,"[""data_center"", ""cryptocurrency_mining""]","[""specific_project"", ""regulatory_gap"", ""water"", ""grid_energy"", ""environmental"", ""noise"", ""legal_or_litigation""]"
North Carolina,NC,Cherokee County (high-impact facilities; cryptocurrency mining; data-center-adjacent),County,"2023-10-02 (signed by Chairman Cal Stiles, Cherokee County Board of Commissioners; ""On this the 2nd day of October, 2023"" per OCR of the High Impact Facility Moratorium PDF).","1 year from date of adoption, ""or until such time as the Cherokee County Board of Commissioners enacts a high-impact land use ordinance,"" per Section 3 of the ordinance (OCR-confirmed).","High-Impact Facility Moratorium adopted under N.C.G.S. 160D-107(a) and 160D-107(d); ordinance text recites Cherokee County Comprehensive Plan adoption September 18, 2023 and finds at least 3 crypto mining sites in the county; covered uses include asphalt facilities; bulk inflammable, chemical, biological-waste or explosive storage; cryptocurrency mining server farms; unenclosed data storage facilities with powered cooling; facilities with generators ≥600 kW fossil-fuel power; solid-waste management/disposal facilities; commercial incinerators; bulk concrete production; nuclear/toxic-material storage or disposal; and privately operated prisons. Scope: unincorporated Cherokee County, excluding lands within the Qualla Boundary of the Eastern Band of Cherokee Indians. The county does not have land-use zoning, so the moratorium operated through permit gating only. PDF stored at `research/_originals/cherokee-county-high-impact-facility-moratorium-2023.pdf`; OCR text in `research/_web/cherokee-county-high-impact-facility-moratorium-2023-ocr.md`.",Existing cryptocurrency mining noise and electricity concerns in the Murphy/Marble area.,"Expired — per BPR (2026-04-10), the Cherokee County moratorium ""had been expired for a year"" by January 2026; Commissioner Ben Adams asked the board to renew the moratorium and add AI data centers, but the board did not act, and Adams is now pursuing planning-board-led ordinance work (per Cherokee Scout). One former crypto mine in Marble (Core Scientific) is converting to a hyperscaler-class AI data center.",Cryptocurrency mining/high-impact facilities; the Marble facility has converted from crypto to AI workloads.,No moratorium currently in force; planning board reconvened to develop possible ordinance without zoning.,False,0,0,High,expired,nc-cherokee-county-2023,35.118415,-84.088618,2023-10-02,exact,365,fixed_days,,"[""cryptocurrency_mining""]","[""regulatory_gap"", ""noise"", ""grid_energy""]"
North Carolina,NC,City of Asheville,City,"2026-06-23, City Council approval following public hearing","One year (June 23, 2026 through June 22, 2027, or earlier if new data center zoning regulations are adopted)","City Council moratorium ordinance applying to new development, uses, or changes of use within NAICS 518210 or functionally equivalent facilities; ordinance number not located in reviewed sources",,Active as of researched_as_of,,,False,0,0,High,active,nc-city-of-asheville-2026,35.608348,-82.588013,2026-06-23,exact,365,fixed_days,,"[""data_center""]","[""regulatory_gap""]"
North Carolina,NC,City of Boiling Spring Lakes,City,"2026-06-02, Board of Commissioners adoption","12 months (June 2, 2026 through June 2, 2027, or until adoption of new zoning regulations, whichever occurs first)","Ordinance (temporary moratorium on data centers, data processing facilities, cryptocurrency mining operations, and associated uses); incidental server rooms and G.S. 160D-107(c)-exempt projects excluded",,Active as of researched_as_of,,,False,0,0,High,active,nc-city-of-boiling-spring-lakes-2026,34.031350,-78.067268,2026-06-02,exact,365,fixed_days,,"[""data_center"",""cryptocurrency_mining""]","[""regulatory_gap""]"
North Carolina,NC,City of Brevard,City,"2026-03-16 (City Council Regular Meeting per agenda item J(4) ""Proposed Moratorium on Data Centers and Similar High-Intensity Land Uses"")","90 days, City Manager Wilson Hooper presented end date of ""running through July 2[, 2026]"" per Hendersonville Times-News reporting; March 16 + 90 days = June 14, but city's planned 90-day window ran past that to July 2 (Council's adopted end-date prevails over arithmetic).","City Council moratorium on data centers and similar high-intensity land uses adopted under N.C.G.S. 160D-107 (Brevard's land-use authority); March 16, 2026 City Council Regular Meeting agenda packet (cityofbrevard.com AgendaCenter ID _03162026-1793) lists item J(4) as ""Proposed Moratorium on Data Centers and Similar High-Intensity Land Uses"" with no instrument number on the published agenda. [Evidence ceiling: as of 2026-04-30, Brevard's AgendaCenter has the meeting agenda but no signed-ordinance PDF or post-meeting minutes for the 2026-03-16 session.]","Past documented data center inquiries; lack of land-use standards for high-resource, noisy, large-format facilities.",Lapsed/superseded: temporary moratorium (Ord. 2026-11) ran through its own term (~2026-07-02); permanent zoning ordinance Ord. 2026-19 (adopted 2026-05-18) now regulates data centers as a conditional industrial use.,No active project identified by city officials.,"Resolved: Council adopted Ord. 2026-19 on 2026-05-18, restricting data centers to industrial zoning districts and requiring case-by-case conditional rezoning.",False,0,0,High,replaced,nc-brevard-2026,35.259339,-82.706189,2026-03-16,exact,90,fixed_days,,"[""data_center""]","[""regulatory_gap"", ""infrastructure_capacity"", ""noise"", ""land_use_compatibility""]"
North Carolina,NC,City of Hendersonville,City,"Not yet enacted as of 2026-07-22; City Council moved the moratorium proposal forward at its 2026-07-22 meeting with a public hearing scheduled for 2026-09-03, per N.C.G.S. 160D-107 procedure.","Up to 12 months per City Attorney Angie Beeker's comparison to peer moratoria, though she noted Hendersonville's could be shorter; not finalized.","Proposed moratorium on data center development under N.C.G.S. 160D-107; statute requires a public hearing before adoption, scheduled for 2026-09-03.",Concerns about high water and electricity consumption and noise from data centers.,Pending. Public hearing scheduled 2026-09-03; not yet enacted.,None identified in reporting.,Council directed staff to prepare the moratorium ordinance and set the required public hearing.,False,0,0,High,pending,nc-city-of-hendersonville-undated,35.318728,-82.460953,,unverified,,unknown,,"[""data_center""]","[""infrastructure_capacity"",""noise"",""water"",""grid_energy""]"
North Carolina,NC,City of Kings Mountain,City,2026-02-24,"182 days, ending with public hearing on 2026-08-25","Ordinance 26-11, adopted 5-2 on motion by Councilmember Annie Thombs (seconded by Lemmond), enacting 182-day moratorium on permitting new data centers; N.C.G.S. 160D-107(d) findings (problems/conditions, scope, duration, schedule) read into the record by Planning Director Henry Earle (per Feb. 24, 2026 minutes). Dissenting: Neisler, Fletcher.","Numerous inquiries from developers; UDO written in 2021 did not define data centers or set standards for location, buffering, lighting, noise, utility usage, or on-site generation.",Active,No named project in captured agenda packet.,Pending. Staff planned five Planning and Zoning Board meetings before bringing text amendments to council on 2026-08-25.,False,0,0,High,active,nc-kings-mountain-2026,35.245484,-81.340015,2026-02-24,exact,182,fixed_days,,"[""data_center""]","[""regulatory_gap"", ""infrastructure_capacity"", ""noise"", ""grid_energy"", ""land_use_compatibility""]"
North Carolina,NC,City of Mount Airy,City,"2026-07-16, Board of Commissioners unanimous adoption of Ordinance No. 2027-002 following legislative hearing with no speakers","60 days, effective July 16, 2026 through September 14, 2026 unless ended or modified earlier",Ordinance No. 2027-002,,"Active as of researched_as_of; bars the city from accepting, processing, or approving specified development applications for new or expanded data centers, including cryptocurrency mining, in areas subject to city zoning authority",,,False,0,0,High,active,nc-city-of-mount-airy-2026,36.498706,-80.607958,2026-07-16,exact,60,fixed_days,,"[""data_center"",""cryptocurrency_mining""]","[""regulatory_gap""]"
North Carolina,NC,City of Wilson,City,"2026-05-21, City Council unanimous adoption",One year,City Council moratorium ordinance; ordinance number not located in reviewed sources,Pause intended to allow development of zoning standards,Active as of researched_as_of [VERIFY instrument number not confirmed at confidence 0.65 in the 2026-07 refresh],,,True,1,0,High,active,nc-city-of-wilson-2026,35.724172,-77.911524,2026-05-21,exact,365,fixed_days,,"[""data_center"",""cryptocurrency_mining"",""battery_storage""]","[""regulatory_gap""]"
North Carolina,NC,Clay County (permanent restriction after earlier crypto moratorium),County,"2026-01-08, confirmed by the signed county ordinance (Ordinance No. 01.08.2026), hosted directly on Clay County's own website; related cryptocurrency prohibition effective 2022-08-04.","Indefinite prohibition, not a temporary moratorium",Ordinance No. 01.08.2026 prohibiting commercial data centers; separate ordinance prohibiting commercial cryptocurrency mining facilities.,"Rural character, infrastructure limits, high energy and water demands, noise, and environmental concerns.",Active permanent restriction,"Commercial data centers meeting county definition, including facilities at or above 2 MW peak demand; commercial cryptocurrency mining facilities.","County moved from temporary crypto pause to permanent crypto prohibition, then added a standalone data center prohibition in 2026.",False,0,0,High,active,nc-clay-county-2026,35.057265,-83.732451,2026-01-08,exact,,indefinite,,"[""data_center"", ""cryptocurrency_mining""]","[""infrastructure_capacity"", ""grid_energy"", ""water"", ""noise"", ""environmental"", ""land_use_compatibility""]"
North Carolina,NC,Cumberland County,County,"2026-06-15, Board of Commissioners 7-0 adoption","6 months, through December 15, 2026 unless rescinded sooner",Board of Commissioners moratorium on data center site-plan review and zoning and building permits; instrument number not located in reviewed sources,,Active as of researched_as_of; applies in the county's zoning jurisdiction; excludes incidental information technology supporting an otherwise permitted business,,,False,0,0,High,active,nc-cumberland-county-2026,35.046172,-78.839426,2026-06-15,exact,180,fixed_days,,"[""data_center"",""cryptocurrency_mining""]","[""regulatory_gap""]"
North Carolina,NC,Davie County,County,"2026-07-06, County Commissioners unanimous approval",One year,County Commissioners data center moratorium; signed ordinance text and precise expiration language not located in reviewed sources,"Residents spoke for nearly two hours about environmental, water, and public health concerns",Active as of researched_as_of per news reporting [VERIFY instrument number; primary source (news-only evidence) not confirmed at confidence 0.6 in the 2026-07 refresh],,,True,1,0,High,active,nc-davie-county-2026,35.937515,-80.546495,2026-07-06,exact,365,fixed_days,,"[""data_center""]","[""regulatory_gap"",""environmental"",""water""]"
North Carolina,NC,Durham,City,"2026-05-05, unanimous City Council vote for an initial 60-day moratorium; extended 2026-06-16/17 as part of FY2027 budget passage for further study",Initially 60 days; extended in mid-June 2026 for further study. The new term length was not stated in any source fetched.,City Council ordinance; ordinance number not located in sources reviewed,"Councilmember Nate Baker initially proposed a 2-year ban, but the City Attorney noted North Carolina's UDO procedures effectively cap such moratoria at 12 months, so the Council settled on 60 days as a first step","Extended and still active as of 2026-07-31; the exact current expiration date could not be confirmed from a primary source. This is a distinct City government action, separate from Durham County's separate one-year moratorium adopted by the County Board of Commissioners (see companion candidate). [VERIFY instrument number; primary source (news-only evidence) not confirmed at confidence 0.55 in the 2026-07 refresh]",Not tied to a single named project,"60-day moratorium on data centers, data processing facilities, and cryptocurrency mining operations, later extended",True,1,0,High,extended,nc-durham-2026,35.996653,-78.901805,2026-05-05,range,,unknown,,"[""data_center"",""cryptocurrency_mining""]","[""regulatory_gap"",""specific_project""]"
North Carolina,NC,Durham County,County,"2026-06-22, Board of Commissioners vote",One year,Board of Commissioners moratorium; the same day the Board also approved a UDO rule change described as making future development moratoriums easier to adopt,Data-center development pressure in the county; commissioners cited a desire to study impacts and get ahead of the industry's growth,Active as of 2026-07-31 (one-year term would run to approximately June 2027); no rescission or extension was located. [VERIFY instrument number; primary source (news-only evidence) not confirmed at confidence 0.6 in the 2026-07 refresh],Not tied to a single named project,One-year moratorium on data center development,True,1,0,High,active,nc-durham-county-2026,36.018132,-78.875158,2026-06-22,exact,365,fixed_days,,"[""data_center""]","[""regulatory_gap"",""specific_project""]"
North Carolina,NC,Eastern Band of Cherokee Indians (tribal and trust lands),Tribal,"2026-05-07, Tribal Council passage of Ordinance 158(26); ordinance text states it becomes effective upon ratification by the Principal Chief, and ratification was not confirmed in reviewed sources",Indefinite,Ordinance 158(26),,Passed by Tribal Council 2026-05-07; Principal Chief ratification not confirmed as of researched_as_of [VERIFY details not confirmed at confidence 0.6 in the 2026-07 refresh],,,True,1,0,High,pending,nc-eastern-band-of-cherokee-indians-tribal-and-trust-lands-2026,35.516179,-83.232369,2026-05-07,exact,,indefinite,,"[""data_center""]","[""regulatory_gap""]"
North Carolina,NC,Gates County,County,"2025-12-17, confirmed by the signed, dated ordinance now posted on the county website at the same URL that previously held only a blank-field draft.",1 year,Ordinance imposing temporary moratorium on development approvals for data centers and related high-impact facilities; N.C.G.S. 160D-107,"Developer inquiries in northeast North Carolina; county findings cite energy use, utility strain, noise, water use, hazardous materials, e-waste, and rural/agricultural land compatibility.","Active. Ordinance in force from December 17, 2025 through December 17, 2026, per the signed, executed instrument now posted by the county.",No named project in captured ordinance draft; WUNC reports the county acted after staff heard developers were exploring northeastern North Carolina.,"Pending. Ordinance sets a 12-month work plan for impact study, draft UDO amendments, public workshops, Planning Board review, and final hearings.",False,0,0,High,active,nc-gates-county-2025,36.441251,-76.694413,2025-12-17,exact,365,fixed_days,,"[""data_center""]","[""regulatory_gap"", ""infrastructure_capacity"", ""noise"", ""water"", ""grid_energy"", ""environmental"", ""land_use_compatibility"", ""agricultural_preservation""]"
North Carolina,NC,Harnett County,County,"2026-05-05, Board of Commissioners vote",One year,Board of Commissioners moratorium; order/ordinance number not located (county records portal required cookies/login that could not be satisfied),A pending data-center proposal in the county prompted commissioners to pause new applications while they study how to regulate the industry,Active as of 2026-07-31 (one-year term would run to approximately May 2027). This record rests only on secondary news sources; the county's own ordinance/document repository could not be accessed to confirm an ordinance number or exact vote tally. [VERIFY instrument number; primary source (news-only evidence) not confirmed at confidence 0.55 in the 2026-07 refresh],An unnamed pending data-center proposal referenced in contemporaneous coverage,One-year moratorium adopted to allow time to study how to regulate the data-center industry,True,1,0,High,active,nc-harnett-county-2026,35.388093,-78.862496,2026-05-05,exact,365,fixed_days,,"[""data_center""]","[""regulatory_gap"",""specific_project""]"
North Carolina,NC,Henderson County (cryptocurrency mining; data-center-adjacent),County,2023-05-01,60 days,Board of Commissioners public hearing item 2023.62; temporary moratorium on cryptocurrency mining,"Noise, energy demand, and community impact concerns; need for code amendments.",Expired / replaced,No named project in captured minutes.,"Land Development Code now treats cryptocurrency mining as a Special Use Permit use with SR 10.5 standards, including setbacks, separation, noise, and operating limits.",False,0,0,High,replaced,nc-henderson-county-2023,35.338906,-82.466392,2023-05-01,exact,60,fixed_days,,"[""cryptocurrency_mining""]","[""regulatory_gap"", ""noise"", ""grid_energy"", ""land_use_compatibility""]"
North Carolina,NC,Madison County (cryptocurrency mining; data-center-adjacent),County,2023-06-13 (Board of Commissioners adoption per OCR-extracted county press release dated 2023-06-16),"12 months (""limited moratorium"" on data processing facility land uses, including data processing centers and crypto mining operations supporting blockchain, cryptocurrency mining, weather modeling, genome sequencing, and similar workloads)","Madison County Limited Moratorium on Data Processing Facilities, adopted June 13, 2023 (per County Manager Rod Honeycutt press release, confirmed by EasyOCR of `madison-county-crypto-moratorium-2023.pdf`); enacted under N.C.G.S. 160D-107. [Evidence ceiling: county press release is a notice, not the operative instrument; the signed resolution/ordinance text would be in the June 13, 2023 BOC minutes which the small county Weebly site does not archive online.]","Growing prevalence of data processing/crypto mining facilities; need to study infrastructure, energy, environmental, and economic impacts before regulating.","Expired by its 12-month term (June 2024) without a captured replacement ordinance. The Madison County Planning and Zoning page, refetched with a real Chrome browser on 2026-04-30, lists exactly five published ordinances — Land Use, Watershed Protection, Mountain Ridge Protection, Noise, and Subdivision — and does not list any data-processing-facility or cryptocurrency-specific ordinance. Mountain Xpress and BPR site searches return no Madison County replacement-ordinance article. On this evidence the moratorium most likely lapsed without replacement.",Data processing facilities and crypto mining operations countywide.,"Pending verification — county planned to study impacts and develop regulations; replacement text not located in captured fetches; the absence of a listed instrument on Madison County's Planning page suggests the moratorium may have lapsed without a replacement, but this cannot be confirmed without access to BOC minutes (not posted online by Madison County).",False,0,0,High,expired,nc-madison-county-2023,35.848203,-82.693106,2023-06-13,exact,365,fixed_days,,"[""data_center"", ""cryptocurrency_mining""]","[""regulatory_gap"", ""infrastructure_capacity"", ""environmental"", ""grid_energy"", ""other""]"
North Carolina,NC,McDowell County (cryptocurrency mining; data-center-adjacent),County,"May 15, 2023, per McDowell County Board of Commissioners' own posted meeting minutes: a two-month cryptocurrency-mining moratorium was moved by Vice-Chairman Walker, seconded by Commissioner Ellis, and passed 4-0. Replacement prohibition adopted 2024-01-08.","Two months as adopted (approximately mid-July 2023), per the confirmed minutes; superseded by a permanent cryptocurrency-mining prohibition effective 2024-01-08. No record was found of a formal extension bridging the roughly five-month gap between the moratorium's own two-month term and the January 2024 permanent ordinance; that gap remains unresolved.","January 8, 2024 Board minutes state the adopted cryptocurrency ordinance ended the moratorium.","Cryptocurrency mine noise, natural resources, and electric grid concerns.",Replaced,"Cryptocurrency mines; residential cryptocurrency mining remained allowed under the replacement ordinance, according to minutes.","Commissioners adopted an ordinance prohibiting establishment of cryptocurrency mines, effective 2024-01-08.",False,0,0,High,replaced,nc-mcdowell-county-2026,35.660887,-82.048217,2023-05-15,exact,,until_event,,"[""cryptocurrency_mining""]","[""noise"", ""environmental"", ""grid_energy""]"
North Carolina,NC,Northampton County,County,"2026-05-04, Board of Commissioners unanimous adoption","32 months, effective through January 4, 2029",Board of Commissioners moratorium ordinance covering unincorporated areas; ordinance/resolution number not located in reviewed sources; N.C.G.S. 160D-107 procedure implied for a development moratorium of this length,Residents petitioned (about 300 signatures) for a longer pause than the initially proposed 12 months; county committed to forming an advisory committee,"Active as of researched_as_of; runs through January 4, 2029 unless amended",,,False,0,0,High,active,nc-northampton-county-2026,36.416808,-77.364223,2026-05-04,exact,976,fixed_days,,"[""data_center"",""cryptocurrency_mining""]","[""regulatory_gap""]"
North Carolina,NC,Orange County,County,2026-04-21,1 year,Ordinance establishing one-year moratorium on large-scale data centers; N.C.G.S. 160D-107,"March 2026 board direction and staff study of electricity demand, water usage, land-use compatibility, environmental impacts, resident utility costs, and water quality.",Active,"Large-scale data centers, AI data centers, cryptocurrency mining facilities, data processing facilities, and similar operations.",Pending. Staff directed to prepare UDO amendments defining and regulating large-scale data centers and related uses.,False,0,0,High,active,nc-orange-county-2026,36.060510,-79.117268,2026-04-21,exact,365,fixed_days,,"[""data_center"", ""cryptocurrency_mining""]","[""regulatory_gap"", ""infrastructure_capacity"", ""environmental"", ""water"", ""grid_energy"", ""land_use_compatibility""]"
North Carolina,NC,Pasquotank County,County,"2026-05-18, Board of Commissioners unanimous adoption, effective May 18, 2026 through May 17, 2027, or until earlier zoning amendments take effect","12 months (May 18, 2026 through May 17, 2027, or until earlier zoning amendments take effect)",Board of Commissioners moratorium ordinance; N.C.G.S. 160D-107 (implied),,Active as of researched_as_of; covers unincorporated county territory outside municipal extraterritorial jurisdictions; incidental onsite server rooms exempt,,,False,0,0,High,active,nc-pasquotank-county-2026,36.228079,-76.214962,2026-05-18,exact,364,fixed_days,,"[""data_center"",""cryptocurrency_mining""]","[""regulatory_gap""]"
North Carolina,NC,Rowan County,County,"2026-04-20 (Monday). Rowan County's CivicClerk portal (rowancountync.portal.civicclerk.com) shows a Board of Commissioners Regular Meeting on ""Monday Apr 20, 2026 6:00 PM EDT"" with the agenda packet posted April 21, 2026 at 8:32 AM — consistent with the Legislative Hearing Notice's announcement of the April 20 hearing and inconsistent with the .md's prior reading of WBTV. WBTV's article is dated 2026-04-21 (publication date, not meeting date) and the WBTV text does not in fact say ""Tuesday April 21""; it just reports the unanimous vote without naming a day.",1 year,"Adopted under N.C.G.S. 160D-107 following Legislative Hearing Notice issued April 6, 2026 by Clerk Sarah Pack; the Notice expressly limits the hearing to 1 hour of public comment and exempts EDC Charlotte LLC parcels. [Evidence ceiling: Rowan County's CivicClerk portal indexes the April 20 meeting agenda, but the adopted-ordinance number was not included in the captured agenda-listing as of 2026-04-30; would require pulling the post-meeting minutes when published.]",Public concern over data center siting (notably the Long Ferry Road project on land owned by an unnamed data-center developer) and need to study land-use standards.,Active per WBTV; commissioners vote unanimous,"Hearing notice expressly exempts projects/properties prohibited from inclusion by N.C.G.S. 160D-107(c), including EDC Charlotte LLC parcels 603-112, 603-113, 603-114, 603-116, 603-118, 603-045, and 603-061. WBTV separately reports the Long Ferry Road site preparation (a power substation, ~400 acres) cannot be included in the moratorium under state law.",Pending UDO study.,False,0,0,High,active,nc-rowan-county-2026,35.631595,-80.517175,2026-04-20,exact,365,fixed_days,,"[""data_center""]","[""specific_project"", ""regulatory_gap"", ""land_use_compatibility""]"
North Carolina,NC,Surry County,County,Initial 60-day pause enacted the week of 2026-06-01 (exact date not located; inferred from board meeting sequence per WUNC); extended 2026-07-20 by unanimous Board of Commissioners vote into a two-year moratorium,"Initially 60 days; extended July 20, 2026 to a two-year moratorium (roughly through mid-2028); a steering committee was also created to research the issue and advise commissioners",Initial 60-day pause adopted by the Board of Commissioners (ordinance/resolution text not located); extended by unanimous Board vote on 2026-07-20 into a two-year moratorium (instrument number not located),"County had no pending data center application, but officials said existing regulations did not address energy, water, and noise impacts",Active as of researched_as_of per news reporting [VERIFY instrument number; primary source (news-only evidence) not confirmed at confidence 0.55 in the 2026-07 refresh],,,True,1,0,High,extended,nc-surry-county-2026,36.413558,-80.701375,2026-06,range,731,fixed_days,,"[""data_center""]","[""regulatory_gap"",""grid_energy"",""water"",""noise""]"
North Carolina,NC,Swain County,County,"2026-04-21 (commissioners unanimously passed at regular session per BPR; follows March 31, 2026 public hearing)",12 months,"County moratorium ordinance on permitting and development approvals for data centers and other high-impact facilities, agenda voting item V(a) for the April 21, 2026 regular session; adopted under N.C.G.S. 160D-107. [Evidence ceiling: Swain County does not maintain a Granicus, Legistar, or CivicClerk-style ordinance index; BPR's coverage and the captured Swain agenda PDF reference the moratorium item without an instrument number.]","March 31 public meeting with roughly 140 residents and 34 speakers; concerns included water use, energy use, noise, visual impacts, fisheries, and mountain watershed effects.",Active,No named project identified in captured reporting.,Pending. Commissioners voted to create two resident ad hoc committees to guide the research and ordinance process.,False,0,0,High,active,nc-swain-county-2026,35.458190,-83.466275,2026-04-21,exact,365,fixed_days,,"[""data_center""]","[""regulatory_gap"", ""environmental"", ""noise"", ""water"", ""grid_energy"", ""land_use_compatibility""]"
North Carolina,NC,Town of Apex,Town,"2026-04-14 (Town Council unanimous, per IndyWeek; adoption following published public hearing under §§ 160D-107 and 160D-601, notice published March 25–April 14, 2026)","12 months, ending 2027-04-27 per IndyWeek; the ordinance is town-wide including extraterritorial jurisdiction","Town-wide moratorium noticed under N.C.G.S. 160D-107 and 160D-601; covers acceptance, processing, and approval of development applications for data centers, cryptocurrency mining, data processing, and associated uses. [Evidence ceiling: Apex's CivicEngage AgendaCenter rendered with a real Chrome browser displays only a calendar widget and search interface; individual Town Council 2026 meeting agenda links are populated dynamically and were not surfaced for the April 14, 2026 meeting in any captured fetch as of 2026-04-30. The captured public-hearing notice (Apex DocumentCenter View 53939) and IndyWeek's vote coverage cite no instrument number; Apex Municode has not yet incorporated the new moratorium.]","Resident opposition to a proposed data center, followed by developer withdrawal; town cited water consumption, energy demand, backup generation, noise, land-use compatibility, transportation, and lack of UDO standards.",Active,Prior Natelli Investments/related Apex proposal was withdrawn before the moratorium; no pending project identified in captured notice.,Pending. Town will study and consider UDO and policy amendments.,False,0,0,High,active,nc-apex-2026,35.728214,-78.829565,2026-04-14,exact,365,fixed_days,,"[""data_center""]","[""specific_project"", ""regulatory_gap"", ""water"", ""grid_energy"", ""noise"", ""land_use_compatibility"", ""infrastructure_capacity""]"
North Carolina,NC,Town of Bailey,Town,"2026-05-18, Board of Commissioners 3-1 vote",10 months,"Board of Commissioners moratorium on accepting, processing, or approving data center applications in the town and its extraterritorial jurisdiction; ordinance/resolution number not located in reviewed sources",Dissenting commissioner argued the definition was too broad,Active as of researched_as_of,,,False,0,0,High,active,nc-town-of-bailey-2026,35.778958,-78.115104,2026-05-18,exact,300,fixed_days,,"[""data_center""]","[""regulatory_gap""]"
North Carolina,NC,Town of Boone,Town,"2026-03-23 (Town Council unanimous 5-0 vote, per WataugaOnline and WHQR)",1 year,"Town ordinance banning development of data centers and cryptocurrency mining operations for one year, adopted after public hearing process under N.C.G.S. 160D-107; Mayor Dalton George brought the issue to council per WHQR; March 23 was a Monday, consistent with WHQR's ""Monday night"" reporting. [Evidence ceiling: Boone's Granicus archive search at townofboone.granicus.com/ViewSearchResults.php returns zero records for the keyword ""moratorium"" as of 2026-04-30; the only public-hearing entries indexed for spring 2026 do not include the March 23 special action, so the adopted instrument number is not retrievable from the Granicus archive.]","Public concern over infrastructure strain, water resources, environmental effects, and local fit; nearly 100 residents reportedly attended the meeting.",Active,No named project identified in captured reporting.,Pending. Town planned to study environmental and economic impacts and develop regulations or prohibitions.,False,0,0,High,active,nc-boone-2026,36.208387,-81.653784,2026-03-23,exact,365,fixed_days,,"[""data_center""]","[""infrastructure_capacity"", ""water"", ""environmental"", ""land_use_compatibility""]"
North Carolina,NC,Town of Canton,Town,"2026-02-11 (Board of Aldermen unanimous adoption following public hearing same evening, per WFAE)",12 months,"Town moratorium ordinance (""A Proposed Moratorium Ordinance Regulation Data Centers, Cryptocurrency Mining Facilities, and Server Farms"") taken up at Feb. 11, 2026 Special Called meeting (Canton agenda confirms public-hearing item title); WFAE describes the unanimous adoption as a ""resolution""; instrument number not assigned in captured WFAE/Mountaineer/SMN coverage. The town's online agenda center lists only the Feb. 11 special-called agenda PDF, with the post-meeting minutes for that session not posted as of 2026-04-30. [Evidence ceiling: Canton's online agenda archive does not include the adopted instrument number for the Feb. 11 special session.]","Inquiries about converting the former paper mill site to a data center, cryptocurrency mining facility, or server farm; local and environmental comments cited water, energy, noise, heat, air emissions, few permanent jobs, and future reuse of the mill site.",Active,Former Canton paper mill site inquiries; no formal application identified in captured town records.,Pending. Town officials said the pause would allow longer-term local ordinance controls.,False,0,0,High,active,nc-canton-2026,35.532884,-82.837356,2026-02-11,exact,365,fixed_days,,"[""data_center"", ""cryptocurrency_mining""]","[""specific_project"", ""regulatory_gap"", ""environmental"", ""noise"", ""water"", ""grid_energy"", ""land_use_compatibility""]"
North Carolina,NC,Town of Clyde,Town,"2026-04-16 (public hearing followed by adoption per Smoky Mountain News reporting; Mayor Jim Trantham, Mayor Pro Tem Frank Lay)",12 months,"Town moratorium under N.C.G.S. 160D-107: ""Town shall not accept, process or approve any application for zoning permits, conditional use permits, site plans, building permits or other development approvals for the construction, establishment or expansion of a data center within the town"" for 12 months. [Evidence ceiling: Town of Clyde maintains a small static townofclyde.com page with no agenda/ordinance index, no Granicus/Legistar/CivicClerk portal, and is not indexed in the NC School of Government local ordinance database; Smoky Mountain News and BPR coverage quote ordinance text but do not assign an instrument number.]","Regional western North Carolina data center concerns; speakers cited water consumption, electrical demand and Duke rate increases, noise, weak local jobs/tax-base benefits; preemption fears specifically referenced by Lay.",Active.,Town Administrator Joy Garland reported no inquiries had been received.,"Pending; town will study during 12-month period. Speakers urged longer-term measures, but Lay (an attorney) explained that case law and General Assembly guidance limit moratorium duration to roughly one year.",False,0,0,High,active,nc-clyde-2026,35.533438,-82.910691,2026-04-16,exact,365,fixed_days,,"[""data_center""]","[""regulatory_gap"", ""water"", ""grid_energy"", ""noise"", ""legal_or_litigation""]"
North Carolina,NC,Town of Franklin,Town,"2026-07-06, Town Council unanimous adoption of Ordinance No. 2026-002 following public hearing",12 months from adoption unless ended earlier or lawfully extended,Ordinance No. 2026-002,,"Active as of researched_as_of; suspends acceptance, processing, review, approval, and issuance of development approvals for new data centers within town limits and extraterritorial jurisdiction",,,False,0,0,High,active,nc-town-of-franklin-2026,36.102860,-78.278723,2026-07-06,exact,365,fixed_days,,"[""data_center""]","[""regulatory_gap""]"
North Carolina,NC,Town of Hillsborough,Town,"2026-05-27, Board of Commissioners 4-0 adoption of Ordinance 20260527-5.A (initial 60-day term, May 28-July 27, 2026); extended 2026-06-22 by subsequent Board action to run through May 27, 2027, or until earlier adoption of new zoning and utility-extension regulations","Initially 60 days (May 28-July 27, 2026); extended June 22, 2026 to run through May 27, 2027 (total term approximately one year from initial adoption)",Ordinance 20260527-5.A (initial term); extended by Board of Commissioners action on 2026-06-22; the extension's instrument number was not located in reviewed sources,,"Active as of researched_as_of, applies in town, extraterritorial jurisdiction, and future planning area; incidental onsite server rooms and state-law-exempt projects excluded",,,False,0,0,High,extended,nc-town-of-hillsborough-2026,36.075382,-79.099396,2026-05-27,exact,365,fixed_days,,"[""data_center"",""cryptocurrency_mining""]","[""regulatory_gap"",""infrastructure_capacity""]"
North Carolina,NC,Town of Holly Springs,Town,"2026-06-16, Town Council vote",Up to 12 months,"Town Council moratorium pausing approval of new data centers, data processing facilities, and cryptocurrency mining operations; a separately numbered adopted ordinance was not located in reviewed sources","Town said it would study water, energy, traffic, noise, appropriate locations, and possible UDO amendments",Active as of researched_as_of; applies in town and extraterritorial jurisdiction [VERIFY instrument number; primary source (news-only evidence) not confirmed at confidence 0.6 in the 2026-07 refresh],,,True,1,0,High,active,nc-town-of-holly-springs-2026,35.651266,-78.833622,2026-06-16,exact,,unknown,,"[""data_center"",""cryptocurrency_mining""]","[""regulatory_gap"",""water"",""grid_energy"",""noise"",""infrastructure_capacity""]"
North Carolina,NC,Town of Spring Hope,Town,"2026-05-04, Board of Commissioners unanimous adoption of Resolution 2026-01",One year (12 months),"Resolution 2026-01, imposing a one-year pause on data centers within the town and its extraterritorial jurisdiction",,Active as of researched_as_of,,,False,0,0,High,active,nc-town-of-spring-hope-2026,35.945154,-78.111935,2026-05-04,exact,365,fixed_days,,"[""data_center""]","[""regulatory_gap""]"
North Carolina,NC,Town of Wendell,Town,"2026-04-13 (Wendell Town Board meeting; YouTube livestream title ""Wendell Board Meeting - April 13th 2026""; Wendell town FAQ scheduled the public hearing for April 13, 2026 at 7 PM; AOL/N&O reporting confirms duration ""through the end of the year"")",Through 2026-12-31 (per AOL/N&O via Wendell planning director Bryan Coates),"Town moratorium on acceptance/processing of development applications for data centers, data processing facilities, and cryptocurrency mining; cited authority N.C.G.S. 160D-107; >61-day duration triggered required public hearing. [Evidence ceiling: Wendell's planning-department data-center-moratorium FAQ does not post a numbered ordinance, and the town does not maintain a Granicus, CivicWeb, IQM2, or comparable agenda-archive portal as of 2026-04-30.]",UDO lacked definitions for data centers and cryptocurrency mining; town wanted clearer development standards before applications.,Active,No applications reported by town officials.,Pending. Town will study impacts and prepare regulations.,False,0,0,High,active,nc-wendell-2026,35.780987,-78.369721,2026-04-13,exact,,until_date,,"[""data_center"", ""cryptocurrency_mining""]","[""regulatory_gap""]"
North Carolina,NC,Town of Woodfin,Town,"2026-05-19, Board of Commissioners 5-0 adoption of Ordinance 2026-04",12 months,Ordinance 2026-04,,Active as of researched_as_of; official minutes record no public comments at the hearing,,,False,0,0,High,active,nc-town-of-woodfin-2026,35.633444,-82.582072,2026-05-19,exact,365,fixed_days,,"[""data_center""]","[""regulatory_gap""]"
North Carolina,NC,Watauga County,County,"2026-04-21, Board of Commissioners meeting; Board voted unanimously to adopt a one-year countywide data center moratorium at this meeting (Watauga Democrat).","1 year as proposed by Planning Director Jason Walker per Watauga Democrat (March 24, 2026 article); adopted duration not yet confirmable because Watauga County has posted no 2026 BOC minutes online as of 2026-04-30.","County data center moratorium proposed under N.C.G.S. 160D-107. [Evidence ceiling: Watauga County's BOC agendas/minutes archives at wataugacounty.org/App_Pages/Dept/BOC/{agendas,minutes}.aspx confirmed via real-Chrome fetch on 2026-04-30 to contain zero 2026 records.]","Regional data center concern after March 23 Boone action; Director Walker testified small data centers can consume 1–10 MW (700–7,000 homes) and large facilities use 1.5 million gallons of water per day, with Watauga lacking the power capacity to absorb such load.","Active. The Board of Commissioners adopted a one-year, countywide data center moratorium at its April 21, 2026 meeting.",None named in Watauga Democrat reporting.,Pending UDO process; commissioners directed staff to develop comprehensive regulations within the moratorium year.,False,0,0,High,active,nc-watauga-county-2026,36.222811,-81.686381,2026-04-21,unverified,365,fixed_days,,"[""data_center""]","[""regulatory_gap"", ""infrastructure_capacity"", ""water"", ""grid_energy""]"
North Dakota,ND,Barnes County,County,"2026-05-19, Barnes County Commission (Valley City, ND), motion by Pete Paulson, seconded by Mike Schwehr, passed 5-0.",Six months from adoption (to approximately 2026-11-19).,"Barnes County Commission motion adopting a six-month moratorium on new data center building permits/applications countywide, per official commission minutes; no separately numbered resolution/ordinance was cited in the minutes.","Preemptive: no data center project was formally pending, but the board acted on rumor of a possible project in southern Barnes County to allow time to draft zoning/ordinance regulations before any application could be filed. Several citizens asked the board to extend the pause to a full year, but the motion that passed and was recorded was for six months.",Active as of 2026-07-31 (expires approximately 2026-11-19). No extension vote found in records reviewed.,None formally pending; rumored project in southern Barnes County cited as the impetus.,Commission unanimously approved a six-month moratorium on new data center building permits/applications countywide effective 2026-05-19.,False,0,0,Medium,active,nd-barnes-county-2026,46.931049,-98.067885,2026-05-19,exact,180,fixed_days,,"[""data_center""]","[""regulatory_gap"",""specific_project""]"
North Dakota,ND,Dunn County,County,2026-03-18,12 months,"County Commission motion (no numbered resolution issued). Per the signed official March 18, 2026 minutes: ""Planning and Zoning Board would like to put a 12-month moratorium on data centers, solar energy and battery facilities. This would help the board to get the ordinances updated. Motion by Commissioner Pelton, seconded by Commissioner Kleemann to accept the moratorium as presented up to one year."" All members present (Heiser, Olson, Pelton, Dolezal, Kleemann) voted aye. Preceded by a March 10, 2026 Planning & Zoning Board recommendation to the Commission on the same terms.","Need for county staff to draft permitting ordinances for data centers, solar energy, and battery facilities.",Active,No data center project identified; KFYR reported solar farms and battery storage facilities had been proposed in nearby counties.,Pending. County staff are working on permitting ordinances; wind ordinances are also under development.,False,0,0,Medium,active,nd-dunn-county-2026,47.306120,-102.611235,2026-03-18,exact,365,fixed_days,,"[""data_center"", ""solar"", ""battery_storage""]","[""regulatory_gap""]"
North Dakota,ND,Mercer County,County,2026-03-03,1 year,"Motion-based moratorium (no resolution number assigned); per signed March 3, 2026 Approved Minutes, ""Folk moved to put a 1-year moratorium on data centers being permitted. Guenthner seconded. Folk, Guenthner, and Voigt voted aye. Wolf and Bauman voted nay. Motion carried.""","Proposed River Run Energy Center and associated data center activity; Michael Berg, Wes Klein, and ND State Rep. Bill Tveit and other residents asked the Board to put a moratorium in place ""until zoning ordinances and public policy were better established to ensure that local control could be maintained.""",Active,"River Run Energy Center and associated multi-gigawatt data center campus in Mercer County; Basin Electric and NextEra describe the project as a 1,450 MW combined-cycle gas generation facility with an associated multi-gigawatt data center campus and over $18 billion in expected total investment.","Pending. Planning and Zoning continued data center ordinance work in March and April 2026; the March 3 meeting included second-reading public hearing on adding Data Center / Digital Asset Mining definitions and listing Data Center as a conditional use in the Industrial District; the third reading was set for March 18, 2026.",False,0,0,Medium,active,nd-mercer-county-2026,47.334766,-101.865003,2026-03-03,exact,365,fixed_days,,"[""data_center"", ""cryptocurrency_mining""]","[""specific_project"", ""regulatory_gap"", ""land_use_compatibility"", ""grid_energy""]"
North Dakota,ND,Morton County,County,2024-09-12,Until siting and performance standards are developed and adopted; county page states a moratorium cannot continue indefinitely.,Resolution 30-2024-03,"County findings cited Williams County impacts, lack of local standards, and need to protect health, safety, and welfare while drafting data center and cryptocurrency mining standards.",Active,No specific application identified in captured county materials; the County's current page states no data center or cryptocurrency mining facility may be permitted until siting and performance standards are adopted.,"Draft standards were presented in February, March, and April 2026, but the county page states a public hearing will occur at a future Planning and Zoning Commission meeting.",False,0,0,Medium,active,nd-morton-county-2024,46.724473,-101.164454,2024-09-12,exact,,until_event,,"[""data_center"", ""cryptocurrency_mining""]","[""regulatory_gap"", ""land_use_compatibility"", ""other""]"
North Dakota,ND,Oliver County (Phase 1),County,2024-12-12,Until land use code amendments were developed and adopted,Resolution 2024-05,County findings said data center and cryptocurrency mining uses were nascent locally and lacked established siting and performance standards.,Lifted,No specific project identified in captured county records.,"March 13, 2025 Commission unanimously (Husfloen, Berger, Schmidt all aye) voted to lift the data center and solar moratoria after States Attorney Patrick Waters recommended the lift, in connection with HB 1279 coal-conversion-tax discussions; ordinance work continued.",False,0,0,Medium,rescinded,nd-oliver-county-2024-p1,47.107771,-101.352449,2024-12-12,exact,,until_event,,"[""data_center"", ""cryptocurrency_mining"", ""solar""]","[""regulatory_gap""]"
North Dakota,ND,Oliver County (Phase 2),County,2025-05-06,90 days,"Resolution 2025-03 (companion to a parallel solar resolution; second reading and adoption at the May 6, 2025 Commission meeting; vote 2-1, Berger and Schmidt aye, Husfloen nay, per official minutes)","Commission minutes reported that Planning and Zoning requested reinstatement to allow more time for ordinance drafting; Matt Wilkins, P&Z board member, stated the moratoriums would let the board pause without legal-ramification concerns while drafting.",Expired (90-day term ran out on or about 2025-08-04 per Resolution 2025-03 timing; no captured records show a Phase-2 lift or Phase-3 reinstatement until the 2026 process began),No specific project identified in captured county records.,"No final county data center ordinance adopted between Phase 2 expiration and the February 26, 2026 P&Z public hearing that triggered Phase 3 [VERIFY: between-phase Commission minutes from June 2025-January 2026 not yet pulled].",True,1,0,Medium,expired,nd-oliver-county-2025-p2,47.107771,-101.352449,2025-05-06,exact,90,fixed_days,,"[""data_center""]","[""regulatory_gap""]"
North Dakota,ND,Oliver County (Phase 3),County,2026-03-13,"180 days, with option to extend","Resolution 2026-02, adopted at the March 13, 2026 Commission meeting: a 180-day moratorium on data center and cryptocurrency mining facilities, with the option to extend; moved by Commissioner Dave Berger, seconded by Commissioner Lee Husfloen, all in favor. The Planning & Zoning Board had recommended a 36-month term at second reading, but the Commission set 180 days instead, directing the State's Attorney (with help from other counties' State's Attorneys) to draft the permanent ordinance.",County minutes said ordinances needed to be written; KFYR reported commissioners wanted more study time after a five-hour meeting with comments for and against data centers.,"Rescinded as of 2026-04-30. At a special meeting that evening, the Commission voted 3-0 (Husfloen, Dahl, Schmidt) to lift the moratorium, reportedly after receiving a zoning-amendment application for a data center; two draft ordinances were presented at a Planning & Zoning meeting earlier the same evening but were not acted on and remain pending.",No specific project identified in captured county records.,Pending. February 2026 minutes recommended looking to Stutsman County and McLean County language for local ordinance drafting.,False,0,0,Medium,rescinded,nd-oliver-county-2026-p3,47.107771,-101.352449,2026-03-13,exact,180,fixed_days,,"[""data_center""]","[""regulatory_gap"", ""land_use_compatibility""]"
North Dakota,ND,Williams County,County,2023-06-20,"6 months, then extended to 2024-02-22","Board of County Commissioners moratorium action documented in county materials; the current Williams County zoning page lists the January 2024 and August 2024 ordinance amendments that replaced it, but does not retain the original 2023 moratorium resolution number on the public site [VERIFY 2023 motion/resolution number from Williams County clerk's archived June 20, 2023 and November 7, 2023 minutes — not on current public page as of 2026-04-29]","Existing code did not specifically regulate data centers; the permanent ordinance cites large water and electricity use, continuous sound, low-frequency noise, and off-site health impacts.",Replaced,Specific project list and MW not identified in captured county records.,"Chapter 6-16 of the Williams County Zoning Ordinance now allows data centers only by conditional use permit in Heavy Industrial and Agricultural districts, with a 1 mile setback from dwellings, schools, religious institutions, and parks, a 3 mile separation from other data centers, noise study requirements, power purchase agreement disclosure, financial security, road agreements, and reclamation requirements.",True,1,0,Medium,replaced,nd-williams-county-2023,48.362986,-103.495839,2023-06-20,exact,180,fixed_days,,"[""data_center""]","[""regulatory_gap"", ""water"", ""grid_energy"", ""noise"", ""infrastructure_capacity""]"
Ohio,OH,Alliance,City,2026-07-06 (City Council meeting),18 months (not to exceed),"City Council ordinance/legislation approved 5-1 (Councilman Phillip Mastroianni opposed; Councilwoman Jennifer Kiko absent), denying permits for any 'AI data centers' within city limits.","Councilwoman Sheila Cherry pushed for the pause to protect residents, separate facts from rumors, and to amend related I-2 industrial-district restrictions to include conditional uses; comes after Mayor Andy Grove revealed at least one company had expressed interest in bringing a data center to the city, and follows separate mid-June 2026 legislation restricting future data centers to I-2 industrial zones.",Active as of 2026-07-31 (adopted 2026-07-06); a sub-committee on data centers was formed for future workshops and public discussion.,No specific developer/project named in coverage; Mayor Andy Grove said at least one company has expressed interest in bringing a data center to the city.,Pending; sub-committee formed to develop conditional-use standards for the existing I-2 industrial-district restriction adopted in mid-June 2026.,False,0,0,High,active,oh-alliance-2026,40.915336,-81.105931,2026-07-06,exact,548,fixed_days,,"[""data_center""]","[""regulatory_gap"",""grid_energy"",""water"",""noise"",""specific_project""]"
Ohio,OH,Archbold,Village,"2026-04-06 (emergency ordinance); Council had initially tabled a broader proposal on 2026-02-16 following resident pushback and legal hesitation from the Village Law Director and County Farm Bureau, then adopted a narrower six-month moratorium on 2026-04-06","6 months (180 days), emergency ordinance","Emergency moratorium ordinance adopted 2026-04-06 covering data centers, advanced manufacturing, and technology storage facilities (exact ordinance number not confirmed in sources reviewed)",Resident concern over land off County Road C and possible data center industrialization,"Active; six-month emergency moratorium enacted 2026-04-06, expiring approximately October 2026",No formal project confirmed by village officials in captured reporting,"Council adopted the moratorium unanimously (5 of 6 members present, Council President Karla Ball absent) on 2026-04-06, despite the Village Law Director advising it was unnecessary (no pending applications) and the Farm Bureau warning of litigation exposure.",False,0,0,High,active,oh-archbold-2026,41.521133,-84.306547,2026-04-06,exact,,unknown,,"[""data_center""]","[""land_use_compatibility""]"
Ohio,OH,Avon,City,"Passed by Council 2026-04-13; approved by Mayor Bryan K. Jensen 2026-04-14 (emergency measure, effective immediately upon mayoral approval); Section 1 sets the moratorium through April 14, 2027.","Through 2027-04-14, extendable up to 6 months by Council",Ordinance 37-26 (text confirmed via cityofavon.com PDF capture),"Increased interest in data centers and need to study state codes, local ordinances, and regulatory controls","Active. The certified Ordinance No. 37-26 shows passage by Council on 2026-04-13 and approval by Mayor Bryan K. Jensen on 2026-04-14 (emergency, effective immediately); it does not print an itemized roll-call vote tally on its face.","Future permitted, special, accessory, zoning, building, occupancy, site plan, and related approvals for data centers",Planning Commission directed to begin data center regulatory study at next regular meeting,False,0,0,High,active,oh-avon-2026,41.451651,-82.035060,2026-04-14,exact,,until_date,,"[""data_center""]","[""regulatory_gap""]"
Ohio,OH,Berea,City,2026-06-15 (emergency measure),Up to 1 year,City Council emergency ordinance; Ordinance 6-6,"Study of infrastructure, utilities, environmental effects, resident concerns, and long-term planning implications of data centers",Active as of 2026-07-31; runs through approximately 2027-06-15,,"Council approved Ordinance 6-6, an emergency measure imposing a moratorium of up to one year on permits and permit applications for data centers",False,0,0,High,active,oh-berea-2026,41.366161,-81.854303,2026-06-15,exact,365,fixed_days,,"[""data_center""]","[""infrastructure_capacity"",""environmental"",""land_use_compatibility""]"
Ohio,OH,Blanchester,Village,2026-03-12,"24 months (2 years) from the effective date, per Ordinance 2026.007 Section 1","Ordinance 2026.007, ""Ordinance Establishing Data Center Moratorium""","General council concern that the village electric grid could not support a data center's power needs, plus unresolved questions about energy sourcing raised at a council-attended data-center webinar; no specific project or applicant was pending.",Listed on village 2026 documents page; full text not captured because site output was incomplete,Not specified,"No data-center-related zoning or council action has followed the March 12, 2026 adoption; council minutes for April 9, May 14, and June 11, 2026 (the most recent available) contain no further mention of data centers or the moratorium.",False,0,0,High,active,oh-blanchester-2026,39.293117,-83.988821,2026-03-12,exact,731,fixed_days,,"[""data_center""]",[]
Ohio,OH,Braceville Township,Township,2026-06-02 (immediately effective),6 months,Township trustee resolution under R.C. Chapter 519 (resolution number not confirmed in sources reviewed) [VERIFY],"Concerns about noise, electric, and water impacts, and coordination with county model zoning work",Active as of 2026-07-31; runs through approximately 2026-11-29 [VERIFY instrument number; primary source (news-only evidence) not confirmed at confidence 0.6 in the 2026-07 refresh],,Trustees unanimously approved an immediately effective six-month moratorium on data center permits and applications,True,2,0,High,active,oh-braceville-township-2026,41.236238,-80.975916,2026-06-02,exact,180,fixed_days,,"[""data_center""]","[""noise"",""grid_energy"",""water"",""regulatory_gap""]"
Ohio,OH,Butler County,County,2026-06-16,"6 months, immediately effective","Board of County Commissioners resolution; Resolution 26-06-00963, covering unincorporated areas of Hanover, Lemon, Madison, Milford, Oxford, and Ross townships where the county administers zoning",County-initiated pause on data center applications and permits in county-zoned townships pending policy development,Active as of 2026-07-31; runs through approximately 2026-12-13,,"Commissioners unanimously adopted Resolution 26-06-00963, immediately imposing a six-month moratorium barring county acceptance or processing of applications and issuance of zoning or building permits for data centers and data processing centers in Hanover, Lemon, Madison, Milford, Oxford, and Ross townships",False,0,0,High,active,oh-butler-county-2026,39.423304,-84.593690,2026-06-16,exact,180,fixed_days,,"[""data_center""]","[""land_use_compatibility"",""regulatory_gap""]"
Ohio,OH,Canton Township,Township,2026-04-09,12 months,Trustee resolution drafted by township law director [CITE primary text not captured],"Resident concerns over noise, electricity and water consumption, wastewater, aesthetics, and nearby projects",Active,"Does not affect two parcels annexed by the City of Canton in late 2025 that data-center-affiliated companies have since purchased: 84.5 acres northeast of Trump Avenue and Orchard View Drive SE, and 162.9 acres southeast of Millerton Street and Central Avenue SE.",Township awaits more state/federal guidance and studies,False,0,0,High,active,oh-canton-township-2026,40.758124,-81.337936,2026-04-09,exact,365,fixed_days,,"[""data_center""]","[""noise"", ""grid_energy"", ""water"", ""infrastructure_capacity"", ""land_use_compatibility"", ""specific_project""]"
Ohio,OH,Cincinnati,City,"2026-02-11 (IDCO No. 89 effective date, per city planning page); extended 2026-04-01 for 9 months to 2027-02-11","Through February 11, 2027 (the original Interim Development Control Overlay District No. 89 was effective 2026-02-11 for 3 months, expiring 2026-05-11; City Council approved a 9-month extension on 2026-04-01 following the City Planning Commission's 2026-03-06 recommendation, moving the expiration to 2027-02-11)",Interim Development Control Overlay District [CITE primary ordinance not captured],"No data center classification in zoning code and need to study impacts on more than 22,000 parcels","Active restriction, not a full ban; extended through 2027-02-11 by a Council vote on 2026-04-01","Data centers in downtown, industrial, and manufacturing zones subject to review process","Zoning study and Planning Commission review based on neighborhood compatibility, water and utility use, adverse effects, and public benefits",False,0,0,High,extended,oh-cincinnati-2026,39.101454,-84.512460,2026-02,month_only,,until_date,,"[""data_center""]","[""regulatory_gap"", ""land_use_compatibility"", ""water"", ""infrastructure_capacity""]"
Ohio,OH,City of Hubbard,City,2026-06-01 (emergency ordinance),12 months,City Council emergency ordinance (ordinance number not confirmed in sources reviewed) [VERIFY],Resident opposition to a possible data center project referred to as 'Project Milo' and criticism of an economic-development nondisclosure agreement; more than 200 residents attended the May 18 meeting where the emergency legislation was requested,Active as of 2026-07-31; runs through approximately 2027-06-01 [VERIFY instrument number; primary source (news-only evidence) not confirmed at confidence 0.6 in the 2026-07 refresh],Project Milo (unconfirmed developer),"City Council approved an emergency 12-month moratorium on construction, placement, or operation of data centers, following a May 18 request by Councilwoman Robin Zambrini",True,2,0,High,active,oh-city-of-hubbard-2026,41.156812,-80.573471,2026-06-01,exact,365,fixed_days,,"[""data_center""]","[""specific_project"",""other""]"
Ohio,OH,City of New Carlisle,City,2026-02-17,12 months from 2026-03-04 effective date,Ordinance 2026-06,"Lack of zoning classifications for data centers; energy, water, utility, environmental, neighborhood, and long-term planning concerns",Active through approximately 2027-03-04,No specific project identified,"Study period for planning, zoning, and business regulation decisions",False,0,0,High,active,oh-new-carlisle-2026,39.936170,-84.025491,2026-02-17,exact,365,fixed_days,,"[""data_center""]","[""regulatory_gap"", ""infrastructure_capacity"", ""environmental"", ""water"", ""grid_energy"", ""land_use_compatibility""]"
Ohio,OH,City of Norton,City,2025-12-01,"180 days (Ord. 108-2025, 2025-12-01 to 2026-05-30), followed by a 90-day extension under Ord. 55-2026 (adopted 2026-05-18), running through approximately mid-to-late August 2026",Ordinance 108-2025; extended by Ordinance 55-2026 (adopted 2026-05-18 as an emergency measure),Data center applications and need to review planning and zoning code,"Extended via Ordinance 55-2026 (adopted 2026-05-18, emergency, 90-day moratorium). Council minutes of 2026-07-06 confirm the moratorium remains in effect through approximately August 2026, distinct from the permanent zoning ordinances (60-2026, 61-2026) adopted the same night.",Future NAICS 518 zoning certificate applications; council discussion indicated one then-current application was not affected,"Planning Commission recommendations resulted in permanent zoning ordinances: Ord. 60-2026 (amending Section 1282.03, Special Industrial Use Permits, for large-scale data centers) and Ord. 61-2026 (amending Section 1298, Conditional Uses), both adopted by Council on 2026-07-06. Council clarified this permanent legislation does not replace the still-active temporary moratorium.",False,0,0,High,extended,oh-norton-2025,41.025457,-81.647407,2025-12-01,exact,180,fixed_days,,"[""data_center""]","[""specific_project"", ""regulatory_gap""]"
Ohio,OH,City of Waterville,City,2025-12-08,182 days (6 months); amended down from an originally proposed 12 months (365 days) at the same meeting before adoption,"Resolution 34-25, ""A RESOLUTION IMPOSING A MORATORIUM ON THE ISSUANCE OR GRANTING OF APPLICATIONS OR PERMITS FOR DATA CENTERS AND ANCILLARY FACILITIES IN THE CITY OF WATERVILLE OHIO,"" adopted 2025-12-08 as amended from a proposed 12 months down to 6 months (182 days), by unanimous 7-0 roll call.",Community concern and desire to study impacts after prior zoning allowed data centers in M-1 manufacturing districts,"Resolution 34-25 (as amended, a 182-day/6-month term from its 2025-12-08 adoption) expired on approximately 2026-06-08. No extension, replacement, or repeal was found in Council minutes of 2026-05-11, 2026-06-01 (special), or 2026-06-08 (the meeting closest to the expiration date itself); the latter's minutes cover other business at length with no mention of data centers.",No specific city project identified; concern tied to broader Anthony Wayne area data center activity,Mayor and staff researching data centers; possible conditional-use process under review,False,0,0,High,expired,oh-waterville-2025,41.502101,-83.724877,2025-12-08,exact,180,fixed_days,,"[""data_center""]","[""regulatory_gap"", ""land_use_compatibility""]"
Ohio,OH,Cleveland,City,"2026-07-15 (Ordinance 556-2026 passed by full Council, 14-1). Councilmember Charles Slife's original 2026-04-28 proposal called for a one-year pause; the Utilities Committee (chaired by Brian Kazy) reduced it to three months before the full Council vote.","3 months (through approximately 2026-10-16), extendable by Council for an additional 3 months; reduced from the originally proposed 1 year","Ordinance 556-2026, following Councilmember Charles Slife's initial proposal; advanced by the Utilities Committee (chaired by Brian Kazy) and passed by full Council 2026-07-15, 14-1","Water and power use, outages, low permanent job creation, and zoning/infrastructure review","Active; a three-month moratorium on new standalone/principal-use data center projects and expansions took effect upon passage on 2026-07-15, running through approximately 2026-10-16. Excludes operation of existing data centers and colocated/edge/enterprise facilities.",Future permits within city limits if enacted,"Adopted. A Data Center working group is developing zoning/regulatory recommendations addressing land use, power needs, environmental standards, jobs, and community benefits, with policy reforms expected to be introduced by mid-September 2026.",False,0,0,High,active,oh-cleveland-2026,41.499657,-81.693677,2026-07-15,exact,93,fixed_days,,"[""data_center""]","[""infrastructure_capacity"", ""water"", ""grid_energy"", ""regulatory_gap"", ""other""]"
Ohio,OH,Cortland,City,2026-06-01 (emergency passage),12 months,City Council emergency ordinance (ordinance number not confirmed in sources reviewed) [VERIFY],Desire to review the planning and zoning code before permitting data centers,Active as of 2026-07-31; runs through approximately 2027-06-01 [VERIFY instrument number; primary source (news-only evidence) not confirmed at confidence 0.6 in the 2026-07 refresh],,Council gave emergency passage to a one-year moratorium stopping applications and zoning permits for data centers,True,2,0,High,active,oh-cortland-2026,41.330137,-80.725243,2026-06-01,exact,365,fixed_days,,"[""data_center""]","[""regulatory_gap""]"
Ohio,OH,Defiance,City,Proposed; not yet enacted as of 2026-07-31. A special council session on 2026-07-28 was adjourned early due to venue overcrowding; a rescheduled public meeting was planned for 2026-08-05.,Proposed 12-month moratorium on review/approval of data center development applications,"Proposed ordinance(s) under consideration by Defiance City Council: (1) a 12-month moratorium on review/approval of data center development applications, and (2) a zoning text amendment classifying data centers, data center campuses, and data warehousing as conditional uses under M-1/M-2/M-3 districts (and power-generating facilities as conditional under M-3). Not yet adopted.","City officials began researching data center zoning gaps in February 2026; no pending data center applications were reported, but a nearby property proposed for annexation (west of the Menards store) drew organized resident opposition.",Pending. A special council session on data center zoning and the proposed moratorium was quickly adjourned on 2026-07-28 due to venue overcrowding and accessibility complaints; a larger-venue public meeting was rescheduled for 2026-08-05.,No pending data center applications reported; resident opposition led by Rebecca Rupp centers on a property proposed for annexation west of the Menards store.,"Undetermined; contingent on the outcome of the rescheduled August 5, 2026 public meeting, which had not yet occurred as of the 2026-07-31 research date.",False,0,0,High,pending,oh-defiance-undated,41.320306,-84.508483,,unverified,,unknown,,"[""data_center""]","[""regulatory_gap""]"
Ohio,OH,Findlay,City,2026-04-21,12 months,Ordinance 2026-042,"Public concern over power demand, water use, infrastructure strain, and possible data center interest in/near Hancock County",Active,"No specific developer or project has been publicly named; council and news coverage describe only general regional data-center interest near Hancock County, distinct from the separately discussed Shady Grove/Marion Township annexation area.","City study of federal, state, and local codes and possible zoning language; Findlay Ordinance 2026-042 passed 9-1 with third reading waived (per 1063thefox.com 2026-04-22 reporting)",False,0,0,High,active,oh-findlay-2026,41.041387,-83.650398,2026-04-21,exact,365,fixed_days,,"[""data_center""]","[""infrastructure_capacity"", ""water"", ""grid_energy""]"
Ohio,OH,Girard,City,,Proposed 1 year (not yet confirmed enacted),"Proposed city ordinance; second reading completed June 22, with final reading/emergency passage scheduled for July 13, but no source located confirming actual passage","Councilwoman Lily Martuccio cited unknown effects of data centers on communities, including water contamination and noise complaints reported elsewhere","Status uncertain as of 2026-07-31; council scheduled a final vote for 2026-07-13 with immediate effect upon passage, but no source confirming that vote occurred was located in this pass [VERIFY] [VERIFY instrument number; adoption date; primary source (news-only evidence) not confirmed at confidence 0.5 in the 2026-07 refresh]",,Council gave a proposed one-year data center moratorium its second reading on 2026-06-22; final reading was scheduled for 2026-07-13. No confirmation of the July 13 vote outcome was found,True,2,0,High,pending,oh-girard-undated,41.154038,-80.700941,,unverified,,unknown,,"[""data_center""]","[""water"",""noise"",""regulatory_gap""]"
Ohio,OH,Grafton,Village,2026-05-19 (emergency ordinance),"Five years, per Spectrum News reporting; the adopted ordinance number and full text were not located on the village's official ordinance page during this review [VERIFY]",Village Council emergency ordinance (ordinance number not confirmed in sources reviewed) [VERIFY],Community opposition reflected in village polling and the mayor's recommendation for a pause on data center development,"Reported active as of 2026-07-31, per news account; primary ordinance text not independently confirmed [VERIFY instrument number not confirmed at confidence 0.6 in the 2026-07 refresh]",,Council enacted an emergency ordinance establishing a temporary moratorium on data center development; Spectrum News reported a five-year term,True,3,0,High,active,oh-grafton-2026,41.272552,-82.054589,2026-05-19,exact,1825,fixed_days,,"[""data_center""]","[""other"",""regulatory_gap""]"
Ohio,OH,Grove City,City,2026-06-01 (emergency measure),12 months,"City Council emergency ordinance; Ordinance C-22-26, passed 6-1","Resident concern following reports of an in-development Stream Data Centers project near Rensch Road/Harrisburg Pike, though the city attorney said no application had been filed; council sought time for policy review, infrastructure analysis, and public engagement",Active as of 2026-07-31; runs through approximately 2027-06-01,Stream Data Centers site near Rensch Road/Harrisburg Pike (no application filed as of May 2026),"Adopted 6-1 as an emergency measure; imposes a 12-month moratorium on establishment, development, processing, review, and approval of high-density computing facilities",False,0,0,High,active,oh-grove-city-2026,39.881452,-83.092964,2026-06-01,exact,365,fixed_days,,"[""data_center""]","[""regulatory_gap"",""infrastructure_capacity"",""specific_project""]"
Ohio,OH,Howland Township,Township,2026-06-10,"6 months, renewable for another 6 months, and reasonably extendable to complete the study and adopt amendments",Township trustee resolution under R.C. Chapter 519 (resolution number not confirmed in sources reviewed) [VERIFY],"Desire to study data center impacts before approving zoning certificates, conditional use permits, variances, rezonings, and other approvals",Active as of 2026-07-31; initial term runs through approximately 2026-12-07 and may be renewed [VERIFY instrument number; primary source (news-only evidence) not confirmed at confidence 0.6 in the 2026-07 refresh],,"Trustees approved a six-month moratorium covering new applications for zoning certificates, conditional use permits, variances, rezonings, and other data center approvals in all township zoning districts",True,2,0,High,active,oh-howland-township-2026,41.239682,-80.740701,2026-06-10,exact,180,fixed_days,,"[""data_center""]","[""land_use_compatibility"",""regulatory_gap""]"
Ohio,OH,Hubbard Township,Township,2026-02-10 (Tuesday vote per Vindicator reporting; trustees voted 2-1 with Trustee Monica Baker abstaining),12 months,Trustee resolution drafted by township legal counsel and reviewed by Trumbull County Planning Commission [CITE: primary resolution text not posted to township site 2026-04-29],Desire to act before permit filings and allow zoning commission and public engagement,Reported active; no rescission captured,No specific project identified,Reported intent to use moratorium period for zoning work and public process; committee may also weigh pros/cons,False,0,0,High,active,oh-hubbard-township-2026,41.168852,-80.600491,2026-02-10,unverified,365,fixed_days,,"[""general""]","[""regulatory_gap"", ""land_use_compatibility""]"
Ohio,OH,Jackson Township (Franklin County),Township,"2026-05-12, Board of Trustees regular meeting","Reported as one year (10TV, 614NOW); the official agenda item text itself does not state a duration","Resolution 2026-049, ""Data Center Moratorium,"" Jackson Township Board of Trustees, 3756 Hoover Road, Grove City, Ohio 43123",Resident opposition to a proposed data center project; neighboring Grove City (a separate city government) subsequently passed its own one-year moratorium in June 2026,Active as of 2026-07-31 (within the reported May 2026-May 2027 one-year window).,Unnamed proposed data-center project referenced in local coverage,One-year moratorium on new data centers adopted by resolution,False,0,0,High,active,oh-jackson-township-franklin-county-2026,39.137764,-84.048173,2026-05-12,exact,365,fixed_days,,"[""data_center""]","[""specific_project"",""land_use_compatibility""]"
Ohio,OH,Jerome Township,Township,2025-09-03,9 months,Resolution 25-061,"Citizen concerns about noise, lighting, buffering, construction impacts, and performance standards",Expired approximately 2026-06-03 at the end of the documented nine-month term. Contemporary reporting confirms the moratorium did not prevent some certificates during its term; no later extension action was located through 2026-08-19. [VERIFY: post-expiry trustee action not located],Zoning certificate applications for NAICS 518 data centers under specified zoning sections,Intended bridge to zoning text and performance standard updates,True,1,0,High,expired,oh-jerome-township-2025,40.152644,-83.235946,2025-09-03,exact,270,fixed_days,,"[""data_center""]","[""noise"", ""land_use_compatibility"", ""regulatory_gap""]"
Ohio,OH,Kent,City,2026-04-15,Not to exceed 1 year,Ordinance 2026-31,"Energy, water, infrastructure capacity, environmental, resident, and planning concerns",Active,Any AI/data center permit or application within city limits,"Community Development, Planning Commission, and Council review of data center impacts and zoning",False,0,0,High,active,oh-kent-2026,41.151311,-81.357805,2026-04-15,exact,365,fixed_days,,"[""data_center""]","[""regulatory_gap"", ""infrastructure_capacity"", ""environmental"", ""water"", ""grid_energy"", ""land_use_compatibility""]"
Ohio,OH,Lake Township,Township,2026-03-03,12 months,Trustee action reported by The Press/Muck Rack excerpt [CITE primary text not captured],Facebook post linking a Tracy Road/Latcha Road property listing as a potential data center site,Reported active,"Property at 0 Tracy Road (corner of Tracy and Latcha Roads, Walbridge-area mailing address) marketed via an 8-page listing PDF attributed to JLL (Jones Lang LaSalle) as a potential data-center site; the listing was shared in local Facebook groups. No formal zoning application or site plan had been filed with Lake Township as of the trustees' vote.",No replacement zoning captured,False,0,0,High,active,oh-lake-township-2026,41.580000,-83.490000,2026-03-03,exact,365,fixed_days,,"[""data_center""]","[""specific_project"", ""land_use_compatibility""]"
Ohio,OH,Massillon,City,2026-04-06,180 days,City Council ordinance [CITE primary text not captured],Stark County data center concern,Reported active,Not specified,No replacement zoning captured,False,0,0,High,active,oh-massillon-2026,40.796512,-81.523160,2026-04-06,exact,180,fixed_days,,"[""data_center""]","[""specific_project"", ""land_use_compatibility""]"
Ohio,OH,Maumee,City,2026-02-02,12 months,"Resolution No. 005-2026, 'A Resolution Imposing a Temporary Moratorium on the Establishment, Conversion of Other Structures or Buildings into a Data Center ... for a Period of Twelve (12) Months', passed 6-0 as an emergency measure.",Data center siting concern near Fallen Timbers and regional concern over large facilities,"Reported active; corroborated by Monclova Township minutes (2026-02-17) which note ""the City of Maumee has enacted a moratorium on this type of development""","No specific developer, applicant, or parcel is named in the resolution; it defines data centers generically (AI, enterprise, managed-services, colocation, cloud, and edge data centers exceeding 5,000 sq ft) and applies city-wide, not to a disclosed project.","Ordinance No. 036-2025 (passed 2026-01-05, 7-0), enacted before the moratorium, amended Maumee Codified Ordinances Section 1125.10 to add 'Data Centers' as a Conditional Use in the C-4 Office, Laboratory, and Research District (not a 'manufacturing' district as previously described). Resolution 005-2026 directs further city study of broader zoning, building, and business-regulation changes.",False,0,0,High,active,oh-maumee-2026,41.562829,-83.653824,2026-02-02,unverified,365,fixed_days,,"[""data_center""]","[""specific_project"", ""land_use_compatibility""]"
Ohio,OH,Monclova Township,Township,2026-02-17,12 months,Resolution 02172026-01,"Resident concern over a 200-acre Black Road site, annexation risk to Maumee, and need to retain local zoning control",Active through approximately 2027-02-17,Potential 200-acre Black Road-area data center site (per Trustee statements in February 2026 board minutes),Residents and zoning officials studying model standards and possible zoning amendments,False,0,0,High,active,oh-monclova-township-2026,41.559601,-83.737378,2026-02-17,exact,365,fixed_days,,"[""data_center""]","[""specific_project"", ""regulatory_gap"", ""land_use_compatibility""]"
Ohio,OH,Montgomery Township,Township,"2026-06-17 (trustee vote); reporting indicated trustees would sign the approved resolution on 2026-07-01, but no executed copy or July 1 minutes were located [VERIFY]","2 years from the effective date unless repealed, extended, or replaced",Township trustee resolution under R.C. Chapter 519,Trustee-initiated study of data center construction impacts and possible future regulation,"Reported active as of 2026-07-31; the downloaded resolution had blank approval/signature fields, and no executed copy or July 1 meeting minutes confirming signature were located [VERIFY]",,"Trustees unanimously approved a two-year prohibition on data center construction, prohibiting construction of data centers with aggregate monthly demand or peak load above 25 MW while the township studies impacts and possible regulation",True,2,0,High,active,oh-montgomery-township-2026,40.857623,-82.236061,2026-06-17,exact,730,fixed_days,,"[""data_center""]","[""regulatory_gap"",""other""]"
Ohio,OH,Mount Orab,Village,"2026-03-03 (confirmed via WLWT 2026-04 reporting: ""On March 3, village leaders voted to impose a six-month moratorium on data center projects"")",180 days,Village council ordinance [CITE: ordinance number not posted on Mt.Orab village website 2026-04-29; village site has minimal online presence],"Resident backlash over a roughly 1,200-acre mega-site data center proposal (DB STU LLC; State Route 32 site valued $43M+) and nondisclosure agreements signed by elected officials",Reported active; council also debating reversal of 2024 zoning changes that enabled the project,"DB STU LLC ~1,200-acre State Route 32 mega-site in Brown County",State transparency debate; Rep. Adam Bird's HB 695 NDA-ban legislation followed,False,0,0,High,active,oh-mount-orab-2026,39.027566,-83.919652,2026-03-03,exact,180,fixed_days,,"[""data_center""]","[""specific_project"", ""land_use_compatibility"", ""legal_or_litigation""]"
Ohio,OH,Pierce Township,Township,2026-02-11,8 months,Resolution 2026-002,"Zoning resolution did not define or regulate data center uses; concerns over compatibility, infrastructure demand, utility use, noise, scale, and property impacts",Active through approximately 2026-10-11,No specific project identified,Township staff and Zoning Commission directed to develop text or map amendments,False,0,0,High,active,oh-pierce-township-2026,39.020225,-84.262610,2026-02-11,exact,240,fixed_days,,"[""data_center""]","[""regulatory_gap"", ""infrastructure_capacity"", ""noise"", ""land_use_compatibility"", ""property_values""]"
Ohio,OH,Plain City,Village,,Proposed 12-month moratorium on new data center applications (not yet enacted; legislation expected to return for a vote at an August 2026 regular meeting),"Proposed village ordinance; council directed legislation be prepared on 2026-07-13, no ordinance number yet assigned",Council-directed preparation of moratorium legislation on new data center applications,Pending as of 2026-07-31; legislation had not yet returned for a council vote [VERIFY instrument number; adoption date; primary source (news-only evidence) not confirmed at confidence 0.55 in the 2026-07 refresh],,"Village council voted to have legislation prepared for a 12-month moratorium on new data center applications, with the vote expected at an August regular meeting; this was a direction to draft legislation, not enactment",True,1,0,High,pending,oh-plain-city-undated,40.107882,-83.266968,,unverified,,unknown,,"[""data_center""]","[""regulatory_gap""]"
Ohio,OH,Plain Township,Township,2026-03-24,12 months,Trustee resolution [CITE primary text not captured],Stark County data center concern,Reported active,Not specified,No replacement zoning captured,False,0,0,High,active,oh-plain-township-2026,40.830000,-81.370000,2026-03-24,exact,365,fixed_days,,"[""data_center""]","[""specific_project""]"
Ohio,OH,Providence Township,Township,2026-04-15,12 months,"Trustee action using Waterville Township language, per Toledo Free Press [CITE primary text not captured]",Residents' concern about potential east-side township data center siting and lack of zoning language,Active,No specific application identified,Township intends to follow Waterville Township committee recommendations for zoning updates,False,0,0,High,active,oh-providence-township-2026,39.324878,-84.192426,2026-04-15,exact,365,fixed_days,,"[""data_center""]","[""regulatory_gap"", ""land_use_compatibility""]"
Ohio,OH,Ravenna,City,2026-04-20,12 months,City Council ordinance/paperwork reported by Record-Courier [CITE primary text not captured],Property owner interest in a data center at a former GE manufacturing site and gap in zoning code,Active,Potential State Route 14/former GE site; existing 500-server bitcoin mining operation reported on property,"Study and drafting of zoning code for data centers, server farms, and cryptocurrency mining facilities",False,0,0,High,active,oh-ravenna-2026,41.157557,-81.242047,2026-04-20,exact,365,fixed_days,,"[""data_center"", ""cryptocurrency_mining""]","[""specific_project"", ""regulatory_gap""]"
Ohio,OH,Richfield Township,Township,2026-02-17,12 months,"Resolution 021726-01, a 12-month moratorium on data center facilities, energy-producing/storage facilities, and commercial/industrial high-energy-use facilities in all zoning districts, adopted as an emergency measure (citing the lack of a zoning inspector).",Anthony Wayne area data center concern,Active; no rescission or repeal found in the township's own February 2026 minutes or subsequent public records checked.,Not specified,No replacement zoning captured,False,0,0,High,active,oh-richfield-township-2026,41.240403,-81.607248,2026-02-17,unverified,365,fixed_days,,"[""data_center""]","[""specific_project"", ""land_use_compatibility""]"
Ohio,OH,Scioto Township,Township,2026-03-05 (Thursday trustee meeting per Scioto Post; Trustee Wasmus introduced 2 weeks earlier; debate over 6 vs 12 months ended in 12-month vote),12 months (Trustee Wolfe's 6-month proposal rejected),Trustee resolution reported by Scioto Post [CITE: resolution number not posted to township website 2026-04-29],"Rapid AI/data center expansion and township zoning concerns; current zoning code has ""little to no language"" addressing such facilities",Reported active,No specific project identified,Zoning language review expected during 12-month moratorium,False,0,0,High,active,oh-scioto-township-2026,40.293982,-83.188294,2026-03-05,exact,365,fixed_days,,"[""data_center""]","[""regulatory_gap"", ""land_use_compatibility""]"
Ohio,OH,Shawnee Township,Township,2026-04-13,18 months,Trustee resolution reported by WLIO [CITE primary text not captured],"Zoning board recommendation and resident concern over data centers, battery energy storage systems, and solar energy fields",Active,No specific project identified,Study period for multi-sector land-use regulations,False,0,0,High,active,oh-shawnee-township-2026,39.604791,-82.211537,2026-04-13,exact,540,fixed_days,,"[""data_center"", ""battery_storage"", ""solar""]","[""regulatory_gap"", ""land_use_compatibility""]"
Ohio,OH,South Bloomfield,Village,2025-12-15,180 days,"Ordinance 2025-28, 'An Ordinance Imposing a 180-Day Moratorium on the Receipt, Processing, Issuance, and Approval of Any Application for a Zoning Certificate for Any Use Related to Data Processing, Hosting and Related Services (Data Centers) and Declaring an Emergency', passed December 15, 2025 as an emergency measure.","Pickaway County data center interest, health concerns, unanswered questions, and zoning-code review","The 180-day moratorium (Ordinance 2025-28) expired on its own terms around 2026-06-13 with no extension found. The same day the moratorium passed, Council also adopted Ordinance 2025-26, 'An Ordinance to Adopt the 2025 Edition of the Village of South Bloomfield Planning and Zoning Book,' a comprehensive rewrite; the moratorium's own recitals acknowledge the village lacked adequate 'processes, resources, utilities, and infrastructure' for data centers at the time.",Possible Crites Farm discussion; no formal project confirmed in captured reporting,Village reportedly adopted new zoning code that does not list data centers as permitted uses,False,0,0,High,replaced,oh-south-bloomfield-2025,39.718396,-82.986849,2025-12-15,unverified,180,fixed_days,,"[""data_center""]","[""regulatory_gap"", ""land_use_compatibility"", ""other""]"
Ohio,OH,Spencer Township,Township,2026-03-05,12 months,"Resolution 2026-03-05, imposing a 12-month moratorium on 'the approval, establishment or construction of advanced manufacturing facilities or uses' within Spencer Township, prepared by Legal Counsel Jeff Stopar and adopted by unanimous roll-call vote (Kester, Havens, Hood).",Anthony Wayne area data center concern,Active; no rescission found in the adopting meeting's minutes or in subsequent web search as of this pass.,Not specified,No replacement zoning captured,False,0,0,High,active,oh-spencer-township-2026,41.535000,-83.790000,2026-03-05,unverified,365,fixed_days,,"[""data_center""]","[""specific_project""]"
Ohio,OH,Sprigg Township,Township,2026-03-02,12 months voluntary moratorium,Trustee action reported by WCPO [CITE primary text not captured],Proposed data center activity around the former Stuart power plant in Adams County,Reported active,Stuart plant-area data center proposal; Army Corps Nationwide Permit No. 39 reported,Ohio Residents for Responsible Development petition activity intensified,False,0,0,High,active,oh-sprigg-township-2026,38.693876,-83.658924,2026-03-02,exact,365,fixed_days,,"[""data_center""]","[""specific_project"", ""land_use_compatibility""]"
Ohio,OH,Springfield,City,"2026-07-14 (second reading, 5-0)",6 months,"City Commission ordinance, passed 5-0 on second reading; Ordinance 159-26",City study of 'High-Density Computing Facilities' as a land use before permitting is resumed,Active as of 2026-07-31; runs through approximately 2027-01-10,,"City Commission passed Ordinance 159-26 by a 5-0 vote after its second reading, imposing a six-month moratorium on the establishment, development, processing, review, and approval of High-Density Computing Facilities",False,0,0,High,active,oh-springfield-2026,39.923405,-83.810138,2026-07-14,exact,180,fixed_days,,"[""data_center""]","[""regulatory_gap""]"
Ohio,OH,St. Marys,City,2026-06-22 (passed with one abstention),12 months,City Council Emergency Resolution 2026-08,"Resident Dakota Humphries raised environmental, utility, infrastructure, privacy, and economic concerns at a May 11 meeting; city officials said no developer had contacted the city",Active as of 2026-07-31; runs through approximately 2027-06-22,,"Council passed Emergency Resolution 2026-08 with one abstention, imposing a 12-month moratorium on establishing or converting buildings to data centers and on development or construction that would allow the use, while the city reviews federal, state, and local rules",False,0,0,High,active,oh-st-marys-2026,40.542270,-84.389396,2026-06-22,exact,365,fixed_days,,"[""data_center""]","[""regulatory_gap"",""other""]"
Ohio,OH,Tallmadge,City,2026-04-13,6 months or until code changes/revocation,Ordinance 2026-38,"Current zoning code may not address energy and water consumption, land use, building quality, aesthetics, lighting, noise, location, and environmental effects","Active. Council minutes for April 13, 2026 confirm the public hearing closed at 6:30 p.m. with no public comment, and Ordinance 2026-38 was then adopted by a 7-0 vote (motion by Kline, seconded by Pavlik) the same evening, satisfying the three-fourths-vote/immediate-enactment requirement.",No pending applications reported,Review of zoning and business regulations; hardship appeal process included (ORC Chapter 2506 appeal pathway),False,0,0,High,active,oh-tallmadge-2026,41.101462,-81.441799,2026-04-13,unverified,180,fixed_days,,"[""data_center""]","[""regulatory_gap"", ""water"", ""grid_energy"", ""land_use_compatibility"", ""environmental"", ""noise""]"
Ohio,OH,Tiffin,City,"2026-04-20 (third reading waived; passed 6-0 on third reading, declared emergency by second 6-0 vote per tiffinohio.net)",Up to 12 months; clock stops early if zoning review completes earlier,"Resolution 2026-42 (sharpened from ""unnumbered ordinance"" — confirmed via tiffinohio.net reporting)",Desire to craft zoning rules or consider prohibition while Ohio lawmakers consider statewide regulation; Law Director Zach Fowler walked council through proposal in March; City Administrator Nick Dutro framed purpose,Active,No data center proposal in Tiffin per Mayor Lee Wilkinson at April 6 council meeting,Zoning options under review; bars establishment or conversion of any structure into a data center for up to 12 months,False,0,0,High,active,oh-tiffin-2026,41.114485,-83.177954,2026-04-20,exact,365,fixed_days,,"[""data_center""]","[""regulatory_gap"", ""legal_or_litigation""]"
Ohio,OH,Vermilion,City,"2026-03-23 (effective date; Section 1 of Ordinance 2026-17 specifies the moratorium runs through March 23, 2027, indicating a March 23, 2026 effective date upon mayoral approval)",Through 2027-03-23,Ordinance 2026-17,"Need for administration, Planning Commission, and Council to review Ohio statutes, regulations, and local ordinances",Active,Any data center development in any zoning district; expansion of existing businesses into data center use also barred,Study period for possible local regulatory controls,False,0,0,High,active,oh-vermilion-2026,41.421989,-82.364607,2026-03-23,exact,,until_date,,"[""data_center""]","[""regulatory_gap"", ""other""]"
Ohio,OH,Village of Ashville,Village,2025-12-22,"180 days (Ord. 2025-13, originally recorded 2025-12-22 to 2026-06-20), followed by a second 180-day moratorium under Ordinance 2026-14 (adopted 2026-07-06), through approximately 2027-01-02","Ordinance 2025-13; extended by Ordinance 2026-14 (adopted 2026-07-06 as an emergency measure, readings waived)","Proposed EdgeConneX project, resident opposition, infrastructure and zoning capacity concerns","Extended via Ordinance 2026-14, adopted as an emergency measure at the 2026-07-06 Council meeting, imposing another 180-day moratorium (through approximately 2027-01-02); succeeds the original Ordinance 2025-13 (expired 2026-06-20).",Proposed EdgeConneX data center near Ashville,"Resolution 06-2026 authorized a development/consultant-funding agreement (Term Summary, Exhibit A) with EdgeConneX/PowerConneX, allocating $39,300 for GAI Consultants' independent technical review of the proposed project. It did not repeal the moratorium, which was instead independently extended by Ordinance 2026-14 on 2026-07-06.",False,0,0,High,extended,oh-ashville-2025,39.715619,-82.952958,2025-12-22,unverified,180,fixed_days,2027-01-02,"[""data_center""]","[""specific_project"", ""regulatory_gap"", ""infrastructure_capacity"", ""land_use_compatibility""]"
Ohio,OH,Village of Lordstown,Village,2026-01-05,"180 days (Ord. 1-2026, effective 2026-01-05 through 2026-07-04), extended a further 180 days by a second emergency ordinance passed mid-June 2026, effective 2026-07-05 through approximately 2027-01-02",Ordinance 1-2026; extended by a second emergency ordinance passed by Village Council in mid-June 2026 following a 2026-06-15 public hearing (exact ordinance number not confirmed in sources reviewed),"Electric load, water demand, infrastructure capacity, environmental impacts, and long-term land use planning","Extended: following a public hearing on 2026-06-15, Village Council passed an emergency ordinance extending the moratorium another 180 days, effective 2026-07-05 through approximately 2027-01-02 (reported passage dates vary slightly, 2026-06-16/17, across sources). Litigation brought by Bristolville 25 Developer LLC/BHGH Properties LLC is before the Ohio Supreme Court (not the Trumbull County Court of Common Pleas), and remained pending with no ruling located as of the sources reviewed (dated through 2026-06-08).","Bristolville 25 Developer, LLC proposed data center; village had earlier data center ban controversy",Moratorium committee gathering information; consultant and outside counsel discussed,False,0,0,High,extended,oh-lordstown-2026,41.165976,-80.857431,2026-01-05,exact,180,fixed_days,,"[""data_center""]","[""specific_project"", ""infrastructure_capacity"", ""environmental"", ""water"", ""grid_energy"", ""land_use_compatibility""]"
Ohio,OH,Washington Township,Township,2025-12-09,"90 days initial (2025-12-09 to 2026-03-09), then extended six months to 2026-09-05 by Resolution #2026.02.10.005, adopted unanimously (roll call, all present voting Aye) at the February 10, 2026 trustee meeting.","Board of Trustees Motion #2025.12.09.001 (90-day initial moratorium, 2025-12-09), extended by Resolution #2026.02.10.005 (2026-02-10), citing R.C. 519.02 (township zoning authority).","Resident and trustee concerns over grid strain, water use, fire safety, noise, and compatibility with residential land use","Active. The Board unanimously extended the moratorium six months, from March 9, 2026 to September 5, 2026, via Resolution #2026.02.10.005; the moratorium is therefore still in force as of the 2026-07-31 research date, not expired.",No pending applications identified in captured township records,Legal review and possible zoning work; final extension record not captured,False,0,0,High,extended,oh-washington-township-2025,40.113149,-83.133733,2025-12-08,unverified,90,fixed_days,2026-09-05,"[""data_center""]","[""regulatory_gap"", ""infrastructure_capacity"", ""water"", ""grid_energy"", ""fire_safety"", ""noise"", ""land_use_compatibility""]"
Ohio,OH,Waterville Township,Township,2025-12-17,12 months,Township trustee resolution [CITE: resolution number not posted to township website; Toledo Free Press cited the 12-month moratorium and committee process],Potential data center interest and need to study conditions for agriculturally zoned land,"Active through approximately December 2026; no rescission found. A Data Center Advisory Committee (one trustee, one zoning board member, one BZA member, the zoning inspector, and 10 residents), formed January 2026, presented its findings to the Zoning Board on 2026-05-12, recommending a new M-3 Industrial zoning classification with tiered regulations, bonding/escrow requirements, and a formal process; the zoning board voted 6-0 to move the proposal to the Lucas County Plan Commission for review.",No formal application identified; township committee studying data center zoning,Data center study committee expected to report in summer 2026,False,0,0,High,active,oh-waterville-township-2025,41.500000,-83.720000,2025-12-17,exact,365,fixed_days,,"[""data_center""]","[""regulatory_gap"", ""land_use_compatibility"", ""agricultural_preservation""]"
Ohio,OH,Williamsburg,Village,"2026-03-12, Village Council, signed by Mayor James Weaver",One year from effective date,"Ordinance 1249-26, ""An Ordinance Imposing a Moratorium on the Authorization or Establishment of Computer Data Centers within the Village of Williamsburg, Ohio and Declaring an Emergency""",Council desired time to study the economic and environmental impacts of data centers on the Village and its residents and to develop siting/operation regulations,"Active as of 2026-07-31 (one-year term runs to approximately March 12, 2027). Declared an emergency measure, effective at the earliest date allowed by law; applies to all pending applications for which a final, non-appealable permit had not been issued as of the ordinance's introduction.",None named; enacted preemptively,One-year moratorium on the authorization or establishment of computer data centers,False,0,0,High,active,oh-williamsburg-2026,39.054231,-84.052989,2026-03-12,exact,365,fixed_days,,"[""data_center""]","[""regulatory_gap"",""environmental""]"
Ohio,OH,Yellow Springs,Village,2026-05-18 (emergency reading),"12 months, expiring 2027-05-18",Village Council emergency ordinance; Ordinance 2026-08,"Pause on zoning permits/approvals for new data centers with aggregate monthly demand or peak load above 2 MW, and for expansions of existing facilities crossing that threshold; council narrowed the proposal at a May 4 work session before adopting it May 18",Active as of 2026-07-31; runs through 2027-05-18 unless repealed or replaced earlier,,"Adopted by emergency reading; bars zoning permits/approvals for new or expanded data centers above 2 MW aggregate demand for 12 months, with exemptions for auxiliary data centers and applications/permits already submitted or issued",False,0,0,High,active,oh-yellow-springs-2026,39.804543,-83.892523,2026-05-18,exact,365,fixed_days,,"[""data_center""]","[""grid_energy"",""regulatory_gap""]"
Oklahoma,OK,Broken Arrow,City,"2026-06-15, City Council enactment with emergency clause","Until the earlier of December 31, 2026, or adoption of permanent regulations, with a possible extension totaling no more than six additional months","Ordinance No. 3929 (City of Broken Arrow), pausing new rezonings, special/conditional use permits, site plans, building permits, certificates of occupancy, and other approvals for data center uses; exempts vested projects, accessory uses, and facilities of 5 MW or less",Development of permanent data center regulations,Active as of 2026-07-31,,,False,0,0,High,active,ok-broken-arrow-2026,36.052599,-95.790819,2026-06-15,exact,,until_date,,"[""data_center""]","[""regulatory_gap""]"
Oklahoma,OK,Edmond,City,"2026-06-08 (Monday), Edmond City Council, unanimous vote, adopted with an emergency clause making it effective immediately.","Runs through 2026-12-31; staff to report back to council at the 2, 3, and 5-month marks.",Edmond city ordinance/resolution adopted by unanimous council vote (ordinance number not located; Edmond's own AgendaCenter/site search did not surface the item).,"No pending data center proposal in the city at time of adoption; preemptive pause to allow study of water, electricity, and infrastructure impacts and to draft permanent zoning rules.",Active as of 2026-07-31; runs through 2026-12-31. [VERIFY instrument number; primary source (news-only evidence) not confirmed at confidence 0.65 in the 2026-07 refresh],None pending at time of adoption.,"City Council unanimously adopted an immediate moratorium on data center applications, rezoning requests, and permits within city limits, through the end of 2026.",True,1,0,High,active,ok-edmond-2026,35.657137,-97.464904,2026-06-08,exact,,until_date,,"[""data_center""]","[""regulatory_gap"",""infrastructure_capacity"",""grid_energy"",""water""]"
Oklahoma,OK,Luther,Town,"2026-06-17, Board of Trustees enactment (emergency), meeting relocated outdoors to accommodate attendance","New data center rezoning and Specific Use Permit applications paused through December 31, 2026, per the published ordinance text","Town of Luther emergency moratorium ordinance (published via journalrecord.com public notice; specific ordinance number not confirmed in the text reviewed), pausing new data center rezoning and Specific Use Permit applications",Opposition to the pending BLE Landholdings data center proposal,Active as of 2026-07-31 per the published ordinance text,Pending BLE Landholdings data center proposal,,False,0,0,High,active,ok-luther-2026,35.659609,-97.194141,2026-06-17,exact,,until_date,,"[""data_center""]","[""specific_project""]"
Oklahoma,OK,Norman,City,"2026-06-23, City Council unanimous enactment, emergency provision effective upon adoption and publication","Through June 9, 2027, or earlier adoption of data center zoning regulations","Ordinance No. O-2526-70 (City of Norman); applies to new applications for data center facilities using evaporative cooling projected to consume more than 250,000 gallons of potable water per day; applications filed before the ordinance's effective date are outside its stated scope",Water consumption concerns from evaporative-cooling data centers,Active as of 2026-07-31,,,False,0,0,High,active,ok-norman-2026,35.222572,-97.439482,2026-06-23,exact,,until_date,,"[""data_center""]","[""water""]"
Oklahoma,OK,Oklahoma City,City,2026-04-21,"Until 2026-12-31, or earlier if data center zoning amendments are adopted",Emergency ordinance introduced and adopted unanimously by City Council on 2026-04-21 as Council Agenda Item XI.U; amended 2026-05-19 by a 7-2 Council vote to add a 75 MW threshold and named facility exemptions. The assigned ordinance number(s) could not be confirmed via a primary source actually accessed in this pass — direct attempts to reach library.municode.com/ok/oklahoma_city and okc.gov's ordinance PDF both returned HTTP 403 [VERIFY assigned ordinance number(s) from the Office of the City Clerk for both the original 2026-04-21 ordinance and the 2026-05-19 amendment],"First large data center rezoning requests; no specific zoning use unit or regulations for data centers; concerns about water, electricity, noise, infrastructure, and other public impacts","Active, as amended. On 2026-05-19, City Council voted 7-2 to amend the moratorium to allow data centers using up to 75 megawatts of electricity to apply for zoning and construction permits, and carved out two named exemptions: the Scale Datacenters facility on the Expand Energy (formerly Chesapeake) campus (serving Cerebras AI), and the Rack59 Data Center at 7725 W. Reno Ave. As of the most recent reporting reviewed (dated 2026-06-25), no comprehensive data-center zoning use-unit had been adopted, so the underlying moratorium (through 2026-12-31 or earlier zoning adoption) remains in force. No source dated in July 2026 was located to independently confirm currency as of 2026-07-31.","New applications for rezoning requests and permits, including building permits, for data center construction, expansion, or use; two pending rezoning requests are exempted",City is using the pause to evaluate impacts and draft zoning code amendments for data centers,True,1,0,High,active,ok-oklahoma-city-2026,35.472989,-97.517054,2026-04-21,exact,,until_date,,"[""data_center""]","[""specific_project"", ""regulatory_gap"", ""infrastructure_capacity"", ""water"", ""grid_energy"", ""noise"", ""land_use_compatibility""]"
Oklahoma,OK,Pawhuska,City,2026-04-14,"Until 2026-12-31, or earlier if data center regulations are adopted",Resolution 2026-04-01,"Proposed conversion of an abandoned warehouse near Indian Camp Elementary School into an 8-10 MW AI data center; utility capacity, water, school proximity, property values, and community-impact concerns",Active,All city actions that would advance data center development in Pawhuska,"City will gather information and develop zoning, permitting, and performance-standard recommendations",False,0,0,High,active,ok-pawhuska-2026,36.663340,-96.340121,2026-04-14,exact,,until_date,,"[""data_center""]","[""specific_project"", ""infrastructure_capacity"", ""water"", ""land_use_compatibility"", ""property_values""]"
Oklahoma,OK,Seminole Nation of Oklahoma,Tribal,2026-03-07,"Indefinite by design, not merely undisclosed. Per KGOU reporting (June 25, 2026), the resolution's author, Rev. Chebon Kernell, originally drafted a ban on data-center discussions/inquiries/development, but 'that proposal turned into an indefinite moratorium at the suggestion of another council member.' The resolution's own phrase 'the moratorium period' (as quoted by Native News Online) therefore refers to an open-ended condition rather than a fixed numeric term that simply has not been published. The full resolution text remains unposted on sno-nsn.gov.",Tribal Council resolution [resolution number needed],"Startup approach seeking an NDA and letter of intent to develop a data center on Seminole lands; environmental, water, sovereignty, and community-health concerns",Active per Native News Online and Honor the Earth statements; no captured Tribal Council action rescinding or amending the 2026-03-07 resolution as of 2026-04-29 [VERIFY: no public Tribal Council minutes posted on Seminole Nation website],"Any inquiries, discussions, or developments concerning data centers of any size within the Seminole Nation during the moratorium period",Moratorium adopted before project approval; permanent replacement framework not identified,True,1,0,High,active,ok-seminole-nation-of-oklahoma-2026,35.155600,-96.492500,2026-03-07,exact,,indefinite,,"[""data_center""]","[""specific_project"", ""environmental"", ""water"", ""land_use_compatibility"", ""other""]"
Oklahoma,OK,Tulsa,City,"2026-03-25 (unanimous Council vote; reported by Oklahoma Energy Today and Tulsa Flyer; ordinance text included emergency clause requiring immediate effectiveness, so adoption and effective dates coincide)","Through 2026-12-31, or earlier if data center zoning amendments are adopted","Tulsa City Council File/Ordinance No. 26-196 (final substitute version ""26-196-3""), confirmed via direct review of the City of Tulsa's CouncilDocuments records: reviewed by the Urban Development committee and Council on 2026-03-11, and by the Budget/Special Projects committee and Council on 2026-03-25 (adoption). The city's own record title reads ""Ordinance declaring a 365-day Moratorium,"" in tension with news reporting (Tulsa Flyer) describing the final passed duration as 9 months; this discrepancy was not resolved with a directly-opened primary text of the signed ordinance in this pass.",Re-evaluation of Tulsa's 2024 classification of data centers as low-impact manufacturing and industry; concern that large-scale data centers may have off-site impacts,Active,New building permits for data center use in Tulsa; Project Anthem Phase 1 and one pending Phase 2 zoning case are exempted,Planning Office must report to Council approximately every 60 days on zoning-code review and recommendations,False,0,0,High,active,ok-tulsa-2026,36.156312,-95.992752,2026-03-25,exact,,until_date,,"[""data_center""]","[""regulatory_gap"", ""land_use_compatibility""]"
Oregon,OR,City of Hillsboro,City,"2026-07-27 (City Council adopted signed Resolution No. 2932 at a special meeting, effective immediately)","120 days unless extended or repealed, with mandatory council review before expiration","Resolution No. 2932, adopted by the Hillsboro City Council at a special meeting on July 27, 2026",City sought time to study data center and battery storage impacts and develop code amendments; contemporaneous coverage described Hillsboro as the first Oregon city to adopt a data center land-use moratorium,"Active as of the July 31, 2026 research date. Effective immediately upon adoption, the resolution bars submission, acceptance, processing, or approval of new land-use applications for new or expanded data centers or battery energy storage systems as primary uses. Applications already under review are not affected. Runs 120 days (to approximately 2026-11-24) absent extension or repeal, with council review required before expiration.","New or expanded stand-alone data center or battery energy storage system land-use applications submitted after July 27, 2026; does not affect applications already under review.",Enacted moratorium on new data center and battery storage land-use applications while the city studies impacts and develops code amendments.,False,0,0,Low,active,or-city-of-hillsboro-2026,45.515246,-122.989425,2026-07-27,exact,120,fixed_days,,"[""data_center"",""battery_storage""]","[""regulatory_gap"",""land_use_compatibility""]"
Pennsylvania,PA,Bensalem Township,Township,Township Council adopted a curative-amendment resolution by a 5-0 vote on 2026-06-08.,"180-day municipal curative-amendment period after declaring portions of the zoning ordinance substantively invalid as to data centers, solar energy, and wind energy. Official minutes describe the protected period as a 180-day moratorium.","Township Council resolution, Municipal Curative Amendment (Pennsylvania Municipalities Planning Code Section 609.2)","Zoning ordinance lacked provisions for data centers, solar energy, and wind energy.",Active as of 2026-07-31; 180-day curative-amendment period from 2026-06-08. No data center application was pending at adoption.,,,False,0,0,Low,active,pa-bensalem-township-2026,40.104555,-74.951279,2026-06-08,exact,180,fixed_days,,"[""data_center"",""solar"",""wind""]","[""regulatory_gap""]"
Pennsylvania,PA,Brookville Borough,Other,Borough Council reportedly voted unanimously on 2026-06-16 for a 180-day moratorium.,180-day moratorium on data center development; also bars data centers from using borough water during the pause.,Borough Council action reportedly adopting a 180-day moratorium; enacted ordinance or resolution and official minutes not located,Water-resource concerns tied to potential nearby data center projects; no formal application was pending.,Reported active as of 2026-07-31; enacted text not located. [VERIFY instrument number; primary source (news-only evidence) not confirmed at confidence 0.55 in the 2026-07 refresh],,,True,1,0,Low,active,pa-brookville-borough-2026,41.160435,-79.079470,2026-06-16,unverified,180,fixed_days,,"[""data_center""]","[""regulatory_gap"",""water""]"
Pennsylvania,PA,Butler Township,Township,Board of Supervisors adopted Resolution No. 05122026 on 2026-05-12.,"Declares the township zoning ordinance substantively invalid for not defining or regulating data centers, triggering a 180-day municipal curative-amendment period during which new data center applications are paused from vesting under the prior ordinance.","Resolution No. 05122026, Municipal Curative Amendment (Pennsylvania Municipalities Planning Code Section 609.2)",Zoning ordinance did not define or regulate data centers.,Active as of 2026-07-31; 180-day curative-amendment period from 2026-05-12.,,,False,0,0,Low,active,pa-butler-township-2026,40.851834,-79.941861,2026-05-12,exact,180,fixed_days,,"[""data_center""]","[""regulatory_gap""]"
Pennsylvania,PA,Center Township,Township,Board of Supervisors reportedly voted unanimously on 2026-06-10 to approve a curative amendment.,180-day pause halting data center and power-generation-plant-system development while the township prepares zoning standards.,Curative amendment reportedly approved by the Board of Supervisors; enacted resolution or official minutes not located,No data center development request had been received; adopted proactively.,Reported active as of 2026-07-31; enacted text not located. [VERIFY instrument number; primary source (news-only evidence) not confirmed at confidence 0.55 in the 2026-07 refresh],,,True,1,0,Low,active,pa-center-township-2026,40.664007,-80.286775,2026-06-10,unverified,180,fixed_days,,"[""data_center"",""general""]","[""regulatory_gap""]"
Pennsylvania,PA,Hazle Township,Township,"2026-06-08, Hazle Township (Luzerne County) Board of Supervisors, unanimous vote adopting a curative amendment.",180 days from adoption (to approximately 2026-12-05).,"Municipal curative amendment adopted by the Hazle Township Board of Supervisors, temporarily invalidating portions of the township zoning ordinance for 180 days on the stated grounds that the ordinance is deficient because it does not address data centers (instrument number not located).","Followed sustained community opposition (""Project Hazelnot"") to NorthPoint Development's proposed ~1,300-acre, 15-building ""Project Hazelnut"" data-center campus with substation, which the township had already rejected in November 2025 and which a Luzerne County judge ruled against in spring 2026.",Active as of 2026-07-31 (expires approximately 2026-12-05).,"NorthPoint Development's proposed 'Project Hazelnut' data-center campus, previously denied by the township and by a county court.",Board of Supervisors unanimously adopted a 180-day curative amendment pausing consideration of new data-center applications while permanent zoning language is drafted.,False,0,0,Low,active,pa-hazle-township-2026,40.957193,-76.060069,2026-06-08,exact,180,fixed_days,,"[""data_center""]","[""specific_project"",""regulatory_gap"",""land_use_compatibility""]"
Pennsylvania,PA,Lycoming County,County,County commissioners reportedly approved a curative-amendment resolution on 2026-06-18.,180-day municipal curative-amendment period after declaring the county zoning ordinance substantially invalid for lacking appropriate regulation of data centers and related uses; affects municipalities participating in the county zoning partnership.,County commissioners' curative-amendment resolution (Pennsylvania Municipalities Planning Code Section 609.2); adopted resolution text not located,County zoning ordinance lacked appropriate regulation of data centers and related uses.,Reported active as of 2026-07-31; adopted resolution not located. [VERIFY instrument number not confirmed at confidence 0.55 in the 2026-07 refresh],,,True,1,0,Low,active,pa-lycoming-county-2026,41.347269,-77.022035,2026-06-18,unverified,180,fixed_days,,"[""data_center""]","[""regulatory_gap""]"
Pennsylvania,PA,Montour County,County,2025-11-18,"180 days, expiring about 2026-05-17 unless extended or superseded","Resolution R-11-19-2025 (the moratorium, now superseded); Ordinance No. 1-2026, the 'Data Center Land Use Ordinance,' enacted by the Montour County Board of Commissioners on April 14, 2026, amending the County Zoning Ordinance to define and regulate Data Centers and Data Center Accessory Uses.",Concern over potential data centers or similar large-scale digital/technology facilities; county needed time for Planning Commission ad-hoc committee ordinance work,"Superseded. The Montour County Board of Commissioners enacted Ordinance No. 1-2026 ('Data Center Land Use Ordinance') on April 14, 2026 -- before the moratorium's own nominal 2026-05-17 expiration -- amending the County Zoning Ordinance to permit Data Centers as a Conditional Use in the Industrial Zoning District, subject to detailed siting, setback/buffer-yard, noise, lighting, and 'Sensitive Receptor' protections and a Conditional Use review process. The moratorium (Resolution R-11-19-2025) is no longer the operative instrument; Ordinance 1-2026 governs data center siting in Montour County as of 2026-07-31.",No pending data center applications at enactment; Talen Energy later sought rezoning of Anthony Township parcels for a data-center-related industrial use,"Following the 2026-02-12 denial of Talen Energy's zoning map amendment, the county completed and enacted the Data Center Land Use Ordinance (Ordinance 1-2026) on 2026-04-14, permitting data centers by conditional use in the Industrial Zoning District rather than prohibiting them outright.",False,0,0,Low,replaced,pa-montour-county-2025,41.028953,-76.661582,2025-11-18,exact,180,fixed_days,,"[""data_center""]","[""regulatory_gap"", ""land_use_compatibility""]"
Pennsylvania,PA,Muncy Township,Township,"Board of Supervisors approved a temporary moratorium at an April 28, 2026 special meeting; reported by the Sun-Gazette on 2026-05-01.","Nine months, or until the township adopts zoning regulations addressing data centers, whichever occurs first. Bars acceptance or review of listed municipal applications for data centers, data center campuses, high-intensity data processing facilities, and substantially similar uses during that period.","Board of Supervisors motion/temporary moratorium adopted at the April 28, 2026 special meeting; no separately numbered ordinance or resolution identified in the sources reviewed",Lack of existing zoning provisions addressing data centers.,Active as of 2026-07-31; nine-month pause from the 2026-04-28 vote runs to approximately late January 2027 unless superseded by earlier zoning adoption.,,,False,0,0,Low,active,pa-muncy-township-2026,41.254033,-76.799141,2026-04-28,exact,270,fixed_days,,"[""data_center""]","[""regulatory_gap""]"
Pennsylvania,PA,Warrington Township,Township,"Board of Supervisors adopted Resolution 2026-09 on 2026-05-13, formally ratifying an administrative pause the township says began with a March 11, 2026 motion.",Pause on applications for data center-related uses while the township prepares tailored zoning standards and pursues a municipal curative amendment. No explicit day count for the pause was located.,"Resolution 2026-09 (standalone text not located); described in follow-up Resolution 2026-15 as ratifying a March 11, 2026 administrative pause and pursuing a municipal curative amendment",Township preparing tailored zoning standards for data centers.,"Reported active as of 2026-07-31, per the official follow-up resolution; standalone text of the original May 13 resolution was not located. [VERIFY details not confirmed at confidence 0.65 in the 2026-07 refresh]",,,True,1,0,Low,active,pa-warrington-township-2026,40.249274,-75.134060,2026-05-13,range,,until_event,,"[""data_center""]","[""regulatory_gap""]"
South Carolina,SC,Chester County,County,"July 20, 2026 (County Council unanimous approval, per WSOC-TV, following a June 15, 2026 first reading)",Six months,Chester County Council data center moratorium ordinance; adopted ordinance number and full text not located in reviewed county records,"Pause to allow the county to develop rules and guidelines, with public educational meetings planned to begin in August 2026; first-reading materials cited electric-grid and utility capacity, economic, environmental, and community effects.","Active as of 2026-07-31, per news reporting. [VERIFY instrument number; primary source (news-only evidence) not confirmed at confidence 0.6 in the 2026-07 refresh]",,Approved six-month moratorium on new data center development.,True,1,0,Low,active,sc-chester-county-2026,34.685990,-81.154507,2026-07-20,exact,180,fixed_days,,"[""data_center""]","[""grid_energy"",""environmental"",""property_values"",""infrastructure_capacity""]"
South Carolina,SC,Chesterfield County,County,"June 1, 2026 (County Council third reading and public hearing, adopting Ordinance 25-26-23)","Until January 1, 2028, or until the county adopts regulations for data center/data processing/cryptocurrency mining uses, whichever occurs first",Ordinance 25-26-23 (Chesterfield County Council),"Immediately stops acceptance, review, or action on zoning approvals, construction permits, site plans, and other county approvals for data centers, data processing facilities, cryptocurrency mining operations, and related uses in unincorporated Chesterfield County; followed an emergency moratorium adopted April 6, 2026.","Active as of 2026-07-31; regular ordinance replacing an April 6, 2026 emergency moratorium, in effect until 2028-01-01 or earlier adoption of permanent regulations.",,Adopted long-term temporary moratorium on data center and related approvals in unincorporated Chesterfield County.,False,0,0,Low,active,sc-chesterfield-county-2026,34.650058,-80.141784,2026-06-01,exact,,until_date,,"[""data_center"",""cryptocurrency_mining""]","[""regulatory_gap"",""land_use_compatibility""]"
South Carolina,SC,Colleton County,County,"July 6, 2026 (County Council third reading and enactment of Ordinance 26-O-04, effective immediately)",Six months,Ordinance 26-O-04 (Colleton County Council),"Pauses consideration of special exceptions, conditional uses, and other land-use approvals for data centers while county staff and the Planning Commission study appropriate locations/conditions and prepare comprehensive-plan and code amendments; also holds received-but-unconsidered applications in abeyance.",Active as of 2026-07-31; the Southern Environmental Law Center agreed to pause related litigation for the moratorium period.,"Unspecified data center project(s) subject to related Southern Environmental Law Center litigation, paused during the moratorium.",Adopted six-month moratorium on data center special exceptions/conditional uses.,False,0,0,Low,active,sc-colleton-county-2026,32.862073,-80.677114,2026-07-06,exact,180,fixed_days,,"[""data_center""]","[""regulatory_gap"",""land_use_compatibility""]"
South Carolina,SC,Greenwood County,County,"July 21, 2026 (County Council 4-3 approval of third and final reading of Ordinance 2026-25)",One year,Ordinance 2026-25 (Greenwood County Council),"Pause on new data center approvals following citizen concerns; sponsored by Councilmembers Mark Allison, Cathy Miller, and Dayne Pruitt; twenty-four people registered for public comment on third reading.",Active as of 2026-07-31. [VERIFY primary source (news-only evidence) not confirmed at confidence 0.65 in the 2026-07 refresh],,Adopted one-year moratorium on new data center approvals by a 4-3 third-reading vote.,True,1,0,Low,active,sc-greenwood-county-2026,34.148981,-82.112882,2026-07-21,exact,365,fixed_days,,"[""data_center""]","[""property_values"",""regulatory_gap""]"
South Carolina,SC,Newberry County,County,"An initial pause was put in effect around 2026-06-02/06-03 following resident concerns (WIS News 10, 2026-06-03) and the council's rejection of a data center deal (WLTX, 2026-06-07); WRDW reported the county 'passes 1-year data center moratorium' on 2026-06-05. The council then 'unanimously confirmed' the year-long moratorium on 2026-07-16 (WIS News 10; FOX Carolina).",One year,County council ordinance/resolution,Resident opposition to a proposed AI data center development and the council's rejection of an associated data center deal,Active as of 2026-07-31; unanimously reconfirmed by the council on 2026-07-16. [VERIFY instrument number; primary source (news-only evidence) not confirmed at confidence 0.65 in the 2026-07 refresh],A proposed AI data center development that the council voted on/rejected in early June 2026,One-year countywide data center moratorium adopted and later unanimously reconfirmed,True,1,0,Low,active,sc-newberry-county-2026,34.326688,-81.583009,2026-06-05,range,365,fixed_days,,"[""data_center""]","[""specific_project"",""land_use_compatibility"",""property_values""]"
South Carolina,SC,York County,County,"July 13, 2026 (County Council third reading and public hearing, effective immediately in unincorporated York County)",Nine months,York County Council moratorium ordinance on data centers; ordinance number not located in sources reviewed,"Restricts special-exception and conditional-use approvals, site-plan acceptance, and other land-use/development approvals for data centers in unincorporated York County while the county studies utility, water, noise, pollution, infrastructure, and nearby-property impacts.","Active as of 2026-07-31; may be extended by resolution if more study time is needed. Applies only in unincorporated areas; vested projects, including approved QTS site plans, are exempt.","Existing vested projects, including approved QTS site plans, are exempt from the moratorium.",Adopted nine-month moratorium on data center land-use approvals in unincorporated York County.,False,0,0,Low,active,sc-york-county-2026,34.960329,-81.165541,2026-07-13,exact,270,fixed_days,,"[""data_center""]","[""grid_energy"",""water"",""noise"",""environmental"",""infrastructure_capacity"",""property_values""]"
South Dakota,SD,Yankton County,County,"2026-07-21 (County Commission adopted the moratorium 5-0, recorded as Action 26248C)","Six months from adoption (approximately to 2027-01-21); the commission packet draft had proposed 12 months, but the adopted motion changed the term to six months","Yankton County Commission motion (Action 26248C), adopted 5-0 on July 21, 2026, following a July 10 public notice initially referenced as 'Ordinance 26-08'; final ordinance or resolution numbering was not confirmed",Concern about incoming data center and Bitcoin mining facility proposals; commission wants time to draft permanent siting standards,"Active as of the July 31, 2026 research date. Blocks applications and permits for building, use, zoning, or rezoning approval of data collection, storage, or processing facilities and Bitcoin mining facilities exceeding 250 kW, for six months from the July 21, 2026 adoption. The commission separately directed the Planning and Zoning Commission to begin drafting permanent standards.",None named; general countywide pause on new data center and greater-than-250kW Bitcoin mining permits and applications.,Enacted six-month moratorium after an initial motion for a 12-month term failed for lack of a second.,False,0,0,Low,active,sd-yankton-county-2026,43.011525,-97.396756,2026-07-21,exact,180,fixed_days,,"[""data_center"",""cryptocurrency_mining""]","[""regulatory_gap"",""land_use_compatibility""]"
Tennessee,TN,Anderson County,County,"2026-06-15, County Commission unanimous approval following a public hearing",Two years,County Commission moratorium on future data centers; the adopted instrument was not located in the county's online materials,"Hearing on proposed data center, cryptocurrency, and battery-storage zoning safeguards",Active as of researched_as_of per news reporting [VERIFY instrument number not confirmed at confidence 0.55 in the 2026-07 refresh],,,True,1,0,Medium,active,tn-anderson-county-2026,36.106323,-84.184994,2026-06-15,exact,730,fixed_days,,"[""data_center"",""cryptocurrency_mining"",""battery_storage""]","[""regulatory_gap""]"
Tennessee,TN,Bristol,City,"Second and final reading of Ordinance 25-20 was adopted by the Bristol City Council on October 7, 2025, per the Council's own meeting agenda; first reading passed unanimously September 9, 2025. The ordinance's effective date, per the Planning Commission staff memo dated 2026-03-19, is October 24, 2025 (17 days after adoption, consistent with standard publication timing).",Two years; expires 2027-10-24 unless extended or replaced,"Ordinance 25-20, imposing a temporary moratorium on establishment of data centers","City planning records state Bristol's zoning ordinance was not equipped to handle data centers, including bitcoin mining and broader data mining; officials cited TVA, utility, water, wastewater, and siting questions.","Active as of 2026-07-31. Bristol City Council meeting agendas from January through July 2026 (including June 2, July 7, and July 28) contain no item amending or replacing Ordinance 25-20, so the two-year moratorium (through 2027-10-24) remains the operative regulation despite ongoing Planning Commission work toward a successor ordinance.","Establishment of new data centers within Bristol. The signed Ordinance 25-20 was not directly attached to either the February or March 2026 Planning Commission packets; Planning Commission discussion summaries describe a flat moratorium with no project-specific carve-outs but do not list any ""exempt applications already filed"" language [VERIFY exact exemptions from signed Ordinance 25-20 PDF, not currently posted to bristoltn.gov agenda center or document center search]","Planning Commission directed a drafting committee with City Council, BTES, water department, and planning staff representation to prepare a data center ordinance by 2026-07-01 for Planning Commission review and City Council approval.",True,1,0,Medium,active,tn-bristol-2025,36.594503,-82.188521,2025-10-24,unverified,730,fixed_days,,"[""data_center"", ""cryptocurrency_mining""]","[""regulatory_gap"", ""infrastructure_capacity"", ""water"", ""grid_energy"", ""land_use_compatibility""]"
Tennessee,TN,Cedar Hill,Town,"2026-06-01 (WSMV: 'Cedar Hill imposes two-year moratorium on data centers'), confirmed 2026-06-03 by News Channel 5 Nashville",Two years,Town board ordinance,Rural preservation concerns amid data center and cryptocurrency mining development pressure in Robertson County,Active as of 2026-07-31. [VERIFY instrument number; primary source (news-only evidence) not confirmed at confidence 0.6 in the 2026-07 refresh],Not specifically named in sources reviewed,Two-year moratorium on data centers and cryptocurrency mining adopted,True,1,0,Medium,active,tn-cedar-hill-2026,36.551433,-86.999166,2026-06-01,exact,730,fixed_days,,"[""data_center"",""cryptocurrency_mining""]","[""agricultural_preservation"",""land_use_compatibility""]"
Tennessee,TN,Clinton,City,"2026-06-22, City Council unanimous approval",6 months,City Council moratorium on new data centers within city limits; adopted instrument text not located online,While staff and the Planning Commission develop zoning definitions and regulations,Active as of researched_as_of per news reporting [VERIFY instrument number; primary source (news-only evidence) not confirmed at confidence 0.5 in the 2026-07 refresh],,,True,1,0,Medium,active,tn-clinton-2026,36.103413,-84.131863,2026-06-22,exact,180,fixed_days,,"[""data_center""]","[""regulatory_gap""]"
Tennessee,TN,Coffee County,County,"2026-06-09, County Legislative Body adoption of Resolution 2026-12, 13-0 with five members absent",One year,Resolution 2026-12,Followed a May 26 Planning Commission 7-0 motion urging a one-year pause after Mayor Hunt had discussed a 180-day pause,Active as of researched_as_of; a related public hearing on permanent zoning amendments (Resolution 2006-39) was pending as of July 14,,,False,0,0,Medium,active,tn-coffee-county-2026,35.490611,-86.069633,2026-06-09,exact,365,fixed_days,,"[""data_center""]","[""regulatory_gap""]"
Tennessee,TN,Crossville,City,"First reading passed 2026-07-14; the city attorney stated the ordinance requires three total readings, so it was not yet effective as of researched_as_of",Proposed two-year moratorium (first reading only; two additional readings required before final adoption),"Proposed ordinance establishing a two-year data center moratorium, approved on first reading by City Council on 2026-07-14","Residents commented on environmental, infrastructure, noise, and water-supply concerns",Pending as of researched_as_of; passed first reading only [VERIFY instrument number; adoption date; primary source (news-only evidence) not confirmed at confidence 0.6 in the 2026-07 refresh],,,True,1,0,Medium,pending,tn-crossville-undated,35.949684,-85.027484,,unverified,730,fixed_days,,"[""data_center""]","[""regulatory_gap"",""environmental"",""infrastructure_capacity"",""noise"",""water""]"
Tennessee,TN,Cumberland County,County,"2026-06-15, County Commission unanimous adoption of Resolution 06-2026-31, after first adopting companion Resolution 06-2026-30 invoking County Powers Act authority",Two years,Resolution 06-2026-31 (County Powers Act authority established by companion Resolution 06-2026-30),,Active as of researched_as_of,,,False,0,0,Medium,active,tn-cumberland-county-2026,35.953805,-84.974819,2026-06-15,exact,730,fixed_days,,"[""data_center""]","[""regulatory_gap""]"
Tennessee,TN,Grundy County,County,"2026-05-18, County Commission unanimous adoption of the ""Data Mining Moratorium""","Two years (May 18, 2026 through May 18, 2028)","Resolution adopted by the County Commission (""Data Mining Moratorium""); the original signed resolution was not located on a county website",,Active as of researched_as_of per news reporting [VERIFY instrument number; primary source (news-only evidence) not confirmed at confidence 0.55 in the 2026-07 refresh],,,True,1,0,Medium,active,tn-grundy-county-2026,35.369789,-85.710661,2026-05-18,exact,731,fixed_days,,"[""data_center"",""cryptocurrency_mining""]","[""regulatory_gap""]"
Tennessee,TN,Hawkins County,County,2025-09-22,"Indefinite categorical ban, not a temporary moratorium","Resolution titled ""Prohibit The Operation Of Cryptocurrency Mining And Data Center Facilities In Hawkins County, Tennessee Pursuant To The Authority Granted Under The County Powers Act Adopted By The Hawkins County Commission Via Resolution 2012/08/03""",ExoticRidge Crypto Company proposed an off-grid bitcoin mining facility in Bulls Gap; residents and commissioners raised concerns about cryptocurrency mining and data center impacts.,Active but challenged in federal litigation filed 2026-03-31,All data centers and cryptocurrency mining operations in Hawkins County; complaint alleges no variances or exceptions.,"ExoticRidge Crypto Company LLC, represented by the Beacon Center of Tennessee, sued Hawkins County in the U.S. District Court for the Eastern District of Tennessee. The complaint alleges the ban is arbitrary, ultra vires, violates Tennessee zoning procedures and open-meetings requirements, and blocks an 8 MW off-grid bitcoin mining project.",False,0,0,Medium,active,tn-hawkins-county-2025,36.429878,-82.956890,2025-09-22,exact,,indefinite,,"[""data_center"", ""cryptocurrency_mining""]","[""specific_project"", ""noise"", ""land_use_compatibility"", ""legal_or_litigation""]"
Tennessee,TN,Johnson City,City,2025-06-05,12 months; expires 2026-06-05 unless extended,Resolution instituting a twelve-month moratorium on new industrial land-use applications and new-construction building permits in the I-2 district,"Proposed data center and cryptocurrency-mining uses exposed a code gap for heavy industrial uses, noise, vibration, pollution, utility, traffic, neighborhood, and public-health impacts.",Active through 2026-06-05 unless extended,New I-2 industrial land-use applications and new-construction permits; applications already approved or officially submitted were exempt.,"Same meeting adopted Ordinance 4914-25, adding data centers as a permitted I-2 use with conditions. Standards include enclosed operations, 200-foot residential separation, 60-foot front setback, Type 4 buffer, equipment screening, and review for injurious noise, vibration, smoke, gas, fumes, odors, dust, and fire hazards.",False,0,0,Medium,replaced,tn-johnson-city-2025,36.316767,-82.352903,2025-06-05,exact,365,fixed_days,,"[""data_center"", ""cryptocurrency_mining""]","[""regulatory_gap"", ""infrastructure_capacity"", ""environmental"", ""noise"", ""land_use_compatibility"", ""grid_energy"", ""other""]"
Tennessee,TN,Jonesborough,Town,"The Board of Mayor and Aldermen adopted Ordinance No. 2025-12 on October 13, 2025, per the Jonesborough Planning Commission packet dated May 19, 2026 (Town Administrator staff report), which states the BMA ""adopted an Ordinance on October 13, 2025.""",Two years; proposed expiration 2027-11-03 unless extended,"Ordinance No. 2025-12, ""An Ordinance Imposing a Temporary Moratorium on the Establishment of Data Processing Centers""","Need to update land-use controls for emerging technologies, evaluate land-use compatibility, infrastructure demands, environmental and neighborhood impacts, and broader policy considerations.","Replaced. The Board of Mayor and Aldermen adopted an ordinance amending Municipal Code Title 11, Chapter 5 (Data Processing Centers and Cryptocurrency Mining) on second and final reading at its May 11, 2026 meeting, following first reading March 16, 2026 and a Planning Commission recommendation April 21, 2026. The new ordinance establishes a permitting pathway (buffers, setbacks, noise/water/electrical-grid standards, BMA approval required per application) rather than continuing a blanket ban, effectively superseding Ordinance 2025-12 as of 2026-05-11.","Rezoning requests, site plans, development plans, or building permit applications that propose or would allow a data processing center or similar facility within town limits.","Pending. Ordinance directs study by the Planning Commission, Board of Mayor and Aldermen, and staff.",False,0,0,Medium,replaced,tn-jonesborough-2025,36.294493,-82.473409,2025-10-13,unverified,730,fixed_days,,"[""data_center"", ""cryptocurrency_mining""]","[""regulatory_gap"", ""infrastructure_capacity"", ""environmental"", ""land_use_compatibility""]"
Tennessee,TN,Knox County,County,"2026-06-22, County Commission 10-0 adoption (one member recused), effective immediately","Effective immediately through June 30, 2027",County Commission resolution defining covered private data centers using a 5 MW threshold; exempts identified existing operations and bars them from increasing contracted peak power or using alternative generation to evade the pause,,Active as of researched_as_of,,,False,0,0,Medium,active,tn-knox-county-2026,35.986000,-83.937560,2026-06-22,exact,373,fixed_days,,"[""data_center""]","[""regulatory_gap"",""grid_energy""]"
Tennessee,TN,Knoxville,City,"2026-07-07, City Council approval of an emergency ordinance","One year, until July 7, 2027, or until data center zoning amendments take effect, whichever occurs first",City Council emergency ordinance pausing permitting or construction of large data centers within city limits; ordinance number and signed text not located,Planning and city staff directed to develop zoning-code recommendations and safeguards; follows the mayor's June 8 announcement of intent to seek a one-year moratorium,Active as of researched_as_of per news reporting [VERIFY instrument number; primary source (news-only evidence) not confirmed at confidence 0.55 in the 2026-07 refresh],,,True,1,0,Medium,active,tn-knoxville-2026,35.960395,-83.921026,2026-07-07,exact,365,fixed_days,,"[""data_center""]","[""regulatory_gap""]"
Tennessee,TN,Loudon County,County,"2026-06-29, County Commission adoption, immediately effective","6 months, unless standards are adopted or the Commission extends, modifies, or rescinds it sooner","County Commission resolution barring covered facilities from filing development plans and seeking county permits, zoning or building approvals, utility extensions, text amendments, or development agreements; standard on-site business computing uses excluded",,Active as of researched_as_of,,,False,0,0,Medium,active,tn-loudon-county-2026,35.749002,-84.320293,2026-06-29,exact,180,fixed_days,,"[""data_center""]","[""regulatory_gap""]"
Tennessee,TN,McMinnville,City,"2026-06-03 (McMinnville approved an 18-month moratorium on new data centers, per WSMV)",18 months,City ordinance,"Proposed 'Hixson Data Center,' a 96,000-square-foot, 25-megawatt AI supercomputing facility, opposed by a resident petition that gathered nearly 3,000 signatures",Active as of 2026-07-31; the ordinance took effect immediately upon adoption and officials indicated it could be extended if necessary. A related 'research and information-gathering process' into data centers was reported underway as of 2026-06-15.,"Proposed Hixson Data Center (96,000 sq ft, 25 MW, AI supercomputing)","18-month moratorium adopted, blocking acceptance/processing/approval of data center land-use, zoning, building, site-plan, and conditional-use permit applications pending impact studies",False,0,0,Medium,active,tn-mcminnville-2026,35.683404,-85.769982,2026-06-03,exact,545,fixed_days,,"[""data_center""]","[""specific_project"",""infrastructure_capacity"",""environmental"",""noise""]"
Tennessee,TN,Morgan County,County,"2026-06-12, County Commission approval of a resolution",Two years,County Commission resolution; the adopted text was not available online because Morgan County stopped posting meeting minutes in April 2026,Absence of zoning and safety standards; concerns about electricity and water demand,Active as of researched_as_of per news reporting [VERIFY instrument number; primary source (news-only evidence) not confirmed at confidence 0.5 in the 2026-07 refresh],,,True,1,0,Medium,active,tn-morgan-county-2026,36.137241,-84.629496,2026-06-12,exact,730,fixed_days,,"[""data_center""]","[""regulatory_gap"",""grid_energy"",""water""]"
Tennessee,TN,Nashville-Davidson County,City,"Metro Council passed BL2026-1448 on third reading, as amended, on 2026-07-21; Mayor Freddie O'Connell approved it on 2026-07-24","Through December 1, 2026, or the effective date of companion zoning bill BL2026-1391, whichever occurs first","BL2026-1448 (temporary moratorium on permit processing and administrative appeals for data center developments); enacted alongside BL2026-1391, Nashville's first permanent data-center-specific zoning standards, which prohibits data center campuses of 500,000 square feet or more and restricts smaller facilities by zoning category and operating conditions",Followed a record-setting July 7 public hearing with more than 200 speakers; the proposed DC BLOX facility near the Nashville Zoo was a focal point of opposition,Active as of researched_as_of,Proposed DC BLOX data center near the Nashville Zoo,,False,0,0,Medium,active,tn-nashville-davidson-county-2026,36.216814,-86.598194,2026-07-24,exact,,until_date,,"[""data_center""]","[""regulatory_gap"",""specific_project"",""noise"",""property_values""]"
Tennessee,TN,Shelbyville,City,"2026-07-07, City Council vote",One year,City Council moratorium on data center and cryptocurrency-mining development; a signed ordinance or resolution was not located,Planning Commission had recommended both a moratorium and amendments placing data centers in the city's I-3 use classification,Active as of researched_as_of per news reporting [VERIFY instrument number; primary source (news-only evidence) not confirmed at confidence 0.5 in the 2026-07 refresh],,,True,1,0,Medium,active,tn-shelbyville-2026,35.483406,-86.460272,2026-07-07,exact,365,fixed_days,,"[""data_center"",""cryptocurrency_mining""]","[""regulatory_gap""]"
Tennessee,TN,Smithville,City,"First reading of Ordinance 543 passed 2026-07-15 at a special-called session; a public hearing and final reading were scheduled for 2026-08-03, after which the measure was not yet final as of researched_as_of","Proposed 18 months, or until permanent zoning amendments are adopted (first reading only)","Ordinance 543 (first reading only), pausing building permits, zoning certificates, site plans, variances, and special exceptions for high-density computing, data centers, and cryptocurrency mining",,"Pending as of researched_as_of; passed first reading only, with final reading scheduled for August 3, 2026 [VERIFY adoption date; primary source (news-only evidence) not confirmed at confidence 0.6 in the 2026-07 refresh]",,,True,1,0,Medium,pending,tn-smithville-undated,35.960619,-85.814152,,unverified,545,fixed_days,,"[""data_center"",""cryptocurrency_mining""]","[""regulatory_gap""]"
Tennessee,TN,Sullivan County,County,"2025-11-20 introduction (Resolution No. 2025-11-07 text recites ""Commissioners meeting in Regular Session this 20th day of November 2025""). The December 18, 2025 Sullivan County Board of Commissioners meeting agenda places Resolution 2025-11-07 under ""Old Business — Item 2,"" indicating the November 20 meeting did not produce final adoption. Final adoption was therefore likely 2025-12-18 [VERIFY: signed Sullivan County minutes for 2025-11-20 and 2025-12-18 not posted on sullivancountyclerktn.com archive as of 2026-04-29]","Four months, with possible extension","Resolution No. 2025-11-07, as amended","County findings cited extraordinary electrical demand, strain on local utilities, possible residential ratepayer cost increases, continuous cooling-system noise, property value and public-health impacts, limited job creation, fire hazards, lack of community benefit, and increasing private interest in locating data-mining or crypto-mining operations.","Active or recently expired depending on exact passage and any extension; county planning records in March 2026 stated the moratorium was in effect. The April 16, 2026 Sullivan County Board of Commissioners agenda (downloaded 2026-04-29) does not include any data center or PMD-3 item, indicating no extension or replacement vote occurred at that meeting; the four-month term measured from a 2025-12-18 final adoption would expire 2026-04-18, suggesting the moratorium has now lapsed without an extension on the public record [VERIFY 2026-04-16 Sullivan County minutes when posted, and any subsequent special-called or 2026-05 commission action]","Data-mining centers, cryptocurrency-mining operations, blockchain-computing centers, and similar high-intensity third-party revenue-generating facilities; internal data processing by ordinary commercial or industrial businesses is exempt.",Sullivan County staff proposed a PMD-3 Planning Manufacturing District / Data and Energy Processing District text amendment for county review in April 2026.,True,2,0,Medium,expired,tn-sullivan-county-2025,36.496667,-82.286903,2025-12-18,unverified,120,fixed_days,,"[""data_center"", ""cryptocurrency_mining""]","[""regulatory_gap"", ""infrastructure_capacity"", ""noise"", ""grid_energy"", ""fire_safety"", ""property_values"", ""land_use_compatibility"", ""other""]"
Tennessee,TN,Unincorporated Hamilton County,County,"2026-07-15, County Commission approval",One year,County Commission resolution approving new data centers in unincorporated Hamilton County (does not cover incorporated municipalities such as Chattanooga); final resolution text and vote tally not located,"County Planning Department to study practices elsewhere, consult TVA, EPB, and local water providers, and gather public input; follows Mayor Wamp's June 30 proposal",Active as of researched_as_of per news reporting [VERIFY instrument number; primary source (news-only evidence) not confirmed at confidence 0.55 in the 2026-07 refresh],,,True,1,0,Medium,active,tn-unincorporated-hamilton-county-2026,35.175564,-85.194079,2026-07-15,exact,365,fixed_days,,"[""data_center""]","[""regulatory_gap"",""grid_energy"",""water""]"
Tennessee,TN,Warren County,County,"2026-06-22, County Commission adoption","12 months, extendable",County Commission moratorium covering high-electricity computing uses; adopted resolution text not located online,"Officials study code, fire, infrastructure, and utility issues",Active as of researched_as_of per news reporting; officials said it does not affect the separately proposed data center inside McMinnville city limits [VERIFY instrument number; primary source (news-only evidence) not confirmed at confidence 0.5 in the 2026-07 refresh],,,True,1,0,Medium,active,tn-warren-county-2026,35.688975,-85.779663,2026-06-22,exact,365,fixed_days,,"[""data_center""]","[""regulatory_gap"",""infrastructure_capacity"",""fire_safety""]"
Tennessee,TN,Washington County,County,2026-03-23,"Effective immediately through 2027-06-30, with possible extension","Resolution No. 26-03-02, ""Resolution Approving and Authorizing a Moratorium on Data Centers in Washington County""","Regulatory gap for data processing, data mining, and cryptocurrency mining; extraordinary electrical demand; utility strain; potential residential rate impacts; continuous cooling-system noise; property value and public-health impacts; limited jobs; fire hazards; and lack of community benefit.",Active,"Data center facilities, including AI, cryptocurrency-mining operations, and blockchain-computing centers in unincorporated Washington County.",Zoning Office staff and the Washington County Regional Planning Commission were requested to study the uses and recommend zoning text amendments or other regulations.,False,0,0,Medium,active,tn-washington-county-2026,36.263650,-82.491179,2026-03-23,exact,,until_date,,"[""data_center"", ""cryptocurrency_mining""]","[""regulatory_gap"", ""infrastructure_capacity"", ""noise"", ""grid_energy"", ""fire_safety"", ""property_values"", ""other""]"
Tennessee,TN,White County,County,Reported 2026-07-21 (article publish date); the report did not state the exact commission vote date,"Indefinite, while officials study electric, water, noise, wildlife, and land-use effects",County Commission resolution; the county has no general zoning and described the resolution as an initial protective step; original resolution not located,,Active as of researched_as_of per news reporting [VERIFY instrument number; primary source (news-only evidence) not confirmed at confidence 0.45 in the 2026-07 refresh],,,True,1,0,Medium,active,tn-white-county-2026,35.924590,-85.463095,2026-07,month_only,,indefinite,,"[""data_center""]","[""regulatory_gap"",""grid_energy"",""water"",""noise"",""environmental""]"
Texas,TX,Austin County,County,"Reportedly 2026-07-27, Commissioners Court unanimous vote, following a July 13 public hearing and extended July 27 discussion","Until a comprehensive health and safety review is complete, per the posted draft order; no fixed term confirmed","Reportedly a countywide temporary pause on new AI data centers and battery energy storage systems, suspending county permits, plan reviews, inspections, and related approvals in unincorporated areas, with limited exemptions; no signed July 27 order or minutes were located as of 2026-07-31, only the hearing notice and an unsigned draft order",Comprehensive health and safety review of AI data centers and battery energy storage systems,Reported adopted per Wharton Post and Austin County News Online; the county website provided only the hearing notice and an unsigned draft order as of 2026-07-31 [VERIFY instrument number; primary source (news-only evidence) not confirmed at confidence 0.5 in the 2026-07 refresh],,,True,1,0,Low,pending,tx-austin-county-2026,29.891649,-96.244347,2026-07-27,unverified,,until_event,,"[""data_center"",""battery_storage""]","[""fire_safety"",""environmental"",""regulatory_gap""]"
Texas,TX,Harlingen,City,Approximately 2026-05-20/05-21 (ValleyCentral.com reported 'Harlingen approves 120-day data center moratorium' on 2026-05-21; KRGV reported the same action on 2026-05-23; The Real Deal on 2026-05-26). Exact commission meeting date not confirmed in sources reviewed.,120 days,City commission ordinance,Precautionary study of potential future data center impacts and modernization of land use regulations; one source (Rio Grande Guardian) noted no data center projects were formally proposed within city limits at the time,"Active as of 2026-07-31 (120 days from ~2026-05-20 would run to approximately 2026-09-17). No source reviewed reports expiration, extension, or rescission. [VERIFY instrument number; primary source (news-only evidence) not confirmed at confidence 0.6 in the 2026-07 refresh]","None formally proposed within Harlingen city limits as of the moratorium's adoption, per Rio Grande Guardian reporting",120-day moratorium adopted to study potential data center impacts and modernize land use regulations,True,1,0,Low,active,tx-harlingen-2026,26.190754,-97.696060,2026-05,month_only,120,fixed_days,,"[""data_center""]","[""regulatory_gap"",""land_use_compatibility""]"
Texas,TX,Hill County,County,"2026-05-12 (Hill County Commissioners Court approved a 1-year moratorium on data center construction, per KWTX)",One year (as adopted; rescinded before completing its term),Commissioners Court order,Development pressure from multiple (reportedly up to eight) proposed data center projects in a rural North Texas county,"Rescinded. Following a $100 million federal lawsuit filed by a data center developer (~2026-05-28) alleging the moratorium was illegal, the Hill County Commissioners Court voted to rescind the moratorium on 2026-06-04 and adopted new data center review requirements/policies instead (per KWTX, KCENTV, KXXV, and The Texas Tribune). The developer subsequently dismissed the lawsuit (KWTX, 2026-07-15) after the county's about-face and a settlement of up to $100,000.",Multiple proposed data center projects in Hill County; the specific developer plaintiff in the $100 million lawsuit is described in coverage as 'RCM Hill',One-year moratorium adopted 2026-05-12; rescinded 2026-06-04 under litigation pressure and replaced with new development-review policies,False,0,0,Low,rescinded,tx-hill-county-2026,31.959508,-97.088165,2026-05-12,exact,365,fixed_days,,"[""data_center""]","[""specific_project"",""land_use_compatibility"",""infrastructure_capacity""]"
Utah,UT,Box Elder County,County,County Commission unanimously adopted Ordinance 654 on 2026-06-10.,"180-day temporary land-use regulation on data centers, data center power plants, and associated digital infrastructure in areas where the county retains land-use authority. Stops new land-use and business-license applications, building permits, administrative appeals, conditional use permits, subdivisions, zone changes, site plans, development agreements, and similar approvals. Applications formally determined complete before the effective date may proceed; incomplete covered applications are suspended.","Ordinance 654, Box Elder County Commission","Adopted while the county develops updated data center regulations, in areas outside the Military Installation Development Authority's Stratos project area.","Active as of 2026-07-31; 180-day pause from 2026-06-10. County officials expressly stated it does not affect the Stratos project, because the Military Installation Development Authority (MIDA), not the county, controls land use within that project area.",Explicitly does not apply to the Stratos project (MIDA-controlled project area),,False,0,0,Low,active,ut-box-elder-county-2026,41.358606,-113.211207,2026-06-10,exact,180,fixed_days,,"[""data_center""]","[""regulatory_gap""]"
Utah,UT,Cache County,County,County Council suspended its rules and voted 6-0 (one member absent) to adopt Ordinance 2026-32 on 2026-06-23.,"Proactive 180-day moratorium on data centers and data center power plants across all zones in unincorporated Cache County, pausing covered land-use, license, permit, appeal, conditional-use, subdivision, zone-change, site-plan, development-agreement, and similar applications (applications already determined complete may continue). Directs staff and the Planning Commission to prepare permanent regulations within 150 days.","Ordinance 2026-32, Cache County Council",Proactive measure; minutes state the county had received no data center inquiries and the action was not a response to a pending project.,"Active as of 2026-07-31; 180-day pause from 2026-06-23, adopted proactively with no pending data center project.",,,False,0,0,Low,active,ut-cache-county-2026,41.704298,-111.745116,2026-06-23,exact,180,fixed_days,,"[""data_center""]","[""regulatory_gap""]"
Utah,UT,Grand County,County,"County Commission voted 7-0 on 2026-07-07 to adopt a temporary land use regulation, effective immediately.","180-day pause on acceptance and processing of applications for data centers, data center power plants, and associated digital infrastructure. Planning and Zoning Director Andrew Jackson said no data center application was pending and the county code lacked a data center definition and standards addressing water, power, noise, lighting, and visual impacts.",Temporary land use regulation approved by County Commission 7-0 vote; a separate adopted ordinance PDF was not located as of compilation,"County code lacked a data center definition and standards addressing water, power, noise, lighting, and visual impacts; no data center application was pending.","Reported active as of 2026-07-31, per the official meeting portal and independent news coverage; formal ordinance text not located as of compilation. [VERIFY instrument number; primary source (news-only evidence) not confirmed at confidence 0.65 in the 2026-07 refresh]",,,True,1,0,Low,active,ut-grand-county-2026,38.963464,-109.661990,2026-07-07,unverified,180,fixed_days,,"[""data_center""]","[""regulatory_gap"",""water"",""noise""]"
Utah,UT,Iron County,County,County Commission approved Ordinance 2026-13 by a 2-0 vote (Commissioner Paul Cozzens absent) on 2026-05-26.,"180 days. Bars acceptance or processing of new applications for data centers, data center power plants, and solar power plants while the county develops updated regulations. Complete applications were exempt (the Pronghorn/Antelope Data Center application was identified as complete and exempt); incomplete pending applications were suspended (the BrightNight Red Butte application was placed on hold).","Ordinance 2026-13, Iron County Commission",Adopted while the county develops updated data center and solar power plant regulations.,"Active as of 2026-07-31; 180-day pause from 2026-05-26. This is distinct from the Antelope Data Center conditional-use permit the Planning Commission approved on 2026-06-04, which county staff say was deemed complete before the moratorium took effect and so was not blocked by it.","Pronghorn Development LLC's Antelope Data Center application (deemed complete, exempt); BrightNight's Red Butte Energy and Data Center Campus application (incomplete, placed on hold)",,False,0,0,Low,active,ut-iron-county-2026,37.854614,-113.286735,2026-05-26,exact,180,fixed_days,,"[""data_center"",""solar""]","[""regulatory_gap""]"
Utah,UT,Logan,City,"Municipal Council voted 5-0 to adopt Ordinance 26-12 on 2026-06-30, following a public hearing; published and effective 2026-07-01.","180-day moratorium throughout Logan City: the city may not accept, process, approve, or issue an application, permit, or approval authorizing construction or development of a data center or data center power plant, and no person may begin such development. Expires after 180 days unless the council ends it earlier.","Ordinance 26-12, Logan Municipal Council",City departments had begun work on land-development and utility-related proposals; adopted to allow further Planning Commission review and public comment.,Active as of 2026-07-31; 180-day moratorium effective 2026-07-01.,,,False,0,0,Low,active,ut-logan-2026,41.731306,-111.834914,2026-06-30,exact,180,fixed_days,,"[""data_center""]","[""regulatory_gap""]"
Utah,UT,Wayne County,County,County Commission voted 3-0 to approve Resolution 2026-04 on 2026-07-08.,"180-day temporary suspension on land use applications for data centers and data center power plants, applying throughout zoned and unzoned unincorporated Wayne County. Covers land use and business-license applications, building permits, administrative appeals, conditional use permits, subdivisions, zone changes, site plans, development agreements, and related approvals.","Resolution 2026-04, Wayne County Commission",,Active as of 2026-07-31; 180-day suspension effective 2026-07-08.,,,False,0,0,Low,active,ut-wayne-county-2026,38.307963,-111.124309,2026-07-08,exact,180,fixed_days,,"[""data_center""]","[""regulatory_gap""]"
Virginia,VA,City of Chesapeake,City,2026-07-21 (City Council adopted Resolution 26-R-042 by a 9-0 vote),"8 months from adoption, or until City Council takes final action on comprehensive plan amendment PLN-COMP-2026-002, whichever occurs first","Resolution 26-R-042, adopted by Chesapeake City Council 9-0 on July 21, 2026",Council sought to pause discretionary review of data center land-use applications while comprehensive plan amendment PLN-COMP-2026-002 is pending,"Active as of the July 31, 2026 research date. The resolution temporarily defers Planning Commission recommendations and City Council consideration of discretionary land-use applications (e.g., rezonings, conditional use permits) for proposed data centers, for 8 months from adoption (to approximately 2027-03-21) or until Council takes final action on PLN-COMP-2026-002, whichever occurs first. It does not stop administrative or by-right processing.",No single named project; applies citywide to discretionary data center land-use applications pending before the Planning Commission or City Council.,Enacted deferral of discretionary data center land-use applications pending completion of a related comprehensive plan amendment.,False,0,0,Low,active,va-city-of-chesapeake-2026,36.749185,-76.244250,2026-07-21,exact,,until_event,,"[""data_center""]","[""regulatory_gap"",""land_use_compatibility""]"
Virginia,VA,Fluvanna County,County,2025-09-17,Until 2026-01-31,Board motion approving a moratorium on new data center applications; related resolution of intention and ZTA 25:10,"Data centers were by-right uses in I-1 and I-2 districts, and the Board directed staff to prepare amendments requiring special use permits.",Replaced / expired,No named project or MW total identified in the captured packets; contemporaneous rezoning comments raised concern about possible data center use.,ZTA 25:10 moved data centers from by-right use to special use permit treatment in I-1 and I-2 and modified the data center definition.,False,0,0,Low,replaced,va-fluvanna-county-2025,37.848853,-78.278999,2025-09-17,exact,,until_date,,"[""data_center""]","[""regulatory_gap"", ""land_use_compatibility""]"
Washington,WA,Burien,City,"City Council adopted Ordinance 905 by a 6-0 vote on 2026-06-29, effective immediately.","One-year moratorium in all city districts on accepting, processing, or approving applications to establish, expand, or change a use to a data center with capacity exceeding 20 MVA. Preserves vested rights for complete permit applications filed before the effective date. Public hearing scheduled for 2026-07-13.",Ordinance 905; RCW 36.70A.390 interim zoning control,,Active as of 2026-07-31; one-year moratorium effective 2026-06-29.,,,False,0,0,Medium,active,wa-burien-2026,47.469918,-122.348527,2026-06-29,exact,365,fixed_days,,"[""data_center""]","[""regulatory_gap""]"
Washington,WA,City of Chelan,City,2018-04-24,"12 months from passage; automatically expired April 2019 unless extended (Ordinance 2018-1538, Section 3)","Ordinance 2018-1538; RCW 36.70A.390 and RCW 35A.63.220; Section 5 confirms public hearing held April 10, 2018 (within 60 days)","Low-cost hydropower attracted cryptocurrency mining; city findings cite high electricity use, cooling equipment, fire-safety risk, and need to study electricity-distribution impacts",Expired (automatic 12-month expiration April 2019); permanent zoning treatment subsequently incorporated through Comprehensive Plan amendment process,Not quantified in ordinance,"Interim control prohibited acceptance, conduct, and permitting of new cryptocurrency mining while the city studied code and comprehensive-plan changes",False,0,0,Medium,expired,wa-chelan-2018,47.835765,-120.010898,2018-04-24,exact,365,fixed_days,,"[""cryptocurrency_mining""]","[""regulatory_gap"", ""grid_energy"", ""fire_safety""]"
Washington,WA,City of Cheney,City,2018-04-21 (passed by City Council; effective immediately as a public-emergency ordinance per RCW 35A.11.090(2)),"Six months, 2018-04-24 to 2018-10-24 (Ordinance X-27, Section on Term)","Ordinance X-27; RCW 35A.63.220 (cited authority for code-city moratoria, including renewal authority)","City-operated Light Department faced potential new large single electric loads greater than one MW (CMC 14.08.055); city findings cited fiscal health, capital facilities, utility capacity, and the need to study effects on the electric system","Expired (per Ordinance X-27, Section on Term: automatic expiration October 24, 2018, unless extended; no extension ordinance located in captured city documents as of 2026-04-29)",Not identified in ordinance,"Ordinance imposed a temporary pause on filing, acceptance, and processing of applications for new or expanded cryptocurrency mining operations; public hearing required within 60 days per ordinance Section on Public Hearing",False,0,0,Medium,expired,wa-cheney-2018,47.489225,-117.579304,2018-04-21,exact,180,fixed_days,,"[""cryptocurrency_mining""]","[""regulatory_gap"", ""infrastructure_capacity"", ""grid_energy""]"
Washington,WA,City of East Wenatchee,City,2018-03-27 (Ordinance 2018-06); extension adopted in late 2018 with public hearing set for 2018-12-11 (Ordinance 2018-21),"Initial six-month interim control (Ord. 2018-06: 2018-03-27 to 2018-09-27, per recital 2.10 of Ord. 2018-21); twelve-month extension under Ordinance 2018-21","Ordinance 2018-06; Ordinance 2018-21 (twelve-month interim official zoning controls under RCW 35A.63.220 and RCW 36.70A.390); permanent regulations adopted by Ordinance 2019-19, which added EWMC 17.08.142, 17.08.192, 17.08.193, 17.08.194, and 17.72.270 and amended 17.34.010, 17.66.050, and 17.72.150","Rapid cryptocurrency mining growth, high continuous electric demand, fire/life-safety risk, and Douglas County PUD electric infrastructure planning concerns identified in Ordinance 2018-21 recitals",Replaced,Not identified in captured city ordinance records; regional reports note moratoria coincided with redirected bitcoin investment in the Wenatchee Valley,"Ordinance 2019-19 added permanent cryptocurrency mining and data-center provisions in EWMC Title 17, including Douglas County PUD load verification, Department of Labor and Industries electrical permits, and cryptocurrency-mining definitions",False,0,0,Medium,replaced,wa-east-wenatchee-2018,47.415682,-120.293126,2018-03-27,exact,180,fixed_days,,"[""data_center"", ""cryptocurrency_mining""]","[""regulatory_gap"", ""infrastructure_capacity"", ""grid_energy"", ""fire_safety""]"
Washington,WA,City of Entiat,City,2018 (Ordinance 779); extension adopted via Ordinance 794 and a further extension via Ordinance 799,"Initial interim control (Ord. 779) followed by extension (Ord. 794) and a further extension by Ord. 799; all three are listed as ""Expired"" in the Entiat Municipal Code ordinance table","Entiat Ordinances 779, 794, and 799 (interim controls relating to cryptocurrency mining operations); RCW 35A.63.220 and RCW 36.70A.390 (city is non-charter code city)",Regional cryptocurrency mining/high-density-load pressure tied to cheap Columbia River hydropower and Chelan County PUD capacity concerns; coordination with Chelan PUD regional response,Expired,Not identified,Interim controls expired without permanent zoning amendments captured in current Entiat Municipal Code searches; Entiat ordinance table lists each crypto-mining ordinance as expired,False,0,0,Medium,expired,wa-entiat-2018,47.675964,-120.208410,2018,year_only,,unknown,,"[""cryptocurrency_mining""]","[""regulatory_gap"", ""infrastructure_capacity"", ""grid_energy""]"
Washington,WA,City of Ephrata,City,"2018-10-17 (Spokesman-Review reported the ""City Council voted Wednesday"" of 2018-10-17 to block new cryptocurrency operations for 12 months; vote 6-1 with Mayor Reim absent)","12 months (per Spokesman-Review: ""yearlong ban on new cryptocurrency mining"")","Moratorium adopted by resolution-style council action; the captured Ephrata Ordinance 18-14 is unrelated annexation material and should not be cited [VERIFY: exact ordinance/resolution number for the cryptocurrency moratorium not located on Ephrata city website as of 2026-04-29; City Attorney Anna Franz characterized the action as a ""moratorium resolution"" per Spokesman-Review reporting]","Grant County PUD power-capacity uncertainty (Grant PUD received 125 service requests totaling >2,000 MW with ~75% from cryptocurrency firms), noise complaints from residents on Nob Hill Drive (""the noise was like an ocean""), and local concern over whether cryptocurrency mining fit the city utility and land-use framework",Expired / replaced [VERIFY: replacement permanent ordinance not located],"Four existing cryptocurrency operations were reported (two at the Port of Ephrata, one in a city-zoned industrial area, and one in a residential area being relocated); the moratorium applied to new operations only","City code is reported to include cryptocurrency provisions within zoning, but the captured Ephrata Municipal Code does not yet include a verified cryptocurrency mining chapter [VERIFY]",True,3,0,Medium,expired,wa-ephrata-2018,47.317639,-119.553649,2018-10-17,exact,365,fixed_days,,"[""cryptocurrency_mining""]","[""infrastructure_capacity"", ""noise"", ""regulatory_gap"", ""land_use_compatibility"", ""grid_energy""]"
Washington,WA,City of Leavenworth,City,2018-03-27,12 months,Ordinance 1561; RCW 36.70A.390 and RCW 35A.63.220; repealed by Ordinance 1585,"Chelan County PUD briefings on high-density-load growth, limited electrical capacity, and fire-safety risk in areas not designed for such loads",Replaced,Not quantified in captured ordinance materials,Ordinance table shows interim zoning control for cryptocurrency mining was repealed by Ordinance 1585,False,0,0,Medium,replaced,wa-leavenworth-2018,47.601498,-120.668298,2018-03-27,exact,365,fixed_days,,"[""cryptocurrency_mining""]","[""infrastructure_capacity"", ""grid_energy"", ""fire_safety""]"
Washington,WA,City of Moses Lake,City,"2018-05 (Columbia Basin Herald reported on 2018-05-28 that Moses Lake ""City Council has passed an ordinance"" ""last week"" that prohibits new operations; consistent with a May 2018 enactment date)","Up to 12 months (per Columbia Basin Herald: ""for up to 12 months and will give the city time to study the impacts"")","Ordinance 2899 (interim provisions; ""Repealed by 2900""); Ordinance 2900 (moratorium on cryptocurrency mining, server farms, and data centers; repealed Ordinance 2899); RCW 35A.63.220 and statutory 60-day public hearing requirement noted by Columbia Basin Herald","City received inquiries for cryptocurrency operations; local report cited seven known operations (four unpermitted), a recent fire tied to an unpermitted Central Business District operation, residential-zone complaints, and absence of zoning-code treatment",Replaced,Seven known cryptocurrency operations reported; properly permitted/vested operations were not affected,"Permanent code now regulates cryptocurrency mining operations, server farms, and data centers under Moses Lake Municipal Code Chapter 15.615",False,0,0,Medium,replaced,wa-moses-lake-2018,47.130142,-119.278077,2018-05,month_only,365,fixed_days,,"[""cryptocurrency_mining""]","[""specific_project"", ""regulatory_gap"", ""fire_safety"", ""land_use_compatibility"", ""noise""]"
Washington,WA,City of Seattle,City,"2026-06-09 (Seattle City Council unanimous final passage of Council Bill 121214 and companion Resolution 32204, under emergency designation); signed by Mayor Katie Wilson 2026-06-11; Ordinance No. 127447","365 days from the effective date (immediate, under emergency designation), automatically expiring thereafter unless renewed for one or more additional six-month periods in accordance with RCW 36.70A.390; a public hearing is required within 60 days of adoption.","Seattle Ordinance No. 127447 (Council Bill 121214, amended), with companion Resolution 32204 (amended); adopted under the RCW 36.70A.390 interim-zoning-control procedure. Amends SMC 23.84A.008 to define ""data center"" as a facility used primarily for storing and processing digital data, with power capacity over 20 Megavolt-Amperes and requiring uninterruptible power, and imposes a moratorium on the filing, acceptance, processing, or approval of applications to establish or expand such uses.","Five proposed large-scale data centers reportedly seeking Seattle City Light service, with combined maximum demand of 369 MW (about a third of Seattle's average daily power consumption); public concern over ratepayer, environmental justice, and power-supply impacts","Active. Adopted by City Council 2026-06-09 (unanimous), signed by Mayor Wilson 2026-06-11. Companion Resolution 32204 directs a study/policy process (grid capacity, water use, utility rates, land use, jobs, and public health impacts) with reports and proposed permanent legislation due by January 2027. Two data center projects that were already vested under prior rules are not covered by the moratorium; new applications from companies including Prologis, Equinix, and Sabey are paused pending the study process. No source dated after early-to-mid summer 2026 was located to further update this status as of 2026-07-31.","Five proposed Seattle data centers, 369 MW combined maximum demand, per Seattle Times report (2026-04-10) and GeekWire follow-up (2026-04-19)","Moratorium enacted 2026-06-09; the city is using the pause and the companion Resolution 32204 working-group process to study grid, water, ratepayer, and environmental-justice impacts and to develop permanent siting/zoning rules, with reports and proposed permanent legislation due by January 2027.",False,0,0,Medium,active,wa-seattle-2026,47.617708,-122.344462,2026-06-09,exact,365,fixed_days,,"[""data_center""]","[""specific_project"", ""infrastructure_capacity"", ""environmental"", ""grid_energy""]"
Washington,WA,City of Wenatchee,City,2018-02-22; extended 2019-02-14,Initial six-month interim official control under RCW 35A.63.220 and RCW 36.70A.390; extended for an additional six months by Ordinance 2019-04 (effective approximately 2019-02-23) until permanent zoning amendments were adopted,"Ordinance 2018-04 (interim official control, ""Not codified"" per Wenatchee ordinance table); Ordinance 2019-04 (extension; repealed by Ordinance 2019-30); Ordinance 2019-30 (permanent regulations); RCW 35A.63.220 and RCW 36.70A.390","Cryptocurrency mining/high-density-load growth, power-distribution concerns, and fire/safety concerns identified during the Chelan PUD-driven regional response",Replaced,"Not quantified in primary city code table; regional reports describe delayed or redirected bitcoin data center investment, including a $100 million Salcido Enterprises expansion that was redirected outside Washington (NWPB, 2018-04-09)","Ordinance 2019-30 added WMC 10.48.310, amended sections 10.08.050, 10.08.055, and 10.10.020 to regulate cryptocurrency mining and data centers, and repealed Ordinance 2019-04",False,0,0,Medium,replaced,wa-wenatchee-2018,47.423460,-120.310349,2018-02-22,exact,180,fixed_days,,"[""data_center"", ""cryptocurrency_mining""]","[""regulatory_gap"", ""infrastructure_capacity"", ""grid_energy"", ""fire_safety""]"
Washington,WA,Douglas County,County,"2018-04 (per MRSC May 2018 report: ""this April, the county issued a moratorium on the use of cargo containers for cryptocurrency mining in unincorporated areas"")",Not verified from primary ordinance text; MRSC characterizes the action as a moratorium on cargo-container cryptocurrency mining operations,"County moratorium on use of cargo containers for cryptocurrency mining, reported by MRSC; later code amendments TLS 19-12-31C addressed cargo containers and cryptocurrency mining; RCW 36.70A.390 (county plans under the Growth Management Act)","Unincorporated-area cryptocurrency mining in cargo containers and related safety, noise, and land-use concerns; Douglas County PUD reported a 3-month moratorium on its own electric service applications followed by tiered rates",Replaced,Not identified,"Douglas County code now contains cryptocurrency mining and data center operational standards, including PUD verification and noise/performance controls",False,0,0,Medium,replaced,wa-douglas-county-2018,47.765271,-119.607536,2018-04,unverified,,unknown,,"[""cryptocurrency_mining""]","[""regulatory_gap"", ""noise"", ""fire_safety"", ""land_use_compatibility""]"
Washington,WA,Federal Way,City,"City Council unanimously adopted emergency Ordinance No. 26-1048 on 2026-07-07, effective immediately.","12-month citywide moratorium barring the siting, creation, or expansion of data centers and the acceptance, processing, or approval of related land-use and building-permit applications, for facilities exceeding 1 megawatt or 4,000 square feet. Preserves vested rights. Public hearing scheduled for 2026-09-01.",Ordinance No. 26-1048; RCW 36.70A.390 interim zoning control,,Active as of 2026-07-31; 12-month moratorium effective 2026-07-07.,,,False,0,0,Medium,active,wa-federal-way-2026,47.313494,-122.339310,2026-07-07,exact,365,fixed_days,,"[""data_center""]","[""regulatory_gap""]"
Washington,WA,Marysville,City,City Council unanimously adopted Ordinance No. 3381 on 2026-07-13.,"Six-month pause on acceptance, processing, and approval of land-use and permit applications for facilities whose principal use is digital-data processing, storage, management, or transmission; incidental server equipment supporting another principal use is excluded. Public hearing required within 60 days.",Ordinance No. 3381; RCW 36.70A.390 interim zoning control,"Study period covers siting, public safety, land-use compatibility, water and sewer planning, utility rates, and permanent code amendments.",Active as of 2026-07-31; six-month moratorium effective 2026-07-13.,,,False,0,0,Medium,active,wa-marysville-2026,48.051743,-122.176821,2026-07-13,exact,180,fixed_days,,"[""data_center""]","[""regulatory_gap"",""land_use_compatibility"",""water""]"
Washington,WA,Pasco,City,Reported as a unanimous (6-0) council vote around mid-2026; exact date and ordinance number not confirmed from a primary source this pass,Six months,"Not confirmed this pass; the city's Codes, Ordinances & Resolutions page and Laserfiche document portal both blocked/errored on direct fetch",,Reported active per news; not independently confirmed via a primary source [VERIFY instrument number; adoption date; primary source (news-only evidence) not confirmed at confidence 0.45 in the 2026-07 refresh],"Acceptance and processing of permits and business licenses for new data centers, crypto mining, and related high-density computing facilities, per secondary reporting",Council reportedly approved unanimously a six-month moratorium; primary-source confirmation still needed,True,1,0,Medium,active,wa-pasco-undated,46.230674,-119.092100,,unverified,,unknown,,"[""data_center"",""cryptocurrency_mining""]","[""regulatory_gap""]"
Washington,WA,Seattle,City,"2026-06-09, City Council adoption (Council Bill 121214 and companion Resolution 32204)","Temporary freeze on new data center siting while impact studies are conducted; extendable up to an additional 6 months, with a 60-day public hearing requirement",Amended Council Bill 121214 (siting freeze) and companion Resolution 32204 (policy framework),,Active as of adoption 2026-06-09; not independently re-checked past that date [VERIFY primary source (news-only evidence) not confirmed at confidence 0.65 in the 2026-07 refresh],New large data center siting citywide,Council unanimously adopted legislation placing a temporary freeze on new data center siting pending impact studies,True,1,0,Medium,active,wa-seattle-2026-2,47.603832,-122.330062,2026-06-09,exact,,unknown,,"[""data_center""]","[""regulatory_gap"",""infrastructure_capacity""]"
Washington,WA,Skagit County,County,2026-06-01,Six months,Board of County Commissioners action under RCW 36.70A.390 (interim zoning control); public hearing held 2026-07-14,Concerns about protecting farmland and water resources in unincorporated Skagit County from large-scale data center development,In effect in unincorporated Skagit County (outside incorporated cities and towns); a public hearing required under RCW 36.70A.390 was held 2026-07-14.,"Facilities larger than 2,000 square feet or with an anticipated electrical load of 2 megawatts or greater.",Temporary ban on data centers in unincorporated Skagit County while the county considers longer-term regulation.,False,0,0,Medium,active,wa-skagit-county-2026,48.459609,-121.733278,2026-06-01,exact,180,fixed_days,,"[""data_center""]","[""regulatory_gap"",""water"",""agricultural_preservation"",""grid_energy""]"
Washington,WA,Snohomish County,County,"County Council approved Emergency Ordinance 26-026 on 2026-06-24, effective immediately.","Six-month interim zoning control under RCW 36.70A.390 pausing the filing, acceptance, processing, or approval of applications to establish or expand data centers (including incidental uses) or to change a use to a data center, in all zones of unincorporated Snohomish County. Requires a public hearing within 60 days and permits six-month renewals after hearing and findings.",Emergency Ordinance 26-026; RCW 36.70A.390 interim zoning control,Covers data centers with a total planned electrical load of at least 2 MW; adopted while the county develops permanent regulations.,"Active as of 2026-07-31; six-month interim control effective 2026-06-24, renewable in six-month increments after hearing and findings.",,,False,0,0,Medium,active,wa-snohomish-county-2026,48.007474,-121.730488,2026-06-24,exact,180,fixed_days,,"[""data_center""]","[""regulatory_gap""]"
Washington,WA,Spokane,City,"2026-06-23, Ordinance C36887",One year,Ordinance C36887,,Active; public hearing set for 2026-07-22,New computer data center building permit applications citywide,"Council passed a one-year moratorium on acceptance, processing, review, and approval of building permit applications for new data centers",False,0,0,Medium,active,wa-spokane-2026,47.657193,-117.423510,2026-06-23,exact,365,fixed_days,,"[""data_center""]","[""regulatory_gap""]"
Washington,WA,Town of Waterville,Town,2018 (Ordinance 792) [VERIFY: exact passage date not confirmed; Waterville Municipal Code is hosted on eCode360 (WA4837) which is JS-rendered and did not yield the ordinance table on automated fetch as of 2026-04-29],Not verified from primary text [VERIFY: Ordinance 792 PDF not located on Waterville town website as of 2026-04-29],"Ordinance 792, interim official control on cryptocurrency mining; RCW 35A.63.220 and RCW 36.70A.390 (town is non-charter code town)",Douglas County-area cryptocurrency mining applications and utility capacity concerns; MRSC May 2018 report identified Waterville as having imposed a moratorium on accepting applications for mining operations (alongside East Wenatchee),Expired / replaced [VERIFY: replacement ordinance not located],Not identified,Town code presumably includes cryptocurrency mining provisions but the eCode360 ordinance table could not be retrieved automatically; primary ordinance text remains uncaptured,True,3,0,Medium,expired,wa-waterville-2018,47.647332,-120.071394,2018,unverified,,unknown,,"[""cryptocurrency_mining""]","[""specific_project"", ""infrastructure_capacity"", ""grid_energy""]"
Wisconsin,WI,City of Madison,City,2026-01-24,"One year, or until earlier adoption of data center ordinance amendments","Legistar File 91135, Ordinance ORD-26-00002, creating MGO Sec. 28.140","Madison cited the absence of a data center definition or specific standards in MGO Chapter 28. The city also identified potential energy, water, emergency service, traffic, noise, air quality, fiscal, and land use impacts.",Active,"New principal-use data centers and telecommunications centers over 10,000 sq ft requiring zoning certificates in Madison",Pending. The moratorium gives city agencies time to draft a permanent definition and zoning standards.,False,0,0,Medium,active,wi-madison-2026,43.074690,-89.384166,2026-01-24,exact,365,fixed_days,,"[""data_center""]","[""regulatory_gap"", ""infrastructure_capacity"", ""environmental"", ""noise"", ""water"", ""grid_energy"", ""land_use_compatibility""]"
Wisconsin,WI,City of Sheboygan,City,"July 20, 2026 (Common Council 9-0 adoption of General Ordinance 1-26-27, after a May 4, 2026 referral to the Plan Commission)","At least 365 days, and until city data center zoning regulations take effect if that occurs later",General Ordinance 1-26-27 (City of Sheboygan),"Pauses zoning and building-permit approvals for principal-use data centers of at least 10,000 sq ft floor area; exceptions for existing facilities, pre-effective-date applications, accessory data centers, routine maintenance, and government emergency facilities.",Active as of 2026-07-31.,,Adopted moratorium on principal-use data center zoning/building approvals.,False,0,0,Medium,active,wi-city-of-sheboygan-2026,43.756210,-87.984389,2026-07-20,exact,365,fixed_days,,"[""data_center""]","[""regulatory_gap"",""land_use_compatibility""]"
Wisconsin,WI,City of Superior,City,"June 16, 2026 (Common Council unanimous adoption of Resolution R26-13876)",One year,Resolution R26-13876 (City of Superior Common Council),"Pause on accepting, processing, approving, or issuing permits, licenses, zoning approvals, conditional-use permits, site plans, or other development approvals for new data centers; matter referred to Plan Commission for study.",Active as of 2026-07-31.,None identified; officials said no data center proposal was pending.,Adopted one-year citywide moratorium on new data centers.,False,0,0,Medium,active,wi-city-of-superior-2026,46.720774,-92.104080,2026-06-16,exact,365,fixed_days,,"[""data_center""]","[""regulatory_gap"",""land_use_compatibility""]"
Wisconsin,WI,Dane County,County,Introduced 2026-05-26; approved by the County Board 2026-06-04; signed by County Executive Melissa Agard on/around 2026-06-09,18 months,County Board ordinance/resolution; specific number not located (Legistar full-text search requires an ASP.NET postback interaction that could not be executed via fetch),Mounting hyperscale data-center development pressure near Madison; the county formed a 13-member Advisory Committee on Data Centers (ACDC) in parallel to study impacts,Active as of 2026-07-31 (18-month window runs to approximately December 2027). Applies only to new hyperscale data center development; existing facilities and ongoing operations are not affected.,Not tied to a single named project; addresses hyperscale data center development generally,18-month pause on new hyperscale data center development,False,0,0,Medium,active,wi-dane-county-2026,43.070927,-89.432217,2026-06-04,exact,548,fixed_days,,"[""data_center""]","[""regulatory_gap"",""infrastructure_capacity"",""specific_project""]"
Wisconsin,WI,Door County,County,"May 26, 2026 (County Board adoption of Resolution 2026-41); the same resolution is also described as approved by voice vote on June 23, 2026 in a subsequent agenda packet, and the two sources could not be fully reconciled to a single enactment date",Up to 12 months,Resolution 2026-41 (Door County Board of Supervisors),"Pause on development of data centers and battery energy storage systems in unincorporated Door County to allow investigation, planning, and regulation of potential impacts; Board may extend by separate action.",Active as of 2026-07-31. [VERIFY details not confirmed at confidence 0.65 in the 2026-07 refresh],,Adopted 12-month pause on data centers and battery storage systems in unincorporated Door County.,True,1,0,Medium,active,wi-door-county-2026,44.761592,-87.532975,2026-05-26,range,365,fixed_days,,"[""data_center"",""battery_storage""]","[""regulatory_gap"",""land_use_compatibility""]"
Wisconsin,WI,Grant County,County,"June 16, 2026 (County Board adoption of Resolution 2026-14)",Up to 12 months,Resolution 2026-14 (Grant County Board),"Pause on accepting applications for, or granting zoning-related permits for, hyperscale data centers (at least 5,000 servers and at least 10,000 sq ft) in unincorporated areas under county zoning.",Active as of 2026-07-31.,,Adopted 12-month moratorium on hyperscale data center permits.,False,0,0,Medium,active,wi-grant-county-2026,42.885528,-90.699170,2026-06-16,exact,365,fixed_days,,"[""data_center""]","[""regulatory_gap"",""land_use_compatibility""]"
Wisconsin,WI,Green County,County,"July 14, 2026 (County Board adoption of Ordinance 26-0703, one member opposed)","12 months from publication, or until the board adopts regulatory amendments or rescinds the moratorium, whichever occurs first",Ordinance 26-0703 (Green County Board),"Stops acceptance of data center applications in county-zoned territory while the county studies impacts, receives local input, and develops consistent standards.",Active as of 2026-07-31.,,Adopted 12-month moratorium on data center applications in county-zoned territory.,False,0,0,Medium,active,wi-green-county-2026,42.679143,-89.607643,2026-07-14,exact,365,fixed_days,,"[""data_center""]","[""regulatory_gap"",""land_use_compatibility""]"
Wisconsin,WI,La Crosse County,County,"June 18, 2026 (County Board approval, 26-2 vote, per WIZM)",18 months,La Crosse County Board data center moratorium resolution; final adopted resolution text and number not located in the county's public packet,"Adopted to give the county time to receive the Data Center Study Committee's work (first met June 10, 2026) and consider permanent rules.",Active as of 2026-07-31. [VERIFY instrument number; primary source (news-only evidence) not confirmed at confidence 0.6 in the 2026-07 refresh],,Adopted 18-month moratorium on data centers by a 26-2 vote.,True,1,0,Medium,active,wi-la-crosse-county-2026,43.889052,-91.090239,2026-06-18,exact,548,fixed_days,,"[""data_center""]","[""regulatory_gap"",""land_use_compatibility""]"
Wisconsin,WI,Manitowoc County,County,2026-04-28,"18 months from the date the ordinance is published (its effective date), or until the County Board adopts and the County Executive approves amendments, or rescinds the moratorium, whichever occurs first","Ordinance 2026/2028-10, creating Manitowoc County Code Sec. 8.495","Town petitions from Mishicot, Two Creeks, and Two Rivers; concerns about health and safety, air quality, water resources, water use, electricity demand, fire hazards, public services, roads, property values, noise, visual impacts, farmland preservation, and lack of county data center standards.","Active. The final ordinance (No. 2026/2028-10) states it 'shall be effective upon publication' and is dated/signed April 28, 2026 by the County Board Chair and County Executive; the 18-month term (running to approximately late October 2027) had not lapsed as of the 2026-07-31 research date and no repeal was found.","Data centers in county-zoned areas, especially Mishicot, Two Creeks, and Two Rivers. Reporting identifies Cloverleaf Infrastructure land outreach in the area, but no filed project application was identified.",Pending. The county plans to study impacts and develop zoning and regulatory standards.,False,0,0,Medium,active,wi-manitowoc-county-2026,44.099834,-87.827992,2026-04-28,exact,,unknown,,"[""data_center""]","[""regulatory_gap"", ""infrastructure_capacity"", ""environmental"", ""noise"", ""water"", ""grid_energy"", ""fire_safety"", ""land_use_compatibility"", ""property_values"", ""agricultural_preservation""]"
Wisconsin,WI,Monroe County,County,"July 21, 2026 (County Board 10-3 adoption of Resolution 07-26-04, three supervisors absent)",Up to 18 months,Resolution 07-26-04 (Monroe County Board),Stops receipt of applications and issuance of zoning-related permits for medium and large data centers and battery storage facilities.,Active as of 2026-07-31; a motion to return the measure to committee failed 3-10 before adoption.,,Adopted 18-month moratorium on medium/large data centers and battery storage facilities.,False,0,0,Medium,active,wi-monroe-county-2026,43.941676,-90.639726,2026-07-21,exact,548,fixed_days,,"[""data_center"",""battery_storage""]","[""regulatory_gap"",""land_use_compatibility""]"
Wisconsin,WI,Shawano County,County,"June 24, 2026 (County Board adoption, following a June 3, 2026 public hearing)",12 months,Shawano County Board data center moratorium (approved moratorium document); resolution/ordinance number not captured in sources reviewed,"Pause on siting, construction, establishment, or expansion of data centers in unincorporated towns using county zoning; pending requests held in abeyance, existing valid approvals exempt.",Active as of 2026-07-31.,,Adopted 12-month moratorium on data centers in county-zoned towns.,False,0,0,Medium,active,wi-shawano-county-2026,44.781721,-88.711887,2026-06-24,exact,365,fixed_days,,"[""data_center""]","[""regulatory_gap"",""land_use_compatibility""]"
Wisconsin,WI,Town of New Denmark,Town,"June 8, 2026 (Town Board adoption, per town notice)","12 months, extendable up to 6 months if the Town Board finds it in the town's interest",Town of New Denmark Town Board moratorium on placing data centers in the town; instrument number not located in sources reviewed,"Pause on placing data centers in the town while the Plan Commission and Zoning Administrator research and develop siting, zoning, and operating rules.",Active as of 2026-07-31.,,Adopted one-year moratorium on placing data centers in the town.,False,0,0,Medium,active,wi-town-of-new-denmark-2026,44.390182,-87.826405,2026-06-08,exact,365,fixed_days,,"[""data_center""]","[""regulatory_gap"",""land_use_compatibility""]"
Wisconsin,WI,Village of Ashwaubenon,Village,"June 23, 2026 (Village Board adoption of Ordinance O6-1-26, following a June 2, 2026 Plan Commission recommendation)","12 months, ending earlier if replacement rules are adopted or the ordinance is rescinded",Ordinance O6-1-26 (Village of Ashwaubenon),"Pause on receiving applications and granting permits/approvals for hyperscale data centers, defined as facilities with at least 100,000 sq ft floor area or at least 20 MW planned or installed electrical capacity.",Active as of 2026-07-31.,,Adopted 12-month moratorium on hyperscale data center applications and permits.,False,0,0,Medium,active,wi-village-of-ashwaubenon-2026,44.491485,-88.056849,2026-06-23,exact,365,fixed_days,,"[""data_center""]","[""regulatory_gap"",""land_use_compatibility"",""grid_energy""]"
Wisconsin,WI,Village of Cottage Grove,Village,"July 20, 2026 (Village Board adoption of Ordinance 13-2026)","12 months, or until a regulating ordinance is approved or finally rejected, whichever occurs first",Ordinance 13-2026 (Village of Cottage Grove),"Bars new applications/permits for principal-use data centers larger than 10,000 sq ft; accessory data centers and complete applications filed before the effective date are excepted.",Active as of 2026-07-31.,,"Adopted 12-month moratorium on principal-use data centers over 10,000 sq ft.",False,0,0,Medium,active,wi-village-of-cottage-grove-2026,43.078554,-89.199828,2026-07-20,exact,365,fixed_days,,"[""data_center""]","[""regulatory_gap"",""land_use_compatibility""]"
Wisconsin,WI,Village of Hobart,Village,"July 7, 2026 (Village Board 4-1 approval of Ordinance 2026-07)",One year,Ordinance 2026-07 (Village of Hobart),Pause on data center development to allow the village to draft regulatory rules and standards.,Active as of 2026-07-31.,,Adopted one-year moratorium on data center development.,False,0,0,Medium,active,wi-village-of-hobart-2026,44.494377,-88.175217,2026-07-07,exact,365,fixed_days,,"[""data_center""]","[""regulatory_gap""]"
Wisconsin,WI,Village of Wrightstown,Village,"June 16, 2026 (Village Board unanimous approval, per NBC 26)",One year,Village of Wrightstown Village Board moratorium ordinance on data center projects; adopted text not located in the village document portal,"Adopted following a resident petition, while an August 11, 2026 advisory referendum on municipal utility/infrastructure commitments for a large-scale data center project remained scheduled.","Active as of 2026-07-31, pending confirmation of the underlying ordinance text. [VERIFY instrument number; primary source (news-only evidence) not confirmed at confidence 0.55 in the 2026-07 refresh]","Large-scale data center project that is the subject of the scheduled August 11, 2026 advisory referendum.",Adopted one-year moratorium on data center projects.,True,1,0,Medium,active,wi-village-of-wrightstown-2026,44.322035,-88.158677,2026-06-16,exact,365,fixed_days,,"[""data_center""]","[""specific_project"",""regulatory_gap""]"
