state,state_abbrev,bill,sponsors,party,status,key_provisions,activity_level,bill_status_category,last_action_date_iso,chamber_of_origin,policy_instrument_type,policy_mechanism,legal_effect_status,scope_of_action,effective_date_iso,end_condition,primary_source_url,policy_action_id
Alabama,AL,HB399 (2026),"Rep. Leigh Hulsey, Rep. Neil Rafferty, Rep. Allen Treadaway Tillman, Rep. Arnold Mooney, Rep. Susan DuBose, Rep. David Faulkner Carns, Rep. Mark Robertson, Rep. Danny Hammett, Rep. Ben Crow, Rep. Shane Stringer, Rep. Bart Brinyark, Rep. Matt Kirkland, Rep. Chip Brown Bedsole",Mixed-party (lead sponsor Rafferty is Democrat; co-sponsors include Republicans and Democrats) [VERIFY: party affiliation of each individual co-sponsor not separately confirmed],Enacted (Act 2026-573) 2026-04-16; effective 2026-06-01,"Amends Ala. Code Sections 40-9B-3, 40-9B-4, 40-9B-4.1, and 40-23-35. Limits data processing center abatement periods beginning 2027-01-01, generally to 20 years, with added 10-year extension paths for certain investments. Requires certain 100 MW-plus data processing centers to pay state noneducational ad valorem taxes and sales/use tax on specified construction, power, backup generation, and battery purchases beginning 2027-01-01, subject to targeted-county gubernatorial authority. Extends the data processing center abatement sunset.",Medium,enacted,2026-04-16,House,bill,incentive_restriction,unknown,fiscal,,,,al-hb399-2026
Alabama,AL,HB403 (2026),"Rep. Neil Rafferty, Rep. Leigh Hulsey, Rep. Allen Treadaway Tillman",Mixed-party (Rafferty is Democrat; Hulsey/Tillman are Republicans) [VERIFY: partisan composition not separately confirmed],"Engrossed (passed House of Origin, Roll Call 945/946/947) 2026-03-17; no further action recorded; died at sine die 2026-04-09 without Senate floor action (companion SB270 was the vehicle enacted)","Companion utility-contract review bill. Captured engrossed text would add PSC review criteria for contracts with large load data center customers, including incremental cost recovery and benefits to other customers.",Medium,failed_died,2026-03-17,House,bill,utility_large_load_restriction,failed,utility_grid,,,,al-hb403-2026
Alabama,AL,SB265 (2026),Sen. Andrew Jones et al.,Republican lead [VERIFY: full co-sponsor list not captured],"Carried Over to the Call of the Chair (House, Second Reading engrossed substitute stage) 2026-04-09; died at sine die without a House floor vote (companion HB399 was the vehicle enacted)","Senate tax-abatement vehicle with the same core policy as HB399: shorter maximum abatement periods, state tax collection on certain large data processing center purchases, and extended incentive sunset.",Medium,failed_died,2026-04-09,Senate,bill,incentive_restriction,failed,fiscal,,,,al-sb265-2026
Alabama,AL,SB270 (2026),Sen. Lance Bell,Republican,Enacted (Act 2026-610) 2026-04-16; effective 2026-10-01,"Adds Ala. Code Section 37-4-22.1. Defines a ""large load data center customer"" as a data processing center customer with expected total peak demand of 150 MW or greater on contiguous parcels. Directs PSC public-interest review of retail electric service contracts to consider recovery of incremental costs from the data center and positive benefits for other retail electric customers.",Medium,enacted,2026-04-16,Senate,bill,utility_large_load_restriction,unknown,utility_grid,,,,al-sb270-2026
Alaska,AK,"HB 259 (34th Leg., 2026)",Rep. Donna Mears,Democrat,"Heard and held in House Energy Committee 2026-02-03; current status (H) ENE, then CRA, status date 2026-01-20","Not a moratorium. Regulates ""large energy use facilities"" through RCA-approved utility contracts, cost-causation rules, long-term service commitments, direct assignment of facility-driven utility costs, and municipal community benefit agreements before contract approval. The introduced threshold is 20 MW peak electric demand or 20 percent of prior-year utility sales, and 2 billion standard cubic feet of gas annually or 20 percent of prior-year gas sales.",None,in_committee,2026-02-03,House,bill,statewide_moratorium,proposed,statewide,,,,ak-hb-259-34th-leg-2026
Alaska,AK,"HCR 3 (34th Leg., 2025)","Reps. George Rauscher, Mia Costello, Ky Holland","Republican (Rauscher, Costello); Nonpartisan/independent (Holland, per Ballotpedia; runs in Alaska's nonpartisan primary system for District 9)",(H) FIN; status date 2025-04-11 (no further action recorded through 2026-07-31),"Not a moratorium. Would establish a Joint Legislative Task Force on Artificial Intelligence. The proposal is relevant because it covers AI development and policy risks, but it does not impose siting, utility, or permitting restrictions on data centers.",None,in_committee,2025-04-11,House,bill,statewide_moratorium,proposed,statewide,,,,ak-hcr-3-34th-leg-2025
Alaska,AK,"SB 250 / CSSB 250(CRA) (34th Leg., 2026)",Sen. Loki Tobin,Democrat,"Passed Senate 2026-05-16 (Y14 N5 E1 on reconsideration) as CSSB 250(CRA); transmitted to House, read first time and referred to House Community & Regional Affairs 2026-05-17; Heard & Held (recessed to call of the chair) 2026-05-18; current status (H) CRA, status date 2026-05-17","Not a moratorium. Directly regulates data centers and utility service. The committee substitute requires data centers to pay facility-driven utility costs, provide financial security for utility capital investments above $1 million, use contracts that avoid fuel-supply and reliability risk shifting, include backup power and reliability planning, execute municipal CBAs, address waste heat, water use, broadband interconnection, digital equity, and file decommissioning and recycling plans. The committee substitute exempts data centers below 15 MW peak electric demand and 1.5 billion standard cubic feet of annual gas use.",None,passed_one_chamber,2026-05-18,Senate,bill,statewide_moratorium,proposed,statewide,,,,ak-sb-250-cssb-250-cra-34th-leg-2026
Arizona,AZ,HB 4168 (2026),,,Enacted as 2026 Session Laws Chapter 140; section 31 effective 2026-07-01,"Section 31 imposes a three-year moratorium, 2026-07-01 through 2029-06-30, on new applications to the state data center tax relief program under A.R.S. 41-1519. It suspends eligibility for the incentive; it does not pause data center construction, siting, or local permitting.",Low,enacted,2026-07-01,House,bill,statewide_moratorium,unknown,statewide,,,,az-hb-4168-2026
Arizona,AZ,HB2119 (2026),Rep. Neal Carter,R,"Withdrawn from House Commerce Committee, reassigned to AI and Innovation Committee, no further action; died at Sine Die 2026-06-13",Would move the Arizona Commerce Authority certification deadline for new computer data center tax relief applications from 2033 to 2026.,Low,failed_died,2026-01-22,House,bill,other,failed,unknown,,,,az-hb2119-2026
Arizona,AZ,HB2452 (2026),Rep. Justin Wilmeth,R,Failed House third reading 25-29 on 2026-02-25; reconsideration motion passed 2026-02-26 but no subsequent floor vote recorded; dead at Sine Die 2026-06-13,Would require county comprehensive plans to designate enough land for data centers and small modular reactors so counties do not prevent effective siting.,Low,failed_died,2026-02-26,House,bill,permitting_restriction,failed,statewide,,,,az-hb2452-2026
Arizona,AZ,HB2457 (2026),Rep. Justin Wilmeth,R,Passed House 32-22 on 2026-03-03; passed Senate committee stages; failed Senate third reading 15-14 on 2026-06-10; died at Sine Die 2026-06-13,"Would create a colocation pathway for electric generating facilities serving data centers and other large loads, reducing certificate requirements for qualifying adjacent generation.",Low,failed_died,2026-06-10,House,bill,utility_large_load_restriction,failed,utility_grid,,,,az-hb2457-2026
Arizona,AZ,HB2467 (2026),Rep. Mariana Sandoval,D,"Withdrawn from House Commerce Committee, reassigned to AI and Innovation Committee, no further action; died at Sine Die 2026-06-13","Would repeal data center tax relief and add data center requirements, including energy and water constraints.",Low,failed_died,2026-01-22,House,bill,other,failed,unknown,,,,az-hb2467-2026
Arizona,AZ,HB2631 (2026),Rep. Lorena Austin,D,"Withdrawn from House Commerce Committee, reassigned to AI and Innovation Committee, no further action; died at Sine Die 2026-06-13",Would repeal data center tax relief and related equipment exemptions.,Low,failed_died,2026-01-22,House,bill,other,failed,unknown,,,,az-hb2631-2026
Arizona,AZ,HB2702 (2026),Rep. Brian Garcia,D,"Withdrawn from House Commerce Committee, reassigned to AI and Innovation Committee, no further action; died at Sine Die 2026-06-13",Would pair data center incentive rollback with tax distribution mechanisms tied to solar and water programs.,Low,failed_died,2026-01-22,House,bill,incentive_restriction,failed,fiscal,,,,az-hb2702-2026
Arizona,AZ,HB2738 (2026),Rep. Quanta Crews,D,"Withdrawn from House Commerce Committee, reassigned to AI and Innovation Committee, no further action; died at Sine Die 2026-06-13","Would require a utility cost responsibility agreement for dedicated upgrades as a condition of tax-relief certification and add annual energy, water, and compliance reporting.",Low,failed_died,2026-01-22,House,bill,utility_large_load_restriction,failed,utility_grid,,,,az-hb2738-2026
Arizona,AZ,HB2820 (2026),Rep. Junelle Cavero,D,No committee vote after House second reading on 2026-01-26; died at Sine Die 2026-06-13,Would repeal data center incentives and add Article 26 requirements for data centers.,Low,failed_died,2026-01-26,House,bill,incentive_restriction,failed,fiscal,,,,az-hb2820-2026
Arizona,AZ,HB2949 (2026),Rep. Kevin Volk,D,No committee vote after House second reading on 2026-02-05; died at Sine Die 2026-06-13,Would require large data centers with at least 100 MW peak demand to pay their own incremental energy costs and bar pass-through to other utility customers.,Low,failed_died,2026-02-05,House,bill,utility_large_load_restriction,failed,utility_grid,,,,az-hb2949-2026
Arizona,AZ,HB4009 (2026),Rep. Jeff Weninger,R,Failed House third reading 29-25 on 2026-02-26; died at Sine Die 2026-06-13,Would direct State Land Department mapping of state parcels suitable for data center siting.,Low,failed_died,2026-02-26,House,bill,permitting_restriction,failed,statewide,,,,az-hb4009-2026
Arizona,AZ,SB1463 (2026),Sen. Priya Sundareshan,D,No committee vote after Senate second reading on 2026-02-02; died at Sine Die 2026-06-13,Would repeal data center tax relief and related exemptions.,Low,failed_died,2026-02-02,Senate,bill,other,failed,unknown,,,,az-sb1463-2026
Arizona,AZ,SB1467 (2026),Sen. Denise Mitzi Epstein,D,No committee vote after Senate second reading on 2026-02-02; died at Sine Die 2026-06-13,Would repeal data center tax relief and related exemptions.,Low,failed_died,2026-02-02,Senate,bill,other,failed,unknown,,,,az-sb1467-2026
Arkansas,AR,HB1444 (2025) -> Act 548,Rep. Aaron Pilkington,R,"Enacted as Act 548, signed 2025-04-10","Amended the data center sales and use tax exemption; lowered the qualified data center threshold to $100 million; added a qualified large data center category requiring at least $2 billion of investment over 10 years; included electricity, water systems, storage, cooling, and related infrastructure.",Low,enacted,2025-04-10,House,bill,incentive_restriction,unknown,fiscal,,,,ar-hb1444-2025-act-548
Arkansas,AR,HB1654 (2023) -> Act 819,Rep. Aaron Pilkington; Sen. Jonathan Dismang,R,"Enacted as Act 819, signed 2023-04-13","Created a sales and use tax exemption for qualified data centers, including data center equipment, eligible costs, services, and electricity; set the original $500 million investment threshold and compensation requirements.",Low,enacted,2023-04-13,House,bill,incentive_restriction,unknown,fiscal,,,,ar-hb1654-2023-act-819
Arkansas,AR,HB1799 (2023) -> Act 851,Rep. Rick McClure; Sen. Joshua Bryant,R,"Enacted as Act 851, signed 2023-04-13",Created the Arkansas Data Centers Act of 2023 for digital asset mining; allowed digital asset mining in industrial-zoned areas not designated by the local government for other use; barred local requirements that treated mining businesses differently from data centers.,Low,enacted,2023-04-13,House,bill,other,unknown,unknown,,,,ar-hb1799-2023-act-851
Arkansas,AR,SB10 (2025),Sen. Bryan King,R,"Died in Senate committee at Sine Die adjournment, 2025-05-05",Proposed to amend the Arkansas Data Centers Act of 2023 and regulate water-use and electric-grid impacts from blockchain networks and digital asset mining.,Low,failed_died,2025-05-05,Senate,bill,utility_large_load_restriction,failed,utility_grid,,,,ar-sb10-2025
Arkansas,AR,SB307 (2025) -> Act 373,Sen. Jonathan Dismang,R,"Enacted as Act 373, effective 2025-03-20","Created the Generating Arkansas Jobs Act of 2025; authorized strategic utility investment recovery and accelerated review of major utility facilities, including a six-month review period cited by state officials as supporting data center load growth.",Low,enacted,2025-03-20,Senate,bill,utility_large_load_restriction,unknown,utility_grid,,,,ar-sb307-2025-act-373
Arkansas,AR,SB78 (2024) -> Act 173 and SB79 (2024) -> Act 174,"SB78: Sens. J. Bryant, Irvin; Rep. McClure. SB79: Sens. Irvin, J. Bryant; Rep. J. Moore",R,"Enacted as Act 173 (SB78) and Act 174 (SB79), both act-dated 2024-05-03","Reworked crypto-mining regulation after local complaints; Association of Arkansas Counties reports Act 173 repealed limits on local noise and zoning controls, while Act 174 created an Arkansas Oil and Gas Commission permitting process for crypto mining.",Low,enacted,2024-05-03,Senate,bill,permitting_restriction,unknown,statewide,,,,ar-sb78-2024-act-173-and-sb79-2024-act-174
Arkansas,AR,SR7-SR12 and HR1010-HR1015 (2026 fiscal session),Sen. Bryan King; Rep. Ron McNair,R,All Senate resolutions (SR7-SR12) failed third-reading floor votes 2026-04-21 and formally died at Sine Die adjournment 2026-04-29; all House resolutions (HR1010-HR1015) died in House Rules Committee at Sine Die adjournment 2026-04-29. Underlying nonappropriation bills were never authorized for introduction.,"Sought authorization to introduce nonappropriation bills on crypto-mining local control, extraordinary electricity-use fees, foreign hardware/software restrictions, money-transmitter licensing, six-month advance notice before land acquisition or construction, and water-use monitoring.",Low,failed_died,2026-04-29,Joint,bill,other,failed,unknown,,,,ar-sr7-sr12-and-hr1010-hr1015-2026-fiscal-session
California,CA,AB1095 (2025-2026),Asm. Diane Papan,D,"Died 2026-01-31 under Cal. Const. art. IV, sec. 10(c); filed with Chief Clerk pursuant to Joint Rule 56 on 2026-02-02",Would have expanded I-Bank financing eligibility for projects capturing and converting data center waste heat.,Medium,failed_died,2026-02-02,Assembly,bill,other,failed,unknown,,,,ca-ab1095-2025-2026
California,CA,AB1577 (2025-2026),Asm. Rebecca Bauer-Kahan,D,"Passed Assembly; read second time and amended, re-referred to Senate Appropriations 2026-07-02 (hearing set 2026-08-03)","Would require monthly reporting to CEC on data center location, floor area, electrical capacity, water and energy consumption, PUE, WUE, onsite generation, generator fuel, procurement, and noise; local agencies would receive data at permitting stage.",Medium,passed_one_chamber,2026-07-02,Assembly,bill,reporting_disclosure,proposed,statewide,,,,ca-ab1577-2025-2026
California,CA,AB2170 (2025-2026),Asm. Tasha Boerner,D,"Held under submission in Assembly Appropriations suspense file, 2026-05-14; no action since","Broader CEQA bill affecting industrial facilities near overburdened communities; would add notice, hearing, and translation duties and may affect data center siting in industrial areas.",Medium,in_committee,2026-05-14,Assembly,bill,permitting_restriction,proposed,statewide,,,,ca-ab2170-2025-2026
California,CA,AB222 (2025-2026),Asm. Rebecca Bauer-Kahan,D,"Held under submission in Senate Appropriations (having passed the Assembly floor 2025-06-02, 57-18), 2025-08-29; no action since",Would require data center power usage effectiveness reporting and cost-shift assessment in energy planning.,Medium,passed_one_chamber,2025-08-29,Assembly,bill,reporting_disclosure,proposed,statewide,,,,ca-ab222-2025-2026
California,CA,AB2383 (2025-2026),Asm. Rick Chavez Zbur,D,"Passed Assembly; read second time and amended, re-referred to Senate Appropriations 2026-07-02 (hearing set 2026-08-03)","Requires the CPUC to establish, by 2028-01-01, a separate electricity rate class/tariff for data centers so costs are proportional to cost-to-serve; requires large new data center transmission-level service agreements after 2027-01-01 to include minimum 10-year contract terms, prepayment of interconnection costs, and support for clean energy/wildfire mitigation programs; extends comparable requirements to CCAs and ESPs serving data centers.",Medium,passed_one_chamber,2026-07-02,Assembly,bill,utility_large_load_restriction,proposed,utility_grid,,,,ca-ab2383-2025-2026
California,CA,AB2619 (2025-2026),Asm. Diane Papan,D,"Passed Assembly; read second time and amended, re-referred to Senate Appropriations 2026-07-02 (hearing set 2026-08-03)",Would revive and expand water-use reporting for data centers and require DWR/CEC guidance on water-efficient data center practices.,Medium,passed_one_chamber,2026-07-02,Assembly,bill,reporting_disclosure,proposed,statewide,,,,ca-ab2619-2025-2026
California,CA,AB93 (2025-2026),Asm. Diane Papan,D,Vetoed by Governor 2025-10-11; consideration of veto stricken from file 2026-01-22,Would have required data center water-use estimates and annual water-use reporting tied to business licenses and permits.,Medium,vetoed,2026-01-22,Assembly,bill,reporting_disclosure,failed,statewide,,,,ca-ab93-2025-2026
California,CA,SB1168 (2025-2026),Sen. Jerry McNerney,D,Passed Senate 2026-05-27 (30-9); re-referred to Assembly Appropriations 2026-06-25 (hearing set 2026-08-05),"Requires the CPUC to establish data center rate structures ensuring data centers pay their reasonable share of transmission/distribution costs, contribute to clean energy procurement, and that rate design shields residential and low-income (CARE/FERA) customers from cost shifting.",Medium,passed_one_chamber,2026-06-25,Senate,bill,other,proposed,unknown,,,,ca-sb1168-2025-2026
California,CA,SB1298 (2023-2024),Sen. Dave Cortese,D,"Failed; from committee and from Assembly without further action, 2024-11-30 (prior 2023-2024 session concluded)","Proposed certification/exemption framework for certain thermal powerplants linked to data centers, including backup generation and air district review.",Medium,failed_died,2024-11-30,Senate,bill,other,failed,unknown,,,,ca-sb1298-2023-2024
California,CA,SB57 (2025-2026),Sen. Steve Padilla,D,"Chaptered by Secretary of State, Ch. 647, Statutes of 2025, 2025-10-11",Requires CPUC report to the Legislature by 2027-01-01 on whether new data center loads shift electrical costs to other customers; repeals 2031-01-01.,Medium,enacted,2025-10-11,Senate,bill,other,unknown,unknown,,,,ca-sb57-2025-2026
California,CA,SB886 (2025-2026),Sen. Steve Padilla,D,"Passed Senate; read second time and amended, re-referred to Assembly Appropriations 2026-06-29 (hearing set 2026-08-05)","California Technology Innovation and Ratepayer Protection Act; would require CPUC tariff for participating data center customers, cost responsibility for transmission upgrades, early termination fees, clean-energy procurement, demand response participation, and no cost shifting to nonparticipating customers.",Medium,passed_one_chamber,2026-06-29,Senate,bill,utility_large_load_restriction,proposed,utility_grid,,,,ca-sb886-2025-2026
California,CA,SB887 (2025-2026),Sen. Steve Padilla,D,"Passed Senate; read second time and amended, re-referred to Assembly Appropriations 2026-06-29 (hearing set 2026-08-05)","Would bar CEQA categorical exemptions for data center projects and allow qualifying data centers to seek environmental leadership development project streamlining if they meet conditions for energy, water, infrastructure costs, labor, and community benefits.",Medium,passed_one_chamber,2026-06-29,Senate,bill,other,proposed,unknown,,,,ca-sb887-2025-2026
California,CA,SB978 (2025-2026),Sen. Sasha Renee Perez,D,"Held under submission in Senate Appropriations suspense file, 2026-05-14; no action since","Would regulate large-scale energy users/data centers through labor and electricity-rate provisions; LA County motion describes a separate energy rate class, clean backup generation, reporting, and local workforce requirements.",Medium,in_committee,2026-05-14,Senate,bill,reporting_disclosure,proposed,statewide,,,,ca-sb978-2025-2026
Colorado,CO,HB26-1030,"Rep. Alex Valdez, Rep. Monica Duran, Sen. Kyle Mullica",D,Postponed indefinitely by House Energy and Environment Committee (vote 11-2) 2026-05-07,"Creates a data center development and incentive program with a 100 percent state sales/use tax exemption for certified data centers, a 250 million dollar minimum investment threshold, job and labor commitments, utility consultation, water stewardship, backup power requirements, and targeted resource acquisition authority.",Medium,failed_died,2026-05-07,House,bill,utility_large_load_restriction,failed,utility_grid,,,,co-hb26-1030
Colorado,CO,HB26-1246,Rep. Ken DeGraaf,R,Postponed indefinitely by House Energy and Environment Committee (vote 8-5) 2026-04-30,"Would authorize consumer-regulated electric utilities to serve new nonresidential loads, including data centers, outside ordinary public utility regulation unless they interconnect with a regulated utility service territory.",Medium,failed_died,2026-04-30,House,bill,utility_large_load_restriction,failed,utility_grid,,,,co-hb26-1246
Colorado,CO,SB25-280,"Sen. Nick Hinrichsen, Sen. Paul Lundeen, Rep. Kyle Brown, Rep. Alex Valdez",Bipartisan (D and R),Laid over unamended (amendments failed) in Senate Appropriations Committee 2025-05-08; bill died with adjournment of the 2025 session,"Would have created the Colorado Data Center Development and Grid Modernization Act, including certification tiers, sales/use tax exemptions, grid enhancement credits, utility consultation, renewable/clean energy commitments, water stewardship, and annual compliance reports.",Medium,failed_died,2025-05-08,Senate,bill,utility_large_load_restriction,failed,utility_grid,,,,co-sb25-280
Colorado,CO,SB26-102,"Sen. Cathy Kipp, Rep. Kyle Brown",D,Postponed indefinitely by Senate Transportation and Energy Committee (vote 9-0) 2026-05-11,"Regulates ""large-load data centers"" above 30 MW individual peak load or 60 MW collective load; includes renewable energy and hourly matching rules, water/electricity reporting, infrastructure cost contracts, model codes, site assessments, cumulative impact analysis, public engagement, community benefit agreements, and labor standards.",Medium,failed_died,2026-05-11,Senate,bill,reporting_disclosure,failed,statewide,,,,co-sb26-102
Connecticut,CT,HB05076 (2025),Rep. Christopher Rosario,D,Referred to Joint Committee on Energy and Technology 2025-01-10; no further action recorded on the bill's CGA history; died in committee at 2025 regular session sine die adjournment 2025-06-04,"Would require AI data centers to use at least 50 percent renewable energy, use storage and modern grid infrastructure, adopt water conservation measures, and report energy, water, and emissions data.",Medium,failed_died,2025-01-10,House,bill,utility_large_load_restriction,failed,utility_grid,,,,ct-hb05076-2025
Connecticut,CT,HB05469 (2026),Energy and Technology Committee,Committee bill,"Joint Favorable 2026-03-19; filed with Legislative Commissioners' Office and reported out 2026-04-07 with File No. 421 and House Calendar No. 305 (Favorable Report, Tabled for the Calendar, House); never called for a House vote; died on the House calendar at 2026 regular session sine die adjournment 2026-05-06","Would regulate large electric load customers of at least 50 MW, require co-located electric supplier licensing, require new large-load tariffs, require 100 percent load coverage plus reserve margin from new generation subject to waivers, and require financial guarantees to protect other ratepayers.",Medium,failed_died,2026-04-07,House,bill,utility_large_load_restriction,failed,utility_grid,,,,ct-hb05469-2026
Connecticut,CT,HB05926 (2025),Rep. Brandon Chafee,D,Referred to Joint Committee on Energy and Technology 2025-01-22; no further action recorded; died in committee at 2025 regular session sine die adjournment 2025-06-04,Would create a surcharge on electricity consumed by data centers and use proceeds to offset the Combined Public Benefits Charge on residential utility bills.,Medium,failed_died,2025-01-22,House,bill,utility_large_load_restriction,failed,utility_grid,,,,ct-hb05926-2025
Connecticut,CT,HB05955 (2025),Rep. Aundre Bumgardner,D,Referred to Joint Committee on Energy and Technology 2025-01-22; no further action recorded; died in committee at 2025 regular session sine die adjournment 2025-06-04,"Would require PURA, with OCC, DEEP, and ISO New England, to evaluate large data center impacts on electric distribution reliability.",Medium,failed_died,2025-01-22,House,bill,other,failed,unknown,,,,ct-hb05955-2025
Connecticut,CT,SB00079 (2024),Sen. Mae Flexer,D,"Referred to Joint Committee on Finance, Revenue and Bonding 2024-02-14; no further action recorded; died in committee at 2024 regular session sine die adjournment 2024-05-08",Would eliminate chapter 203 and chapter 219 tax exemptions for qualified data centers.,Medium,failed_died,2024-02-14,Senate,bill,incentive_restriction,failed,fiscal,,,,ct-sb00079-2024
Connecticut,CT,SB00245 (2026),"Energy and Technology Committee; co-sponsors Rep. Steven Winter, Rep. Bill Buckbee, Rep. Nick Gauthier, Sen. Martha Marx","Committee bill; bipartisan co-sponsors (Winter D, Buckbee R, Gauthier D, Marx D)","Joint Favorable Change of Reference to Committee on Finance, Revenue and Bonding 2026-03-17; re-referred to Finance, Revenue and Bonding 2026-03-23; no further committee or floor action recorded; died in committee at 2026 regular session sine die adjournment 2026-05-06",Would stop DECD from accepting new qualified data center tax incentive applications on or after 2026-07-01.,Medium,failed_died,2026-03-23,Senate,bill,incentive_restriction,failed,fiscal,,,,ct-sb00245-2026
Connecticut,CT,SB01292 (2025),Energy and Technology Committee; co-sponsor Rep. Mary Mushinsky,Committee bill; D co-sponsor,"Joint Favorable Substitute 2025-03-18; filed with Legislative Commissioners' Office and reported out 2025-04-07 with File No. 538 and Senate Calendar No. 303 (Favorable Report, Tabled for the Calendar, Senate); never called for a Senate vote; died on the Senate calendar at 2025 regular session sine die adjournment 2025-06-04",Original bill would require AI data center quarterly reports and DEEP energy and water efficiency regulations; substitute bill would require a state study of AI data center energy efficiency requirements.,Medium,failed_died,2025-04-07,Senate,bill,other,failed,unknown,,,,ct-sb01292-2025
Delaware,DE,HB 233,Rep. Frank Burns; Sen. Stephanie Hansen; Rep. Debra Heffernan,D,Substituted by House Substitute 1 for HB 233 on 2026-05-21; HS 1 passed both chambers 2026-07-01 and was sent to the Governor for action; not yet signed as of 2026-07-31,Defines a large energy use facility as a NAICS 518210 facility using or able to use 20 MW or more. Requires regulated utilities to create a separate rate class and tariff that assigns or allocates costs to those facilities and mitigates cost-shifting and grid-reliability risks.,Low,passed_both_chambers,2026-07-01,House,bill,utility_large_load_restriction,proposed,utility_grid,,,,de-hb-233
Delaware,DE,SB 205,Sen. Stephanie Hansen; Sen. Nicole Poore; Rep. Frank Burns; Rep. Debra Heffernan; Rep. Eric Morrison; others,D,No further action recorded after being reported Out of Committee to the Ready List on 2026-03-11; died with the 153rd General Assembly's second-year sine die adjournment (2026-06-30/07-01) without a floor vote,"As introduced, required a Public Service Commission certificate to operate for facilities using 30 MW or more. Senate Amendment 1, introduced 2026-01-28, would change the threshold to 100 MW, frame the certificate as a transmission certificate, add distribution-company requirements, and add water-supply review.",Low,failed_died,2026-03-11,Senate,bill,other,failed,unknown,,,,de-sb-205
Delaware,DE,SB 312,Sen. Poore; Rep. Burns; Rep. Heffernan; Rep. Minor-Brown; others,D,Passed both chambers 2026-06-24; sent to Governor for action; not yet signed as of 2026-07-31,"Amends Title 9, Title 22, and Title 29 of the Delaware Code relating to data centers. Prohibits state agencies, counties, and municipalities from entering into nondisclosure agreements that would restrict public access to information about potential or actual large-scale data center development (defined by reference to facilities capable of using 100+ MW), aiming to preserve local transparency and public input into data-center siting decisions.",Low,passed_both_chambers,2026-06-24,Senate,bill,reporting_disclosure,proposed,statewide,,,,de-sb-312
Florida,FL,CS/CS/HB 1007 (2026),Rep. Philip Wayne Griffitts,R,"Laid on table 2026-03-11; substance moved via companion CS/CS/SB 484, which was enacted as Ch. 2026-65","House companion to SB 484. Current official summary included NDA limits, local planning authority, construction-permit study requirements for certain data centers, PSC large-load tariff rules, water-permit limits, and reclaimed-water provisions.",None,failed_died,2026-03-11,House,bill,reporting_disclosure,failed,statewide,,,,fl-cs-cs-hb-1007-2026
Florida,FL,CS/CS/SB 484 (2026),Sen. Bryan Avila; co-introducers Sen. Clay Yarborough and Sen. Don Gaetz,R,"Approved by Governor 2026-05-07; Chapter No. 2026-65, effective 2026-07-01",Preserves local comprehensive planning and land development authority for large load customers; says large load customers are not electric substations for local siting purposes; creates PSC large-load tariff requirements for 50 MW or larger customers; bars cost shifting to general ratepayers; allows curtailment for grid stability; creates large-scale data center water-permit requirements; requires hearings for certain consumptive use applications; authorizes reclaimed-water requirements; directs OPPAGA study.,None,enacted,2026-05-07,Senate,bill,utility_large_load_restriction,unknown,utility_grid,,,,fl-cs-cs-sb-484-2026
Florida,FL,CS/SB 1118 (2026),Sen. Bryan Avila,R,"Died on Calendar 2026-03-13 (companion bill provisions passed via CS/CS/SB 484, Ch. 2026-65)","Would have created a public-records exemption for information about a person's plans, intentions, or interest in locating a data center, with future repeal review and public-necessity language.",None,failed_died,2026-03-13,Senate,bill,other,failed,unknown,,,,fl-cs-sb-1118-2026
Florida,FL,HB 1517 (2026),Rep. Dotie Joseph,D,Died in Economic Infrastructure Subcommittee 2026-03-13,Would have required approval applications and existing data centers to disclose specified information; required DEP to post information; added penalties; and limited certain tax benefits or protections for noncompliance.,None,failed_died,2026-03-13,House,bill,other,failed,unknown,,,,fl-hb-1517-2026
Florida,FL,HB 7031 (2025),House Ways and Means Committee; Rep. Wyman Duggan and co-introducers,R,Approved by Governor 2025-06-30 (with line-item veto of certain appropriation provisions); Chapter 2025-208,"Revised Florida's data center tax framework, including data center eligibility threshold changes captured in prior research.",None,enacted,2025-06-30,House,bill,other,unknown,unknown,,,,fl-hb-7031-2025
Florida,FL,HB 7109 (2017),House Ways and Means Committee; Rep. Jim Boyd and co-introducers,R,Approved by Governor 2017-05-25; Chapter 2017-36,"Created Florida's data center sales and use tax exemption framework, including investment and critical IT load criteria captured in prior research.",None,enacted,2017-05-25,House,bill,incentive_restriction,unknown,fiscal,,,,fl-hb-7109-2017
Georgia,GA,HB 1012 (2026),"Rep. Ruwa Romman (lead, 97th)",D,"Died at sine die 2026-04-02; last action House Second Readers 2026-01-28, no committee report or floor vote ever recorded","Would prohibit construction or development of new data centers for a specified period, with an exception process.",High,failed_died,2026-01-28,House,bill,other,failed,unknown,,,,ga-hb-1012-2026
Georgia,GA,HB 1059 (2026),Rep. Derrick Jackson (lead),D,"Died at sine die 2026-04-02; last action House Second Readers 2026-02-02, no committee report or floor vote ever recorded","""Data Center Impact Assessment and Development Moratorium Act of 2026""; would impose a statewide development moratorium and create an assessment commission.",High,failed_died,2026-02-02,House,bill,statewide_moratorium,failed,statewide,,,,ga-hb-1059-2026
Georgia,GA,HB 1063 (2026),Rep. Brad Thomas (lead),R,Passed House 2026-02-17 (159-5); died in Senate at sine die 2026-04-02; last action Senate Read and Referred 2026-02-18,Would require electric utilities to protect residential and retail customers from costs associated with data center construction and operation.,High,failed_died,2026-02-18,House,bill,other,failed,unknown,,,,ga-hb-1063-2026
Georgia,GA,HB 1192 (2024),Rep. John Carson (lead),R,Vetoed by Governor 2024-05-07 (Veto V7); final for the 2023-2024 biennium,Would have prohibited new certificates for the high-technology data center equipment sales-tax exemption and revised quality-job requirements.,High,vetoed,2024-05-07,House,bill,incentive_restriction,failed,fiscal,,,,ga-hb-1192-2024
Georgia,GA,HB 559 (2025),Rep. John Carson (lead),R,"Died at sine die 2026-04-02 (end of the 2025-2026 biennium); last action House Second Readers 2025-02-21, no further action in either 2025 or 2026",Would revise the sunset date for the high-technology data center equipment sales/use tax exemption.,High,failed_died,2025-02-21,House,bill,incentive_restriction,failed,fiscal,,,,ga-hb-559-2025
Georgia,GA,SB 34 (2025-2026),Sen. Chuck Hufstetler (lead),R; bipartisan co-sponsors,"Died at sine die 2026-04-02; last action Senate Committee Favorably Reported By Substitute 2026-02-25, never reached a Senate floor vote",Would prohibit utility costs caused by commercial data centers from being included in rates unless recovered solely or substantially from data centers.,High,failed_died,2026-02-25,Senate,bill,utility_large_load_restriction,failed,utility_grid,,,,ga-sb-34-2025-2026
Georgia,GA,SB 408 (2026),"Sen. Greg Dolezal (lead per official sponsor list at legis.ga.gov/legislation/72283); 21 co-sponsors including Sens. Tillery (R), Goodman (R), Watson (R), Halpern (D), Setzler (R), Sims (D), Parent (D), Burns (R), Jones II (D), Jackson (D), Howard (D), Harrell (D), Kemp (D), Wicks (D), Parkes (D), Merritt (D), Davenport (D), Rahman (D), Harbison (D), Rhett (D)",R; bipartisan co-sponsors,"Died at sine die 2026-04-02; last action Senate Read and Referred 2026-01-16, no committee action recorded",Would advance the sunset date for the data center equipment sales/use tax exemption.,High,failed_died,2026-01-16,Senate,bill,incentive_restriction,failed,fiscal,,,,ga-sb-408-2026
Georgia,GA,SB 410 (2026),Sen. Jason Anavitarte (lead),R,Passed Senate 2026-03-06 (32-21 by substitute); died in House at sine die 2026-04-02; last action House Second Readers 2026-03-10,Would repeal the data center equipment sales/use tax exemption while preserving prior certificates.,High,failed_died,2026-03-10,Senate,bill,incentive_restriction,failed,fiscal,,,,ga-sb-410-2026
Georgia,GA,SB 421 (2026),Sen. Drew Echols (lead),R; bipartisan co-sponsors,"Died at sine die 2026-04-02; last action Senate Read and Referred 2026-01-27, no committee action recorded","""Data Center Transparency Act""; would address transparency around utility and water-use data and local nondisclosure agreements (per bill capture at legis-ga-gov-legislation-72340.md).",High,failed_died,2026-01-27,Senate,bill,utility_large_load_restriction,failed,utility_grid,,,,ga-sb-421-2026
Hawaii,HI,HB1784 (2024),Rep. Lisa Kitagawa,D,Passed House 2024-03-01 (Third Reading); passed Senate Second Reading as amended (SD1) and referred to WAM 2024-03-20; no further action recorded - died at the end of the 2023-2024 biennium without passing the Senate,Earlier House version of the data-server tax-credit reinstatement proposal.,None,failed_died,2024-03-20,House,bill,other,failed,unknown,,,,hi-hb1784-2024
Hawaii,HI,HCR206 (2026),Same House sponsor group as HR196,D,House adopted 2026-04-09; transmitted to Senate; Senate adopted as amended (SD1) 2026-04-27; returned to and adopted in final form by the House same day - fully adopted by both chambers,Concurrent-resolution version of the large-data-center working group request. The HD1 text uses the same 5 MW threshold and study scope as HR196.,None,passed_both_chambers,2026-04-27,House,bill,other,proposed,unknown,,,,hi-hcr206-2026
Hawaii,HI,HR196 (2026),"Reps. Nicole Lowen, Terez Amato, Della Au Belatti, Tina Grandinetti, Jeanne Kapela, Sue Keohokapu-Lee Loy, Matthias Kusch, Lisa Marten, Tyson Miyake, Amy Perruso, Mahina Poepoe, Shirley Ann Templo, Chris Todd",D,Adopted by the House in final form 2026-04-09 (House-only resolution; no Senate action required),"Requests the Hawaii State Energy Office to convene a working group to study data centers requiring 5 MW or more in instantaneous demand. Topics include utility impacts, ratepayer protection, water use, greenhouse gas emissions, renewable energy alignment, and grid reliability.",None,passed_one_chamber,2026-04-09,House,bill,utility_large_load_restriction,proposed,utility_grid,,,,hi-hr196-2026
Hawaii,HI,SB2527 (2024),"Sens. Sharon Moriwaki, Henry Aquino, Stanley Chang, Kurt Fevella, Troy Hashimoto, Maile Shimabukuro, Michelle Kidani",Mixed D/R (Fevella was the Senate's only Republican; remaining co-sponsors are Democrats),Passed Senate 2024-03-05 (received in House); passed House Second Reading as amended (HD1) and referred to FIN 2024-03-20; no further action recorded - died at the end of the 2023-2024 biennium without passing the House,Senate companion to HB1784; would have reinstated the technology infrastructure renovation tax credit and included data servers.,None,failed_died,2024-03-20,Senate,bill,other,failed,unknown,,,,hi-sb2527-2024
Hawaii,HI,SB284 (2023-2024),"Sens. Donovan Dela Cruz, Henry Aquino, Stanley Chang, Lorraine Inouye, Dru Kanuha, Sharon Moriwaki, Michelle Kidani",D (all listed co-sponsors are Hawaii Democrats),Passed Senate 2023 (SD2); passed House Second Reading as amended (HD1) and referred to FIN 2023-03-24; carried over to 2024 Regular Session (housekeeping entry 2023-12-11); no further action recorded during 2024 - died at the end of the 2023-2024 biennium without passing the House,State-government IT bill that would have decommissioned or relocated the OETS Kalanimoku data center and set state cloud/storage and procurement requirements.,None,failed_died,2023-12-11,Senate,bill,other,failed,unknown,,,,hi-sb284-2023-2024
Hawaii,HI,SB338 (2025-2026),"Sens. Henry Aquino, Stanley Chang, Kurt Fevella, Carol Fukunaga",Mixed D/R,Passed Senate 2025; passed House Second Reading as amended (HD1) and referred to FIN 2025-03-21; carried over to 2026 Regular Session (housekeeping entry 2025-12-08); no further action recorded during the 2026 session - died in House FIN at the end of the 2025-2026 biennium without passing the House,"Would temporarily reinstate the technology infrastructure renovation tax credit for taxable years beginning after 2025-12-31 and expand ""technology-enabled infrastructure"" to include data servers. Not a moratorium bill.",None,failed_died,2025-12-08,Senate,bill,statewide_moratorium,failed,statewide,,,,hi-sb338-2025-2026
Hawaii,HI,SCR95 / SR90 (2026),"Sen. Glenn Wakai and Senate co-sponsors including Angus McKelvey, Brandon Elefante, Carol Fukunaga, Tim Richards, Jarrett Keohokalole, Joy San Buenaventura, Karl Rhoads, and Stanley Chang",D (all listed Senate co-sponsors caucus as Democrats; Hawaii Senate has had no Republican members since 2024),"SR90 (Senate-only resolution): adopted by the Senate as amended (SD1) 2026-04-09, certified copies sent 2026-05-12 - final action, fully adopted. SCR95 (companion Senate Concurrent Resolution): passed Senate as amended (SD1) 2026-04-09, transmitted to and received by the House the same day, referred to House EEP/FIN 2026-04-10; no further House action recorded - died in House committee, never adopted by the second chamber","Senate measures requesting a Hawaii State Energy Office working group on large data centers, including possible reporting, water-impact assessment, and safeguards for ratepayers and grid reliability.",None,passed_one_chamber,2026-05-12,Senate,bill,utility_large_load_restriction,proposed,utility_grid,,,,hi-scr95-sr90-2026
Idaho,ID,H0315aa (2025),House Revenue and Taxation Committee,Committee bill,"Senate reported bill out of committee to 14th Order for amendment on 2025-03-26; no further Senate action recorded; the 2025 session has since concluded with no enactment, so the bill is dead.",Would have revised provisions for the Idaho information technology equipment sales tax exemption.,Low,failed_died,2025-03-26,House,bill,incentive_restriction,failed,fiscal,,,,id-h0315aa-2025
Idaho,ID,H0521 (2020),House Revenue and Taxation Committee,Committee bill,Signed by Governor 2020-03-30; Session Law Chapter 335; effective 2020-07-01.,Created Idaho's data-center sales and use tax exemption for eligible server equipment and new data center facilities. Current Idaho Code 63-3622VV requires at least $250 million in capital investment within 5 years and at least 30 new jobs within 2 years after operations begin.,Low,enacted,2020-03-30,House,bill,incentive_restriction,unknown,fiscal,,,,id-h0521-2020
Idaho,ID,H0609 (2026),House Revenue and Taxation Committee (committee print); Idaho Conservation League identifies Rep. Chris Bruce as the principal sponsor,Committee bill; Bruce is R,Introduced 2026-02-09; reported printed and referred to House Revenue & Taxation 2026-02-10; no further action recorded; died at 2026 sine die.,"Would have narrowed data center tax exemptions, added electricity cost-recovery and water-notice qualification criteria, prevented stacking with the new capital investment property tax exemption, and added a 2036 sunset review. Not a moratorium bill.",Low,failed_died,2026-02-10,House,bill,statewide_moratorium,failed,statewide,,,,id-h0609-2026
Idaho,ID,H0756 (2026),House State Affairs Committee,Committee bill,Introduced 2026-02-24; reported printed and referred to State Affairs 2026-02-25; no further action recorded; died at 2026 sine die.,"Earlier House draft on the same subject as H0911 ('Public Utility - Amends and adds to existing law to provide for new large loads'); received only a committee referral and was not advanced, apparently superseded by H0911.",Low,failed_died,2026-02-25,House,bill,utility_large_load_restriction,failed,utility_grid,,,,id-h0756-2026
Idaho,ID,H0820 (2026),House Revenue and Taxation Committee,Committee bill,Introduced 2026-03-04; reported printed and referred to House Revenue & Taxation 2026-03-05; no further action recorded; died at 2026 sine die.,"Similar tax exemption revision bill for data centers, including sales tax and new capital investment property tax provisions. Not a moratorium bill.",Low,failed_died,2026-03-05,House,bill,statewide_moratorium,failed,statewide,,,,id-h0820-2026
Idaho,ID,H0895 (2026),House Ways and Means Committee; floor sponsors Rep. Britt Raybould and Sen. C. Scott Burtenshaw,Committee bill; floor sponsors R/R,Passed House 58-10-2 (2026-03-20) and Senate 32-1-2 (2026-03-31); signed by Governor 2026-04-02; Session Law Chapter 291; effective 2026-07-01.,"Adds Idaho Code 42-252. Data centers beginning construction on or after 2026-07-01 may not use water for cooling as a consumptive use unless supplied by a municipal, water district, or water and sewer district water system. Legislative findings state data center water demand conflicts with local public interest, water conservation, and local watershed economies for water-right review purposes.",Low,enacted,2026-04-02,House,bill,other,unknown,unknown,,,,id-h0895-2026
Idaho,ID,H0897aaS (2026),"House Ways and Means Committee print; Idaho Conservation League identifies Rep. Chris Bruce, Sen. Lori Den Hartog, and Rep. John Gannon as named sponsors",Committee bill; named sponsors R/R/D,"Passed House 68-0-2 on 2026-03-23; passed Senate as amended 34-0-1 on 2026-04-01; returned to House and referred to Revenue & Taxation for concurrence recommendation on 2026-04-02; no concurrence vote or further action is recorded thereafter, so the bill died for lack of House concurrence at 2026 sine die.","Would have limited sales tax exemption eligibility to 20 years, applied server-equipment-only treatment to data centers commencing construction on or after 2026-04-01, required utility cost recovery for new qualifying data centers, required water-consumption notice to local water providers and IDWR, required annual forgone-sales-tax reports, and required 5-year reports on jobs, investment, electricity impacts, and water impacts. Not a moratorium bill.",Low,failed_died,2026-04-02,House,bill,statewide_moratorium,failed,statewide,,,,id-h0897aas-2026
Idaho,ID,H0911 (2026),House Ways and Means Committee,Committee bill,Passed House 65-3-2 (2026-03-20); passed Senate 34-1-0 (2026-03-30); signed by Governor 2026-04-10; Session Law Chapter 335; effective 2026-07-01 via emergency clause.,"Adds Idaho Code 61-335, titled 'New Large Load and Ratepayer Protection.' Defines a 'new large load' as a service-entrance load increase of 50 MW or more within a rolling 60-month period under a contract entered on or after 2026-07-01 (squarely covers data centers). Requires a PUC-approved service contract before a utility may serve such a load, including a commission 'no harm test'; makes the new large load responsible for its full cost of service (generation, transmission, substation, distribution); bars load-splitting to evade the threshold; requires financial security against stranded costs; and directs the commission to review rates in each general rate case to keep other ratepayers' bills from rising because of the new load.",Low,enacted,2026-04-10,House,bill,utility_large_load_restriction,unknown,utility_grid,,,,id-h0911-2026
Idaho,ID,S1368 (2026),Senate State Affairs Committee,Committee bill,Introduced 2026-03-04; reported printed and referred to State Affairs 2026-03-05; no further action recorded; died at 2026 sine die.,Senate companion draft on the same subject as H0911 and H0756 ('Public Utilities - Adds to existing law to provide for new large loads'); received only a committee referral and was not advanced.,Low,failed_died,2026-03-05,Senate,bill,utility_large_load_restriction,failed,utility_grid,,,,id-s1368-2026
Illinois,IL,HB3574 (Procurement-Data Residency),Rep. Justin Slaughter and House co-sponsors; Senate sponsors Lakesia Collins and Doris Turner,D,"Passed House 114-1-0 on 2025-04-10; arrived in Senate, assigned to Executive Committee, deadline extended, then re-referred to Senate Assignments Committee (Rule 3-9(a)) 2025-06-02; no action recorded since","Requires state data storage contracts to keep data in the United States and creates bid credits for Illinois and opportunity-zone storage, including data center-related provisions.",Medium,passed_one_chamber,2025-06-02,House,bill,other,proposed,unknown,,,,il-hb3574-procurement-data-residency
Illinois,IL,HB4319 (Data Center-Property Rights),Rep. Jed Davis,R,Filed 2026-01-07; first reading and referred to House Rules Committee 2026-01-14; no further action recorded,"Creates a compensation framework for property owners within 1,000 feet of a data center for value loss, business revenue loss, or adverse impacts such as noise, vibration, traffic, stormwater burden, or lighting; limits concurrent home-rule powers.",Medium,in_committee,2026-01-14,House,bill,other,proposed,unknown,,,,il-hb4319-data-center-property-rights
Illinois,IL,HB5513 (Hyperscale Data Centers / POWER Act companion),Rep. Robyn Gabel with multiple House Democratic co-sponsors,D,Assigned to Executive Committee 2026-02-24; re-referred to House Rules Committee (Rule 19(a)) 2026-03-27; co-sponsors continued to be added through 2026-05-27 with no further procedural action,"House companion to SB4016 with environmental, water, energy, public-benefit, reporting, and solar permitting provisions.",Medium,in_committee,2026-05-27,House,bill,reporting_disclosure,proposed,statewide,,,,il-hb5513-hyperscale-data-centers-power-act-companion
Illinois,IL,SB0094 (Data Centers-Foreign Ownership),Sen. Sue Rezin; co-sponsors Sally J. Turner and Terri Bryant,R,Referred to Senate Assignments Committee 2025-01-17; co-sponsors added 2025-04-03; no action recorded in 2026,"Confirmed via ILGA synopsis: creates the Data Center Construction by Foreign Adversaries Act; bars a foreign-adversary-controlled company from constructing a data center in Illinois unless ICC, IPA, and DCEO jointly certify load conditions.",Medium,carried_over,2025-04-03,Senate,bill,other,proposed,unknown,,,,il-sb0094-data-centers-foreign-ownership
Illinois,IL,SB2181 (Data Center Reporting),Sen. Steve Stadelman,D,Moved to Executive Committee 2026-01-27; to AI and Social Media Committee 2026-02-04; amendment filed 2026-03-31; committee deadline chain extended 2026-03-27 to 2026-04-24 to 2026-05-15 to 2026-05-22; bill and amendment re-referred to Senate Assignments Committee (Rule 3-9(a)) 2026-05-22,"Creates Illinois Data Center Energy and Water Reporting Act; annual energy and water reporting to IPA; IPA ratepayer-impact study; confidentiality, public access, enforcement, and penalties.",Medium,in_committee,2026-05-22,Senate,bill,utility_large_load_restriction,proposed,utility_grid,,,,il-sb2181-data-center-reporting
Illinois,IL,SB2290 (Use/Occ Tx-Quantum Computing),Sen. Mark L. Walker; co-sponsors Chris Balkema and Robert Peters,D/R/D,Assigned to Senate Revenue Committee 2025-03-04; committee/3rd reading deadline extended to 2025-06-01; re-referred to Senate Assignments Committee (Rule 3-9(a)) 2025-06-02; no action recorded in 2026,Expands the state data center definition for incentive purposes to include a quantum research facility.,Medium,carried_over,2025-06-02,Senate,bill,incentive_restriction,proposed,fiscal,,,,il-sb2290-use-occ-tx-quantum-computing
Illinois,IL,SB3120 (DCEO-Data Centers),Sen. Laura M. Murphy,D,To AI and Social Media Committee 2026-02-18; committee deadline chain extended 2026-03-27 to 2026-04-24 to 2026-05-15 to 2026-05-22; re-referred to Senate Assignments Committee (Rule 3-9(a)) 2026-05-22,Conditions data center incentive qualification on water stewardship strategy disclosure and requires DCEO reporting on recipient water stewardship strategies.,Medium,in_committee,2026-05-22,Senate,bill,incentive_restriction,proposed,fiscal,,,,il-sb3120-dceo-data-centers
Illinois,IL,SB3761 (Data Centers-Various),Sen. Mike Simmons,D,To AI and Social Media Committee 2026-02-25; Rule 2-10 deadline chain extended 2026-03-27 to 2026-04-24 to 2026-05-15 to 2026-05-22; re-referred to Senate Assignments Committee (Rule 3-9(a)) 2026-05-22,"Establishes data center self-direct clean energy program, 180-day preconstruction disclosure to ICC, public meeting requirements, water-use disclosures to DNR, penalties up to $10,000 per violation, and utility tariff review.",Medium,in_committee,2026-05-22,Senate,bill,utility_large_load_restriction,proposed,utility_grid,,,,il-sb3761-data-centers-various
Illinois,IL,SB3830 (Data Centers-Various),Sen. Rachel Ventura,D,To AI and Social Media Committee 2026-02-25; Amendment No. 2 filed 2026-04-27; Rule 2-10 deadline chain extended 2026-03-27 to 2026-04-24 to 2026-05-15 to 2026-05-22; bill and both amendments re-referred to Senate Assignments Committee (Rule 3-9(a)) 2026-05-22,"Similar clean energy self-direct and utility tariff framework; adds water discharge pollutant identification, DNR water-use disclosure, Water Use Act changes, and groundwater emergency provisions.",Medium,in_committee,2026-05-22,Senate,bill,utility_large_load_restriction,proposed,utility_grid,,,,il-sb3830-data-centers-various
Illinois,IL,SB4004 (Aquifer Protection Act),Sen. Chapin Rose,R,To AI and Social Media Committee 2026-02-25; Rule 2-10 deadline chain extended 2026-03-27 to 2026-04-24 to 2026-05-15 to 2026-05-22; Senate Committee Amendment No. 1 filed 2026-05-05; bill and amendment re-referred to Senate Assignments Committee (Rule 3-9(a)) 2026-05-22; co-sponsors added through 2026-06-17,Creates Data Center Water Transparency and Aquifer Protection Act; bars data centers from using Mahomet Aquifer water beginning 2027; bars permits for Mahomet withdrawals; requires existing users to transition by 2028; bans local nondisclosure clauses restricting water-use disclosure.,Medium,in_committee,2026-06-17,Senate,bill,reporting_disclosure,proposed,statewide,,,,il-sb4004-aquifer-protection-act
Illinois,IL,SB4016 (Hyperscale Data Centers / POWER Act),"Sen. Ram Villivalam with chief co-sponsors Robert Peters, Graciela Guzman, and Rachel Ventura, plus additional co-sponsors",D,To AI and Social Media Committee 2026-02-25; Rule 2-10 deadline chain extended 2026-03-27 to 2026-04-24 to 2026-05-15 to 2026-05-22; re-referred to Senate Assignments Committee (Rule 3-9(a)) 2026-05-22; co-sponsors added through 2026-05-30,"Comprehensive hyperscale data center regulation: cumulative impact review, public notice, community benefit agreements, NDA restrictions, water-impact permits, quarterly water reporting, water scarcity plans, energy and water reporting to ICC, hyperscale self-direct program, funds supported by annual fees based on peak demand, labor and equity provisions.",Medium,in_committee,2026-05-30,Senate,bill,reporting_disclosure,proposed,statewide,,,,il-sb4016-hyperscale-data-centers-power-act
Indiana,IN,HB 1043,Rep. Alex Burton; coauthor Rep. Matt Commons,D; R,Died without a committee hearing in House Natural Resources; session adjourned sine die 2026-02-27 with no further action recorded.,Would require data center water regulation through a DNR consumption permit framework before operation.,High,failed_died,2026-01-08,House,bill,permitting_restriction,failed,statewide,,,,in-hb-1043
Indiana,IN,HB 1189,Rep. Randy Novak,D,Remained at first reading in House Ways and Means with no hearing recorded; session adjourned sine die 2026-02-27 with no further action.,Would impose labor requirements tied to data center incentives.,High,failed_died,2026-01-05,House,bill,incentive_restriction,failed,fiscal,,,,in-hb-1189
Indiana,IN,HB 1210,"Rep. Craig Snow; coauthors Reps. Danny Lopez, Harold Slager, Cherrish Pryor; Senate sponsors Sens. Travis Holdman, Scott Baldwin, Ryan Mishler, Linda Rogers, Lonnie Randolph",R; D coauthors/cosponsors,Enacted as Public Law 157; received by the Governor 2026-03-06 and signed 2026-03-12.,Requires certain qualified data center users using transaction award certificates after 2026-06-30 to enter a local agreement contributing up to 1 percent of state gross retail and use tax savings tied to the certificate.,High,enacted,2026-03-12,House,bill,other,unknown,unknown,,,,in-hb-1210
Indiana,IN,HB 1245,Rep. Robin Shackleford,D,"Died before receiving a hearing in House Utilities, Energy and Telecommunications; session adjourned sine die 2026-02-27.",Would require an IURC study of data center impacts on utility costs and rates.,High,failed_died,2026-01-05,House,bill,utility_large_load_restriction,failed,utility_grid,,,,in-hb-1245
Indiana,IN,HB 1297,Rep. Alex Burton,D,"Died before receiving a hearing in House Utilities, Energy and Telecommunications; session adjourned sine die 2026-02-27.","Water Intensive Facilities: would have authorized Indiana to deny economic incentives to data centers and other large industrial water users unless facilities met specified requirements, including a utility's ability to provide adequate water and the facility paying associated infrastructure costs.",High,failed_died,,House,bill,utility_large_load_restriction,failed,utility_grid,,,,in-hb-1297
Indiana,IN,HB 1333,Rep. Kendell Culp; coauthors Reps. Jim Pressel and Craig Haggard; Senate sponsors Sens. Eric Koch and Blake Doriot,R,Passed House 2026-02-02 but died without a hearing in Senate Utilities after the land-use preemption language drew public backlash; sponsor confirmed the provision would not advance; session adjourned sine die 2026-02-27.,Proposed land-use preemption for certain developments on agricultural land and data center tax-benefit agreement language. Public and legislative backlash caused the preemption language not to advance.,High,failed_died,2026-02-05,House,bill,local_moratorium_preemption,failed,local_government,,,,in-hb-1333
Indiana,IN,HB 1406,Rep. Jeffrey Thompson (sole author); Senate sponsors Sens. Travis Holdman and Scott Baldwin per the IGA bill detail page,R,Enacted as Public Law 162; received by the Governor 2026-03-06 and signed 2026-03-12.,"Requires Indiana Finance Authority, with IEDC, to study data center tax incentives, utility-cost impacts, water-supply impacts, and environmental impacts, with report due to the interim study committee on fiscal policy by 2026-11-01.",High,enacted,2026-03-12,House,bill,utility_large_load_restriction,unknown,utility_grid,,,,in-hb-1406
Indiana,IN,SB 234,Sen. Vaneta Becker,R,Died without a hearing in Senate Utilities; session adjourned sine die 2026-02-27.,"Energy Utility Matters: would have required large-load customer tariffs to make the large load customer pay all reasonably allocable project costs regardless of eventual usage, capped IURC-approved rate increases relative to national electricity price growth, restricted utility cost recovery for lobbying/political/charitable spending, and directed a 2026 interim study of utility cost trackers.",High,failed_died,,Senate,bill,utility_large_load_restriction,failed,utility_grid,,,,in-sb-234
Indiana,IN,SB 257,Sen. Chris Garten,R,Died without a hearing in Senate Utilities; session adjourned sine die 2026-02-27 with no further action recorded.,Would limit electric rate increases attributable to data centers or similar large-load facilities under specified conditions.,High,failed_died,2026-01-08,Senate,bill,other,failed,unknown,,,,in-sb-257
Indiana,IN,SB 79,Sen. J.D. Ford; second author Sen. Spencer Deery,D; R,Died without a hearing in Senate Utilities; session adjourned sine die 2026-02-27 with no further action recorded.,Would create an IURC working group on projected data center electricity demand and require quarterly electricity-use reporting by data center operators.,High,failed_died,2026-01-06,Senate,bill,reporting_disclosure,failed,statewide,,,,in-sb-79
Iowa,IA,HF1054 (2025),House Ways and Means Committee,Committee bill,"Withdrawn on 2025-05-14 (H.J. 1198), substituted by SF657","House companion framework to SF657 program overhaul, including data center exclusion language.",High,withdrawn,2025-05-14,House,bill,other,withdrawn,unknown,,,,ia-hf1054-2025
Iowa,IA,HF2001 (2026),Rep. Jason Gearhart,Republican,Died in House Commerce Committee (no action after introduction 2026-01-13); 2026 Sine Die 2026-05-03,"Would require water-efficient cooling technology for new data centers, encourage nonpotable and recycled water, require reporting, and authorize penalties.",High,failed_died,2026-01-13,House,bill,reporting_disclosure,failed,statewide,,,,ia-hf2001-2026
Iowa,IA,HF2198 (2026),Rep. Adam Zabner,Democrat,Died in House Ways and Means Committee (no action after introduction 2026-01-29); 2026 Sine Die 2026-05-03,Would expand public disclosure of web search portal and data center tax incentive amounts.,High,failed_died,2026-01-29,House,bill,incentive_restriction,failed,fiscal,,,,ia-hf2198-2026
Iowa,IA,HF2447 / HF2690 (2026),HF2447 by Rep. Cindy Golding; HF2690 by House Commerce Committee,Republican sponsor; committee bill,Died in House Commerce Committee after amendments filed 2026-03-12 as HF2690; no floor vote before 2026 Sine Die 2026-05-03,"Would require quarterly water and energy reports, DNR and Iowa Utilities Commission publication, and a separate electric service classification and tariff for data centers to reduce cost shifting.",High,failed_died,2026-03-12,House,bill,other,failed,unknown,,,,ia-hf2447-hf2690-2026
Iowa,IA,HF976 (2025),House Ways and Means Committee,Committee bill,"Signed by Governor 2025-06-06, Acts Chapter 148","Revised data center and web search portal sales and use tax exemption and reporting mechanics, including limits on future exemption duration.",High,enacted,2025-06-06,House,bill,incentive_restriction,unknown,fiscal,,,,ia-hf976-2025
Iowa,IA,HSB727 / HF2688 (2026),House Economic Growth and Technology Committee; Chair Ray Sorensen,Committee bill; chair Republican,Died in House Ways and Means Committee after renumbering as HF2688 on 2026-02-23; no further action before 2026 Sine Die 2026-05-03,Would require qualifying data center businesses claiming sales tax exemptions or refunds to invest at least 5 percent of prior-year benefit value into Iowa qualifying investments.,High,failed_died,2026-02-23,House,bill,incentive_restriction,failed,fiscal,,,,ia-hsb727-hf2688-2026
Iowa,IA,SF2252 (2026),"Sens. Dawson, Webster, Bousselot, Driscoll, Koelker, Gruenhagen, Westrich",Republican,Died in Senate Ways and Means Committee after renumbering as SF2373 (subcommittee assigned 2026-02-24); no further action before 2026 Sine Die 2026-05-03,Modifies MEGA program (Major Economic Growth Attraction) to incentivize a professional NFL stadium; the data-center exclusion language is in the MEGA program statutory framework that the bill amends.,High,failed_died,2026-02-24,Senate,bill,other,failed,unknown,,,,ia-sf2252-2026
Iowa,IA,SF614 (2025),Senate Ways and Means Committee,Committee bill,"Withdrawn on 2025-05-13, substituted by HF976","Senate predecessor to HF976 omnibus tax revisions, including data center incentive provisions.",High,withdrawn,2025-05-13,Senate,bill,incentive_restriction,withdrawn,fiscal,,,,ia-sf614-2025
Iowa,IA,SF657 (2025),Senate Ways and Means Committee,Committee bill,"Signed by Governor 2025-06-06, Acts Chapter 136","Created the Business Incentives for Growth (BIG) program. The eligibility rules in the new Code section 15.504 require the business to be ""primarily engaged in advanced manufacturing, bioscience, insurance and finance, or technology and innovation"" and explicitly exclude data center businesses, retail businesses, and certain restricted-membership businesses (""The business shall not be a data center business, a retail business, or a business where a cover charge or membership requirement restricts certain individuals from entering the business""). Data center business is defined by reference to Iowa Code 423.3(95).",High,enacted,2025-06-06,Senate,bill,incentive_restriction,unknown,fiscal,,,,ia-sf657-2025
Iowa,IA,SSB3001 (2026),Senate Ways and Means Committee; Chair Dan Dawson,Committee bill; chair Republican,"Renumbered SF2472, passed Senate 2026-04-08 and House as amended 2026-04-22, both chambers concurred by 2026-05-03; Signed by Governor 2026-05-18, Acts Chapter 1115",Includes division affecting tax increment treatment of school foundation tax on qualified data center property.,High,enacted,2026-05-18,Senate,bill,reporting_disclosure,unknown,statewide,,,,ia-ssb3001-2026
Iowa,IA,SSB3103 (2026),Proposed Economic Development Authority bill,Agency bill,"Renumbered SF2301 then SF2506; substance enacted via successor vehicle HF2799, Signed by Governor 2026-06-02, Acts Chapter 1199",Amends economic development framework language referencing data center business eligibility exclusions in related programs.,High,enacted,2026-06-02,Senate,bill,other,unknown,unknown,,,,ia-ssb3103-2026
Iowa,IA,SSB3151 / HF2357 (2026),Senate Judiciary Committee; House Judiciary Committee,Committee bills,"Passed House 90-0 on 2026-03-02 and Senate 47-0 on 2026-04-06 (substituted for SF2372); Signed by Governor 2026-04-16, Acts Chapter 1040, effective 2026-07-01",Technical and statutory corrections including data center cross-reference edits in tax code sections.,High,enacted,2026-04-16,House,bill,other,unknown,unknown,,,,ia-ssb3151-hf2357-2026
Kansas,KS,HB 2433 floor amendment (2026),Sen. Michael Murphy amendment; Sen. Chase Blasi publicly supported drought-county pause per Wichita Eagle,Republican,"Sen. Michael Murphy's Committee of the Whole floor amendment (carrying data-center-moratorium-style language) was ruled germane and then rejected on 2026-03-12; the underlying county water-authority bill, HB 2433, passed the Senate 36-3-1 on 2026-03-13, was enrolled 2026-03-17, and was approved by the Governor on 2026-03-20.",Proposed data center moratorium language similar to SB 531 as an amendment to a county water-authority bill; Wichita Eagle reported 12-22 floor vote; [VERIFY exact vote-journal entry from Senate Journal of 2026-03-12].,High,failed_died,2026-03-12,House,bill,statewide_moratorium,failed,statewide,,,,ks-hb-2433-floor-amendment-2026
Kansas,KS,HB 2450 (2024),"House Committee on Commerce, Labor and Economic Development [VERIFY requester from 2024 House Commerce minutes]",Committee bill,"Died on Calendar 2024-04-30 (House); last substantive action was a 2024-02-14 House Commerce, Labor and Economic Development committee report recommending the substitute bill be passed.",House-side qualified data center incentive proposal.,High,failed_died,2024-04-30,House,bill,incentive_restriction,failed,fiscal,,,,ks-hb-2450-2024
Kansas,KS,HB 2483 (2026),"House Committee on Energy, Utilities and Telecommunications",Committee bill,Introduced with a hearing scheduled 2026-01-27 (later canceled/rescheduled through February 2026); Died in Committee 2026-04-10.,"Would have enacted the 'transparency and reform of utility expenditures act' -- a ratepayer-protection measure aimed at utility spending disclosure, relevant to the cost-allocation debate over utility investment driven by large new loads such as data centers.",High,failed_died,2026-04-10,House,bill,utility_large_load_restriction,failed,utility_grid,,,,ks-hb-2483-2026
Kansas,KS,HB 2664 (2026),"House Committee on Energy, Utilities and Telecommunications",Committee bill,"Introduced 2026-02-03; referred to House Energy, Utilities and Telecommunications 2026-02-04; Died in Committee 2026-04-10.","Would have established the 'private energy campus and industrial host-site electric generation act,' authorizing private enterprises located on a private energy campus (e.g., a large industrial or data-center site) to be served by dedicated on-site generation -- an alternative to grid interconnection relevant to how data centers are sited and powered.",High,failed_died,2026-04-10,House,bill,utility_large_load_restriction,failed,utility_grid,,,,ks-hb-2664-2026
Kansas,KS,HB 2728 (2026),"House Committee on Energy, Utilities and Telecommunications",Committee bill,"Introduced 2026-02-05; referred to House Energy, Utilities and Telecommunications same day; Died in Committee 2026-04-10.",Would have required the State Corporation Commission to establish uniform siting and permitting standards for certain energy facilities and would have limited local governmental actions relating to such siting -- a direct state-preemption-of-local-zoning-authority proposal relevant to data-center and energy-facility siting fights.,High,failed_died,2026-04-10,House,bill,local_moratorium_preemption,failed,local_government,,,,ks-hb-2728-2026
Kansas,KS,SB 400 (2026),Senate Committee on Utilities [VERIFY requester from Senate Utilities minutes],Committee bill,Died in Committee 2026-04-10 (Senate Committee on Utilities); last substantive action before that was referral to committee on 2026-01-28.,Would require data centers to use closed-loop cooling systems to mitigate water consumption.,High,failed_died,2026-04-10,Senate,bill,other,failed,unknown,,,,ks-sb-400-2026
Kansas,KS,SB 51 (2025/2026),Senate Committee on Commerce (original 2025 data-center version) [VERIFY original requester from Senate Commerce minutes],Committee bill,Original Senate data-center sales-tax-exemption language passed the Senate in 2025; a 2026 House Substitute replacing the subject with chief information security officer/IT-services authorities passed the House 123-1-1 on 2026-03-18; the Senate nonconcurred and requested a conference committee on 2026-03-23; the conference committee report was concurred in 38-1-1 on 2026-04-09; the bill was enrolled 2026-04-17 and approved by the Governor on 2026-04-27. The original qualified-data-center provisions were not enacted under this bill number.,"As enacted, the bill addresses chief information security officer authority to receive audit reports and related IT-services statutes; this is unrelated to the original qualified data-center sales-tax-exemption language, which was stripped out by the House Substitute.",High,enacted,2026-04-27,Senate,bill,other,unknown,unknown,,,,ks-sb-51-2025-2026
Kansas,KS,SB 526 (2026),Senate Committee on Assessment and Taxation [VERIFY requester from Senate Assessment and Taxation minutes],Committee bill,Died in Committee 2026-04-10 (Senate Committee on Commerce); last substantive action before that was referral to committee on 2026-03-04.,Would condition qualified data center sales tax exemption eligibility on location on land zoned industrial/manufacturing or not zoned as of 2025-07-01.,High,failed_died,2026-04-10,Senate,bill,incentive_restriction,failed,fiscal,,,,ks-sb-526-2026
Kansas,KS,SB 531 (2026),Senate Committee on Federal and State Affairs; requested by Sen. Michael Murphy (Republican),Committee bill,Died in Committee 2026-04-10 (Senate Committee on Utilities); last substantive action before that was introduction on 2026-03-09 and referral to committee 2026-03-10.,"Would prohibit installation, placement, construction, or operation of new large load data centers in counties with a drought emergency declared during the preceding three years; defines large load as 10 MW or more.",High,failed_died,2026-04-10,Senate,bill,utility_large_load_restriction,failed,utility_grid,,,,ks-sb-531-2026
Kansas,KS,SB 545 (2024),Senate Committee on Assessment and Taxation [VERIFY requester from 2024 Senate Assessment and Taxation minutes],Committee bill,Died on Calendar 2024-04-30 (Senate); last substantive action was a 2024-03-26 Senate Commerce committee report recommending the bill be passed.,Proposed an earlier data center sales tax exemption model.,High,failed_died,2024-04-30,Senate,bill,incentive_restriction,failed,fiscal,,,,ks-sb-545-2024
Kansas,KS,SB 92 (2025/2026),Senate Committee (utility large-load provisions),Committee bill,Conference Committee Report adopted (House 114-10-1 on 2026-03-26; Senate 39-0-1 on 2026-03-27); enrolled and presented to Governor 2026-04-03; approved by Governor on 2026-04-09.,"Extends the expiration date for provisions authorizing an electric utility to decline parallel generation service to certain large-load customers and to exempt certain large-load customers (i.e., data centers and similar facilities) from the determination of the utility's peak demand -- a ratepayer/cost-allocation measure directly tied to how utilities serve large new loads.",High,enacted,2026-04-09,Senate,bill,utility_large_load_restriction,unknown,utility_grid,,,,ks-sb-92-2025-2026
Kansas,KS,SB 98 (2025),"Senate Committee on Commerce; conference committee process included Sens. Larry Alley and Mike Petersen and Reps. Shannon Francis, Robyn Essex, Henry Helgerson, and Sean Tarwater per kslegislature.gov bill page",Committee bill,Conference Committee Report adopted by both chambers on 2025-04-11 (Senate Yea 26 Nay 8; House Yea 85 Nay 37); enrolled and presented to Governor 2025-04-18; approved by the Governor on 2025-04-24.,"Created qualified data center sales tax exemptions for construction/remodeling, equipment, eligible costs, and certain labor for firms committing at least $250 million and meeting jobs and related requirements.",High,enacted,2025-04-24,Senate,bill,incentive_restriction,unknown,fiscal,,,,ks-sb-98-2025
Kentucky,KY,HB 372 (2021 RS),P. Pratt; P. Flannery; M. Prunty; R. Webber,R (all four sponsors are members of the KY House Republican caucus per Ballotpedia/LRC),Vetoed by Governor 2021-04-09; no override recorded,Would have created a sales and use tax exemption framework for data centers.,Medium,vetoed,2021-04-09,House,bill,incentive_restriction,failed,fiscal,,,,ky-hb-372-2021-rs
Kentucky,KY,HB 544 (2026 RS),A. Moore; W. Lawrence,"D (Moore); R (Lawrence) — bipartisan introduction [VERIFY: precise district/affiliation for ""W. Lawrence"" not separately confirmed in captured records]",Died in House committee at 2026 RS sine die (2026-04-15); last recorded action 2026-02-10,Kentucky Ratepayer Protection Act; would require PSC-approved tariffs or contracts for data center loads over 100 MW and assign new infrastructure costs to the data center customer.,Medium,failed_died,2026-02-10,House,bill,utility_large_load_restriction,failed,utility_grid,,,,ky-hb-544-2026-rs
Kentucky,KY,HB 593 (2026 RS),J. Bray; J. Petrie; D. Elliott; J. Gooch Jr.; K. King; D. Osborne,R (all six are KY House Republicans; Osborne is House Speaker),Passed House 2026-03-04 (90-8); died in Senate committee at 2026 RS sine die (2026-04-15); last recorded action 2026-03-31,"Would require data center electric service contracts and tariffs, $75,000 minimum application fees, cost studies, dedicated resource rules for large loads, and protections against shifting electric, water, wastewater, and gas infrastructure costs to other customers.",Medium,failed_died,2026-03-31,House,bill,utility_large_load_restriction,failed,utility_grid,,,,ky-hb-593-2026-rs
Kentucky,KY,HB 775 (2025 RS),J. Nemes,R (KY House Republican),Became law without Governor's signature 2025-03-27 (Acts Ch. 98),Amended KRS 154.20-220 to allow incentives for data centers locating in areas with specified population thresholds.,Medium,enacted,2025-03-27,House,bill,incentive_restriction,unknown,fiscal,,,,ky-hb-775-2025-rs
Kentucky,KY,HB 8 (2024 RS),J. Petrie; S. Rudy; J. Bray,R (all three are KY House Republicans),Enacted as Acts Ch. 166; filed with Secretary of State 2024-04-12 after House ruled Governor's line-item vetoes invalid,Created the core qualified data center sales and use tax exemption structure and economic development program.,Medium,enacted,2024-04-12,House,bill,incentive_restriction,unknown,fiscal,,,,ky-hb-8-2024-rs
Kentucky,KY,SB 197 (2026 RS),Sen. Gex Williams (KY Senate Republican) [VERIFY: original SB 197 sponsor list not separately retrieved; Williams identified through bill record],R,Enacted as Acts Ch. 202 with Governor line-item vetoes 2026-04-27; data center provisions removed before final passage,"SB 197 is the state government agencies budget/appropriations vehicle bill ('AN ACT providing funding and establishing conditions for state government agencies and institutions, making an appropriation therefor, and declaring an emergency'), not a standalone data-center policy bill. House Committee Substitute 1 (2026-03-27) inserted HB 593-style data center electric-service provisions for municipal electric utilities: application/tariff process, $75,000 minimum nonrefundable application fee, 25 MW dedicated-resource threshold, prohibition on subsidizing data center customers via non-data-center rates, and curtailment-allocation rules. That language does not appear in House Committee Substitute 2 (2026-04-15), the version that actually passed both chambers, or in the final enacted bill text. SB 197 was enacted as Acts Ch. 202 (with Governor line-item vetoes of unrelated appropriations items) but contains no data center provisions in its final form.",Medium,enacted,2026-04-27,Senate,bill,reporting_disclosure,unknown,statewide,,,,ky-sb-197-2026-rs
Kentucky,KY,SB 319 (2026 RS),L. Tichenor,R (KY Senate Republican),Died in Senate Committee on Committees at 2026 RS sine die (2026-04-15); last recorded action 2026-03-02,"Would require decommissioning plans and financial security for data centers over 50 MW on land taxed as agricultural land within the prior 10 years, and would add energy and water efficiency engagement terms to incentive agreements.",Medium,failed_died,2026-03-02,Senate,bill,incentive_restriction,failed,fiscal,,,,ky-sb-319-2026-rs
Kentucky,KY,SB 330 (2026 RS),K. Herron,D,Died in Senate Committee on Committees at 2026 RS sine die (2026-04-15); last recorded action 2026-03-02,"Would limit data center nondisclosure and confidentiality agreements by public agencies, void provisions expanding secrecy beyond Kentucky open-records and open-meetings law, and require disclosure of project owner, location, incentives, utility demand, water use, infrastructure upgrades, and mitigation commitments.",Medium,failed_died,2026-03-02,Senate,bill,utility_large_load_restriction,failed,utility_grid,,,,ky-sb-330-2026-rs
Louisiana,LA,HB1206 (2026 RS),Rep. Joy Walters,D (LA House Democrat),"Died in House Natural Resources and Environment Committee; last action was committee consideration 2026-04-28, no report issued; 2026 RS adjourned sine die 2026-06-01 with no further movement","Would define data centers at 100 MW or more, require water permits for facilities exceeding 100 million gallons per year, require quarterly water-use reports, require parish notice and public hearings before permits, and assign unique identifiers to data center permits.",Low,failed_died,2026-04-28,House,bill,permitting_restriction,failed,statewide,,,,la-hb1206-2026-rs
Louisiana,LA,"HB827 (2024 RS), Act 730",Rep. Christopher Turner,R (LA House Republican),Enacted as Act 730; signed by Governor 2024-06-19; effective 2024-07-01,Created state and local sales and use tax rebate framework for qualifying data center facilities and equipment; Governor's office identified Act 730 as the incentive expected to support Meta's Richland Parish project.,Low,enacted,2024-06-19,House,bill,incentive_restriction,unknown,fiscal,,,,la-hb827-2024-rs-act-730
Louisiana,LA,HB922 (2026 RS),Rep. Rodney Schamerhorn; Rep. Wilford Carter Sr.,R (Schamerhorn) / D (Carter) — bipartisan introduction,"Died in House Commerce Committee; last action was committee consideration 2026-04-21, no report issued; 2026 RS adjourned sine die 2026-06-01 with no further movement",Would define data centers at 50 MW or more of new or expanded electric demand and bar electric utilities from recovering data-center-related costs from household customers.,Low,failed_died,2026-04-21,House,bill,other,failed,unknown,,,,la-hb922-2026-rs
Louisiana,LA,HCR61 (2025 RS),Rep. Kimberly Coates,R (LA House Republican),Adopted by House 93-0 on 2025-06-08; received by Senate same day but never brought up for concurrence -- returned to Senate calendar subject to call 2025-06-09 and died there when the 2025 RS ended,"Would create a special task force to study interagency consultation for data centers and natural resource planning, including water and energy impacts.",Low,failed_died,2025-06-09,House,bill,other,failed,unknown,,,,la-hcr61-2025-rs
Louisiana,LA,"SB79 (2025 RS), Act 36",Sen. Adam Bass,R (LA Senate Republican),Enacted as Act 36; signed by Governor 2025-06-04; effective 2025-08-01,Explicitly classified construction and operation of data centers and associated commercial operations as an industrial area; allowed industrial areas to use cooperative agreements to provide required services.,Low,enacted,2025-06-04,Senate,bill,other,unknown,unknown,,,,la-sb79-2025-rs-act-36
Maine,ME,"LD 1259 / SP 380, 125th Legislature",Sen. Roger Sherman,"R (ME Senate Republican, Aroostook)","Ought Not to Pass pursuant to Joint Rule 310, 2011-05-17",Proposed to encourage computer data center development; not a moratorium.,Medium,failed_died,2011-05-17,Senate,bill,statewide_moratorium,failed,statewide,,,,me-ld-1259-sp-380-125th-legislature
Maine,ME,"LD 1722 / HP 1202, 128th Legislature",Rep. Stephen Stanley,"D (ME House Democrat, Medway)","Ought Not to Pass pursuant to Joint Rule 310, 2018-03-22",Proposed sales tax refund/exemption structure for computer data center development; not a moratorium.,Medium,failed_died,2018-03-22,House,bill,statewide_moratorium,failed,statewide,,,,me-ld-1722-hp-1202-128th-legislature
Maine,ME,"LD 192 / HP 169, 125th Legislature",Rep. Cynthia Dill,"D (ME House Democrat, then-Cape Elizabeth)","Ought Not to Pass pursuant to Joint Rule 310, 2011-03-15","Proposed to bring a ""green data center"" to Maine; not a moratorium.",Medium,failed_died,2011-03-15,House,bill,statewide_moratorium,failed,statewide,,,,me-ld-192-hp-169-125th-legislature
Maine,ME,"LD 307 / HP 207, 132nd Legislature",Rep. Melanie Sachs; original bill page also identifies Rep. Drew Gattine on adopted amendment H-1051,Democratic,"Passed both chambers (House enactment vote 83-66, 2026-04-08); vetoed by Gov. Janet Mills 2026-04-24; House override attempt failed 72-65 (92 needed for 2/3) on 2026-04-29; Veto Sustained, 2026-04-29","Would have prohibited any municipality, state agency, or quasi-independent state entity from accepting applications or issuing permits, certificates, or approvals for development, construction, or operation of a data center with a load of 20 MW or more until 2027-11-01. Would have created the Maine Data Center Coordination Council to study ratepayer, grid reliability, environmental, host-community, data-sharing, impact fee, demand response, and community benefit agreement issues, with report due 2027-02-01.",Medium,vetoed,2026-04-29,House,bill,utility_large_load_restriction,failed,utility_grid,,,,me-ld-307-hp-207-132nd-legislature
Maine,ME,"LD 713 / HP 452, 132nd Legislature; Public Law 2026, c. 768",Rep. Daniel Sayre,Democratic,"Signed by Governor 2026-04-23, Public Law 2026 c. 768","Excludes data centers beginning operations on or after 2026-08-01 from the Business Equipment Tax Exemption and Dirigo Business Incentives Program. Defines ""data center"" in Title 36 and requires the Department of Economic and Community Development to study financial incentives that data centers may benefit from, with report due 2026-11-04.",Medium,enacted,2026-04-23,House,bill,incentive_restriction,unknown,fiscal,,,,me-ld-713-hp-452-132nd-legislature-public-law-2026-c-768
Maine,ME,"LD 912 / SP 402, 132nd Legislature; Public Law 2025, c. 85",Sen. Glenn Curry,D (ME Senate Democrat),"Emergency enacted and signed by Governor 2025-05-23, Public Law 2025 c. 85",Amended Title 35-A definition of transmission and distribution utility. A private-distribution exception for a northern Maine commercial or industrial site does not apply if more than 25% of the entity's nameplate capacity serves data centers on that site.,Medium,enacted,2025-05-23,Senate,bill,utility_large_load_restriction,unknown,utility_grid,,,,me-ld-912-sp-402-132nd-legislature-public-law-2025-c-85
Maryland,MD,HB0120 (2026),Del. Fisher et al.,R primary,Died in House Environment and Transportation Committee (no vote after 2/3 hearing); Sine Die 2026-04-13,"Statewide moratorium on construction and government approval of new data centers; would terminate if co-location legislation for data centers and gas, nuclear, or small modular reactor generation is enacted.",Medium,failed_died,2026-01-19,House,bill,statewide_moratorium,failed,statewide,,,,md-hb0120-2026
Maryland,MD,HB0293 / SB0056 (2026),"House Ways and Means Committee; Senate Education, Energy, and the Environment Committee",Committee bills,"Approved by Governor, Chapter 100 (HB0293), effective 2026-07-01",Authorizes Maryland Longitudinal Data System Center external data sharing with third-party data centers for multistate reporting; not a siting moratorium.,Medium,enacted,2026-04-14,House,bill,statewide_moratorium,unknown,statewide,,,,md-hb0293-sb0056-2026
Maryland,MD,HB0560 (2026),Del. Palakovich Carr et al.,D primary,Died in House Ways and Means Committee (no vote after 2/12 hearing); Sine Die 2026-04-13,Repeals sales and use tax exemption for qualified data center personal property and local authority to reduce or eliminate assessment of qualified data center personal property.,Medium,failed_died,2026-01-28,House,bill,incentive_restriction,failed,fiscal,,,,md-hb0560-2026
Maryland,MD,HB0799 (2026),Del. Miller,R,Died in House Environment and Transportation Committee (no vote after 2/24 hearing); Sine Die 2026-04-13,Maryland Co-Location Energy Innovation and Reliability Act; data center/generation co-location framework.,Medium,failed_died,2026-02-05,House,bill,other,failed,unknown,,,,md-hb0799-2026
Maryland,MD,HB0940 / SB0596 (2026),Del. Charkoudian; Sen. Hester,D / D,"Died in committee, both chambers (no vote after hearings; SB0596 hearing rescheduled to 3/5); Sine Die 2026-04-13",Large load customer interconnection and demand response program; would create interconnection process and prioritization provisions for certain large loads.,Medium,failed_died,2026-02-24,House,bill,utility_large_load_restriction,failed,utility_grid,,,,md-hb0940-sb0596-2026
Maryland,MD,HB1082 (2026),Del. R. Long,R,Died in House Environment and Transportation Committee (no vote after 3/3 hearing); Sine Die 2026-04-13,Applies large load customer rate schedule requirements to certain data centers and moves utility filing deadline to 2027-01-01.,Medium,failed_died,2026-02-12,House,bill,utility_large_load_restriction,failed,utility_grid,,,,md-hb1082-2026
Maryland,MD,HB1411 (2026),Del. Ruth,D,Died in House Environment and Transportation Committee (no vote after 3/10 hearing); Sine Die 2026-04-13,"Requires large-scale data center disclosure reports and requires local jurisdictions with at least 10,000 residents to adopt local large-scale data center plans by 2027-06-30.",Medium,failed_died,2026-03-10,House,bill,reporting_disclosure,failed,statewide,,,,md-hb1411-2026
Maryland,MD,HB1532 / SB0841 (2026),Speaker Pena-Melnyk; Sen. Feldman,D / D,"Conference report adopted both chambers 2026-04-13; Approved by Governor, Chapter 353, 2026-05-12","Utility RELIEF Act. Establishes large load customer registry, voluntary clean capacity rating program, interconnection process, and Baltimore City data center limits in certain development districts.",Medium,enacted,2026-05-12,House,bill,utility_large_load_restriction,unknown,utility_grid,,,,md-hb1532-sb0841-2026
Maryland,MD,HB1534 (2026),Del. Miller,R,Died in House Environment and Transportation Committee (no vote after 3/10 hearing); Sine Die 2026-04-13,"Requires data center standards, MDE sound/vibration and backup generation rules, agricultural land siting limits, and applicant reports.",Medium,failed_died,2026-02-13,House,bill,reporting_disclosure,failed,statewide,,,,md-hb1534-2026
Maryland,MD,HB1595 / SB0427 (2026),Del. Hornberger; Sen. Lewis Young,R / D,"Died in committee, both chambers (HB1595 never left House Rules; SB0427 no vote after 2/18 hearing); Sine Die 2026-04-13",Allows Baltimore City and counties to create a special personal property tax subclass and rate for qualified data centers.,Medium,failed_died,2026-02-15,House,bill,other,failed,unknown,,,,md-hb1595-sb0427-2026
Maryland,MD,SB0853 (2026),Sen. Sydnor,D,"Died in Senate Education, Energy, and the Environment Committee (no vote after 3/5 hearing); Sine Die 2026-04-13",Regulates nondisclosure agreements in economic development activity; relevant to data center transparency debates.,Medium,failed_died,2026-02-16,Senate,bill,reporting_disclosure,failed,statewide,,,,md-sb0853-2026
Maryland,MD,SB0992 (2026),Sen. Hester,D,"Died in Senate Education, Energy, and the Environment Committee (no vote after 3/12 hearing); Sine Die 2026-04-13","Public Utilities - Large Load Customers - Registration and Demand Response Program; registration, information disclosure, demand response, cost allocation, and data center incentive conditions.",Medium,failed_died,2026-03-06,Senate,bill,utility_large_load_restriction,failed,utility_grid,,,,md-sb0992-2026
Maryland,MD,SB1000 (2026),Sen. Ferguson,D,Died in Senate Rules Committee (never referred to a substantive committee or heard); Sine Die 2026-04-13,Expands transmission-line requirements and prohibits construction of data centers in certain Baltimore City development districts.,Medium,failed_died,2026-02-23,Senate,bill,other,failed,unknown,,,,md-sb1000-2026
Massachusetts,MA,Chapter 238 of the Acts of 2024 / G.L. c. 64H Section 6(zz),Conference legislation,N/A,Enacted 2024 as Chapter 238 of the Acts of 2024; codified data-center sales/use tax exemption at G.L. c. 64H Section 6(zz) remains in force as of 2026-07-31,"Creates sales/use tax exemption for qualified data center equipment, software, electricity, and construction costs; 20-year qualification period; 100,000-square-foot and $50 million thresholds.",Medium,enacted,,Joint,bill,incentive_restriction,unknown,fiscal,,,,ma-chapter-238-of-the-acts-of-2024-g-l-c-64h-section-6-zz
Massachusetts,MA,H.4144 (194th),Gov. Maura T. Healey,D,Accompanied a study order (H.5324) 2026-04-06; effectively shelved for the remainder of the 194th General Court,"Broad energy affordability and grid bill; not a data center moratorium bill, but addresses load growth, grid planning, and utility infrastructure cost allocation.",Medium,failed_died,2026-04-06,House,bill,statewide_moratorium,failed,statewide,,,,ma-h-4144-194th
Massachusetts,MA,H.83 (194th),"Rep. Bradley H. Jones, Jr.; cosponsors Kimberly N. Ferguson, Paul K. Frost, Todd M. Smola, Kelly W. Pease",R-led,"Reported favorably by Joint Committee on Advanced Information Technology, the Internet and Cybersecurity 2025-12-24; discharged from Joint Rules and referred to House Rules Committee 2026-01-08; pending as of 2026-07-31","Creates a special legislative commission to study load growth due to AI and data centers, including high-performance computing and electrification demand.",Medium,in_committee,2026-01-08,House,bill,other,proposed,unknown,,,,ma-h-83-194th
Massachusetts,MA,HD.5404 (194th),Rep. Rodney M. Elliott; Rep. Tara T. Hong added as petitioner,D,Referred to House Rules Committee 2025-12-11; no further action recorded as of 2026-07-31,Would add G.L. c. 164 Section 152 to prevent residential and income-eligible customers from bearing increased electric costs caused by large or qualified data centers; covered facilities include sites able to use 10 MW or more.,Medium,in_committee,2025-12-11,House,bill,other,proposed,unknown,,,,ma-hd-5404-194th
Massachusetts,MA,S.37 -> S.2630 (194th),"Sen. Barry R. Finegold; reported by Joint Committee on Advanced Information Technology, the Internet and Cybersecurity",D; committee bill,"Reported favorably from Joint Committee on Advanced Information Technology, the Internet and Cybersecurity as new-draft S.2630, referred to Senate Ways and Means 2025-10-16; pending as of 2026-07-31",AI economic development and safety bill with compute-related provisions; not a data center moratorium bill.,Medium,in_committee,2025-10-16,Senate,bill,statewide_moratorium,proposed,statewide,,,,ma-s-37-s-2630-194th
Michigan,MI,2024 PA 181,Legislature; use-tax incentive act,Mixed,Enacted as 2024 PA 181; in effect and not repealed as of 2026-07-31,Created or expanded qualified and enterprise data center use-tax exemptions through 2050 if conditions are met.,High,enacted,,unknown,bill,incentive_restriction,unknown,fiscal,,,,mi-2024-pa-181
Michigan,MI,HB 4906 (2023),Rep. Joey Andrews,D,Passed House 2023-11-08 (79-30); passed Senate as substituted 2024-05-16 (22-11); House concurred 2024-11-13 (64-45); Senate concurred 2024-12-12; approved by Governor 2025-01-17; enacted as 2024 PA 207,Expanded sales-tax exemption framework for enterprise data centers.,High,enacted,2025-01-17,House,bill,incentive_restriction,unknown,fiscal,,,,mi-hb-4906-2023
Michigan,MI,HB 5396 (2025),Rep. Dylan Wegela,D,Introduced 2025-12-17; referred to House Committee on Economic Competitiveness; no further action as of 2026-07-31,Repeals sales-tax data-center exemption in MCL 205.54ee.,High,in_committee,2025-12-18,House,bill,other,proposed,unknown,,,,mi-hb-5396-2025
Michigan,MI,HB 5397 (2025),Rep. James DeSana,R,Introduced 2025-12-17; referred to House Committee on Economic Competitiveness; no further action as of 2026-07-31,Repeals use-tax data-center exemption in MCL 205.94cc.,High,in_committee,2025-12-18,House,bill,other,proposed,unknown,,,,mi-hb-5397-2025
Michigan,MI,HB 5398 (2025),Rep. Erin Byrnes,D,Introduced 2025-12-17; referred to House Committee on Economic Competitiveness; no further action as of 2026-07-31,Conforming property-tax change tied to repeal package.,High,in_committee,2025-12-18,House,bill,other,proposed,unknown,,,,mi-hb-5398-2025
Michigan,MI,HB 5399 (2025),Rep. Reggie Miller,D,Introduced 2025-12-18; referred to House Committee on Economic Competitiveness; no further action as of 2026-07-31,Would prohibit local officials from signing NDAs related to data-center construction.,High,in_committee,2025-12-23,House,bill,reporting_disclosure,proposed,statewide,,,,mi-hb-5399-2025
Michigan,MI,HB 5594 (2026),"Rep. Jennifer Wortz; cosponsors include Reps. Paquette, Fox, Miller, Wegela, Foreman, DeSana, Smit, Schriver, Byrnes, and Rigas",R lead; bipartisan cosponsors,Introduced 2026-02-26; referred to House Committee on Government Operations; no further action as of 2026-07-31,"Creates the Data Center Regulation Act; bars local units and EGLE from issuing approvals for data centers and bars new operations until 2027-04-01; civil fine up to $1,000 per day for operating violations.",High,in_committee,2026-03-03,House,bill,other,proposed,unknown,,,,mi-hb-5594-2026
Michigan,MI,HB 5595 (2026),"Rep. Dylan Wegela; cosponsors include Reps. Wortz, Paquette, Fox, Foreman, Miller, DeSana, Smit, Byrnes, and Schriver",D lead; bipartisan cosponsors,Introduced 2026-02-26; referred to House Committee on Government Operations; no further action as of 2026-07-31,"Bars MPSC approval of any electric-utility contract, tariff, discount, or rate with a qualified data center until 2027-04-01.",High,in_committee,2026-03-03,House,bill,utility_large_load_restriction,proposed,utility_grid,,,,mi-hb-5595-2026
Michigan,MI,HB 5596 (2026),"Rep. Joseph Fox; cosponsors include Reps. Wortz, Wegela, Byrnes, Paquette, Foreman, DeSana, Smit, and Schriver",R lead; bipartisan cosponsors,Introduced 2026-02-26; referred to House Committee on Government Operations; no further action as of 2026-07-31,Tie-bar amendment to the Michigan Zoning Enabling Act referencing the Data Center Regulation Act.,High,in_committee,2026-03-03,House,bill,permitting_restriction,proposed,statewide,,,,mi-hb-5596-2026
Michigan,MI,HB 5881 (2026),"Reps. Reggie Miller, Dievendorf, and Paiz",D (all three; Reggie Miller and Emily Dievendorf both list profiles on housedems.com; Paiz does not appear on the Michigan House Republican caucus roster at gophouse.org/members),Introduced 2026-04-23; referred to House Committee on Government Operations; no further action as of 2026-07-31,Tie-bar amendment to the Michigan Zoning Enabling Act adding reference to the Data Center Planning and Responsibility Act.,High,in_committee,2026-04-28,House,bill,permitting_restriction,proposed,statewide,,,,mi-hb-5881-2026
Michigan,MI,HB 5882 (2026),"Reps. Reggie Miller, Dievendorf, and Paiz",D (all three; see HB 5881 row),Introduced 2026-04-23; referred to House Committee on Government Operations; no further action as of 2026-07-31,"Regulates local moratoria on large-scale data centers and cryptocurrency mining facilities; requires ordinance or resolution at a public meeting, public-interest findings, hardship appeal, NDA prohibition, 6-month initial cap, one 90-day extension cap, final hearing, and MPSC thresholds for large-scale classification.",High,in_committee,2026-04-28,House,bill,reporting_disclosure,proposed,statewide,,,,mi-hb-5882-2026
Michigan,MI,SB 761 (2025),Sen. Rosemary Bayer,D,Introduced 2025-12-18; referred to Senate Committee on Energy and Environment; no further action as of 2026-07-31,"Prohibits water withdrawal permits for users averaging over 2,000,000 gallons/day for consumptive use.",High,in_committee,2025-12-18,Senate,bill,permitting_restriction,proposed,statewide,,,,mi-sb-761-2025
Michigan,MI,SB 762 (2025),Sen. Sue Shink,D,"Introduced 2025-12-18; referred to Senate Committee on Energy and Environment; co-sponsors added 2026-06-24 and 2026-07-01; still pending, no committee vote as of 2026-07-31",Requires data-center energy and water usage reporting through amendment to MCL 460.5a.,High,in_committee,2026-07-01,Senate,bill,reporting_disclosure,proposed,statewide,,,,mi-sb-762-2025
Michigan,MI,SB 763 (2025),Sen. Erika Geiss,D,"Introduced 2025-12-18; referred to Senate Committee on Energy and Environment; co-sponsors added 2026-06-24 and 2026-07-01; still pending, no committee vote as of 2026-07-31",Bars water utilities from passing data center infrastructure costs onto residential customers.,High,in_committee,2026-07-01,Senate,bill,other,proposed,unknown,,,,mi-sb-763-2025
Minnesota,MN,2025 1st Special Session HF 16 / Chapter 12,Rep. Greg Davids; Rep. Jon Huot; Sen. Ann H. Rest,R; DFL; DFL,"Approved by Governor 2025-06-14, 2025 1st Special Session Chapter 12","Created a statewide data-center regulatory package. Key provisions include water preapplication review for data centers proposing more than 100,000,000 gallons per year of consumptive use, permit conditions for large water appropriation projects, utility tariff provisions for very large customers, an annual qualified large-scale data center fee based on peak MW, and modified sales and use tax exemptions.",Medium,enacted,2025-06-14,House,bill,utility_large_load_restriction,unknown,utility_grid,,,,mn-2025-1st-special-session-hf-16-chapter-12
Minnesota,MN,HF 3793 (2026),Sponsor list not parsed from captured Revisor page (Authors section was empty in captured snapshot) [VERIFY: HF 3793 author list not extracted from captured Revisor page; page renders authors via JavaScript and was not captured],[VERIFY],Died in House Environment and Natural Resources Finance and Policy Committee (last log entry: author added 2026-05-13); Sine Die 2026-05-18,Would require certain users of large amounts of groundwater to apply for their own water-use permit instead of modifying an existing municipal permit. Data centers are one target use in captured hearing testimony and bill text.,Medium,failed_died,2026-05-13,House,bill,permitting_restriction,failed,statewide,,,,mn-hf-3793-2026
Minnesota,MN,HF 4077 (2026),Sponsor list not parsed from captured Revisor page [VERIFY: HF 4077 author list not extracted from captured Revisor page],[VERIFY],Died in House Judiciary Finance and Civil Law Committee (last log entry: authors added 2026-05-11); Sine Die 2026-05-18,Would prohibit municipalities from entering nondisclosure agreements or contracts that restrict municipal disclosure of information about projects using public funding; state testimony connects the bill to data center secrecy disputes.,Medium,failed_died,2026-05-11,House,bill,reporting_disclosure,failed,statewide,,,,mn-hf-4077-2026
Minnesota,MN,HF 4814 / SF 4548 (2026),"Rep. Jon Huot (DFL), Rep. Natalie Zeleznikar (R), Rep. Kari Rehrauer (DFL); Senate companion authors not confirmed in captured records [VERIFY: SF 4548 author list not extracted from captured Revisor page]",Mixed DFL and R,"Died in committee, both chambers (HF4814 last authors added 2026-04-22; SF4548 re-referred to Judiciary and Public Safety 2026-03-25); Sine Die 2026-05-18",Would bar local elected officials from entering nondisclosure agreements or similar contracts restricting public disclosure of information about potential data center development.,Medium,failed_died,2026-04-22,House,bill,reporting_disclosure,failed,statewide,,,,mn-hf-4814-sf-4548-2026
Minnesota,MN,SF 3968 / HF 2928 (2026),"Sen. Jen McEwen, Sen. Ann Johnson Stewart, Sen. Erin Maye Quade",DFL (all three are MN Senate DFL caucus),"Died in committee, both chambers (SF3968 no action after referral 2026-02-26; HF2928 last authors added 2026-04-09); Sine Die 2026-05-18","Broad data center regulation bill. Revisor text includes environmental review requirements for 100 MW+ data centers or expansions, carbon-free energy procurement requirements, utility and energy facility provisions, and fee/account changes.",Medium,failed_died,2026-04-09,Senate,bill,utility_large_load_restriction,failed,utility_grid,,,,mn-sf-3968-hf-2928-2026
Minnesota,MN,SF 4203 (2026),Author list not parsed from captured Revisor page [VERIFY: SF 4203 author list not extracted from captured Revisor page],[VERIFY],Died in Senate Taxes Committee (last log entry: co-author added 2026-03-17); Sine Die 2026-05-18,Would modify sales and use tax exemptions for data centers.,Medium,failed_died,2026-03-17,Senate,bill,incentive_restriction,failed,fiscal,,,,mn-sf-4203-2026
Minnesota,MN,SF 4296 / HF 4512 (2026),"Sen. Erin Maye Quade, Sen. Tou Xiong, Sen. Jim Abeler, Sen. Ann Johnson Stewart, Sen. Jen McEwen",Mixed DFL and R,"Died in committee, both chambers (SF4296 passed second reading 2026-03-18 but no third-reading floor vote; HF4512 last authors added 2026-04-09); Sine Die 2026-05-18",Would require public hearings and disclosures before local approval of data center development.,Medium,failed_died,2026-04-09,Senate,bill,reporting_disclosure,failed,statewide,,,,mn-sf-4296-hf-4512-2026
Minnesota,MN,SF 4298 / HF 4888 (2026),"SF: Sen. Jen McEwen, Sen. Erin Maye Quade, Sen. Lindsey Port, Sen. John Marty, Sen. A. Erin Clark; HF: Rep. Leigh Finke, Rep. Alicia Kozlowski, Rep. Tou Xiong, Rep. Brion Curran, Rep. Tuldok T. Buck","DFL (all listed Senate authors are DFL; House authors are DFL based on House Majority Caucus rosters; ""Buck"" is Tuldok T. Buck, DFL)","Died in committee, both chambers (SF4298 no action after referral 2026-03-09; HF4888 last co-author added 2026-05-05); Sine Die 2026-05-18","Would impose a state and local permitting moratorium for data centers until one calendar year after the Public Utilities Commission submits a comprehensive data center report, due by 2027-07-01 with possible extension to 2028-01-01. Report topics include energy, water, metals, localized impacts, listed species, Tribal treaty rights, economic impacts, suitable locations, and public comment.",Medium,failed_died,2026-05-05,Senate,bill,statewide_moratorium,failed,statewide,,,,mn-sf-4298-hf-4888-2026
Minnesota,MN,SF 4816 (2026),Sen. Mary Kunesh,DFL,"Died in Senate Environment, Climate, and Legacy Committee (no action after referral 2026-03-25); Sine Die 2026-05-18",Would require Environmental Quality Board rulemaking to make construction of a data center subject to mandatory environmental impact statement preparation.,Medium,failed_died,2026-03-25,Senate,bill,reporting_disclosure,failed,statewide,,,,mn-sf-4816-2026
Minnesota,MN,SF 5100 (2026),Author list not parsed from captured Revisor page [VERIFY: SF 5100 author list not extracted from captured Revisor page],[VERIFY],"Died in Senate Energy, Utilities, Environment, and Climate Committee (no action after referral 2026-04-13); Sine Die 2026-05-18","Would modify water preapplication evaluation criteria, solar standard treatment, qualified large-scale data center fees, electricity tax treatment, and energy generation redundancy provisions.",Medium,failed_died,2026-04-13,Senate,bill,reporting_disclosure,failed,statewide,,,,mn-sf-5100-2026
Minnesota,MN,SF 5231 (2026),Author list not parsed from captured Revisor page [VERIFY: SF 5231 author list not extracted from captured Revisor page],[VERIFY],Died in Senate Taxes Committee (last log entry: co-author added 2026-04-28); Sine Die 2026-05-18,Would repeal the data center tax exemption and repeal a contingent reduction in special education aid appropriations.,Medium,failed_died,2026-04-28,Senate,bill,incentive_restriction,failed,fiscal,,,,mn-sf-5231-2026
Minnesota,MN,SF 608 / HF 1109 (2025),"Sen. Bill Lieske, Sen. Erin Maye Quade, Sen. Nathan Wesenberg, Sen. Glenn Gruenhagen, Sen. Jen McEwen; House companion by Rep. Drew Roach","Mixed R (Lieske, Wesenberg, Gruenhagen, Roach) and DFL (Maye Quade, McEwen) [VERIFY: full House author list for HF 1109 not separately confirmed beyond Roach]","Died in committee, both chambers (SF608 no action after 2025-03-20; HF1109 no action after introduction 2025-02-19); Sine Die 2026-05-18",Would prohibit enterprise data centers in nonindustrial districts and allow them by conditional use in industrial districts.,Medium,failed_died,2025-03-20,Senate,bill,other,failed,unknown,,,,mn-sf-608-hf-1109-2025
Mississippi,MS,HB1239 (2025),Rep. Trey Lamar,Republican,Died in conference 2025-03-29,"Would revise data center enterprise definitions and state tax exemption terms in Sections 57-113-21, 57-113-23, and 57-113-25.",Low,failed_died,2025-03-29,House,bill,incentive_restriction,failed,fiscal,,,,ms-hb1239-2025
Mississippi,MS,HB1393 (2026),Reps. Brent Powell and Jeff Hale,Republican,"Approved by Governor 2026-04-08; enacted as Chapter 459, Laws of 2026, effective 2026-07-01","Creates the Mississippi Energy Infrastructure Fund. The definition of ""project"" includes data centers, making data-center-serving energy infrastructure potentially eligible for grants, loans, or other assistance through MDA, while excluding electric utilities as direct recipients.",Low,enacted,2026-04-08,House,bill,other,unknown,unknown,,,,ms-hb1393-2026
Mississippi,MS,HB4010 (2026),Rep. Ronnie Crudup Jr.,Democratic,Died in House Ways and Means committee 2026-02-25,"Would revise the MFLEX framework and include a certified ""new data center enterprise"" or expansion as a qualifying enterprise category.",Low,failed_died,2026-02-25,House,bill,other,failed,unknown,,,,ms-hb4010-2026
Mississippi,MS,HB4045 (2026),Rep. Trey Lamar,Republican,Died on calendar 2026-02-25 (Ways and Means reported favorably 2026-02-24 but bill did not reach a floor vote before the committee deadline),Would end certain income tax exemptions for income from qualifying data center projects after calendar year 2026 and create the Mississippi Strategic Development Fund funded partly through fee-in-lieu payments for projects over $2 billion.,Low,failed_died,2026-02-25,House,bill,incentive_restriction,failed,fiscal,,,,ms-hb4045-2026
Mississippi,MS,SB3106 (2024),Sen. Josh Harkins,Republican,Passed Senate 2024-03-27; died in House Ways and Means committee 2024-04-16,"Would amend data center tax exemption provisions in Miss. Code Sections 57-113-21, 57-113-23, and 57-113-25, including definitions, application contents, and cure periods before forfeiture.",Low,failed_died,2024-04-16,Senate,bill,incentive_restriction,failed,fiscal,,,,ms-sb3106-2024
Mississippi,MS,SB3168 (2025),Sen. Josh Harkins,Republican,Passed Senate 2025-02-26; died in House committee (State Affairs/Ways and Means) 2025-03-18,Would revise data center exemption definitions and create up to two additional 10-year exemption extensions for qualifying data center additions or expansions.,Low,failed_died,2025-03-18,Senate,bill,other,failed,unknown,,,,ms-sb3168-2025
Mississippi,MS,SB3410 (2026),Sen. Josh Harkins,Republican,"Approved by Governor 2026-04-08; enacted as Chapter 936, Laws of 2026, effective upon passage","Authorizes Brandon and the West Rankin Utility Authority to enter agreements with data center or related technology facility developers/operators for water and wastewater infrastructure, reclaimed water delivery, wastewater treatment, capacity guarantees, assignment rights, rates, and terms up to 30 years with renewal options.",Low,enacted,2026-04-08,Senate,bill,utility_large_load_restriction,unknown,utility_grid,,,,ms-sb3410-2026
Missouri,MO,HB 2239 (2026),Rep. Marty Joe Murray,Democrat,"Referred to House Emerging Issues Committee 2026-05-15 (last recorded action, the day of constitutional adjournment); no hearing was ever scheduled and no committee action followed; died without further action at sine die, 2026-05-15","Artificial Intelligence Data Center Environmental Accountability Act. Applies to AI-optimized data centers with 100 MW or greater IT load and major expansions; requires closed-loop or equivalent cooling, annual environmental and health reports, water and air monitoring, public health complaint reporting, and penalties.",Medium,failed_died,2026-05-15,House,bill,reporting_disclosure,failed,statewide,,,,mo-hb-2239-2026
Missouri,MO,HB 3362 (2026),Rep. Colin Wellenkamp,Republican,"Public Hearing Completed in House Conservation and Natural Resources Committee 2026-03-30 (last recorded action); no committee vote, Do Pass report, or calendar placement followed; died without further action at sine die, 2026-05-15","Creates new provisions for industrial utility users. Press release describes the bill as requiring large-load electricity consumers, including data centers, to pay costs for grid expansions, new generating capacity, or infrastructure upgrades; also creates water-resource protections.",Medium,failed_died,2026-03-30,House,bill,utility_large_load_restriction,failed,utility_grid,,,,mo-hb-3362-2026
Missouri,MO,HB 3364 (2026),Rep. Mike Costlow,Republican,"Public Hearing Completed in House Conservation and Natural Resources Committee 2026-03-30 (last recorded action); no committee vote, Do Pass report, or calendar placement followed; died without further action at sine die, 2026-05-15",Companion or related industrial utility user bill with major industrial water-user permit language.,Medium,failed_died,2026-03-30,House,bill,utility_large_load_restriction,failed,utility_grid,,,,mo-hb-3364-2026
Missouri,MO,HB 3369 (2026),Rep. Marty Joe Murray,Democrat,"Referred to House Emerging Issues Committee 2026-05-15 (last recorded action, the day of constitutional adjournment); no hearing was ever scheduled and no committee action followed; died without further action at sine die, 2026-05-15","One-year St. Louis data center permitting pause. Would pause acceptance, processing, or approval of applications allowing creation or expansion of data centers until 2027-08-28 in a city not within a county; applications submitted before 2026-08-28 would be exempt.",Medium,failed_died,2026-05-15,House,bill,permitting_restriction,failed,statewide,,,,mo-hb-3369-2026
Missouri,MO,HB 3390 (2026),Rep. Scott Cupps,Republican,"Referred to House Emerging Issues Committee 2026-05-15 (last recorded action, the day of constitutional adjournment); no hearing was ever scheduled and no committee action followed; died without further action at sine die, 2026-05-15","Creates hyperscale data center siting restrictions. Defines hyperscale at 25 MW or more; prohibits hyperscale data centers in specified land use categories and agricultural zoning in unincorporated areas; adds 500-foot setback/native planting barrier, noise-control, local approval, ratepayer cost-shift, incentive affidavit, and major industrial water-user permit provisions.",Medium,failed_died,2026-05-15,House,bill,utility_large_load_restriction,failed,utility_grid,,,,mo-hb-3390-2026
Missouri,MO,SB 1750 (2026),Sen. Tracy McCreery,unknown,"Second Read and Referred to Senate Transportation, Infrastructure and Public Safety Committee 2026-05-07 (last recorded action, 8 days before adjournment); no hearing was scheduled; died without further action at sine die, 2026-05-15","Creates provisions relating to the regulation of large load electric customers. Lowers the Public Service Commission tariff-filing threshold for large electrical corporations (over 250,000 customers) from 100 MW to 50 MW of projected annual peak demand (Section 393.130.7). New Section 393.325 requires an owner/operator of a 'large load facility' (a category that includes data centers) intending to operate after 2026-08-28 to file a disclosure of intent with the PSC before signing utility contracts, undergo PSC-reviewed pre- and post-construction studies, bear its own infrastructure costs without shifting them to other ratepayers in general rate cases, contribute to low-income ratepayer assistance programs once operational, and implement an emergency curtailment system (with exemptions for hospitals, long-term care, and first-responder facilities).",Medium,failed_died,2026-05-07,Senate,bill,utility_large_load_restriction,failed,utility_grid,,,,mo-sb-1750-2026
Missouri,MO,SB 4 (2025),Sen. Mike Cierpiot,Republican,Enacted; Truly Agreed To and Finally Passed 2025-03-13; signed by Governor 2025-04-09 (Senate Journal p. S788); effective 2025-08-28; no repeal or amendment identified as of 2026-07-31,"Utility law requiring large-load tariff filings. Missouri PSC later approved Ameren Missouri's large-load plan for customers needing 75 MW or more of monthly peak demand, including data centers, with customer-protection terms.",Medium,enacted,2025-04-09,Senate,bill,utility_large_load_restriction,unknown,utility_grid,,,,mo-sb-4-2025
Montana,MT,HB263 / LC0636,Rep. Katie Sullivan,D,"Died in process (tabled in House committee 2025-02-03, missed general bill transmittal deadline 2025-03-12), 2025-05-20",Would have revised digital asset mining and data center ratemaking laws. Captured bill-status records identify the proposal as data center electricity reporting and ratemaking legislation; not a moratorium bill.,None,failed_died,2025-05-20,House,bill,statewide_moratorium,failed,statewide,,,,mt-hb263-lc0636
Montana,MT,HB424 / LC3009,Rep. Katie Zolnikov,R,"Signed by Governor 2025-05-13, Chapter 678 assigned 2025-05-19","Revises Class 17 data center property treatment. Keeps Class 17 property at a 0.9% taxable valuation rate, extends qualifying construction windows, includes dedicated communications infrastructure and certain onsite generation/storage, requires school equalization mills in TIF districts, and limits sales of power produced by a qualified data center to utilities or cooperatives to cost of production.",None,enacted,2025-05-19,House,bill,other,unknown,unknown,,,,mt-hb424-lc3009
Montana,MT,HB877 / LC2604,Rep. John Fitzpatrick,R,"Died in process (tabled in House committee 2025-03-31, taken from table 2025-04-04, missed appropriation bill transmittal deadline 2025-04-09), 2025-05-20","""Montana Data Center Development Act."" Would have limited PSC authority to prohibit service to large electric customers, including data centers, if the customer could show no adverse impact on existing utility customers. Critics described it as reducing PSC oversight. Not a moratorium bill.",None,failed_died,2025-05-20,House,bill,statewide_moratorium,failed,statewide,,,,mt-hb877-lc2604
Montana,MT,HJ46 / LC0933,Rep. Tom Millett,R,Passed House 2025-04-16; tabled in Senate committee 2025-04-24; died in standing committee 2025-05-22,"Would have requested an interim study of data center impacts on grid adequacy, electric rates, stranded utility investment, water demand, affordability, and regulatory safeguards. Not a moratorium bill.",None,failed_died,2025-05-22,House,bill,statewide_moratorium,failed,statewide,,,,mt-hj46-lc0933
Montana,MT,SB212 / LC0292,Sen. Daniel Zolnikov,R,"Signed by Governor 2025-04-16, Chapter 150 assigned 2025-04-17","""Right to Compute Act."" Creates a right to use computational resources and requires risk-management policies for critical infrastructure controlled by artificial intelligence systems. It expressly preserves government action to prevent or abate common-law nuisances from physical datacenter infrastructure. Not a moratorium bill.",None,enacted,2025-04-17,Senate,bill,statewide_moratorium,unknown,statewide,,,,mt-sb212-lc0292
Montana,MT,SB540 / LC0982,Sen. Becky Beard,R,Passed Senate 2025-04-03; concurred as amended in House committee 2025-04-17; House 2nd reading not concurred 2025-04-22; died in process 2025-05-23,"Proposed revisions to Class 17 property taxation. Passed the Senate and was amended in the House process, but did not become law.",None,failed_died,2025-05-23,Senate,bill,other,failed,unknown,,,,mt-sb540-lc0982
Nebraska,NE,LB1010 (2026),Sen. Tom Brandt,Nonpartisan unicameral,Enacted; approved by Governor on 2026-04-14 (passed Final Reading 49-0-0 on 2026-04-10).,"Adopted the Large Load Customer Regulation Act and changed cryptocurrency mining and data center provisions. Requires large-load interconnection standards, study fees, cost allocation to large-load customers, curtailment procedures, annual data center reports on electricity demand, water use, incentives, energy measures, renewable commitments, and service life, plus decommissioning-cost responsibility and community benefit agreements for data centers.",Medium,enacted,2026-04-14,unknown,bill,utility_large_load_restriction,unknown,utility_grid,,,,ne-lb1010-2026
Nebraska,NE,LB1064 (2026),Sen. Eliot Bostar,Nonpartisan unicameral,Indefinitely postponed by the Natural Resources Committee on 2026-04-17 (bill's own large-load provisions were separately amended into enacted LB1010 via AM2422 the same day).,Proposed the Large Load Customer Regulation Act for customers seeking more than 20 MW at a single site. Substantially similar large-load provisions appear in enacted LB1010.,Medium,failed_died,2026-04-17,unknown,bill,utility_large_load_restriction,failed,utility_grid,,,,ne-lb1064-2026
Nebraska,NE,LB1111 (2026),Sen. Machaela Cavanaugh; additional cosponsors per earlier capture include Sen. McKinney and Sen. Spivey [VERIFY: full updated cosponsor list not extracted from a fresh capture as of 2026-04-29],Nonpartisan unicameral,Indefinitely postponed by the Natural Resources Committee on 2026-04-17 (bill's provisions were separately amended into enacted LB1010 via AM2422 the same day).,"Proposed annual data center load reporting to the Nebraska Power Review Board, public power service terms for large data centers, cost-shift protections, decommissioning resources, and community benefit agreements. PRB minutes state committee amendments removed the annual PRB data center report from the LB1010 package.",Medium,failed_died,2026-04-17,unknown,bill,reporting_disclosure,failed,statewide,,,,ne-lb1111-2026
Nebraska,NE,LB1131 (2026),Sen. Eliot Bostar,Nonpartisan unicameral,Indefinitely postponed on 2026-04-17 while on General File with AM2071 (bill's provisions were separately amended into LB901 via AM2406 the same day).,Would eliminate personal property tax and sales/use tax exemptions relating to data centers and repeal sections 77-2701.54 and 77-2704.62.,Medium,failed_died,2026-04-17,unknown,bill,incentive_restriction,failed,fiscal,,,,ne-lb1131-2026
Nebraska,NE,LB1204 (2026),Sen. Clouse; Sen. Quick listed in earlier capture [VERIFY: full updated cosponsor list not extracted from a fresh capture as of 2026-04-29],Nonpartisan unicameral,Indefinitely postponed by the Natural Resources Committee on 2026-04-17.,Nameplate Capacity Tax Facility Standards Act bill with related property tax exemption language that intersects with data center tax treatment.,Medium,failed_died,2026-04-17,unknown,bill,incentive_restriction,failed,fiscal,,,,ne-lb1204-2026
Nebraska,NE,LB1259 (2026),Sen. Ben Hansen; Sen. Sanders,Nonpartisan unicameral,Indefinitely postponed by the Natural Resources Committee on 2026-04-17.,"Would have adopted the Grid Modernization Act to modernize Nebraska's electric grid infrastructure and regulatory framework to accommodate growing large-load electricity customers (including data centers), establishing procedures, requirements, and rights for public-power utilities, large-load customers, and large-scale generation providers, while aiming to protect existing ratepayers.",Medium,failed_died,2026-04-17,unknown,bill,utility_large_load_restriction,failed,utility_grid,,,,ne-lb1259-2026
Nebraska,NE,LB1261 (2026),"Sen. Barry DeKay, at the request of the Governor; Holdcroft; F. Meyer",Nonpartisan unicameral,Enacted; approved by Governor on 2026-04-14 (passed Final Reading 33-16-0 on 2026-04-10).,"Bars consumer-owned utilities from using eminent domain to acquire qualifying privately owned generation facilities serving a single industrial customer with new load over 1,000 MW, if PRB approval, utility contracts, cost-payment, and use restrictions are satisfied.",Medium,enacted,2026-04-14,unknown,bill,utility_large_load_restriction,unknown,utility_grid,,,,ne-lb1261-2026
Nebraska,NE,LB1319 (2024),Sen. Lou Ann Linehan,Nonpartisan unicameral,"Indefinitely postponed by the Revenue Committee on 2024-04-18 (108th Legislature, prior biennium; final).",Would have eliminated the sales and use tax exemption relating to data centers and repealed sections 77-2701.54 and 77-2704.62.,Medium,failed_died,2024-04-18,unknown,bill,incentive_restriction,failed,fiscal,,,,ne-lb1319-2024
Nebraska,NE,LB209 (2023),Sen. Eliot Bostar,Nonpartisan unicameral,"Indefinitely postponed by the Revenue Committee on 2024-04-18 (108th Legislature, prior biennium; final).",Would have provided property tax and sales/use tax exemptions relating to data centers.,Medium,failed_died,2024-04-18,unknown,bill,incentive_restriction,failed,fiscal,,,,ne-lb209-2023
Nebraska,NE,LB468 (2025 carryover),Sen. Clements,Nonpartisan unicameral,"Indefinitely postponed on 2026-04-17 while on Select File with ER68/AM1447 (Sen. Clements priority bill, never reached Final Reading).",Broad tax bill that would change fee and tax provisions and eliminate a sales tax exemption relating to data centers.,Medium,failed_died,2026-04-17,unknown,bill,incentive_restriction,failed,fiscal,,,,ne-lb468-2025-carryover
Nebraska,NE,LB613 (2025),Sen. Andersen; Sen. Clouse and Sen. Sorrentino listed in earlier capture [VERIFY: full updated cosponsor list not extracted from a fresh capture as of 2026-04-29],Nonpartisan unicameral,"Enacted; approved by Governor on 2025-06-04 (passed Final Reading 45-3-1 on 2025-04-22, presented to Governor 2025-05-30).","Revenue bill affecting state incentive treatment, including tier 2 large data center project provisions and local sales/use tax refund and exemption mechanics.",Medium,enacted,2025-06-04,unknown,bill,incentive_restriction,unknown,fiscal,,,,ne-lb613-2025
Nevada,NV,"AB226 (83rd, 2025)",Assemblymember Erica Mosca,Democratic,"Vetoed by the Governor, 2025-06-10; returned to the 2027 Session",Would require certain tax credit or abatement applicants to include community collaboration and community benefits planning; the bill text amends data center abatement provisions in NRS 360.754.,Low,vetoed,2025-06-10,Assembly,bill,other,failed,unknown,,,,nv-ab226-83rd-2025
Nevada,NV,"AB458 (83rd, 2025)",Assemblymember Howard Watts,Democratic,"Approved by the Governor 2025-06-05; enacted as Chapter 254, assigned 2025-06-06",Amends NRS 704.021 to exclude certain data center on-premises electric service equipment from the definition of a public utility.,Low,enacted,2025-06-06,Assembly,bill,utility_large_load_restriction,unknown,utility_grid,,,,nv-ab458-83rd-2025
Nevada,NV,"AB509 (83rd, 2025)",Assembly Committee on Commerce and Labor,N/A (committee sponsor),Approved by the Governor 2025-05-30; enacted as Chapter 155,Broadband and right-of-way bill with data center language in utility service definitions tied to NRS 360.754.,Low,enacted,2025-05-30,Assembly,bill,utility_large_load_restriction,unknown,utility_grid,,,,nv-ab509-83rd-2025
Nevada,NV,"AB77 (83rd, 2025)",Assembly Committee on Revenue,N/A (committee sponsor),"No further action allowed (pursuant to Joint Standing Rule No. 14.3.1), 2025-04-12 - died in committee",Would revise partial-abatement criteria under NRS 360.754 for new or expanded data centers and related colocated businesses.,Low,failed_died,2025-04-12,Assembly,bill,other,failed,unknown,,,,nv-ab77-83rd-2025
Nevada,NV,"SB385 (83rd, 2025)",Senator Robin Titus,Republican,"No further action allowed (pursuant to Joint Standing Rule No. 14.3.1), 2025-04-12 - died in committee",Would have excluded data center participant capital investment from counting toward a $1 billion qualified-project threshold in an incentive pathway.,Low,failed_died,2025-04-12,Senate,bill,incentive_restriction,failed,fiscal,,,,nv-sb385-83rd-2025
Nevada,NV,"SB403 (83rd, 2025)",Senator Marilyn Dondero Loop,Democratic,"No further action taken, 2025-06-03 - died after passing Senate but stalling in Assembly","Education and economic-development bill authorizing workforce-learning plan requirements in certain tax-credit and abatement agreements, including provisions touching data center abatement statutes.",Low,failed_died,2025-06-03,Senate,bill,other,failed,unknown,,,,nv-sb403-83rd-2025
Nevada,NV,"SB69 (83rd, 2025)",Senate Committee on Revenue and Economic Development,N/A (committee sponsor),"Approved by the Governor 2025-06-05; enacted as Chapter 334, assigned 2025-06-06","Requires defray agreements with local governments for certain projects in economic diversification districts, adds local notice steps, and revises audits for recipients of data center partial abatements.",Low,enacted,2025-06-06,Senate,bill,other,unknown,unknown,,,,nv-sb69-83rd-2025
New Hampshire,NH,"HB1265 (2026, LSR 26-2482)","Reps. Peter Schmidt, Wendy Thomas, Tony Caplan",D,"Killed in House (Inexpedient to Legislate adopted on House floor), 2026-03-11; Commerce and Consumer Affairs committee reported Inexpedient to Legislate 2026-02-18, vote 15-0","Would have prohibited any person, business, or entity from beginning construction of a new data center in New Hampshire from the effective date through 1 year after enactment. It also would have created a study committee on environmental impacts.",Low,failed_died,2026-03-11,House,bill,other,failed,unknown,,,,nh-hb1265-2026-lsr-26-2482
New Hampshire,NH,"HB1722 (2026, LSR 26-2682)",Rep. Kat McGhee; Rep. Tony Caplan; Rep. Wendy Thomas; Sen. Rebecca Perkins Kwoka,D,"Killed in House (Inexpedient to Legislate adopted 185-156 after a special order motion passed 214-126), 2026-03-12; Science, Technology and Energy committee reported Inexpedient to Legislate 2026-02-17, vote 10-8 (minority: Ought to Pass)","Would create RSA chapter 374-I for large-energy-use retail electricity facilities. Covered facilities include 20 MW or more peak demand and NAICS 518210 uses, including computer processing, data processing centers, and web hosting. The PUC would create a separate tariff class and cost-shifting protections.",Low,failed_died,2026-03-12,House,bill,other,failed,unknown,,,,nh-hb1722-2026-lsr-26-2682
New Hampshire,NH,"HB1724 (2026, LSR 26-2735)",Rep. Wendy Thomas,D,"Died without a House floor vote; last docketed action 2026-02-17 (Science, Technology and Energy committee majority report Inexpedient to Legislate 10-8, minority report Ought to Pass with Amendment #2026-0737h); remained in House status 'Miscellaneous' with no further action through the 2026-06-04 sine die adjournment","Would require annual utility reporting on transmission, wholesale market, capacity, and generation adequacy. The introduced text specifically requires analysis of anticipated generation capacity needs for data centers requiring 5 MW or more and recommendations to insulate ratepayers from interconnection, transmission, rate structure, and stranded-cost risks.",Low,failed_died,2026-02-17,House,bill,utility_large_load_restriction,failed,utility_grid,,,,nh-hb1724-2026-lsr-26-2735
New Hampshire,NH,"HB1739-FN (2026, LSR 26-2699)",Rep. Santosh Salvi et al.; Sen. Kevin Avard,Mixed (Salvi is R; Avard is R; full cosponsor list not separately confirmed) [VERIFY: full cosponsor party-affiliation list for HB1739 not extracted from captured records],"Killed in House (Inexpedient to Legislate adopted by voice vote), 2026-02-19; Science, Technology and Energy committee reported Inexpedient to Legislate 2026-02-03, vote 18-0","Would create RSA chapter 162-V to attract large-scale data-center campuses through municipal property-tax stabilization or PILOT authority, transferable business tax credits capped at 20 percent of construction costs, grid modernization agreements, cost-sharing, non-gas generation procurement, fast-track industrial and brownfield siting, host-community agreements, noise limits, setbacks, resident bill credits, and workforce provisions.",Low,failed_died,2026-02-19,House,bill,utility_large_load_restriction,failed,utility_grid,,,,nh-hb1739-fn-2026-lsr-26-2699
New Hampshire,NH,"HB672-FN (2025, LSR 25-0365) -> Chapter 285","Rep. Michael Vose et al.; Sens. Timothy Lang, Howard Pearl, David Watters","Mixed (Vose, Lang, Pearl are R; Watters is D)","Enacted as Chapter 285, signed by Governor Ayotte 2025-08-01, effective 2025-08-01","Created RSA 374:3-c for off-grid electricity providers. Such providers are exempt from RSA 374 while they remain disconnected from the regulated electric grid. The law is not a data center moratorium, but secondary sources describe it as a possible pathway for energy-intensive users such as data centers.",Low,enacted,2025-08-01,House,bill,statewide_moratorium,unknown,statewide,,,,nh-hb672-fn-2025-lsr-25-0365-chapter-285
New Hampshire,NH,"SB439 (2026, LSR 26-2236)",Sen. Debra Altschiller; Rep. Hope Damon,D,"Laid on the table in House, 2026-05-14, vote 304-11 (following House Municipal and County Government majority report Ought to Pass with Amendment #2026-1807h, 11-9, on 2026-05-05; minority report Inexpedient to Legislate); Senate passed with amendment 2026-01-29, 16-8","As introduced, would add RSA 674:81-83, define data centers, and authorize municipalities to permit data centers in commercial or industrial zones with utility capacity confirmation, noise limits near residential districts, and design/siting standards. Senate amendment reportedly broadened the bill and NHMA opposed it because it would require municipalities to permit data centers on land that permits commercial or industrial uses.",Low,failed_died,2026-05-14,Senate,bill,utility_large_load_restriction,failed,utility_grid,,,,nh-sb439-2026-lsr-26-2236
New Jersey,NJ,A2770 (2026-2027),Asw. Andrea Katz,D,"Introduced 2026-01-13, referred to Assembly Telecommunications and Utilities Committee; no further action through 2026-07-31","Establishes a surcharge on electric public utility service to certain data centers during certain periods and creates a ""Grid Modernization Fund"" within BPU; a direct ratepayer-cost-allocation measure. Reintroduction of 2024-2025 session's A6040, which did not advance.",None,in_committee,2026-01-13,Assembly,bill,utility_large_load_restriction,proposed,utility_grid,,,,nj-a2770-2026-2027
New Jersey,NJ,A2774 / S4304 (2026-2027),Asw. Andrea Katz / (Senate companion S4304),D,"Introduced 2026-01-13, referred to Assembly Science, Innovation and Technology Committee; no further action through 2026-07-31",Prohibits agreements intended to conceal information concerning the development of data centers under the Municipal Land Use Law (MLUL); a local-zoning transparency measure. Reintroduction of 2024-2025 session's A6181.,None,in_committee,2026-01-13,Assembly,bill,permitting_restriction,proposed,statewide,,,,nj-a2774-s4304-2026-2027
New Jersey,NJ,A3966 (2026-2027),Asm. Robert J. Karabinchak,D,"Reported from Assembly Environment and Solid Waste Committee with amendments and referred to Assembly Appropriations Committee, 2026-03-16; no further action recorded through 2026-07-31",Directs DEP to study short- and long-term effects of large-scale data center water use.,None,in_committee,2026-03-16,Assembly,bill,other,proposed,unknown,,,,nj-a3966-2026-2027
New Jersey,NJ,A4710 (2026-2027),Asm. Alex Sauickie,R,"Introduced 2026-03-16, referred to Assembly Science, Innovation and Technology Committee; no further action recorded through 2026-07-31","""Clean Energy AI Incentivization Act""; directs BPU to create standards and incentives for AI data centers that bring self-sufficient clean energy.",None,in_committee,2026-03-16,Assembly,bill,incentive_restriction,proposed,fiscal,,,,nj-a4710-2026-2027
New Jersey,NJ,A4769 (2026-2027),Asm. Gregory E. Myhre; Asm. Alex Sauickie; Asm. Paul Kanitra; Asw. Victoria A. Flynn; Asm. Gerry Scharfenberger,R,"Introduced 2026-03-19, referred to Assembly Telecommunications and Utilities Committee; no further action through 2026-07-31",Requires certain State agencies to establish expedited approval and permitting procedures for artificial intelligence data centers powered by small modular nuclear reactors; a siting/permitting-track bill (companion S3639).,None,in_committee,2026-03-19,Assembly,bill,permitting_restriction,proposed,statewide,,,,nj-a4769-2026-2027
New Jersey,NJ,A5224 (2026-2027),Asm. Chris Tully,D,"Introduced 2026-06-08, referred to Assembly Science, Innovation and Technology Committee; no further action through 2026-07-31",Requires data center developers to disclose certain information to the public and elected officials before preliminary site plan consideration under the MLUL; a local-zoning transparency/notice measure.,None,in_committee,2026-06-08,Assembly,bill,permitting_restriction,proposed,statewide,,,,nj-a5224-2026-2027
New Jersey,NJ,A5294 / S4402 (2026-2027),Asm. William F. Moen Jr. / (Senate companion S4402),D,"Introduced 2026-06-18, referred to Assembly Science, Innovation and Technology Committee","""Responsible Data Center Development and Resource Protection Act""; establishes a Statewide framework governing siting, land use approval, energy sourcing, water use, and environmental impacts of large-load data center development. This is the most comprehensive data-center siting/regulation bill of the 2026-2027 session and is directly on point for the moratorium/siting tracker.",None,in_committee,2026-06-18,Assembly,bill,statewide_moratorium,proposed,statewide,,,,nj-a5294-s4402-2026-2027
New Jersey,NJ,A5462 (2024-2025),Asm. David Bailey Jr.,D,Passed both houses 2026-01-12; pocket veto (bill not acted on by Governor before end of 221st Legislature) 2026-01-20,Would have required large-load data center tariff protections for customers above 100 MW monthly demand.,None,vetoed,2026-01-20,Assembly,bill,other,failed,unknown,,,,nj-a5462-2024-2025
New Jersey,NJ,A5466 (2024-2025),Asm. David Bailey Jr.,D,"Enacted as P.L.2025, c.98 on 2025-07-08",Requires BPU study and report on data center electricity cost impacts.,None,enacted,2025-07-08,Assembly,bill,other,unknown,unknown,,,,nj-a5466-2024-2025
New Jersey,NJ,A796 / S731 (2026-2027),Asm. David Bailey Jr.; Asm. Joe Danielsen; Asm. Clinton Calabrese; Asw. Eliana Pintor Marin / Sen. John J. Burzichelli; Sen. John F. McKeon,D,"A796 passed the Assembly 2026-03-23, substituted for S731 and passed both houses 2026-06-30, and was enacted as P.L.2026, c.32 on 2026-07-07",Requires electric public utilities to file tariffs for large load data centers at or above 100 MW peak load; assigns attributable costs to data centers and requires financial guarantees to protect other ratepayers.,None,enacted,2026-07-07,Assembly,bill,utility_large_load_restriction,unknown,utility_grid,,,,nj-a796-s731-2026-2027
New Jersey,NJ,S3379 / A4096 / A4696 (2026-2027),Sen. M. Teresa Ruiz; Sen. Raj Mukherji / Asm. Michael Venezia / Asw. Eliana Pintor Marin,D,"S3379 amended and passed the Senate, then amended in Assembly Telecommunications and Utilities, substituted for A4096, and passed both houses 2026-06-30; awaiting gubernatorial action as of 2026-07-31. Companion A4696 (identical to separate bill S2274, not part of the S3379/A4096 pairing) remains in Assembly Telecommunications and Utilities Committee since introduction 2026-03-16","Requires semi-annual data center water and energy usage reports to BPU for three years, with performance metrics for data centers receiving state incentives.",None,passed_both_chambers,2026-06-30,Senate,bill,incentive_restriction,proposed,fiscal,,,,nj-s3379-a4096-a4696-2026-2027
New Jersey,NJ,S3611 (2026-2027),Sen. Joseph P. Cryan,D,"Introduced 2026-02-19, referred to Senate Community and Urban Affairs Committee; no further action recorded through 2026-07-31",Amends the MLUL to require planning boards to submit certain data center applications to the State Planning Commission and BPU; requires State Planning Commission approval; excludes data centers from economic development subsidies.,None,in_committee,2026-02-19,Senate,bill,other,proposed,unknown,,,,nj-s3611-2026-2027
New Jersey,NJ,S4293 (2024-2025),Sen. M. Teresa Ruiz,D,"Passed both houses 2025-06-30; conditionally vetoed 2025-10-20; the 221st Legislature adjourned in January 2026 without the Legislature ever concurring in the Governor's recommendations or overriding the veto, so the bill died with the conditional veto unresolved",Would require data center owners and operators to report water and energy usage to BPU.,None,failed_died,2025-10-20,Senate,bill,other,failed,unknown,,,,nj-s4293-2024-2025
New Jersey,NJ,S4928 (2024-2025),Sen. Paul A. Sarlo,D,"Enacted as P.L.2025, c.335 on 2026-01-20",Applies prevailing wage requirements to certain data center construction activity.,None,enacted,2026-01-20,Senate,bill,other,unknown,unknown,,,,nj-s4928-2024-2025
New Jersey,NJ,S680 / A1170 (2026-2027),Sen. Bob Smith; Sen. John F. McKeon / Asm. Joe Danielsen,D,S680 reported from Senate Environment and Energy Committee and referred to Senate Budget and Appropriations Committee 2026-03-16; companion A1170 has only its 2026-01-13 introduction and Assembly Telecommunications and Utilities Committee referral recorded; no further action on either through 2026-07-31,Requires BPU approval of energy usage plans for proposed AI data centers and cryptocurrency mining facilities; requires electricity from new clean energy sources after a PJM-region trigger is met.,None,in_committee,2026-03-16,Senate,bill,other,proposed,unknown,,,,nj-s680-a1170-2026-2027
New Jersey,NJ,SR18 (2026-2027),Sen. Bob Smith; Sen. Linda Greenstein,D,Reported from Senate Environment and Energy Committee 2026-03-16; resolution passed by the full Senate 2026-03-23 (22-15) and filed with the Secretary of State 2026-03-23,Urges PJM-region states and the District of Columbia to adopt policies requiring data centers to obtain electricity from new zero- or low-emission sources.,None,passed_one_chamber,2026-03-23,Senate,bill,other,proposed,unknown,,,,nj-sr18-2026-2027
New Mexico,NM,"HB 27 (2026), Technology Jobs R&D Tax Credit Expansion","Rep. Meredith A. Dixon, Sen. Michael Padilla, Rep. Joshua N. Hernandez, Rep. Linda Serrato, Sen. Nicole Tobiassen","Mixed (Dixon, Padilla, Serrato are D; Hernandez and Tobiassen are R; bipartisan cosponsorship per NM Legislature member rosters)",Died in House Taxation and Revenue Committee (Action Postponed Indefinitely) after House Commerce and Economic Development Committee reported Do Not Pass on the original bill but Do Pass on a committee substitute on 2026-01-29; not enacted before 2026 sine die (2026-02-19),Committee substitute (as reported by HCEDC) excluded data centers from the expanded Technology Jobs and R&D Tax Credit treatment for IRB-owned property; bill never advanced past House Taxation and Revenue Committee referral.,None,failed_died,2026-01-29,House,bill,other,failed,unknown,,,,nm-hb-27-2026-technology-jobs-r-d-tax-credit-expansion
New Mexico,NM,"HM 45 (2026), Importance of Water in Taos",Rep. Joseph L. Sanchez,D,"Referred to House Agriculture, Acequias and Water Resources Committee 2026-02-03; Action Postponed Indefinitely; memorial not adopted before 2026 sine die (2026-02-19)","Memorial requesting Water Quality Control Commission attention to a Taos County produced-water petition. Findings expressly state that AI, quantum computing, and data center growth require energy and water resources and that data centers should be built without harming freshwater resources or state electricity use.",None,failed_died,2026-02-03,House,bill,other,failed,unknown,,,,nm-hm-45-2026-importance-of-water-in-taos
New Mexico,NM,"SB 235 (2026), Microgrid Oversight Act","Sen. Jeff Steinborn, Sen. Antoinette Sedillo Lopez, Rep. Joanne J. Ferrary, Rep. Patricia Roybal Caballero",D (all four are NM Democrats),"Committee-substituted in Senate Conservation and Senate Tax, Business and Transportation Committees; passed the Senate 22-20 on 2026-02-14; sent to House Judiciary Committee 2026-02-15; Action Postponed Indefinitely there; not enacted before 2026 sine die (2026-02-19)","Bill actually reached and passed a Senate floor vote (22-20) before dying in House Judiciary Committee; this is more specific than the packet's captured text, which described it only as 'postponed indefinitely after engrossment.'",None,failed_died,2026-02-15,Senate,bill,utility_large_load_restriction,failed,utility_grid,,,,nm-sb-235-2026-microgrid-oversight-act
New York,NY,A9107 (2025-2026),M. of A. Patrick Carroll,D (NY Assembly Democrat),Referred to Assembly Energy Committee as of 2026-01-07,Directs PSC to create a separate class of service and contract requirements for large energy-use facilities using or able to use 20 MW or more and engaged in NAICS 518210-type services.,Medium,in_committee,2026-01-07,Assembly,bill,other,proposed,unknown,,,,ny-a9107-2025-2026
New York,NY,Executive Order No. 62 (2026),Governor Kathy Hochul,,Signed 2026-07-14; DEC must hold in abeyance incomplete discretionary permit applications for covered data centers until DPS submits the final Generic Environmental Impact Statement and findings statement.,"Binding state-agency permitting restriction for data centers that consume or can consume 50 MW or more: DEC must hold incomplete discretionary permits, approvals, licenses, and similar permissions while DPS completes a statewide Generic Environmental Impact Statement; it does not override local permitting or zoning.",Medium,enacted,2026-07-14,unknown,executive_order,statewide_moratorium,in_force,state_agency,2026-07-14,"Ends when DPS submits the final Generic Environmental Impact Statement and associated findings statement; the order excludes local-government permits, approvals, licenses, and similar permissions.",https://www.governor.ny.gov/executive-order/no-62-establishing-temporary-moratorium-data-centers-new-york-while-state-develops,ny-executive-order-no-62-2026
New York,NY,S6394A / A9086A (2025-2026),Sen. Kristen Gonzalez; M. of A. Anna Kelles,"D, WF / D",S6394 amended to print B and recommitted to Senate Energy and Telecommunications on 2026-05-30; A9086 amended to print B and recommitted to Assembly Energy on 2026-06-01,"New York State Sustainable Data Centers Act. Requires data center disclosure reporting, public engagement, energy and water reporting, renewable-energy requirements, and surcharge or discount mechanisms tied to affordability and grid impacts.",Medium,in_committee,2026-06-01,Senate,bill,utility_large_load_restriction,proposed,utility_grid,,,,ny-s6394a-a9086a-2025-2026
New York,NY,"S6486D / A7389C (2021-2022, enacted)",Sen. Kevin Parker; M. of A. Anna Kelles et al.,"D, WF / D",Enacted as Chapter 628 of the Laws of 2022; delivered to and signed by the Governor on 2022-11-22 (approval memo #26),Enacted a two-year moratorium on DEC permits for certain fossil-fueled proof-of-work cryptocurrency mining operations and required a generic environmental impact statement.,Medium,enacted,2022-11-22,Assembly,bill,statewide_moratorium,unknown,statewide,,,,ny-s6486d-a7389c-2021-2022-enacted
New York,NY,S8037 (2025-2026),Sen. Robert Jackson,"D, WF",Referred to Senate Energy and Telecommunications Committee as of 2026-01-07,"Establishes dedicated utility treatment for data centers, including rate classification, targeted congestion management, and off-grid connection provisions.",Medium,in_committee,2026-01-07,Senate,bill,utility_large_load_restriction,proposed,utility_grid,,,,ny-s8037-2025-2026
New York,NY,S8518 / A9138 (2025-2026),Sen. Liz Krueger; M. of A. Anna Kelles,"D, WF / D",S8518 referred to Senate Energy and Telecommunications on 2026-01-07 (moved from Senate Rules); A9138 referred to Assembly Ways and Means on 2026-01-07 (unchanged committee),"Imposes an excise tax on electricity used in proof-of-work digital asset mining, with exemptions for lower-consumption and off-grid renewable operations.",Medium,in_committee,2026-01-07,Senate,bill,utility_large_load_restriction,proposed,utility_grid,,,,ny-s8518-a9138-2025-2026
New York,NY,S8536 / A9064 (2025-2026),Sen. Leroy Comrie; M. of A. Jonathan Jacobson,D / D (Comrie is NY Senate Democrat; Jacobson is NY Assembly Democrat),S8536 referred to Senate Energy and Telecommunications on 2026-01-07; A9064 referred to Assembly Energy on 2026-01-07,Bars electric and gas corporations from passing costs or increasing charges due to data center or semiconductor facility buildout except to ratepayers involved with those facilities.,Medium,in_committee,2026-01-07,Senate,bill,utility_large_load_restriction,proposed,utility_grid,,,,ny-s8536-a9064-2025-2026
New York,NY,S8540 / A9039A (2025-2026),Sen. Kristen Gonzalez; M. of A. Didi Barrett et al.,"D, WF / D",S8540 moved from Senate Rules to Senate Energy and Telecommunications on 2026-01-07 and was amended to print A and recommitted to that committee on 2026-05-29; A9039 advanced to Assembly third-reading calendar No. 223 on 2026-01-15 and was further amended on third reading to print B on 2026-06-01,"""Accountability of Costs for Data Centers Act"" or ""AC/DC Act."" Creates separate utility classification and tariff treatment for large energy-use facilities so data centers bear proportional or directly assigned service costs.",Medium,in_committee,2026-06-01,Senate,bill,utility_large_load_restriction,proposed,utility_grid,,,,ny-s8540-a9039a-2025-2026
New York,NY,S8546 / A10049 (2025-2026),Sen. Rachel May; M. of A. Paula Elaine Kay,"D, WF / D",S8546 referred to Senate Energy and Telecommunications on 2026-01-07; A10049 referred to Assembly Energy on 2026-01-30,"Establishes a grid modernization surcharge for covered data centers and high-intensity data centers, with revenues directed to grid reliability, capacity expansion, and clean-energy integration.",Medium,in_committee,2026-01-30,Senate,bill,utility_large_load_restriction,proposed,utility_grid,,,,ny-s8546-a10049-2025-2026
New York,NY,S8645 / A9136 (2025-2026),Sen. Rachel May; M. of A. Michaelle Solages,"D, WF (May) / D (Solages)",S8645 referred to Senate Energy and Telecommunications on 2026-01-07; A9136 referred to Assembly Energy on 2026-01-07,S8645 addresses carbon reduction planning and data center/BESS siting. A9136 requires new data centers to assess and incorporate thermal energy networks for waste-heat reuse.,Medium,in_committee,2026-01-07,Senate,bill,permitting_restriction,proposed,statewide,,,,ny-s8645-a9136-2025-2026
New York,NY,S9144 / A10141 (2026),Sen. Liz Krueger with Sen. Kristen Gonzalez; M. of A. Anna Kelles,"D, WF / D",S9144 amended to print A and recommitted to Senate Environmental Conservation on 2026-05-12; A10141 amended to print A and recommitted to Assembly Environmental Conservation on 2026-05-12,"Would impose a statewide moratorium on new permits for data centers of 20 MW or more until 90 days after DEC and PSC complete required actions. Requires DEC generic environmental impact statement, DEC regulations, PSC rate-impact report, and PSC orders to assign data center service costs to data centers.",Medium,in_committee,2026-05-12,Senate,bill,statewide_moratorium,proposed,statewide,,,https://www.nysenate.gov/legislation/bills/2025/S9144/amendment/A,ny-s9144-a10141-2026
North Carolina,NC,"HB 1002 (2025-2026), Rate Payer Protection Act","Reps. Harrison, Loftis, Cervania",D/R/D,"Passed 1st reading and referred to House Committee on Rules, Calendar, and Operations on 2025-04-14; no further action as of 2026-07-31",Defines commercial data center as 100 MW or greater peak demand; bars general rate recovery for utility costs attributable to data centers unless charged to data centers; creates a Special Commission for Data Center Planning through 2027.,High,in_committee,2025-04-14,House,bill,utility_large_load_restriction,proposed,utility_grid,,,,nc-hb-1002-2025-2026-rate-payer-protection-act
North Carolina,NC,"HB 638 (2025-2026), Equitable Escalation of Electricity Demand Act","Reps. Loftis, Ward, Tyson, Greene",R,"Passed 1st reading and referred to House Committee on Energy and Public Utilities (sequentially to Finance, then Rules, Calendar, and Operations) on 2025-04-02; no further action as of 2026-07-31","Defines data center; would require new data centers needing dispatchable power to contract for or provide that power; incentive recipients would need an MOU, with recoupment if terms are not met.",High,in_committee,2025-04-02,House,bill,incentive_restriction,proposed,fiscal,,,,nc-hb-638-2025-2026-equitable-escalation-of-electricity-demand-act
North Carolina,NC,SB 774 (2023-2024),Sen. Timothy D. Moffitt,R,Passed 1st reading and referred to Senate Rules and Operations Committee on 2024-04-30; 2023-2024 biennium concluded without further action -- dead by adjournment,"Local bill for Henderson, Polk, and Rutherford Counties and municipalities in those counties; proposed authority to prohibit or regulate cryptocurrency mining through new G.S. 160D-916.1.",High,failed_died,2024-04-30,Senate,bill,other,failed,unknown,,,,nc-sb-774-2023-2024
North Dakota,ND,"HB 1427 (69th Assembly, 2025)","Reps. Anna S. Novak, Dick Anderson, Pat D. Heinert, Todd Porter",Republican,Withdrawn from further consideration (House) on 2025-01-17,Would have amended NDCC Chapter 49-22 to add data centers to the Public Service Commission siting compatibility process and penalty structure. Not a statewide moratorium bill.,Medium,failed_died,2025-01-17,House,bill,statewide_moratorium,failed,statewide,,,,nd-hb-1427-69th-assembly-2025
North Dakota,ND,"HB 1579 (69th Assembly, 2025)","Reps. Anna S. Novak, Pat D. Heinert, Todd Porter; Sens. Greg Kessel, Dale Patten",Republican,Enacted -- signed by Governor 2025-04-28 (recorded 2025-04-29) and filed with Secretary of State 2025-04-28,"Introduced as a certificate of public convenience and necessity requirement for data centers, then amended into a Legislative Management study of large energy consumers, including data centers, and their effects on grid reliability, infrastructure, state and local regulation, costs, job creation, tax revenue, and long-term investment.",Medium,enacted,2025-04-28,House,bill,utility_large_load_restriction,unknown,utility_grid,,,,nd-hb-1579-69th-assembly-2025
Ohio,OH,HB 392,Tex Fischer; Steve Demetriou,R; R,Reported by House Technology and Innovation Committee on 2026-06-10; awaiting House floor vote as of 2026-07-31.,"Ohio Right to Compute Act; limits state and local restrictions on computational resources, with AI risk-management requirements and nuisance language tied to physical infrastructure.",High,in_committee,2026-06-10,House,bill,other,proposed,unknown,,,,oh-hb-392
Ohio,OH,HB 646,Gary Click; Kellie Deeter,R; R,Passed House 97-0 on 2026-03-18; Senate Energy Committee reported and then recommitted the bill to itself on 2026-06-10; no further Senate action as of 2026-07-31.,"Creates Data Center Study Commission to study environmental impacts, grid and rate effects, water and wastewater, noise, light, local economy, farmland, national security, and opposition messaging; report due within six months if enacted.",High,passed_one_chamber,2026-06-10,House,bill,utility_large_load_restriction,proposed,utility_grid,,,,oh-hb-646
Ohio,OH,HB 695,Brian Stewart; Adam Bird,R; R,Introduced 2026-02-12; referred to House Local Government Committee on 2026-02-18; no further action as of 2026-07-31.,"Prohibits certain county, township, and village officials from entering nondisclosure agreements; response to data center secrecy concerns but not data-center-specific in title.",High,in_committee,2026-02-18,House,bill,reporting_disclosure,proposed,statewide,,,,oh-hb-695
Ohio,OH,HB 706,Tristan Rader; David Thomas,D; R,Introduced 2026-02-17; referred to House Energy Committee on 2026-02-25 (packet-reported first hearing 2026-03-04 not independently verified on status page); no further action as of 2026-07-31.,"Imposes minimum requirements on data center customers; minimum 12-year contract commitments, exit payments, unused capacity charges, and financial assurances so grid costs are not shifted to other customers.",High,in_committee,2026-02-25,House,bill,utility_large_load_restriction,proposed,utility_grid,,,,oh-hb-706
Ohio,OH,HB 710,Steve Demetriou; Heidi Workman,R; R,Introduced 2026-02-24; referred to House General Government Committee on 2026-02-25; no further action as of 2026-07-31.,"Prohibits public support for, and limits construction of, new data centers; restricts subsidies and siting near certain sensitive lands and requires developer cost responsibility.",High,in_committee,2026-02-25,House,bill,permitting_restriction,proposed,statewide,,,,oh-hb-710
Ohio,OH,HB 784,Christine Cockley; Crystal Lett,D; D [VERIFY: party of Crystal Lett confirmed as D via legislative records; both sponsors are central Ohio Democrats],Introduced 2026-03-24; referred to House Energy Committee on 2026-03-25; no further action as of 2026-07-31.,Requires monthly and yearly data center water consumption reporting and prohibits data center water-use information in nondisclosure agreements with political subdivisions.,High,in_committee,2026-03-25,House,bill,reporting_disclosure,proposed,statewide,,,,oh-hb-784
Ohio,OH,HB 96,Brian Stewart,R,Signed by Governor with line-item veto on 2025-06-30; veto preserved the ORC 122.175 data center sales/use tax exemption; operating appropriations effective 2025-06-30.,Budget bill amended ORC 122.175 computer data center sales and use tax exemption framework; veto blocked repeal of the exemption.,High,enacted,2025-06-30,House,bill,incentive_restriction,unknown,fiscal,,,,oh-hb-96
Ohio,OH,SB 145,Michele Reynolds; Hearcel F. Craig,R; D,Introduced 2025-03-12; referred to Senate Housing Committee on 2025-03-19; no further action as of 2026-07-31.,Broad development/housing package amending ORC 122.175 and related data center tax-exemption language.,High,in_committee,2025-03-19,Senate,bill,other,proposed,unknown,,,,oh-sb-145
Ohio,OH,SB 190,Louis W. Blessing III; Kent Smith,R; D,Introduced 2025-05-06; referred to Senate Finance Committee on 2025-05-07; no further action as of 2026-07-31.,"Tax package amending ORC 122.175 data center exemption mechanics, definitions, compliance, and reporting.",High,in_committee,2025-05-07,Senate,bill,reporting_disclosure,proposed,statewide,,,,oh-sb-190
Ohio,OH,SB 374,Louis W. Blessing III; Kent Smith,R; D,Introduced 2026-03-11; referred to Senate Finance Committee on 2026-03-25; no further action as of 2026-07-31.,"Prohibits new data center sales and use tax exemptions after a specified date, reported as 2027-10-01.",High,in_committee,2026-03-25,Senate,bill,incentive_restriction,proposed,fiscal,,,,oh-sb-374
Ohio,OH,SB 378,Willis E. Blackshear Jr.; Casey Weinstein,D; D,Introduced 2026-03-16; referred to Senate Public Utilities Committee on 2026-03-25; no further action as of 2026-07-31.,"Responsible Water Use by Data Centers Act; requires data centers to pay attributable water/sewer infrastructure costs, creates water-use permitting/reporting, and bars permits for new or increased consumptive use over 5 million gallons per day averaged over 30 days.",High,in_committee,2026-03-25,Senate,bill,reporting_disclosure,proposed,statewide,,,,oh-sb-378
Ohio,OH,SB 381,Casey Weinstein,D,Introduced 2026-03-19; referred to Senate Public Utilities Committee on 2026-03-25; no further action as of 2026-07-31.,"Requires PUCO approval of agreements to interconnect data centers to the electrical grid; cosponsors include Willis Blackshear, Hearcel Craig, Bill DeMora, and Kent Smith.",High,in_committee,2026-03-25,Senate,bill,utility_large_load_restriction,proposed,utility_grid,,,,oh-sb-381
Oklahoma,OK,HB 1919 / HB 1920 (2025),Rep. Arturo Alonso-Sandoval,D,Died in House Rules Committee; no action after 2025-02-04 second-reading referral (60th Legislature adjourned sine die 2026-05-29),Title bills styled as the Data Centers Act of 2025; introduced versions contained no substantive regulatory framework.,High,failed_died,2025-02-04,House,bill,other,failed,unknown,,,,ok-hb-1919-hb-1920-2025
Oklahoma,OK,HB 2836 (2025),Rep. Ty Burns; Sen. Brenda Stanley,R,Became law without Governor's signature on 2025-05-15,Not a siting bill. Restricts use of international call centers or data centers for veterans personal information by businesses advising on veterans benefits.,High,enacted,2025-05-15,House,bill,permitting_restriction,unknown,statewide,,,,ok-hb-2836-2025
Oklahoma,OK,HB 2992 (2026),Rep. Brad Boles; Sen. Grant Green; bipartisan coauthors,R / bipartisan,Enacted; approved by Governor on 2026-05-11,"Data Center Customer (Ratepayer) Protection Act of 2026. Requires large-load users (data centers, AI facilities, crypto mining) to pay their share of electric/infrastructure costs and carry separate billing terms; final version went to a House-Senate conference committee (adopted 2026-05-04/05) which reconciled the House and Senate-amended versions (60-day notice, nearby-landowner and newspaper notice, public meeting, noncompliance fines) before both chambers passed the conference report and it was enrolled, signed, and sent to the Governor.",High,enacted,2026-05-11,House,bill,utility_large_load_restriction,unknown,utility_grid,,,,ok-hb-2992-2026
Oklahoma,OK,HB 3392 (2026),Rep. Amanda Clinton,D,Died in House committee; last action was filing of a full-committee substitute on 2026-03-04,"Requires Oklahoma Corporation Commission large-load study; introduced version covers 50 MW-plus large-load customers, including data centers, AI, cloud computing, and other high-demand operations.",High,failed_died,2026-03-04,House,bill,other,failed,unknown,,,,ok-hb-3392-2026
Oklahoma,OK,HB 3394 (2026),Rep. Amanda Clinton,D,Died in House committee; last action 2026-02-12 (referred to Energy and Natural Resources Oversight/Energy),"Oklahoma Hyperscale Data Center Directory Act; annual public directory and reporting for hyperscale data centers, including electric load and water-use information.",High,failed_died,2026-02-12,House,bill,reporting_disclosure,failed,statewide,,,,ok-hb-3394-2026
Oklahoma,OK,HB 3397 (2026),Rep. Amanda Clinton,D,Died in House Rules Committee; no action after 2026-02-03 second-reading referral,"Requires distinct utility classification and tariff for large energy use facilities, including NAICS 518210 facilities, with anti-cost-shifting protections.",High,failed_died,2026-02-03,House,bill,utility_large_load_restriction,failed,utility_grid,,,,ok-hb-3397-2026
Oklahoma,OK,HB 4194 (2026),Rep. Mark Chapman,R,Died in House committee; no action after 2026-02-03 referral to Commerce and Economic Development Oversight/Government Modernization and Technology,Data Center Decommissioning Act; financial assurance and decommissioning requirements for large data centers.,High,failed_died,2026-02-03,House,bill,other,failed,unknown,,,,ok-hb-4194-2026
Oklahoma,OK,HB 4219 (2026),Rep. Clay Staires,R,Died in House Energy Committee; last recorded action was a committee-substitute bill summary filed 2026-02-13,"Introduced as a data centers title bill; proposed substitute would add setback, capital adequacy, and mitigation-fund requirements for covered facilities including large data centers.",High,failed_died,2026-02-13,House,bill,other,failed,unknown,,,,ok-hb-4219-2026
Oklahoma,OK,HB 4424 (2026),Speaker Kyle Hilbert,R,Died in House Appropriations and Budget Committee; last action was a bill summary with fiscal impact filed 2026-02-23,Would limit or end certain ad valorem tax incentive eligibility for data centers not in operation by a specified date.,High,failed_died,2026-02-23,House,bill,incentive_restriction,failed,fiscal,,,,ok-hb-4424-2026
Oklahoma,OK,SB 1488 (2026),Sen. Kendal Sacchieri,R,Died in Senate Appropriations Committee; last action 2026-04-14 (House principal author added),"Explicit statewide moratorium bill. Would bar building or establishing data centers of 100 MW or more until 2029-11-01 and direct the Oklahoma Corporation Commission to study impacts on water supply, utility rates, land use, property values, and other issues.",High,failed_died,2026-04-14,Senate,bill,statewide_moratorium,failed,statewide,,,,ok-sb-1488-2026
Oklahoma,OK,SB 1706 (2026),Sen. Warren Hamilton,R,Died in Senate Judiciary Committee; no action after 2026-02-03 referral,"Restricts foreign adversary ownership, lease, rental, or control of Oklahoma data centers and requires divestment.",High,failed_died,2026-02-03,Senate,bill,other,failed,unknown,,,,ok-sb-1706-2026
Oklahoma,OK,SB 259 (2026),Sen. Brent Howard; House work by Rep. Carl Newton and Rep. Nick Archer,R,Enacted; approved by Governor on 2026-05-20,"Groundwater metering/permitting bill (originally introduced 2025-02-03, carried into the 2026 session of the same 60th Legislature), amended by committee substitute in both chambers to prohibit groundwater cooling at a data processing facility or data center through open-air evaporative or other consumptive cooling, unless OWRB determines the system uses closed-loop, dielectric immersion, or comparably low-consumptive technology. Passed Senate 36-11 (2026-03-25), passed House as amended 88-1 (2026-05-06), House amendments adopted by Senate 38-10 (2026-05-14), sent to Governor same day, approved 2026-05-20.",High,enacted,2026-05-20,Senate,bill,permitting_restriction,unknown,statewide,,,,ok-sb-259-2026
Oregon,OR,HB 3546 (2025),Rep. Pam Marsh; Rep. Mark Owens; Sen. Janeen Sollman; Rep. Dacia Grayber; Sen. Jeff Golden; additional sponsors,"Bipartisan, Democratic lead with Republican cosponsors",Enacted; Chapter 323 (2025 Laws); Governor signed 2025-06-16; effective 2025-06-16 (emergency clause),Creates a separate PUC service classification and tariff for large energy use facilities using or able to use 20 MW or more and primarily engaged in NAICS 518210 services; requires cost allocation or direct assignment to prevent unwarranted cost shifting to other customers; requires 10-year-plus contracts and minimum payment obligations; requires biennial PUC reports through 2035.,Low,enacted,2025-07-07,House,bill,other,unknown,unknown,,,,or-hb-3546-2025
Oregon,OR,HB 3698 (2025),Rep. Anna Scharf,Republican,"Died in House Climate, Energy, and Environment Committee upon 2025 Regular Session adjournment sine die (2025-06-27); not enacted","Would require data centers to report quarterly water and electricity use to state agencies, require ODOE to publish summaries, and direct EQC to adopt emissions standards for standby generators used at data centers.",Low,failed_died,2025-06-27,House,bill,reporting_disclosure,failed,statewide,,,,or-hb-3698-2025
Oregon,OR,HB 4084 (2026),Introduced at the request of Gov. Tina Kotek for the Office of the Governor,Democratic administration bill,Enacted; Chapter 50 (2026 Laws); Governor signed 2026-03-31; effective 2026-06-05,"Creates a Joint Permitting Council and fast-track permitting program for eligible economic development projects. As enacted, it also restricts enterprise-zone treatment for data centers: the extended exemption period may not apply to qualified property used in operating a data center, flexible hiring alternatives do not apply to data center property, and an eligible business firm may not be authorized for property consisting of a data center project before 90 days after the 2027 regular session adjourns. This is a tax-incentive authorization moratorium, not a construction moratorium.",Low,enacted,2026-04-06,House,bill,statewide_moratorium,unknown,statewide,,,,or-hb-4084-2026
Oregon,OR,SB 1586 (2026),"Sens. Lew Frederick (D), Mike McLane (R), Todd Nash (R), Lisa Reynolds (D), Kim Thatcher (R), Suzanne Weber (R); Reps. Court Boice (R), Lucetta Elmer (R), and others listed in OLIS",Bipartisan,Died in Senate Finance and Revenue Committee upon 2026 Regular Session adjournment sine die (2026-03-06); not enacted,"Economic development and semiconductor research tax-credit bill that drew data-center land-use testimony. Introduced text for Washington County reserve lands would require certain land to be planned and zoned for high-technology and advanced manufacturing uses and prohibit development as a data storage, processing, or information center except as accessory to or part of an allowed use. Not a moratorium bill.",Low,failed_died,2026-03-06,Senate,bill,statewide_moratorium,failed,statewide,,,,or-sb-1586-2026
Oregon,OR,SB 553 (2025),Sen. Janeen Sollman,Democrat,Died in Senate Energy and Environment Committee upon 2025 Regular Session adjournment sine die (2025-06-27); not enacted,Would require ODOE to study data center power usage and report findings and possible legislation to interim energy committees by 2026-09-15; sunset 2027-01-02.,Low,failed_died,2025-06-27,Senate,bill,other,failed,unknown,,,,or-sb-553-2025
Pennsylvania,PA,HB1764,Rep. Maureen Madden,D,"Reported as amended, first consideration, and laid on the table in the House on 2025-12-17; never removed from the table through 2026-07-31.",Amends Municipalities Planning Code for developments of regional significance and impact; amended text includes a data center definition and regional land-use review mechanics.,Low,failed_died,2025-12-17,House,bill,other,failed,unknown,,,,pa-hb1764
Pennsylvania,PA,HB1834,Rep. Robert Matzie,D,Passed House 104-95 on 2026-03-24; referred to Senate Consumer Protection and Professional Licensure Committee 2026-03-31; no further Senate action through 2026-07-31.,"Data Center Low-Income Home Energy Assistance Program bill; regulates commercial data centers through PUC cost responsibility, clean firm energy requirements, contract filing, backup generation, curtailment, certification, and penalties.",Low,passed_one_chamber,2026-03-31,House,bill,other,proposed,unknown,,,,pa-hb1834
Pennsylvania,PA,HB1924,Rep. Danilo Burgos,D,"Reported as amended, first consideration, and laid on the table in the House on 2025-10-29; never removed from the table through 2026-07-31.","Load Forecast Accountability Act; gives PUC oversight of load forecasting, confidential contracts, and annual reporting in response to PJM load growth including data centers.",Low,failed_died,2025-10-29,House,bill,reporting_disclosure,failed,statewide,,,,pa-hb1924
Pennsylvania,PA,HB2061,Rep. Elizabeth Fiedler,D,Referred to House Finance Committee 2025-12-03; no further action through 2026-07-31.,"Amends Computer Data Center Equipment Incentive Program eligibility, including prevailing-wage-related certification requirements.",Low,in_committee,2025-12-03,House,bill,incentive_restriction,proposed,fiscal,,,,pa-hb2061
Pennsylvania,PA,HB2150,Rep. Kyle Mullins,D,Passed House 133-68 on 2026-04-13; referred to Senate Environmental Resources and Energy Committee 2026-04-23; no further Senate action through 2026-07-31.,Requires annual energy and water consumption reporting by data centers and imposes penalties.,Low,passed_one_chamber,2026-04-23,House,bill,reporting_disclosure,proposed,statewide,,,,pa-hb2150
Pennsylvania,PA,HB2151,Rep. Kyle Donahue,D,Passed House 124-77 on 2026-04-13; referred to Senate Local Government Committee 2026-04-23; no further Senate action through 2026-07-31.,Directs the Center for Local Government Services to provide data center ordinance assistance and model municipal standards.,Low,passed_one_chamber,2026-04-23,House,bill,reporting_disclosure,proposed,statewide,,,,pa-hb2151
Pennsylvania,PA,HB2153,Rep. Jeff Olsommer,R,Referred to House Education Committee 2026-01-21; no further action through 2026-07-31.,Addresses disposition of data center property tax revenue under school district tax framework.,Low,in_committee,2026-01-21,House,bill,other,proposed,unknown,,,,pa-hb2153
Pennsylvania,PA,HB2198,Rep. Greg Vitali,D,Passed House 197-5 on 2026-06-25; referred to Senate Finance Committee 2026-06-26; no further Senate action through 2026-07-31.,Repeals the Computer Data Center Equipment Incentive Program.,Low,passed_one_chamber,2026-06-26,House,bill,incentive_restriction,proposed,fiscal,,,,pa-hb2198
Pennsylvania,PA,HB2246,Rep. Joe Webster,D,Passed House 116-84 on 2026-04-27; referred to Senate Environmental Resources and Energy Committee 2026-05-01; no further Senate action through 2026-07-31.,"Amends Title 27 water resources provisions for covered data centers; requires water-use review/reporting for facilities with proposed consumptive use above 100,000 gallons per day over 30 days.",Low,passed_one_chamber,2026-05-01,House,bill,reporting_disclosure,proposed,statewide,,,,pa-hb2246
Pennsylvania,PA,HB2359,Rep. Joe Ciresi,D,Passed House 171-31 on 2026-06-30; referred to Senate Finance Committee 2026-07-10; no further Senate action through 2026-07-31.,"Amends Right-to-Know Law to prohibit nondisclosure agreements concerning data center construction, development, or location.",Low,passed_one_chamber,2026-07-10,House,bill,reporting_disclosure,proposed,statewide,,,,pa-hb2359
Pennsylvania,PA,HB2372,Rep. Craig Williams,R,Referred to House Energy Committee 2026-04-09; no further action through 2026-07-31.,Pennsylvania Ratepayer Protection Act; requires hyperscale data centers to pay their own energy and interconnection infrastructure costs.,Low,in_committee,2026-04-09,House,bill,utility_large_load_restriction,proposed,utility_grid,,,,pa-hb2372
Pennsylvania,PA,HB2496,"Rep. Paul Friel (D), with 42 bipartisan co-sponsors",D (prime sponsor),Passed House 201-1 on 2026-06-24; referred to Senate Local Government 2026-06-25; reported as amended and re-referred to Senate Rules and Executive Nominations 2026-06-30.,Amends the Municipalities Planning Code to allow a municipality to impose a 180-day pause on considering new data center development applications while it establishes or revises zoning ordinances for such facilities; applications filed during the pause are deemed received once the pause ends. Appears to be the bill introduced from the 'Proposed Zoning Consideration Period' co-sponsorship memo (#48467).,Low,passed_one_chamber,2026-06-30,House,bill,permitting_restriction,proposed,statewide,,,,pa-hb2496
Pennsylvania,PA,Proposed Zoning Consideration Period memo 48467,Rep. Paul Friel; Rep. Kyle Donahue; Rep. Kyle Mullins; Rep. Chris Pielli,D,"Introduced as HB2496 (Rep. Paul Friel, 42 bipartisan co-sponsors), referred to House Local Government 2026-05-08; passed House 201-1 on 2026-06-24; referred to Senate Local Government 2026-06-25; reported as amended and re-referred to Senate Rules and Executive Nominations 2026-06-30.",Amends the Municipalities Planning Code to let a municipality impose a 180-day pause on considering data center development applications while it establishes/revises zoning ordinances for such facilities; applications submitted during the pause are automatically deemed received once the pause expires.,Low,passed_one_chamber,2026-06-30,House,bill,permitting_restriction,proposed,statewide,,,,pa-proposed-zoning-consideration-period-memo-48467
Pennsylvania,PA,Proposed municipal moratorium memo 48540,Sen. Jarrett Coleman,R,"Introduced as SB1345 (Sen. Jarrett Coleman, with Sens. Gebhard, Dush, Pennycuick, Bartolotta), referred to Senate Local Government 2026-06-04; reported as committed 10-1 on 2026-06-30 (after a floor amendment to substitute statewide-moratorium language, SB1359, failed 2-9); re-reported as amended (PN 1889) by Senate Rules and Executive Nominations 2026-07-11; second consideration in the Senate 2026-07-12.",Amends the Municipalities Planning Code to give a municipality the option to impose a temporary (reported as up to 18 months per news coverage) moratorium on accepting/considering new applications for high-impact data centers while it revises ordinances and develops conditional-use standards.,Low,in_committee,2026-07-12,Senate,bill,local_moratorium_authorization,proposed,local_government,,,,pa-proposed-municipal-moratorium-memo-48540
Pennsylvania,PA,Proposed statewide moratorium memo 48102,Sen. Katie Muth,D,"Introduced as SB1359 (Sen. Katie Muth, with Sens. Comitta, Brown, Saval), referred to Senate Local Government 2026-06-04; a floor amendment attempting to fold this statewide-moratorium language into SB1345 failed 2-9 in Senate Local Government Committee on 2026-06-30; SB1359 itself remains in committee with no other action through 2026-07-31.","Imposes a statewide moratorium on hyperscale data center development and permitting (including related power generation/transmission infrastructure per the amendment description), with enforcement provisions.",Low,in_committee,2026-06-04,Senate,bill,statewide_moratorium,proposed,statewide,,,,pa-proposed-statewide-moratorium-memo-48102
Pennsylvania,PA,SB1345,"Sen. Jarrett Coleman (R), with Sens. Gebhard, Dush, Pennycuick, Bartolotta (R)",R (prime sponsor),Referred to Senate Local Government 2026-06-04; reported as committed 10-1 on 2026-06-30; re-reported as amended (PN 1889) by Senate Rules and Executive Nominations 2026-07-11; second consideration in the Senate 2026-07-12.,"Amends the Municipalities Planning Code to give municipalities the option to impose a temporary moratorium (reported as up to 18 months) on accepting/considering new applications for high-impact data centers while revising ordinances and developing conditional-use standards. Bill page's own 'Memo Subject' field reads 'Empowering Municipalities to Place a Moratorium on Data Center Development,' closely matching the 'Proposed municipal moratorium' co-sponsorship memo (#48540).",Low,in_committee,2026-07-12,Senate,bill,local_moratorium_authorization,proposed,local_government,,,https://www.palegis.us/legislation/bills/2025/sb1345,pa-sb1345
Pennsylvania,PA,SB1359,"Sen. Katie Muth (D), with Sens. Comitta, Brown, Saval",D (prime sponsor); bipartisan co-sponsors including Sen. Rosemary Brown (R),"Referred to Senate Local Government Committee 2026-06-04; no committee vote yet; a copy of this bill's language offered as a floor amendment to SB1345 failed 2-9 in committee on 2026-06-30, but SB1359 itself is unaffected and remains pending.","Imposes a statewide moratorium on hyperscale data center development and permitting, with enforcement provisions; described in press coverage as a three-year moratorium. Appears to correspond to the 'Proposed statewide moratorium' co-sponsorship memo (#48102).",Low,in_committee,2026-06-04,Senate,bill,statewide_moratorium,proposed,statewide,,,https://www.palegis.us/legislation/bills/2025/sb1359,pa-sb1359
Pennsylvania,PA,SB1408,"Sen. Tracy Pennycuick (R), with Sens. Malone (D), Brown (R), Vogel (R)",R (prime sponsor),Referred to Senate Communications and Technology Committee 2026-07-20; no further action through 2026-07-31.,"Prohibits certain nondisclosure agreements between public agencies and data centers, a Senate companion in subject matter to House HB2359 (Right-to-Know Law NDA prohibition).",Low,in_committee,2026-07-20,Senate,bill,reporting_disclosure,proposed,statewide,,,,pa-sb1408
Pennsylvania,PA,SB724,Sen. Lindsey Williams,D,Referred to Senate Consumer Protection and Professional Licensure Committee 2026-03-31; no further action through 2026-07-31.,"Data Center Fair Share Act; regulates large-load customers, requires community benefits agreements, creates Data Center LIHEAP Enhancement Fund, and imposes PUC duties.",Low,in_committee,2026-03-31,Senate,bill,other,proposed,unknown,,,,pa-sb724
Pennsylvania,PA,SB939,Sen. Greg Rothman,R,"Amended in Senate Communications and Technology Committee (10-0, Amendment A02384, PN 1424) 2026-02-04; no further action through 2026-07-31.","Creates Office of Transformation and Opportunity and AI/Data Center/Emerging Technology Regulatory Sandbox Program, including high-impact data center permits for facilities with their own power.",Low,in_committee,2026-02-04,Senate,bill,permitting_restriction,proposed,statewide,,,,pa-sb939
Pennsylvania,PA,SB991,Sen. Camera Bartolotta,R,Referred to Senate Environmental Resources and Energy Committee 2025-09-05; no further action through 2026-07-31.,"Creates accelerated data center siting and DEP permitting process, including candidate sites and agency coordination.",Low,in_committee,2025-09-05,Senate,bill,permitting_restriction,proposed,statewide,,,,pa-sb991
Pennsylvania,PA,SR185,Sen. Jarrett Coleman,R,Referred to Senate Environmental Resources and Energy Committee 2025-11-05; not adopted/agreed to by the Senate through 2026-07-31.,"Directs Joint State Government Commission, PUC, DCED, and DEP to assess and recommend a comprehensive state energy strategy, including high-energy-use sectors such as data centers.",Low,in_committee,2025-11-05,Senate,bill,other,proposed,unknown,,,,pa-sr185
Rhode Island,RI,H6097 (2025),Reps. Alex S. Finkelman and Jacquelyn Baginski,D (both RI House Democrats),"Committee recommended measure be held for further study, 2025-05-06 (died at end of 2025 session; not carried into 2026)","Proposed a Commerce Corp administered qualified data center incentive, with eligible costs and equipment definitions.",Low,failed_died,2025-05-06,House,bill,incentive_restriction,failed,fiscal,,,,ri-h6097-2025
Rhode Island,RI,H6476 (2021),Rep. Scott Slater,D (RI House Democrat),"Introduced, referred to House Finance, 2021-06-25; no further action recorded (died at end of 2021 session)","Proposed a Qualified Data Centers Location Incentive chapter with data-center definitions, eligible equipment, and tax-exemption framework.",Low,failed_died,2021-06-25,House,bill,incentive_restriction,failed,fiscal,,,,ri-h6476-2021
Rhode Island,RI,H7270 (2026),"Reps. Speakman, Spears, Carson, Cortvriend, McGaw, Boylan, McEntee, Cotter, Handy, Alzate",D (all RI House Democrats per RI House caucus roster),"Committee recommended measure be held for further study, 2026-04-07 (dead for 2026 session; no further action through 2026-07-31)",Defines large energy use facilities at 20 MW or more using NAICS 518210; would require special electric cost treatment and reporting for large loads.,Low,failed_died,2026-04-07,House,bill,utility_large_load_restriction,failed,utility_grid,,,,ri-h7270-2026
Rhode Island,RI,H7331 (2026),"Reps. Kennedy, Azzinaro, McEntee, Tanzi, Cortvriend, Edwards, Bennett, Ackerman, Kazarian, Diaz",D (all RI House Democrats),"Committee recommended measure be held for further study, 2026-04-07 (dead for 2026 session; no further action through 2026-07-31)",Defines data centers at 50 MW or more; requires data centers to bear electric infrastructure costs; bars cost recovery from non-data-center customers; requires water-use reports and possible water-efficiency plans.,Low,failed_died,2026-04-07,House,bill,other,failed,unknown,,,,ri-h7331-2026
Rhode Island,RI,H7695 (2026),"Reps. Bennett, Edwards, Shanley, Phillips, O'Brien, Cortvriend, Slater, Fellela, Messier, Furtado",D (all RI House Democrats),"Committee recommended measure be held for further study, 2026-05-07 (dead for 2026 session; no further action through 2026-07-31)",House companion to S2346.,Low,failed_died,2026-05-07,House,bill,other,failed,unknown,,,,ri-h7695-2026
Rhode Island,RI,S0921 (2025),Sen. Louis P. DiPalma,D,"Committee recommended measure be held for further study, 2025-05-06 (died at end of 2025 session; not carried into 2026)",Senate companion to H6097.,Low,failed_died,2025-05-06,Senate,bill,other,failed,unknown,,,,ri-s0921-2025
Rhode Island,RI,S2346 (2026),"Sens. DiPalma, Ciccone, Britto, Gallo, Urso",D,"Committee recommended measure be held for further study, 2026-03-10 (dead for 2026 session; no further action through 2026-07-31)","Creates a qualified data center location incentive with a 30-year sales and use tax exemption pathway and investment, labor, and Rhode Island renewable or storage investment requirements.",Low,failed_died,2026-03-10,Senate,bill,incentive_restriction,failed,fiscal,,,,ri-s2346-2026
Rhode Island,RI,S2427 (2026),"Sens. Lauria, Euer, DiMario, Ujifusa, Felag, Valverde, Vargas, Britto, Gallo, McKenney",D (all RI Senate Democrats),"Committee recommended measure be held for further study, 2026-03-10 (dead for 2026 session; no further action through 2026-07-31)","Senate companion to H7270, using the 20 MW large-energy-use framework.",Low,failed_died,2026-03-10,Senate,bill,other,failed,unknown,,,,ri-s2427-2026
Rhode Island,RI,S2776 (2026),"Sens. DiPalma, Ciccone, Burke, Urso",D (all RI Senate Democrats),"Committee recommended measure be held for further study, 2026-03-10 (dead for 2026 session; no further action through 2026-07-31)","Senate companion to H7331, with 50 MW threshold, electric cost-allocation provisions, water reporting, and site-restoration assurance.",Low,failed_died,2026-03-10,Senate,bill,reporting_disclosure,failed,statewide,,,,ri-s2776-2026
South Carolina,SC,H. 4583 (2026),Reps. Cromer et al.,R lead (Cromer is SC House Republican) [VERIFY: complete cosponsor party-by-party tally not extracted into this profile],"Prefiled 2025-12-16; introduced and read first time 2026-01-13; referred to House Labor, Commerce and Industry Committee; sponsors White, Reese, Lawson, and Atkinson added between 2026-01-20 and 2026-02-18; no committee vote or further action as of 2026-07-31","""South Carolina Data Center Responsibility Act."" Requires complete energy independence, bars state and local taxpayer-funded incentives, requires closed-loop water or liquid cooling with zero net water withdrawal and discharge, imposes strict liability and insurance/bonding, and sets employment/reporting requirements.",Medium,in_committee,2026-02-18,House,bill,incentive_restriction,proposed,fiscal,,,,sc-h-4583-2026
South Carolina,SC,H. 5286 (2026),Reps. Steven Long et al.,R lead (Long is SC House Republican); full cosponsor list shows mostly Republicans on the SC General Assembly bill page [VERIFY: complete cosponsor party-by-party tally not extracted into this profile],Introduced and read first time 2026-02-26; referred to House Ways and Means Committee; sponsors Hager and Gilliam removed 2026-03-05 and 2026-03-31; no committee vote or further action as of 2026-07-31,"Statewide moratorium joint resolution. Would prohibit state, county, municipal, and political-subdivision final approval for new data center applications, permits, rezoning, special exceptions, special use permits, building permits, site plans, plans of development, FILOTs, and incentives until 2028-01-01. Defines data center at 1 MW or more.",Medium,in_committee,2026-03-31,House,bill,statewide_moratorium,proposed,statewide,,,,sc-h-5286-2026
South Carolina,SC,H. 5526 (2026),Rep. J.L. Johnson,D,Introduced and read first time 2026-04-14; referred to House Ways and Means Committee; no further action as of 2026-07-31,Statewide moratorium joint resolution. Would bar state and local governments from accepting or acting on data center permits or applications that lack final approval until the General Assembly establishes a comprehensive oversight and approval process. Defines data center at 5 MW peak demand or greater.,Medium,in_committee,2026-04-14,House,bill,local_moratorium_authorization,proposed,local_government,,,,sc-h-5526-2026
South Carolina,SC,S. 724 (2026),Sens. Blackmon and Sutton,R/D,Prefiled 2025-12-10; introduced and read first time 2026-01-13; referred to Senate Judiciary Committee; no further action as of 2026-07-31,Requires annual water-use reporting to DES for commercial data centers with 100 MW or greater peak demand that use 3 million or more gallons per month; includes audit authority and civil penalties.,Medium,in_committee,2026-01-13,Senate,bill,reporting_disclosure,proposed,statewide,,,,sc-s-724-2026
South Carolina,SC,S. 784 (2026),"Sens. Massey, Campsen, Johnson, Sutton, Blackmon, Devine, and Zell","Mixed, R lead",Introduced and read first time 2026-01-13; referred to Senate Judiciary Committee; scrivener's error corrected 2026-01-14; no further action as of 2026-07-31,"Broad energy bill. Adds commercial data center electric-service terms, including 15-year contracts, minimum billing, termination cost recovery, collateral, PSC approval, water reporting, and data center tax-exemption cutoff revisions.",Medium,in_committee,2026-01-14,Senate,bill,reporting_disclosure,proposed,statewide,,,,sc-s-784-2026
South Carolina,SC,S. 867 (2026),"Sens. Davis, Kimbrell, Garrett, Sutton, Walker, Blackmon, Turner, Zell, Kennedy, and Devine","Mixed, R lead",Introduced 2026-01-29; referred to Senate Agriculture and Natural Resources Committee; favorable committee report 2026-04-28; scrivener's error corrected 2026-05-06; still residing in Senate awaiting floor action as of 2026-07-31,"""Data Center Development Act."" Creates a DES Data Center Development Office, tiered state siting permits, water-efficiency standards, infrastructure adequacy review, environmental review, decommissioning/financial assurance, noise/light/vibration controls, PSC cost-allocation oversight, and local land-use coordination without preempting local zoning.",Medium,in_committee,2026-05-06,Senate,bill,local_moratorium_preemption,proposed,local_government,,,,sc-s-867-2026
South Carolina,SC,S. 902 (2026),Sens. Rankin and Devine,R/D,Introduced and read first time 2026-02-10; referred to Senate Judiciary Committee; no further action as of 2026-07-31,"""Data Center Siting Act."" Requires a PSC certificate before a data center may operate in South Carolina; includes public hearing procedures, intervention rights, environmental and infrastructure review, water and operational efficiency standards, annual reporting, decommissioning, and utility cost-allocation safeguards.",Medium,in_committee,2026-02-10,Senate,bill,utility_large_load_restriction,proposed,utility_grid,,,,sc-s-902-2026
South Dakota,SD,HB 1005 (2026),Rep. Kent Roe,R,"Deferred to the 41st legislative day by House State Affairs on 2026-02-04 (Yeas 9, Nays 3); no further action recorded (bill died).","Would have provided a 50-year sales and use tax exemption for enterprise IT equipment and software used in qualified data centers, with investment and job thresholds and water-provider notice.",Low,failed_died,2026-02-04,House,bill,incentive_restriction,failed,fiscal,,,,sd-hb-1005-2026
South Dakota,SD,HB 1038 (2026),House Commerce and Energy Committee at request of South Dakota Public Utilities Commission,Committee bill,Passed House 60-5 and Senate 32-2 (amended); House concurred in Senate amendments 67-0 on 2026-03-10; signed by the Governor on 2026-03-30.,Allows PUC to assess actual processing costs to public-utility data center customers seeking contract deviations or electric service agreements; applies to data centers with 10 MW or greater peak demand and includes digital-currency mining in the definition.,Low,enacted,2026-03-30,House,bill,utility_large_load_restriction,unknown,utility_grid,,,,sd-hb-1038-2026
South Dakota,SD,HB 1198 (2026),Rep. John Sjaarda,R,Passed House Commerce and Energy 9-4 on 2026-02-11; failed on House floor 21-41 on 2026-02-12.,Would have required conditional use permits from adjacent counties or municipalities for high-energy-use facilities of 20 MW or greater within one mile of their boundaries.,Low,failed_died,2026-02-12,House,bill,reporting_disclosure,failed,statewide,,,,sd-hb-1198-2026
South Dakota,SD,HB 1246 (2026),Rep. John Hughes,R lead [VERIFY: bipartisan Senate cosponsor list not extracted from captured SD Legislature bill page as of 2026-04-29],Passed House State Affairs 9-3 on 2026-02-18; failed on House floor 30-37 on 2026-02-20.,"Would have prohibited state agencies and political subdivisions from entering confidentiality or nondisclosure agreements concerning data center construction, development, or location.",Low,failed_died,2026-02-20,House,bill,reporting_disclosure,failed,statewide,,,,sd-hb-1246-2026
South Dakota,SD,HB 1301 (2026),Rep. Erin Healy; Sen. Liz Larson; Rep. Erik Muckey,D,"Deferred to the 41st legislative day by House State Affairs on 2026-02-18 (Yeas 10, Nays 2); no further action recorded (bill died).","Would have imposed a statewide moratorium through 2027-06-30 on large data centers of 20 MW or greater; also required cost allocation, self-generation/private-supply proposals, annual reports, utility load forecasts, and decommissioning security.",Low,failed_died,2026-02-18,House,bill,statewide_moratorium,failed,statewide,,,,sd-hb-1301-2026
South Dakota,SD,SB 127 (2026),Sen. Taffy Howard,R lead [VERIFY: bipartisan cosponsor list not extracted from captured SD Legislature bill page as of 2026-04-29],"Deferred to the 41st legislative day by Senate State Affairs on 2026-02-18 (Yeas 5, Nays 3); no further action recorded (bill died).","Would have treated violations as nuisances; amended version applied to data centers with anticipated 10 MW or greater peak demand, required one-mile setbacks from residences or residential areas, and capped continuous noise at 45 dB at the nearest residential property line.",Low,failed_died,2026-02-18,Senate,bill,other,failed,unknown,,,,sd-sb-127-2026
South Dakota,SD,SB 128 (2026),Sen. Taffy Howard,R,"Deferred to the 41st legislative day by Senate State Affairs on 2026-02-18 (Yeas 5, Nays 3); no further action recorded (bill died).","Would have updated large-use customer utility rules, imposed water-provider notice and closed-loop cooling requirements on data centers, and required quarterly water reporting.",Low,failed_died,2026-02-18,Senate,bill,utility_large_load_restriction,failed,utility_grid,,,,sd-sb-128-2026
South Dakota,SD,"SB 135 (2026), Data Center Bill of Rights for Citizens",Sen. Chris Karr; House leadership sponsor reported as Speaker Jon Hansen,R,Passed Senate 60-7 and House 11-0 (amended); Senate concurred in House amendments 33-1 on 2026-03-10; signed by Gov. Larry Rhoden on 2026-03-30.,Defines data centers at 10 MW or greater; requires separate electric-service terms so data centers reimburse fairly attributed utility costs; bars state preemption of local data center ordinances and resolutions; requires local water-provider compatibility determinations and semiannual water reporting.,Low,enacted,2026-03-30,Senate,bill,local_moratorium_preemption,unknown,local_government,,,,sd-sb-135-2026-data-center-bill-of-rights-for-citizens
South Dakota,SD,SB 177 (2025),Rep. Mike Weisgram; Sen. David Wheeler,R,Failed Senate floor 17-18 on 2025-02-13; no motion to reconsider filed on 2025-02-18 (bill died).,"Would have created a sales/use tax refund structure for qualified data centers, with a 20-year refund window in captured bill text.",Low,failed_died,2025-02-18,Senate,bill,incentive_restriction,failed,fiscal,,,,sd-sb-177-2025
South Dakota,SD,SB 193 (2026),Sen. Casey Crabtree,R,Passed Senate Commerce and Energy 5-3 on 2026-02-19; failed initial floor vote 17-17 on 2026-02-20; reconsidered and failed again (amended) 17-17 on 2026-02-23; intent to reconsider filed same day but never brought back to a vote (bill died).,"Would have clarified ""backup electric generation"" in siting law; relevant to data centers using backup generation.",Low,failed_died,2026-02-23,Senate,bill,permitting_restriction,failed,statewide,,,,sd-sb-193-2026
South Dakota,SD,SB 232 (2026),Sen. Taffy Howard,R,"Amended version failed Do Pass 3-5 in Senate State Affairs, then tabled 5-3 on 2026-02-18; no further action recorded (bill died).","Would have imposed a statewide moratorium on new construction or expansion of hyperscale data centers through 2027-06-30; introduced threshold was 50 MW, with amendment adding size, AI training, and colocation criteria.",Low,failed_died,2026-02-18,Senate,bill,statewide_moratorium,failed,statewide,,,,sd-sb-232-2026
South Dakota,SD,SB 234 (2026),Sen. Casey Crabtree,R,"Deferred to the 41st legislative day by Senate State Affairs on 2026-02-18 (Yeas 5, Nays 4); no further action recorded (bill died).","Would have exempted enterprise IT equipment and software for qualified data centers from sales and use tax, subject to utility cost-shift avoidance and water-provider notice.",Low,failed_died,2026-02-18,Senate,bill,utility_large_load_restriction,failed,utility_grid,,,,sd-sb-234-2026
South Dakota,SD,SB 235 (2026),Sen. Casey Crabtree,R,"Do Pass Amended failed 4-5 in Senate State Affairs, then deferred to the 41st legislative day 5-4 on 2026-02-18; no further action recorded (bill died).",Amendment would have combined data center cost-allocation and water provisions with a 100 MW data center threshold; original bill also addressed purchasing and tax treatment.,Low,failed_died,2026-02-18,Senate,bill,other,failed,unknown,,,,sd-sb-235-2026
South Dakota,SD,SB 239 (2026),Sen. Casey Crabtree; Sen. Kyle Schoenfish,R,Passed Senate State Affairs 6-3 (amended) on 2026-02-18; failed initial full Senate floor vote 17-16 on 2026-02-23; reconsidered and failed again 16-17 on 2026-02-24 (bill died).,"Would have expanded the Reinvestment Payment Program for large projects, including data centers, allowing up to 30 years of sales and use tax relief through a direct payment permit pathway.",Low,failed_died,2026-02-24,Senate,bill,permitting_restriction,failed,statewide,,,,sd-sb-239-2026
Tennessee,TN,HB1461 / SB1832,Rep. John Ray Clemmons; Sen. Jeff Yarbro,D / D,"HB1461 failed in House Agriculture & Natural Resources Subcommittee 2026-03-04 (2 ayes-6 noes); SB1832 never advanced past Senate Commerce & Labor General Subcommittee (last action 2026-03-10, no further action found); both died at sine die adjournment of the 114th General Assembly",Would require high-performance computing facilities to devote 50 percent of computing or data-processing output to a public benefit and report annually on carbon footprint and compliance audits.,Medium,failed_died,2026-03-10,House,bill,other,failed,unknown,,,,tn-hb1461-sb1832
Tennessee,TN,HB1847 / SB2128,Rep. Ed Butler; Sen. Brent Taylor,R / R,"Passed House 2026-04-21 (76 ayes-14 noes); Senate substituted House bill and passed 2026-04-22 (28-0); enrolled 2026-04-28; signed by Governor 2026-05-18 as Public Chapter 961, effective 2026-05-07",Applies to data centers at or above 50 MW. Requires data center owners to pay infrastructure costs needed to support utility service and bars ratepayer cost-shifting unless infrastructure also benefits other ratepayers. Reporting states amended bill also allows self-generation or power purchases from independent producers outside ordinary utility service.,Medium,enacted,2026-05-18,House,bill,utility_large_load_restriction,unknown,utility_grid,,,,tn-hb1847-sb2128
Tennessee,TN,HB2047 / SB2584,Rep. Jake McCalmon; Sen. Ed Jackson,R / R,"HB2047 taken off notice in House Finance, Ways, and Means Subcommittee 2026-04-15; SB2584 held behind budget in Senate Finance, Ways, and Means Committee, last calendared 2026-04-20 for 2026-04-21; both died at sine die adjournment without a floor vote","Would require qualified data centers applying for job tax credits to certify no recent WARN Act, Fair Labor Standards Act, or federal immigration-law violations.",Medium,failed_died,2026-04-20,House,bill,reporting_disclosure,failed,statewide,,,,tn-hb2047-sb2584
Tennessee,TN,HB2054 / SB1999,Rep. Karen Camper; Sen. London Lamar,D / D,HB2054 taken off notice in House Business & Utilities Subcommittee 2026-03-04; SB1999 stalled in Senate Commerce & Labor General Subcommittee (last action 2026-03-10); both died at sine die adjournment,"""Data Center, Artificial Intelligence, and Clean Transition Tariff Accountability Act."" Would create clean transition tariff authority for large energy-intensive users at 25 MW or greater or data/AI/crypto-adjacent facilities, allocate incremental generation and grid costs to those users, and bar residential or small-business cost recovery.",Medium,failed_died,2026-03-10,House,bill,utility_large_load_restriction,failed,utility_grid,,,,tn-hb2054-sb1999
Tennessee,TN,HB2061 / SB1682,"Rep. Joe Towns, Jr.; Sen. London Lamar",D / D,SB1682 failed in Senate Commerce & Labor Committee for lack of a second 2026-03-03; HB2061 taken off notice in House Business & Utilities Subcommittee 2026-03-11; both died at sine die adjournment,Would require data centers over 20 MW to register with TPUC and require electric and water utilities to report usage and rates for public monthly reports.,Medium,failed_died,2026-03-11,House,bill,other,failed,unknown,,,,tn-hb2061-sb1682
Tennessee,TN,HB2392 / SB2653,"Rep. Michele Reneau; Sen. Brent Taylor, Sen. Rusty Crowe",R / R,HB2392 taken off notice in House Agriculture & Natural Resources Subcommittee 2026-03-18; SB2653 stalled in Senate Commerce & Labor General Subcommittee (last action 2026-04-07); both died at sine die adjournment,"""Tennessee Data Center Impact Review Act."" Would require data centers over 20 MW to obtain water and wastewater operator board permits and report water source, daily/peak/annual water use, cumulative impacts, drought planning, reuse, wastewater, and discharge information.",Medium,failed_died,2026-04-07,House,bill,permitting_restriction,failed,statewide,,,,tn-hb2392-sb2653
Tennessee,TN,HB2456 / SB2112,Rep. Justin J. Pearson; Sen. Heidi Campbell,D / D,HB2456 failed in House Business & Utilities Subcommittee 2026-03-18 (2 ayes-5 noes); SB2112 stalled in Senate State & Local Government General Subcommittee (last action 2026-03-24); both died at sine die adjournment,"Would require data centers over 20 MW to register with the Department of Revenue and require fuel suppliers, electric utilities, and water utilities to report fuel, electricity, water usage, and rates.",Medium,failed_died,2026-03-24,House,bill,other,failed,unknown,,,,tn-hb2456-sb2112
Tennessee,TN,HB2463 / SB2681,Rep. Justin J. Pearson; Sen. Sara Kyle,D / D,HB2463 saw no action taken in House Agriculture & Natural Resources Subcommittee 2026-03-18; SB2681 stalled in Senate Commerce & Labor General Subcommittee (last action 2026-04-07); both died at sine die adjournment,"""Bring Your Own Generation Act."" Would require a clean energy transition surcharge on data centers at or above 100 MW equal to proportional costs of adding new clean energy resources and transmission upgrades; would require new data centers or AI facilities above 100 MW to source 50 percent of electricity from new carbon-free energy sources.",Medium,failed_died,2026-04-07,House,bill,other,failed,unknown,,,,tn-hb2463-sb2681
Tennessee,TN,SB1600,Sen. London Lamar,D,"Withdrawn 2026-01-13, same day it passed First Consideration; confirmed final via the Senate bill status page",Earlier TPUC registration and utility-reporting version; subject matter later appeared in SB1682 / HB2061.,Medium,withdrawn,2026-01-13,Senate,bill,utility_large_load_restriction,withdrawn,utility_grid,,,,tn-sb1600
Texas,TX,"Governor Abbott August 3, 2026 Data Center Audit Directive",Governor Greg Abbott,R,Governor directive issued 2026-08-03; ERCOT implementation notice issued 2026-08-03.,"Directs PUCT and ERCOT to verify and audit every data center advancing through ERCOT interconnection before it may move forward, pausing the Batch Zero process pending the required review.",Medium,unknown,2026-08-03,unknown,governor_directive,utility_large_load_restriction,in_force,utility_grid,2026-08-03,Until PUCT and ERCOT complete the comprehensive verification and audit; projects that fail applicable requirements must be denied grid connection.,https://gov.texas.gov/news/post/governor-abbott-directs-comprehensive-data-center-audit,tx-abbott-2026-08-03-data-center-audit-directive
Texas,TX,"HB 2482 / SB 1265 / SB 1143 (88R, 2023)",Rep. Giovanni Capriglione; Sen. Tan Parker; Sen. Angela Paxton,Republican,HB 2482 left pending in House Ways & Means 2023-03-27; companion SB 1265 referred to Senate Finance 2023-03-09; companion SB 1143 referred to Senate Finance 2023-03-09; none received a floor vote before 88R sine die 2023-05-29.,Proposed revisions to temporary sales/use tax exemptions for qualifying data centers,Medium,failed_died,2023-03-27,House,bill,incentive_restriction,failed,fiscal,,,,tx-hb-2482-sb-1265-sb-1143-88r-2023
Texas,TX,"HB 3104 (88R, 2023)",Rep. Charles Anderson; Senate sponsor Sen. Tan Parker,Republican,"House adopted the conference committee report 2023-05-28 (RV#2211); no subsequent Senate adoption of the conference report, enrollment, or governor action is recorded before 88R sine die 2023-05-29 - bill died without final passage.",Temporary sales/use tax exemption for certain connected data center projects,Medium,failed_died,2023-05-28,House,bill,incentive_restriction,failed,fiscal,,,,tx-hb-3104-88r-2023
Texas,TX,"HB 3970 (89R, 2025)",Rep. Drew Darby,Republican,Passed House 2025-05-01 (RV#1139); received by Senate and referred to Senate Business & Commerce 2025-05-15; no further Senate action recorded before 89R sine die 2025-06-02 - bill died in Senate committee.,Large-load interconnection and operation provisions,Medium,failed_died,2025-05-15,House,bill,utility_large_load_restriction,failed,utility_grid,,,,tx-hb-3970-89r-2025
Texas,TX,"HB 5588 (89R, 2025)",Rep. Caroline Harris Davila,Republican,Referred to House Ways & Means 2025-04-07; no further action recorded before 89R sine die 2025-06-02 - bill died in committee.,Proposed ad valorem tax exemption for data center real and personal property tied to energy demand,Medium,failed_died,2025-04-07,House,bill,incentive_restriction,failed,fiscal,,,,tx-hb-5588-89r-2025
Texas,TX,"SB 1929 (88R, 2023)",Sen. Nathan Johnson; House sponsor Rep. Jay Dean,Democrat / Republican,Signed by Governor 2023-06-09; effective 2023-09-01.,Requires registration and ERCOT-related oversight for large interruptible virtual currency mining facilities,Medium,enacted,2023-06-09,Senate,bill,utility_large_load_restriction,unknown,utility_grid,,,,tx-sb-1929-88r-2023
Texas,TX,"SB 1942 (89R, 2025)",Sen. Tan Parker,Republican,Referred to Senate Business & Commerce 2025-03-17; no further action recorded before 89R sine die 2025-06-02 - bill died in committee.,Electricity planning for large loads,Medium,failed_died,2025-03-17,Senate,bill,utility_large_load_restriction,failed,utility_grid,,,,tx-sb-1942-89r-2025
Texas,TX,"SB 2222 (89R, 2025)",Sen. Tan Parker,Republican,Referred to Senate Local Government 2025-03-25; no further action recorded before 89R sine die 2025-06-02 - bill died in committee.,Companion ad valorem tax exemption framework for data center property,Medium,failed_died,2025-03-25,Senate,bill,incentive_restriction,failed,fiscal,,,,tx-sb-2222-89r-2025
Texas,TX,"SB 2888 (89R, 2025)",Sen. John Cook,Republican,Referred to Senate Finance 2025-04-07; no further action recorded before 89R sine die 2025-06-02 - bill died in committee.,Proposed temporary sales/use tax exemptions for data centers and large data center projects,Medium,failed_died,2025-04-07,Senate,bill,incentive_restriction,failed,fiscal,,,,tx-sb-2888-89r-2025
Texas,TX,"SB 6 (89R, 2025)",Sen. Phil King and Sen. Charles Schwertner; House sponsor Rep. Phil King,Republican,"Passed Senate 2025-03-19 (with amendments); passed House 2025-05-27 (RV#3643); Senate concurred in House amendments 2025-05-29; signed by Governor 2025-06-20, effective immediately.","Requires PUCT/ERCOT large-load planning and interconnection standards; applies to large loads at a default 75 MW single-site threshold; addresses interconnection studies, cost allocation, co-location, and emergency curtailment",Medium,enacted,2025-06-20,Senate,bill,utility_large_load_restriction,in_force,utility_grid,2025-06-20,Ongoing statutory large-load standards; no sunset in the enacted bill text.,https://capitol.texas.gov/tlodocs/89R/billtext/html/SB00006F.htm,tx-sb-6-89r-2025
Texas,TX,"SJR 72 (89R, 2025)",Sen. Tan Parker,Republican,"Referred to Senate Local Government 2025-03-25; no further action recorded before 89R sine die 2025-06-02 - resolution died in committee, never adopted by either chamber and never submitted to voters.",Proposed constitutional authorization for data center ad valorem tax exemptions,Medium,failed_died,2025-03-25,Senate,bill,incentive_restriction,failed,fiscal,,,,tx-sjr-72-89r-2025
Utah,UT,HB0076 (2026),Rep. Jill Koford; Sen. Scott D. Sandall,R; R,"Passed House 2026-01-29 (72-0-3, as substituted); Senate committee substituted/favorably recommended 2026-03-03; failed initial Senate floor vote 2026-03-05 (13-15-1), then reconsidered and passed Senate 2nd & 3rd readings 2026-03-05 (19-5-5) with a further Senate amendment; House concurred with the Senate amendment 2026-03-05 (62-2-11); enrolled 2026-03-11; Governor signed 2026-03-23","Data Center Water Transparency Amendments. Requires notice and water reporting for certain large data centers, including pre-construction communication with water providers and annual reporting.",None,enacted,2026-03-23,House,bill,reporting_disclosure,unknown,statewide,,,,ut-hb0076-2026
Utah,UT,HB0507 (2026),Rep. Calvin Roberts; Sen. Kirk A. Cullimore,R; R,"Passed House 2026-02-25 (69-1-5, as substituted); passed Senate with amendments 2026-03-05 (22-2-5); House refused to concur with Senate amendments 2026-03-05; House and Senate conference committees appointed 2026-03-06, conference committee substitute reported 6-0-0; Senate adopted the conference report and gave final passage 27-1-1, House gave final passage 57-1-17, both 2026-03-06; enrolled 2026-03-12; Governor signed 2026-03-25","State Coordination of Regional and Local Economic Development Projects Amendments. Limits political subdivision incentives for large load data centers, with exceptions; creates regional development-zone tools; creates an optional county energy excise tax; addresses protected economic development records.",None,enacted,2026-03-25,House,bill,utility_large_load_restriction,unknown,utility_grid,,,,ut-hb0507-2026
Utah,UT,HB0585 (2026),Rep. Rosalba Dominguez,D,"Introduced in House 2026-02-18; referred to a House standing committee 2026-02-23, which sent it to Rules on 2026-03-05 without a recorded committee vote; enacting clause struck and House filed the bill as not passed at 2026-03-06 23:59:59","Data Center Amendments. Would have required large data centers to report energy use information to electrical corporations, which would in turn report to the Public Service Commission, which would report to the Legislature; included enforcement mechanisms. Not previously in the tracked packet.",None,failed_died,2026-03-06,House,bill,other,failed,unknown,,,,ut-hb0585-2026
Utah,UT,SB0114 (2020),Sen. Kirk A. Cullimore; Rep. Mike Schultz,R; R,"Enacted; Governor signed 2020-03-31 (14:50 UTC per legislative record); the qualifying-data-center sales and use tax exemption it created remains codified and in force as Utah Code 59-12-104(84) as of the code version effective 2026-07-01, with no repeal found",Amended sales and use tax exemption rules for qualifying data centers and occupants.,None,enacted,2020-03-31,Senate,bill,incentive_restriction,unknown,fiscal,,,,ut-sb0114-2020
Utah,UT,SB0132 (2025),Sen. Scott D. Sandall; Rep. Colin W. Jack,R; R,Passed Senate 2025-02-14 (22-1-6) and again as amended 2025-03-03 (28-1-0); passed House as substituted 2025-03-07 (71-0-4); Senate concurred with the House amendment 2025-03-07 (27-0-2); enrolled 2025-03-12; Governor signed 2025-03-25 (19:37); effective 2025-05-07,"Created Utah's large-scale electric service framework, including large load contracts, cost allocation, and PSC review.",None,enacted,2025-03-25,Senate,bill,utility_large_load_restriction,unknown,utility_grid,,,,ut-sb0132-2025
Utah,UT,SB0231 (2026),Sen. Scott D. Sandall,R,"Passed Senate 2026-03-03 (27-0-2, as substituted); received by House and placed on the House 3rd Reading Calendar; circled on 2026-03-06, sent back to House Rules Committee, and killed via 'strike enacting clause'; Senate filed the bill as not passed at 2026-03-06 23:59:59, the close of the 45-day session; it never received a House floor vote",Energy User Amendments. Earlier versions addressed large load customer property tax and notice issues; final captured status filed without enactment.,None,failed_died,2026-03-06,Senate,bill,utility_large_load_restriction,failed,utility_grid,,,,ut-sb0231-2026
Utah,UT,SB0282 (2026),Sen. Nate Blouin,D,"Introduced in Senate 2026-02-11; assigned to Senate Transportation, Public Utilities, Energy, and Technology Committee, which voted 2-3-3 against a favorable recommendation on 2026-02-18; committee later returned the bill to Rules on 2026-03-04 without further action; enacting clause struck and Senate filed the bill as not passed at 2026-03-06 23:59:59; never received a vote of the full Senate or House","Electrical Grid Amendments. Would have required large load contracts to show neutral or positive reliability and customer-cost impacts, reciprocal benefits, financial security, and annual resource use reporting.",None,failed_died,2026-03-06,Senate,bill,utility_large_load_restriction,failed,utility_grid,,,,ut-sb0282-2026
Utah,UT,SB0318 (2026),Sen. Nate Blouin,D,"Introduced in Senate 2026-02-23; remained assigned only to the Senate Rules Committee (never referred to a substantive standing committee, given a hearing, or scheduled for a floor vote); enacting clause struck and Senate filed the bill as not passed at 2026-03-06 23:59:59","Data Center Non Disclosure Amendments. Would have prohibited certain NDAs between prospective data centers and state agencies, cities, towns, and counties.",None,failed_died,2026-03-06,Senate,bill,reporting_disclosure,failed,statewide,,,,ut-sb0318-2026
Vermont,VT,H.727 (2025-2026),Rep. Laura Sibilia,I (Sibilia is an Independent in the Vermont House per VT General Assembly member roster),"Passed House and Senate, vetoed by Governor Scott, veto sustained on House reconsideration vote (Yeas 83, Nays 52; 90 Yeas of 135 needed to override) -- 2026-05-29; bill did not become law","Would create the Vermont Sustainable Data Centers Act for facilities using or able to use 20 MW or more; requires Public Utility Commission approval of large load service equity contracts, cost allocation to protect other ratepayers, collateral for stranded-cost risk, demand management provisions, energy efficiency consultation, quarterly water and energy reporting, Act 250 jurisdiction for data center construction, closed-loop cooling preference, water withdrawal permits, PFAS monitoring, and annual Department of Public Service reporting.",Low,vetoed,2026-05-29,House,bill,utility_large_load_restriction,failed,utility_grid,,,,vt-h-727-2025-2026
Vermont,VT,S.205 (2025-2026),"Sen. Rebecca White; Sens. Seth Bongartz, Ruth Hardy, Joseph Major, Tanya Vyhovsky","D (White, Bongartz, Hardy, Major); P/D (Vyhovsky caucuses with Vermont Progressive Party / Democratic fusion)","Died in Senate Committee on Finance at sine die adjournment of the 2025-2026 biennium (2026-05-29); official last-recorded-action remains the 2026-01-06 referral, with a final committee hearing on 2026-02-18 and no vote or floor action ever taken","Would prohibit operation, site preparation, or construction of an AI data center before 2030-07-01; defines AI data center as a facility requiring more than 100 MW of new load for AI inference, training, simulation, or synthetic data generation; requires Public Utility Commission investigation and report by 2027-01-15.",Low,failed_died,2026-01-06,Senate,bill,utility_large_load_restriction,failed,utility_grid,,,,vt-s-205-2025-2026
Virginia,VA,HB1515 (2026),Del. Irene Shin,D,Prefiled and referred to House Rules 2026-01-23; subcommittee recommended continuing to 2027 (Voice Vote) 2026-02-02; Continued to 2027 in Rules Committee (Voice Vote) 2026-02-06.,Proposed a temporary local approval moratorium until the earlier of fulfillment of pending data center interconnection requests or 2028-07-01.,Low,carried_over,2026-02-06,House,bill,statewide_moratorium,proposed,statewide,,,,va-hb1515-2026
Virginia,VA,HB153 (2026),Del. Joshua E. Thomas,D,"Passed House 2026-01-29 (90-Y 7-N); incorporates HB511 (McAuliff) 2026-01-23; passed Senate with substitute 2026-03-11 (26-Y 14-N); conference report agreed to by House and Senate 2026-03-14; enrolled 2026-03-30; Enacted, Chapter 567, approved by Governor 2026-04-13, effective 2026-07-01.","Adds Va. Code section 15.2-2209.4. Requires localities to obtain a sound-profile site assessment for new high energy use facilities of 100 MW or more near homes or schools within 500 feet; allows optional review of water, agriculture, parks, historic sites, and forestland.",Low,enacted,2026-04-13,House,bill,other,unknown,unknown,,,,va-hb153-2026
Virginia,VA,HB155 (2026),Del. Joshua E. Thomas,D,Prefiled 2026-01-06; referred to House Labor and Commerce; subcommittee recommended laying on the table (9-Y 0-N) 2026-02-10; Left in Labor and Commerce (and Education) 2026-02-18 - bill died in House committee.,"Would require State Corporation Commission certificates of operation for new high-load facilities exceeding 25 MW, including review of grid sufficiency and customer cross-subsidy risks.",Low,failed_died,2026-02-18,House,bill,utility_large_load_restriction,failed,utility_grid,,,,va-hb155-2026
Virginia,VA,HB1601 (2025),Del. Joshua E. Thomas,D,Passed House 2025-01-23 (57-Y 40-N); passed Senate with substitute 2025-02-12; conference report agreed to 2025-02-22; enrolled 2025-03-07; House rejected Governor's recommended amendments 2025-04-02 (11-Y 85-N); Vetoed by Governor 2025-05-02 (veto sustained; no override vote recorded).,"Required a high energy use facility site assessment before rezoning, special exception, or special use permit approvals, with mandatory noise review within 500 feet and optional review of water, agriculture, parks, historic, and forest impacts.",Low,vetoed,2025-05-02,House,bill,reporting_disclosure,failed,statewide,,,,va-hb1601-2025
Virginia,VA,HB338 (2024),Del. Joshua E. Thomas,D,Passed House 2024-02-13 (55-Y 42-N); Senate continued the bill to 2025 in General Laws and Technology (9-Y 3-N 3-A) 2024-02-28; Left in General Laws and Technology 2024-11-19 with no further floor or committee action recorded in the 2025 session - bill died at the end of the 2024-2025 House term.,Would allow local site assessments before data center siting approvals; House-passed version focused on water use and carbon emissions.,Low,failed_died,2024-11-19,House,bill,permitting_restriction,failed,statewide,,,,va-hb338-2024
Virginia,VA,HB496 (2026),Del. Elizabeth R. Guzman,D,"Passed House 2026-02-17 (74-Y 23-N); passed Senate with substitute 2026-03-04 (25-Y 15-N); conference report agreed to 2026-03-14; enrolled 2026-03-30; Enacted, Chapter 623, approved by Governor 2026-04-13, effective 2027-01-01.","Requires registered water users that provide offsite water to report potable and reclaimed water volumes supplied to data centers with DEQ air permits, along with other use categories where available.",Low,enacted,2026-04-13,House,bill,permitting_restriction,unknown,statewide,,,,va-hb496-2026
Virginia,VA,HB503 (2026),Del. John Chilton McAuliff,D,Prefiled 2026-01-12; referred to House Labor and Commerce; subcommittee recommended continuing to 2027 (Voice Vote) 2026-02-10; Continued to 2027 in Labor and Commerce (Voice Vote) 2026-02-12.,Would prevent utility costs substantially related to serving data center customers of 100 MW or more from being recovered from non-data-center customers unless rates substantially recover those costs from data centers.,Low,carried_over,2026-02-12,House,bill,utility_large_load_restriction,proposed,utility_grid,,,,va-hb503-2026
Virginia,VA,HB511 (2026),Del. John Chilton McAuliff,D,"Prefiled 2026-01-12; referred to House Counties, Cities and Towns; subcommittee recommended incorporating (Voice Vote) 2026-01-22; Incorporated by Counties, Cities and Towns into HB153 (Thomas) (Voice Vote) 2026-01-23.",Related site-assessment bill incorporated into the enacted HB153 framework.,Low,failed_died,2026-01-23,House,bill,other,failed,unknown,,,,va-hb511-2026
Virginia,VA,HB641 (2026),Del. Paul E. Krizek,D,Prefiled 2026-01-13; referred to House Finance; Continued to 2027 in Finance (Voice Vote) 2026-02-11.,Proposed a Virginia's Great Outdoors Act and a data center land conservation tax of $3 per square foot of data center facility footprint.,Low,carried_over,2026-02-11,House,bill,other,proposed,unknown,,,,va-hb641-2026
Virginia,VA,SB130 (2026),Sen. Danica A. Roem,D,Prefiled 2026-01-06; reported from Senate Local Government (15-Y 0-N) 2026-01-19; Incorporated by Finance and Appropriations into SB94 (Roem) (13-Y 2-N) 2026-02-03.,Related site-assessment bill incorporated into the enacted SB94 framework.,Low,failed_died,2026-02-03,Senate,bill,other,failed,unknown,,,,va-sb130-2026
Virginia,VA,SB1449 (2025),Sen. Adam P. Ebbin,D,Passed Senate 2025-01-30 (33-Y 6-N 1-A); passed House with substitute 2025-02-12 (58-Y 39-N); conference report agreed to 2025-02-22; enrolled 2025-03-07; Senate rejected Governor's recommended amendments 2025-04-02 (16-Y 24-N); Vetoed by Governor 2025-05-02 (veto sustained; no override vote recorded).,Senate companion to HB1601.,Low,vetoed,2025-05-02,Senate,bill,other,failed,unknown,,,,va-sb1449-2025
Virginia,VA,SB288 (2024),Sen. Danica A. Roem,D,Prefiled 2024-01-09; referred to Senate Local Government; Failed to report (defeated) in Local Government (7-Y 8-N) 2024-01-29.,"Would require notice, neighborhood meetings, pre-construction and post-occupancy noise studies, and mitigation standards.",Low,failed_died,2024-01-29,Senate,bill,reporting_disclosure,failed,statewide,,,,va-sb288-2024
Virginia,VA,SB393 (2026),Sen. Russet W. Perry,D,"Prefiled 2026-01-13; referred to Senate Agriculture, Conservation and Natural Resources; passed by indefinitely there 2026-01-27, then rereferred to Finance and Appropriations 2026-02-03 (14-Y 0-N); Continued to 2027 in Finance and Appropriations (15-Y 0-N) 2026-02-10.",Senate companion to HB641's proposed land conservation tax and preservation distributions.,Low,carried_over,2026-02-10,Senate,bill,other,proposed,unknown,,,,va-sb393-2026
Virginia,VA,SB466 (2026),Sen. Richard H. Stuart,R,Prefiled 2026-01-13; referred to Senate Commerce and Labor; Continued to 2027 in Commerce and Labor (14-Y 0-N) 2026-02-12.,Would prohibit recovery from other customers of distribution infrastructure costs primarily serving data centers.,Low,carried_over,2026-02-12,Senate,bill,other,proposed,unknown,,,,va-sb466-2026
Virginia,VA,SB552 (2026),"Sen. Glen H. Sturtevant, Jr.",R,"Prefiled 2026-01-14; referred to Senate Agriculture, Conservation and Natural Resources; failed to report (defeated) there (7-Y 7-N) 2026-01-27, then reported and rereferred to Local Government (9-Y 5-N) same day; Failed to report from Local Government with amendments (7-Y 7-N 1-A) 2026-02-02 - bill died in committee.","Proposed DEQ-reviewed site assessments, public hearings, standards for noise, light, water, air, traffic, and proximity impacts, civil penalties, and enforcement authority for large data centers.",Low,failed_died,2026-02-02,Senate,bill,reporting_disclosure,failed,statewide,,,,va-sb552-2026
Virginia,VA,SB553 (2026),Sen. Kannan Srinivasan,D,"Passed Senate 2026-02-09 (25-Y 15-N); passed House with substitute 2026-03-02 (81-Y 18-N); conference report agreed to 2026-03-14; enrolled 2026-03-30; Enacted, Chapter 896, approved by Governor 2026-04-13, effective 2027-01-01.",Companion / identical enacted water-reporting bill.,Low,enacted,2026-04-13,Senate,bill,reporting_disclosure,unknown,statewide,,,,va-sb553-2026
Virginia,VA,SB619 (2026),Sen. Kannan Srinivasan,D,Reported from Commerce and Labor with amendments 2026-02-09 (9-Y 6-N); passed Senate 2026-02-16 (23-Y 16-N); referred to House Labor and Commerce 2026-02-20; House subcommittee recommended laying on the table (9-Y 0-N) 2026-03-03; Left in Labor and Commerce (House) 2026-03-10 - bill passed the Senate but died in a House committee.,Senate version of high-load certificate legislation; passed Senate with a 90 MW threshold before failing.,Low,failed_died,2026-03-10,Senate,bill,other,failed,unknown,,,,va-sb619-2026
Virginia,VA,SB94 (2026),Sen. Danica A. Roem,D,"Incorporates SB130 (Ebbin) 2026-02-03; passed Senate 2026-02-12 (21-Y 18-N 1-A); passed House with substitute 2026-02-25 (80-Y 14-N); conference report agreed to 2026-03-14; enrolled 2026-03-30; Enacted, Chapter 568, approved by Governor 2026-04-13, effective 2026-07-01.",Companion / identical enacted high energy use facility site-assessment bill; incorporated SB130.,Low,enacted,2026-04-13,Senate,bill,other,unknown,unknown,,,,va-sb94-2026
Washington,WA,HB 2515 (2025-26),Rep. Beth Doglio et al.,Democrat prime sponsor,"Passed House 2026-02-14 (51-41) with floor amendments; in Senate referred to Environment, Energy & Technology then Ways & Means; returned to House Rules Committee by resolution 2026-03-12; session adjourned sine die 2026-03-12 without further action -- died for the 2025-2026 biennium","Would have created an emerging large energy use facility (ELEUF) framework for facilities with 20 MW or more demand, including utility tariffs/policies, cost-shift protections, water and energy reporting, clean-energy requirements, demand response, and a 0.5 cent/kWh ELEUF fee.",Medium,failed_died,2026-03-12,House,bill,utility_large_load_restriction,failed,utility_grid,,,,wa-hb-2515-2025-26
Washington,WA,SB 5431 / SSB 5431 (2025-26),Sen. Mark Schoesler,Republican prime sponsor,"Passed Senate 2025-02-19 (48-0) and House 2025-04-16 (97-0); signed by Governor Ferguson 2025-05-20; enacted as Chapter 411, Laws of 2025, effective 2025-07-27","Clarified administration of data center sales and use tax exemptions, including treatment of existing employment positions for qualifying refurbishment or newly eligible facilities.",Medium,enacted,2025-05-20,Senate,bill,incentive_restriction,unknown,fiscal,,,,wa-sb-5431-ssb-5431-2025-26
Washington,WA,SB 5982 (2025-26),"Sens. Victoria Hunt, Sharon Shewmake, Marko Liias, T'wina Nobles",Democrats,"Passed Senate 2026-02-11 (30-19), passed House with amendments 2026-02-28 (57-37), Senate concurred 2026-03-10 (30-19); signed by Governor Ferguson 2026-03-24; enacted as Chapter 181, Laws of 2026, effective 2026-06-11","Expands Clean Energy Transformation Act coverage to certain port districts, single-customer consumer-owned utilities, and affected market customers; committee reports describe the bill as closing data center clean-power compliance gaps.",Medium,enacted,2026-03-24,Senate,bill,other,unknown,unknown,,,,wa-sb-5982-2025-26
Washington,WA,SB 6171 (2025-26),Sen. Sharon Shewmake et al.,Democrat prime sponsor,"Introduced 2026-01-15, public hearing 2026-01-23, Environment Energy & Technology approved 1st substitute and referred to Ways & Means 2026-02-03/04; no further action; died in committee at sine die 2026-03-12","Senate companion ELEUF regulatory bill addressing large-load tariffs, reporting, clean-energy requirements, and ratepayer protections.",Medium,failed_died,2026-02-04,Senate,bill,utility_large_load_restriction,failed,utility_grid,,,,wa-sb-6171-2025-26
Washington,WA,SB 6231 (2025-26),Sen. Noel Frame et al.; Ways and Means substitute,Democrat prime sponsor,"Passed Senate 2026-02-28 (26-23) and House 2026-03-12 (51-46); signed by Governor Ferguson 2026-04-01; enacted as Chapter 266, Laws of 2026, effective 2026-06-11 (sections 2 and 3 effective 2026-07-01)","Expires or narrows certain data center sales and use tax exemption certificates, including certificates for qualifying refurbished data centers; bill reports document industry opposition and state revenue/ratepayer arguments.",Medium,enacted,2026-04-01,Senate,bill,utility_large_load_restriction,unknown,utility_grid,,,,wa-sb-6231-2025-26
West Virginia,WV,HB 2014 (2025),"Del. Roger Hanshaw, Del. Riley, Del. Fehrenbacher, Del. Anderson, Del. Zatezalo, Del. Akers, Del. Hornbuckle; by request of the Executive",R/D,"Passed House and Senate 2025-04-12 (with concurrence); approved by Governor 2025-04-30; Chapter 112, Acts, Regular Session 2025; effective 2025-07-11","Created certified microgrid and high impact data center framework; set 90 MW critical IT load threshold; created state certification; expressly preempted county and municipal ordinances, zoning, noise, viewshed, lighting, land use approvals, building permitting, and local jurisdiction for certified projects.",None,enacted,2025-04-30,House,bill,local_moratorium_preemption,unknown,local_government,,,,wv-hb-2014-2025
West Virginia,WV,HB 3137 (2025),Del. Marty Gearhart et al.,R,Introduced and referred to House Energy and Public Works (then Energy and Manufacturing) 2025-03-04; no further action; died at 2025 regular session sine die adjournment,House data center incentive proposal adding a new tax article.,None,failed_died,2025-03-04,House,bill,incentive_restriction,failed,fiscal,,,,wv-hb-3137-2025
West Virginia,WV,HB 4822 (2026),Del. Evan Hansen et al.,D,Introduced and referred to House Energy and Public Works 2026-01-26; no further action; died at 2026-03-14 sine die adjournment,"Would redirect data center tax revenue to PEIA, counties, and schools.",None,failed_died,2026-01-26,House,bill,other,failed,unknown,,,,wv-hb-4822-2026
West Virginia,WV,HB 4832 (2026),Del. Evan Hansen et al.,D,Introduced and referred to House Energy and Public Works 2026-01-26; no further action; died at 2026-03-14 sine die adjournment,"Would designate data centers as high-volume water users, require high impact data center water-use reporting, and authorize limits on withdrawals that would adversely affect state water resources.",None,failed_died,2026-01-26,House,bill,reporting_disclosure,failed,statewide,,,,wv-hb-4832-2026
West Virginia,WV,HB 4854 (2026),Del. Henry Dillon,R,Introduced and referred to House Government Organization 2026-01-28; no further action; died at 2026-03-14 sine die adjournment,Would prohibit the state or political subdivisions from subsidizing data centers.,None,failed_died,2026-01-28,House,bill,other,failed,unknown,,,,wv-hb-4854-2026
West Virginia,WV,HB 4948 (2026),"Del. Chris Anders, Del. Kump, Del. Masters, Del. Kimble, Del. Dillon",R,Introduced and referred to House Energy and Public Works 2026-01-29; no further action; died at 2026-03-14 sine die adjournment,"Would require a minimum 500-foot buffer between a data center and residences, schools, or houses of worship.",None,failed_died,2026-01-29,House,bill,other,failed,unknown,,,,wv-hb-4948-2026
West Virginia,WV,HB 4983 (2026),Del. Doug Smith,R,"Passed House 2026-02-17; passed Senate with amendment 2026-03-11; House concurred 2026-03-13 (effective from passage); approved by Governor 2026-03-27; Chapter 221, Acts, Regular Session 2026","Authorized Department of Commerce rule 145 CSR 20 for certification of microgrid districts and high impact data centers, as modified by the Legislative Rule-Making Review Committee and the Legislature.",None,enacted,2026-03-27,House,bill,utility_large_load_restriction,unknown,utility_grid,,,,wv-hb-4983-2026
West Virginia,WV,HB 5032 (2026),"Del. Henry Dillon, Del. Ridenour, Del. B. Ward, Del. Masters, Del. Anders",R,Introduced and referred to House Judiciary 2026-02-02; no further action; died at 2026-03-14 sine die adjournment,Citizens' Data Center Transparency Act proposal; would bar unconstitutional surveillance uses and require annual operator reporting to a legislative committee.,None,failed_died,2026-02-02,House,bill,reporting_disclosure,failed,statewide,,,,wv-hb-5032-2026
West Virginia,WV,HB 5590 (2026),Del. Green,R,Introduced and referred to House Energy and Public Works 2026-02-16; no further action; died at 2026-03-14 sine die adjournment,"Would create a water-quantity disclosure and review framework for high impact data centers, including pre-construction public notice and annual actual-use reporting.",None,failed_died,2026-02-16,House,bill,reporting_disclosure,failed,statewide,,,,wv-hb-5590-2026
West Virginia,WV,HB 5620 (2026),Del. Kimble,R,Introduced and referred to House Judiciary 2026-02-16; no further action; died at 2026-03-14 sine die adjournment,Would restore local control in the decision-making process for data centers by revising the Department of Economic Development's authority over certified microgrid district projects.,None,failed_died,2026-02-16,House,bill,utility_large_load_restriction,failed,utility_grid,,,,wv-hb-5620-2026
West Virginia,WV,SB 583 (2025),Sen. Brian Helton et al.,R,Introduced and referred to Senate Economic Development (then Finance) 2025-02-24; no further action; died at 2025 regular session sine die adjournment,Proposed West Virginia-Powered Data Center Incentive Act; tax and incentive structure for data centers.,None,failed_died,2025-02-24,Senate,bill,incentive_restriction,failed,fiscal,,,,wv-sb-583-2025
West Virginia,WV,SB 623 (2026),Sen. Brian Helton,R,Introduced and referred to Senate Economic Development 2026-01-27; no further action; died at 2026-03-14 sine die adjournment,Reintroduced economic incentives for data centers to locate in West Virginia.,None,failed_died,2026-01-27,Senate,bill,incentive_restriction,failed,fiscal,,,,wv-sb-623-2026
West Virginia,WV,SB 652 (2026),Sen. Joey Garcia,D,Introduced and referred to Senate Economic Development (then Finance) 2026-01-28; no further action; died at 2026-03-14 sine die adjournment,"Would redirect high impact data center ad valorem tax revenue, including an 80 percent allocation to counties where projects are located.",None,failed_died,2026-01-28,Senate,bill,incentive_restriction,failed,fiscal,,,,wv-sb-652-2026
West Virginia,WV,SB 658 (2026),Sen. Joey Garcia,D,Introduced and referred to Senate Economic Development 2026-01-29; no further action; died at 2026-03-14 sine die adjournment,Would restore local control and regulatory authority to counties and municipalities over certified microgrid districts and certified high impact data centers.,None,failed_died,2026-01-29,Senate,bill,utility_large_load_restriction,failed,utility_grid,,,,wv-sb-658-2026
West Virginia,WV,SB 695 (2026),Sen. Patricia Rucker,R,Introduced and referred to Senate Judiciary 2026-01-30; no further action; died at 2026-03-14 sine die adjournment,"Senate rule-authorization bill for Department of Commerce certification rule, 145 CSR 20.",None,failed_died,2026-01-30,Senate,bill,other,failed,unknown,,,,wv-sb-695-2026
West Virginia,WV,SB 803 (2025),"Sen. Rupie Phillips, Sen. Hart, Sen. Rose",R,Introduced and referred to Senate Economic Development 2025-03-19; no further action; died at 2025 regular session sine die adjournment,Proposed Public Service Commission and legislative rule oversight provisions for data centers.,None,failed_died,2025-03-19,Senate,bill,other,failed,unknown,,,,wv-sb-803-2025
West Virginia,WV,SB 857 (2025),Sen. Brian Helton,R,Introduced and referred to Senate Economic Development (then Finance) 2025-03-20; no further action; died at 2025 regular session sine die adjournment,Proposed data center incentive structure similar to SB 583.,None,failed_died,2025-03-20,Senate,bill,incentive_restriction,failed,fiscal,,,,wv-sb-857-2025
West Virginia,WV,SB 907 (2025),Sen. Glenn Jeffries,R,"Passed Senate 2025-03-29; passed House with amendments 2025-04-10; Senate concurred 2025-04-12; approved by Governor 2025-04-25; Chapter 82, Acts, Regular Session 2025; effective 2025-07-11 (90 days from passage)","Expanded economic development project financing tools for high-impact development projects. Relevant as part of the same data center recruitment package, but not a moratorium or siting-control bill.",None,enacted,2025-04-25,Senate,bill,statewide_moratorium,unknown,statewide,,,,wv-sb-907-2025
Wisconsin,WI,AB140 / 2025 Wisconsin Act 16,Rep. Robert Brooks; Sen. Dan Feyen and coauthors,"R, with one D Senate coauthor","Enacted as 2025 Wisconsin Act 16; passed Assembly 2025-05-13 (91-6), Senate concurred 2025-06-18 (29-3), approved by Governor 2025-07-08, published 2025-07-09. No subsequent repeal found as of 2026-07-31.",Creates a data center district exception to the TIF equalized-value limit for the City of Port Washington.,Medium,enacted,2025-07-09,Assembly,bill,other,unknown,unknown,,,,wi-ab140-2025-wisconsin-act-16
Wisconsin,WI,AB228 / SB241,Rep. Mark Born; Sens. John Jagler and Dan Feyen,R,"AB228 introduced 2025-04-29 (Assembly Ways and Means); SB241 introduced 2025-05-09 (Senate Government Operations, Labor and Economic Development); both failed to pass pursuant to Senate Joint Resolution 1 on 2026-03-23.",Would have created a broader TIF exception for districts containing qualified data centers.,Medium,failed_died,2026-03-23,Assembly,bill,other,failed,unknown,,,,wi-ab228-sb241
Wisconsin,WI,AB245 / SB244,Rep. Shannon Zimmerman; Sens. Romaine Quinn and Julian Bradley,R,"AB245 introduced 2025-05-02 (Assembly Ways and Means), reached Joint Committee on Finance with passage-as-amended recommended 2025-11-07; SB244 introduced 2025-05-09 (Senate Agriculture and Revenue). Both failed to pass pursuant to Senate Joint Resolution 1 on 2026-03-23.",Would have modified the qualified data center sales and use tax exemption and excluded cryptocurrency operations from the definition.,Medium,failed_died,2026-03-23,Assembly,bill,incentive_restriction,failed,fiscal,,,,wi-ab245-sb244
Wisconsin,WI,AB722 / SB729,Rep. Angela Stroud; Sen. Jodi Habush Sinykin and many coauthors,"D, with some later bipartisan coauthor activity","AB722 introduced 2025-12-03 (Assembly Energy and Utilities); SB729 introduced 2025-12-02 (Senate Utilities, Technology and Tourism, public hearing 2026-02-17). Both failed to pass pursuant to Senate Joint Resolution 1 on 2026-03-23; both had coauthors added after the failure date (2026-04-06), which does not change the disposition.","Broad regulation package: large energy customer fees, very large customer class, renewable tariff, building standards, water reporting, labor standards, data center energy reporting, and rulemaking.",Medium,failed_died,2026-04-06,Assembly,bill,reporting_disclosure,failed,statewide,,,,wi-ab722-sb729
Wisconsin,WI,AB840 / SB843,Rep. Shannon Zimmerman; Sen. Romaine Quinn and coauthors,R,"AB840 introduced 2026-01-09, passed Assembly 2026-01-20 (53-44, Assembly Substitute Amendment 1 adopted); received by Senate, committee recommended concurrence 2026-03-13 (3-2), but failed to concur pursuant to Senate Joint Resolution 1 on 2026-03-23. Companion SB843 (introduced 2026-01-15, Senate Substitute Amendment 1 and 2 offered) likewise failed to pass pursuant to SJR 1 on 2026-03-23.","Would have required utility cost protections, onsite or directly accessible renewable resources, closed-loop cooling, annual water reporting, bonding, and reclamation for large data centers.",Medium,failed_died,2026-03-23,Assembly,bill,utility_large_load_restriction,failed,utility_grid,,,,wi-ab840-sb843
Wisconsin,WI,SB1061 / AB1099,"Sens. Chris Larson and Tim Carpenter; Reps. Darrin Madison, Francesca Hong, Supreme Moore Omokunde, Ryan Clancy, Angelina Cruz, and Angelito Tenorio",D,"SB1061 (statewide data center moratorium, creating Wis. Stat. 134.44) introduced 2026-02-26, referred to Senate Utilities, Technology and Tourism; AB1099 introduced 2026-03-13, referred to Assembly Energy and Utilities. Neither bill advanced past committee; both failed to pass pursuant to Senate Joint Resolution 1 on 2026-03-23.","Statewide moratorium bill. It would have barred operation of data centers unless state law first created a planning authority, cost-shift protections, subsidy limits, public water and power reporting, pollution safeguards, renewable energy requirements, labor standards, NDA limits, local referendum approval, and enforcement provisions.",Medium,failed_died,2026-03-23,Senate,bill,statewide_moratorium,failed,statewide,,,,wi-sb1061-ab1099
Wisconsin,WI,SB969 / AB1036,Sen. Andre Jacque; Rep. Clint Moses and coauthors,"R, with later D coauthor additions","SB969 introduced 2026-02-06 (Senate Utilities, Technology and Tourism), committee recommended passage 2026-03-13 (4-1) but failed to pass pursuant to Senate Joint Resolution 1 on 2026-03-23; companion AB1036 introduced 2026-02-13 (Assembly Ways and Means) likewise failed on 2026-03-23.","Would have prohibited nondisclosure agreements intended to conceal data center information from the public, with trade-secret exceptions.",Medium,failed_died,2026-03-23,Senate,bill,reporting_disclosure,failed,statewide,,,,wi-sb969-ab1036
Wyoming,WY,HB0064 (2013),"Joint Minerals, Business and Economic Development Interim Committee",Committee sponsor,"Enacted as 2013 Wyoming Session Laws Chapter 29 (CH0029); adopted 2013-02-14, effective 2013-07-01, chapter number assigned 2013-02-15",Extended eligibility for co-located data center structures under Wyoming's data processing services center exemption framework.,None,enacted,2013-02-15,House,bill,other,unknown,unknown,,,,wy-hb0064-2013
Wyoming,WY,HB0067 (2010),Rep. Peter Illoway,R (WY House Republican),"Enacted as 2010 Wyoming Session Laws Chapter 50 (CH0050); adopted and effective 2010-03-05, chapter number assigned 2010-03-08",Created sales and use tax exemptions for qualifying data processing centers and related equipment.,None,enacted,2010-03-08,House,bill,incentive_restriction,unknown,fiscal,,,,wy-hb0067-2010
Wyoming,WY,HB0088 (2021),Rep. Clark Stith,R (WY House Republican),Died in House Revenue Committee (Do Pass failed 3-6-0-0-0 on 2021-03-01); returned under HR 5-4 on 2021-04-07,Would have repealed data center sales and use tax exemptions.,None,failed_died,2021-04-07,House,bill,incentive_restriction,failed,fiscal,,,,wy-hb0088-2021
Wyoming,WY,HB0117 (2011),Rep. Peter Illoway,R (WY House Republican),Enacted as 2011 Wyoming Session Laws Chapter 48 (CH0048); adopted and effective 2011-02-18,"Expanded the data processing services center exemption framework, including software and additional qualifying equipment categories.",None,enacted,2011-02-18,House,bill,other,unknown,unknown,,,,wy-hb0117-2011
Wyoming,WY,HB0155 (2026),"Rep. ""Brown, G"" (likely Rep. Gary Brown, R); Sens. Hutchings and ""Laursen, D"" (likely Sen. Dan Laursen, R); Reps. ""Campbell, K"", Guggenmos, Hoeft, Locke, Riggins, Styvar","R (all listed sponsors are WY Legislature Republicans per WY Legislature roster) [VERIFY: precise first-name disambiguation for ""Brown, G"", ""Laursen, D"", and ""Campbell, K"" not extracted from captured bill page as of 2026-04-29]","House did not consider for introduction, 2026-02-13 (final disposition for the 2026 budget session)","Would create reporting requirements and possible fees for taxpayers claiming sales and use tax exemptions, including potentially large data center exemption claims.",None,failed_died,2026-02-13,House,bill,incentive_restriction,failed,fiscal,,,,wy-hb0155-2026
Wyoming,WY,HB0325 (2025),"Rep. Lee Filer; cosponsors include Rep. Brown (likely Rep. Landon Brown, R-Cheyenne), Rep. Johnson, Rep. Singh, Rep. Wasserburger, Rep. Wylie, Sen. Chris Rothfuss","Mixed (Filer R; Rothfuss D; remaining cosponsors mostly R per WY Legislature membership) [VERIFY: precise first-name disambiguation for ""Brown"" and party-by-party tally for all listed cosponsors not extracted from captured bill page as of 2026-04-29]","House did not consider for introduction, 2025-02-03","""Industrial Power Consumption Freedom Act."" Would have allowed large-scale industrial power users to procure electricity from any person or utility outside ordinary certificated service-territory constraints.",None,failed_died,2025-02-03,House,bill,utility_large_load_restriction,failed,utility_grid,,,,wy-hb0325-2025
Wyoming,WY,SF0076 (2026),Sen. Cale Case,R,"Failed introduction in Senate, 17-13-1-0-0, 2026-02-10 (final disposition for the 2026 budget session)","Would define a ""very large electrical load"" as at least 100 MW for a single purchaser or customer; require separate reporting of electricity sales serving that load; and deposit related sales tax revenue into a local government distribution account.",None,failed_died,2026-02-10,Senate,bill,reporting_disclosure,failed,statewide,,,,wy-sf0076-2026
Wyoming,WY,SF0091 (2026),"Sen. Cheri Steinmetz; Sens. French and Pearson; Reps. Allemand, Bear, ""Campbell, K"" (likely Rep. Ken Pendergraft or Kevin Campbell — first-name disambiguation needed), Heiner, Neiman, Webber","R (all listed sponsors are members of the WY Legislature Republican caucus per WY Legislature roster) [VERIFY: precise first-name disambiguation for ""Campbell, K"" not extracted from captured bill page as of 2026-04-29]","Failed introduction in Senate, 10-21-0-0-0, 2026-02-11 (final disposition for the 2026 budget session)","""Wyoming Energy Project Accountability Act."" Would require legislative approval before construction of industrial-scale generation facilities or large industrial power loads, including loads of 75 MW at one site or 100 MW across related facilities.",None,failed_died,2026-02-11,Senate,bill,other,failed,unknown,,,,wy-sf0091-2026
Wyoming,WY,SF0193 (2025),Sen. Cale Case,R,"Died in Senate Corporations Committee (no report prior to Committee of the Whole cutoff, 2025-02-10); returned under SR 5-4 on 2025-03-03",Would have required electric utilities to enter service agreements for customers with projected electric usage above 100 MW.,None,failed_died,2025-03-03,Senate,bill,other,failed,unknown,,,,wy-sf0193-2025
